 CSF List 
["u", "e", "e", "d", "f", "f"]
["u", "e", "e", "f", "d", "f"]
["u", "e", "e", "f", "f", "d"]
["u", "e", "u", "d", "d", "f"]
["u", "e", "u", "d", "f", "d"]
["u", "e", "u", "f", "d", "d"]
["u", "e", "d", "e", "f", "f"]
["u", "e", "d", "u", "d", "f"]
["u", "e", "d", "u", "f", "d"]
["u", "e", "d", "f", "e", "f"]
["u", "e", "d", "f", "u", "d"]
["u", "e", "d", "f", "f", "e"]
["u", "e", "f", "e", "d", "f"]
["u", "e", "f", "e", "f", "d"]
["u", "e", "f", "u", "d", "d"]
["u", "e", "f", "d", "e", "f"]
["u", "e", "f", "d", "u", "d"]
["u", "e", "f", "d", "f", "e"]
["u", "e", "f", "f", "e", "d"]
["u", "e", "f", "f", "d", "e"]
["u", "u", "e", "d", "d", "f"]
["u", "u", "e", "d", "f", "d"]
["u", "u", "e", "f", "d", "d"]
["u", "u", "u", "d", "d", "d"]
["u", "u", "d", "e", "d", "f"]
["u", "u", "d", "e", "f", "d"]
["u", "u", "d", "u", "d", "d"]
["u", "u", "d", "d", "e", "f"]
["u", "u", "d", "d", "u", "d"]
["u", "u", "d", "d", "f", "e"]
["u", "u", "d", "f", "e", "d"]
["u", "u", "d", "f", "d", "e"]
["u", "u", "f", "e", "d", "d"]
["u", "u", "f", "d", "e", "d"]
["u", "u", "f", "d", "d", "e"]
["u", "d", "e", "e", "f", "f"]
["u", "d", "e", "u", "d", "f"]
["u", "d", "e", "u", "f", "d"]
["u", "d", "e", "f", "e", "f"]
["u", "d", "e", "f", "u", "d"]
["u", "d", "e", "f", "f", "e"]
["u", "d", "u", "e", "d", "f"]
["u", "d", "u", "e", "f", "d"]
["u", "d", "u", "u", "d", "d"]
["u", "d", "u", "d", "e", "f"]
["u", "d", "u", "d", "u", "d"]
["u", "d", "u", "d", "f", "e"]
["u", "d", "u", "f", "e", "d"]
["u", "d", "u", "f", "d", "e"]
["u", "d", "f", "e", "e", "f"]
["u", "d", "f", "e", "u", "d"]
["u", "d", "f", "e", "f", "e"]
["u", "d", "f", "u", "e", "d"]
["u", "d", "f", "u", "d", "e"]
["u", "d", "f", "f", "e", "e"]
["u", "f", "e", "e", "d", "f"]
["u", "f", "e", "e", "f", "d"]
["u", "f", "e", "u", "d", "d"]
["u", "f", "e", "d", "e", "f"]
["u", "f", "e", "d", "u", "d"]
["u", "f", "e", "d", "f", "e"]
["u", "f", "e", "f", "e", "d"]
["u", "f", "e", "f", "d", "e"]
["u", "f", "u", "e", "d", "d"]
["u", "f", "u", "d", "e", "d"]
["u", "f", "u", "d", "d", "e"]
["u", "f", "d", "e", "e", "f"]
["u", "f", "d", "e", "u", "d"]
["u", "f", "d", "e", "f", "e"]
["u", "f", "d", "u", "e", "d"]
["u", "f", "d", "u", "d", "e"]
["u", "f", "d", "f", "e", "e"]
["u", "f", "f", "e", "e", "d"]
["u", "f", "f", "e", "d", "e"]
["u", "f", "f", "d", "e", "e"]
["f", "e", "e", "e", "f", "f"]
["f", "e", "e", "u", "d", "f"]
["f", "e", "e", "u", "f", "d"]
["f", "e", "e", "f", "e", "f"]
["f", "e", "e", "f", "u", "d"]
["f", "e", "e", "f", "f", "e"]
["f", "e", "u", "e", "d", "f"]
["f", "e", "u", "e", "f", "d"]
["f", "e", "u", "u", "d", "d"]
["f", "e", "u", "d", "e", "f"]
["f", "e", "u", "d", "u", "d"]
["f", "e", "u", "d", "f", "e"]
["f", "e", "u", "f", "e", "d"]
["f", "e", "u", "f", "d", "e"]
["f", "e", "f", "e", "e", "f"]
["f", "e", "f", "e", "u", "d"]
["f", "e", "f", "e", "f", "e"]
["f", "e", "f", "u", "e", "d"]
["f", "e", "f", "u", "d", "e"]
["f", "e", "f", "f", "e", "e"]
["f", "u", "e", "e", "d", "f"]
["f", "u", "e", "e", "f", "d"]
["f", "u", "e", "u", "d", "d"]
["f", "u", "e", "d", "e", "f"]
["f", "u", "e", "d", "u", "d"]
["f", "u", "e", "d", "f", "e"]
["f", "u", "e", "f", "e", "d"]
["f", "u", "e", "f", "d", "e"]
["f", "u", "u", "e", "d", "d"]
["f", "u", "u", "d", "e", "d"]
["f", "u", "u", "d", "d", "e"]
["f", "u", "d", "e", "e", "f"]
["f", "u", "d", "e", "u", "d"]
["f", "u", "d", "e", "f", "e"]
["f", "u", "d", "u", "e", "d"]
["f", "u", "d", "u", "d", "e"]
["f", "u", "d", "f", "e", "e"]
["f", "u", "f", "e", "e", "d"]
["f", "u", "f", "e", "d", "e"]
["f", "u", "f", "d", "e", "e"]
["f", "f", "e", "e", "e", "f"]
["f", "f", "e", "e", "u", "d"]
["f", "f", "e", "e", "f", "e"]
["f", "f", "e", "u", "e", "d"]
["f", "f", "e", "u", "d", "e"]
["f", "f", "e", "f", "e", "e"]
["f", "f", "u", "e", "e", "d"]
["f", "f", "u", "e", "d", "e"]
["f", "f", "u", "d", "e", "e"]
["f", "f", "f", "e", "e", "e"]
 Energy Expression 
      IJ       pqrs     Coef 
       1             0      9.9999999999999967e-01 
       1             9      1.0000000000000000e+00 
       1            14      2.0000000000000004e+00 
       1            20      2.0000000000000004e+00 
       1            48      9.9999999999999833e-01 
       1            86     -9.9999999999999900e-01 
       1           125     -1.0000000000000000e+00 
       1           156     -9.9999999999999900e-01 
       1           210     -1.0000000000000000e+00 
       1           230     -2.0000000000000004e+00 
       1            66      9.9999999999999889e-01 
       1           126      1.9999999999999980e+00 
       1           135      2.0000000000000000e+00 
       1           231      1.9999999999999980e+00 
       1           240      2.0000000000000000e+00 
       1           245      4.0000000000000009e+00 
       1           140      1.0000000000000000e+00 
       1           251      1.0000000000000000e+00 
       2            13     -9.9999999999999956e-01 
       2            82      1.9999999999999960e+00 
       2           112     -9.9999999999999845e-01 
       2           229      9.9999999999999956e-01 
       2           244     -1.9999999999999991e+00 
       2           139     -9.9999999999999933e-01 
       2           121     -9.9999999999999922e-01 
       3             0      9.9999999999999967e-01 
       3            20      2.0000000000000004e+00 
       3           251      1.0000000000000000e+00 
       3             9      1.9999999999999996e+00 
       3            14      1.0000000000000000e+00 
       3            48     -9.9999999999999878e-01 
       3            86      9.9999999999999756e-01 
       3           125     -9.9999999999999967e-01 
       3           156     -9.9999999999999878e-01 
       3           210     -1.9999999999999996e+00 
       3           230     -1.0000000000000000e+00 
       3            66      1.9999999999999976e+00 
       3           126      9.9999999999999856e-01 
       3           135      1.9999999999999993e+00 
       3           231      1.9999999999999976e+00 
       3           240      3.9999999999999991e+00 
       3           245      2.0000000000000000e+00 
       3            75      9.9999999999999967e-01 
       4            18     -9.9999999999999900e-01 
       4           224      9.9999999999999922e-01 
       4           206     -1.9999999999999984e+00 
       4           147      1.9999999999999953e+00 
       4           192     -9.9999999999999811e-01 
       4           249     -9.9999999999999900e-01 
       4           201     -9.9999999999999889e-01 
       5            19     -9.9999999999999956e-01 
       5           151      1.9999999999999951e+00 
       5           205      9.9999999999999922e-01 
       5           211     -9.9999999999999811e-01 
       5           220     -1.9999999999999984e+00 
       5           250     -9.9999999999999933e-01 
       5           225     -9.9999999999999922e-01 
       6             0      9.9999999999999967e-01 
       6             9      1.9999999999999996e+00 
       6            48     -9.9999999999999878e-01 
       6            66      1.9999999999999976e+00 
       6            75      9.9999999999999967e-01 
       6            14      1.9999999999999996e+00 
       6            20      1.0000000000000000e+00 
       6            86     -9.9999999999999845e-01 
       6           125     -1.9999999999999991e+00 
       6           156      9.9999999999999689e-01 
       6           210     -9.9999999999999933e-01 
       6           230     -9.9999999999999967e-01 
       6           126      1.9999999999999969e+00 
       6           135      3.9999999999999982e+00 
       6           231      9.9999999999999822e-01 
       6           240      1.9999999999999987e+00 
       6           245      1.9999999999999993e+00 
       6           140      9.9999999999999967e-01 
       7            12      1.2247448713915874e+00 
       7           108      1.2247448713915872e+00 
       7            79     -1.2247448713915867e+00 
       7            99      1.2247448713915865e+00 
       7           228     -1.2247448713915874e+00 
       7           243      2.4494897427831748e+00 
       7           138      1.2247448713915874e+00 
       8             8     -1.2247448713915876e+00 
       8            45      1.2247448713915869e+00 
       8            57     -1.2247448713915867e+00 
       8           209      1.2247448713915876e+00 
       8           134     -1.2247448713915874e+00 
       8           239     -2.4494897427831752e+00 
       8            74     -1.2247448713915876e+00 
       9           204     -1.2247448713915867e+00 
       9           219      1.2247448713915874e+00 
      10             0      9.9999999999999967e-01 
      10            20      2.0000000000000004e+00 
      10           251      1.0000000000000000e+00 
      10            14      1.0000000000000000e+00 
      10           230     -1.0000000000000000e+00 
      10           245      2.0000000000000000e+00 
      10             5      1.0000000000000000e+00 
      10             9      9.9999999999999956e-01 
      10            30     -1.0000000000000000e+00 
      10            48      5.0000000000000089e-01 
      10            65      5.0000000000000144e-01 
      10            86      5.0000000000000044e-01 
      10           111      5.0000000000000089e-01 
      10           125     -9.9999999999999967e-01 
      10           156     -9.9999999999999856e-01 
      10           191     -9.9999999999999933e-01 
      10           210     -9.9999999999999956e-01 
      10            36      9.9999999999999922e-01 
      10            66      9.9999999999999856e-01 
      10            71      9.9999999999999933e-01 
      10           126      9.9999999999999845e-01 
      10           131      9.9999999999999922e-01 
      10           135      9.9999999999999933e-01 
      10           231      1.9999999999999971e+00 
      10           236      1.9999999999999987e+00 
      10           240      1.9999999999999991e+00 
      11            17      1.2247448713915869e+00 
      11           223     -1.2247448713915872e+00 
      11           183      1.2247448713915865e+00 
      11           188      2.4494897427831743e+00 
      11           144     -1.2247448713915863e+00 
      11           174      1.2247448713915861e+00 
      11           248      1.2247448713915869e+00 
      12           187     -1.2247448713915872e+00 
      12           219      1.2247448713915867e+00 
      13             8     -1.2247448713915876e+00 
      13            45      1.2247448713915869e+00 
      13            57     -1.2247448713915867e+00 
      13            74     -1.2247448713915876e+00 
      13           124      1.2247448713915872e+00 
      13           134     -2.4494897427831743e+00 
      13           239     -1.2247448713915869e+00 
      14            19     -9.9999999999999956e-01 
      14           250     -9.9999999999999933e-01 
      14           225     -9.9999999999999922e-01 
      14           151      1.4999999999999978e+00 
      14           186      1.4999999999999993e+00 
      14           211     -9.9999999999999789e-01 
      14           216     -9.9999999999999878e-01 
      14           220     -9.9999999999999889e-01 
      15             0      9.9999999999999967e-01 
      15            14      1.9999999999999996e+00 
      15            20      1.0000000000000000e+00 
      15           230     -9.9999999999999967e-01 
      15           245      1.9999999999999993e+00 
      15           140      9.9999999999999967e-01 
      15             5      1.0000000000000000e+00 
      15             9      9.9999999999999956e-01 
      15            30     -1.0000000000000000e+00 
      15            48      5.0000000000000089e-01 
      15            65      5.0000000000000144e-01 
      15            36      9.9999999999999922e-01 
      15            66      9.9999999999999856e-01 
      15            71      9.9999999999999933e-01 
      15            86     -9.9999999999999822e-01 
      15           111     -9.9999999999999900e-01 
      15           125     -9.9999999999999922e-01 
      15           156      5.0000000000000000e-01 
      15           191      5.0000000000000056e-01 
      15           210     -9.9999999999999933e-01 
      15           126      1.9999999999999964e+00 
      15           131      1.9999999999999980e+00 
      15           135      1.9999999999999984e+00 
      15           231      9.9999999999999811e-01 
      15           236      9.9999999999999889e-01 
      15           240      9.9999999999999900e-01 
      16           204      1.2247448713915869e+00 
      16           187     -1.2247448713915869e+00 
      17            17      1.2247448713915872e+00 
      17           200     -1.2247448713915874e+00 
      17           183      2.4494897427831748e+00 
      17           188      1.2247448713915869e+00 
      17           144     -1.2247448713915865e+00 
      17           174      1.2247448713915863e+00 
      17           248      1.2247448713915872e+00 
      18            12     -1.2247448713915874e+00 
      18           120      1.2247448713915876e+00 
      18           108     -2.4494897427831752e+00 
      18            79      1.2247448713915867e+00 
      18            99     -1.2247448713915865e+00 
      18           243     -1.2247448713915874e+00 
      18           138     -1.2247448713915874e+00 
      19            18      9.9999999999999878e-01 
      19           206      9.9999999999999845e-01 
      19           147     -1.4999999999999984e+00 
      19           182     -1.4999999999999996e+00 
      19           192      9.9999999999999767e-01 
      19           197      9.9999999999999845e-01 
      19           249      9.9999999999999856e-01 
      19           201      9.9999999999999845e-01 
      20            13     -9.9999999999999889e-01 
      20            82      1.4999999999999989e+00 
      20           107      1.5000000000000000e+00 
      20           112     -9.9999999999999789e-01 
      20           117     -9.9999999999999878e-01 
      20           244     -9.9999999999999878e-01 
      20           139     -9.9999999999999889e-01 
      20           121     -9.9999999999999878e-01 
      21             0      9.9999999999999967e-01 
      21            20      1.0000000000000000e+00 
      21             5      1.0000000000000000e+00 
      21            30     -1.0000000000000000e+00 
      21            36      9.9999999999999922e-01 
      21             9      2.0000000000000013e+00 
      21            14      9.9999999999999956e-01 
      21            48     -9.9999999999999967e-01 
      21            65     -1.0000000000000004e+00 
      21            86      5.0000000000000089e-01 
      21           111      5.0000000000000144e-01 
      21           125     -1.0000000000000000e+00 
      21           156      5.0000000000000056e-01 
      21           191      5.0000000000000089e-01 
      21           210     -9.9999999999999978e-01 
      21           230     -9.9999999999999967e-01 
      21            66      1.9999999999999993e+00 
      21            71      2.0000000000000009e+00 
      21           126      9.9999999999999900e-01 
      21           131      9.9999999999999978e-01 
      21           135      2.0000000000000000e+00 
      21           231      9.9999999999999889e-01 
      21           236      9.9999999999999967e-01 
      21           240      1.9999999999999996e+00 
      21           245      9.9999999999999933e-01 
      21            75      1.0000000000000004e+00 
      22             8      9.9999999999999933e-01 
      22            45      9.9999999999999800e-01 
      22            57      9.9999999999999867e-01 
      22           124     -9.9999999999999933e-01 
      22           209     -9.9999999999999933e-01 
      22           134      1.9999999999999987e+00 
      22           239      1.9999999999999987e+00 
      23           120     -9.9999999999999922e-01 
      24           200     -9.9999999999999889e-01 
      25            82     -1.2247448713915869e+00 
      25           107      1.2247448713915883e+00 
      26           147     -1.2247448713915865e+00 
      26           182      1.2247448713915878e+00 
      28             0      9.9999999999999967e-01 
      28            14      2.0000000000000004e+00 
      28            20      2.0000000000000004e+00 
      28           230     -2.0000000000000004e+00 
      28           245      4.0000000000000009e+00 
      28           140      1.0000000000000000e+00 
      28           251      1.0000000000000000e+00 
      28             5      1.0000000000000000e+00 
      28            30      9.9999999999999889e-01 
      28            86     -9.9999999999999933e-01 
      28           111     -1.0000000000000000e+00 
      28           156     -9.9999999999999933e-01 
      28           191     -1.0000000000000000e+00 
      28            36      9.9999999999999922e-01 
      28           126      1.9999999999999987e+00 
      28           131      2.0000000000000000e+00 
      28           231      1.9999999999999987e+00 
      28           236      2.0000000000000000e+00 
      29            12      7.0710678118654657e-01 
      29           120     -1.4142135623730929e+00 
      29           108      7.0710678118654646e-01 
      29            79      7.0710678118654546e-01 
      29            99      7.0710678118654602e-01 
      29           228     -7.0710678118654657e-01 
      29           243      1.4142135623730931e+00 
      29           138      7.0710678118654646e-01 
      30             8      7.0710678118654702e-01 
      30            45      7.0710678118654591e-01 
      30            57      7.0710678118654646e-01 
      30           124     -1.4142135623730938e+00 
      30           209     -7.0710678118654702e-01 
      30           134      7.0710678118654691e-01 
      30           239      1.4142135623730940e+00 
      30            74      7.0710678118654691e-01 
      31           204     -7.0710678118654657e-01 
      31           219     -7.0710678118654668e-01 
      32            48      8.6602540378443804e-01 
      32            65     -8.6602540378443893e-01 
      32            86     -8.6602540378443726e-01 
      32           111      8.6602540378443826e-01 
      33           151     -8.6602540378443671e-01 
      33           186      8.6602540378443760e-01 
      34           147     -8.6602540378443693e-01 
      34           182      8.6602540378443793e-01 
      35            13     -1.4142135623730945e+00 
      35            82      7.0710678118654668e-01 
      35           107      7.0710678118654713e-01 
      35           112     -1.4142135623730934e+00 
      35           117     -1.4142135623730943e+00 
      35           229      1.4142135623730945e+00 
      35           244     -2.8284271247461890e+00 
      35           139     -1.4142135623730943e+00 
      36             0      9.9999999999999967e-01 
      36            20      2.0000000000000004e+00 
      36           251      1.0000000000000000e+00 
      36            14      1.0000000000000000e+00 
      36           230     -1.0000000000000000e+00 
      36           245      2.0000000000000000e+00 
      36             5      1.0000000000000000e+00 
      36            30      9.9999999999999889e-01 
      36            36      9.9999999999999922e-01 
      36             9      9.9999999999999967e-01 
      36            48     -4.9999999999999944e-01 
      36            65     -4.9999999999999978e-01 
      36            86     -4.9999999999999950e-01 
      36           111     -4.9999999999999983e-01 
      36           125      9.9999999999999956e-01 
      36           156     -9.9999999999999922e-01 
      36           191     -9.9999999999999978e-01 
      36           210     -9.9999999999999967e-01 
      36            66      9.9999999999999889e-01 
      36            71      9.9999999999999956e-01 
      36           126      9.9999999999999900e-01 
      36           131      9.9999999999999967e-01 
      36           135      9.9999999999999956e-01 
      36           231      1.9999999999999984e+00 
      36           236      1.9999999999999996e+00 
      36           240      1.9999999999999993e+00 
      37            17      7.0710678118654635e-01 
      37           200     -1.4142135623730920e+00 
      37           223     -7.0710678118654635e-01 
      37           183      7.0710678118654624e-01 
      37           188      1.4142135623730927e+00 
      37           144      7.0710678118654546e-01 
      37           174      7.0710678118654580e-01 
      37           248      7.0710678118654624e-01 
      38           187     -7.0710678118654635e-01 
      38           219     -7.0710678118654657e-01 
      39             8      7.0710678118654702e-01 
      39            45      7.0710678118654591e-01 
      39            57      7.0710678118654646e-01 
      39            74      7.0710678118654691e-01 
      39           124     -7.0710678118654680e-01 
      39           209     -1.4142135623730931e+00 
      39           134      1.4142135623730936e+00 
      39           239      7.0710678118654668e-01 
      40           151     -8.6602540378443682e-01 
      40           186      8.6602540378443749e-01 
      41            48      8.6602540378443804e-01 
      41            65     -8.6602540378443893e-01 
      41           156     -8.6602540378443671e-01 
      41           191      8.6602540378443760e-01 
      42            82      8.6602540378443726e-01 
      42           107     -8.6602540378443826e-01 
      43            18     -1.4142135623730940e+00 
      43           224      1.4142135623730940e+00 
      43           206     -2.8284271247461881e+00 
      43           147      7.0710678118654646e-01 
      43           182      7.0710678118654680e-01 
      43           192     -1.4142135623730929e+00 
      43           197     -1.4142135623730936e+00 
      43           249     -1.4142135623730938e+00 
      44            19     -9.9999999999999956e-01 
      44           250     -9.9999999999999933e-01 
      44           225     -9.9999999999999922e-01 
      44           151      4.9999999999999928e-01 
      44           186      4.9999999999999961e-01 
      44           205      1.9999999999999978e+00 
      44           211     -9.9999999999999856e-01 
      44           216     -9.9999999999999922e-01 
      44           220     -9.9999999999999900e-01 
      45             0      9.9999999999999967e-01 
      45            14      1.9999999999999996e+00 
      45            20      1.0000000000000000e+00 
      45           230     -9.9999999999999967e-01 
      45           245      1.9999999999999993e+00 
      45           140      9.9999999999999967e-01 
      45             5      1.0000000000000000e+00 
      45            30      9.9999999999999889e-01 
      45            36      9.9999999999999922e-01 
      45             9      9.9999999999999967e-01 
      45            48     -4.9999999999999944e-01 
      45            65     -4.9999999999999978e-01 
      45            66      9.9999999999999889e-01 
      45            71      9.9999999999999956e-01 
      45            86     -9.9999999999999889e-01 
      45           111     -9.9999999999999956e-01 
      45           125     -9.9999999999999933e-01 
      45           156     -4.9999999999999939e-01 
      45           191     -4.9999999999999967e-01 
      45           210      9.9999999999999889e-01 
      45           126      1.9999999999999978e+00 
      45           131      1.9999999999999991e+00 
      45           135      1.9999999999999987e+00 
      45           231      9.9999999999999878e-01 
      45           236      9.9999999999999933e-01 
      45           240      9.9999999999999922e-01 
      46           124     -9.9999999999999933e-01 
      47            12      9.9999999999999922e-01 
      47           120     -9.9999999999999922e-01 
      47           108      1.9999999999999984e+00 
      47            79      9.9999999999999767e-01 
      47            99      9.9999999999999845e-01 
      47           228     -9.9999999999999922e-01 
      47           243      1.9999999999999984e+00 
      48           223     -9.9999999999999878e-01 
      49            82      1.2247448713915867e+00 
      49           107     -1.2247448713915876e+00 
      51           151     -1.2247448713915874e+00 
      51           186      1.2247448713915885e+00 
      52           125      1.0000000000000002e+00 
      53            13     -1.4142135623730949e+00 
      53            82      7.0710678118654680e-01 
      53           107      7.0710678118654724e-01 
      53           112     -1.4142135623730936e+00 
      53           117     -1.4142135623730945e+00 
      53           229      1.4142135623730949e+00 
      53           244     -2.8284271247461898e+00 
      53           121     -1.4142135623730945e+00 
      54           224      1.4142135623730940e+00 
      55             0      9.9999999999999967e-01 
      55            20      2.0000000000000004e+00 
      55           251      1.0000000000000000e+00 
      55             5      1.0000000000000000e+00 
      55            30      9.9999999999999889e-01 
      55            36      9.9999999999999922e-01 
      55             9      2.0000000000000004e+00 
      55            48     -9.9999999999999933e-01 
      55            65     -1.0000000000000000e+00 
      55           156     -9.9999999999999933e-01 
      55           191     -1.0000000000000000e+00 
      55           210     -2.0000000000000004e+00 
      55            66      1.9999999999999987e+00 
      55            71      2.0000000000000000e+00 
      55           231      1.9999999999999987e+00 
      55           236      2.0000000000000000e+00 
      55           240      4.0000000000000009e+00 
      55            75      1.0000000000000000e+00 
      56           204     -7.0710678118654668e-01 
      56           187     -7.0710678118654668e-01 
      57            17      7.0710678118654646e-01 
      57           200     -7.0710678118654646e-01 
      57           223     -1.4142135623730927e+00 
      57           183      1.4142135623730929e+00 
      57           188      7.0710678118654635e-01 
      57           144      7.0710678118654557e-01 
      57           174      7.0710678118654591e-01 
      57           248      7.0710678118654635e-01 
      58            12      7.0710678118654691e-01 
      58           120     -7.0710678118654691e-01 
      58           108      1.4142135623730938e+00 
      58            79      7.0710678118654580e-01 
      58            99      7.0710678118654635e-01 
      58           228     -1.4142135623730936e+00 
      58           243      7.0710678118654680e-01 
      58           138      7.0710678118654680e-01 
      59           147      8.6602540378443638e-01 
      59           182     -8.6602540378443704e-01 
      60            82      8.6602540378443693e-01 
      60           107     -8.6602540378443760e-01 
      61            86      8.6602540378443826e-01 
      61           111     -8.6602540378443915e-01 
      61           156     -8.6602540378443738e-01 
      61           191      8.6602540378443826e-01 
      62           205      1.4142135623730945e+00 
      63            18     -9.9999999999999900e-01 
      63           224      1.9999999999999973e+00 
      63           206     -9.9999999999999889e-01 
      63           147      4.9999999999999911e-01 
      63           182      4.9999999999999944e-01 
      63           192     -9.9999999999999822e-01 
      63           197     -9.9999999999999889e-01 
      63           249     -9.9999999999999900e-01 
      63           201     -9.9999999999999889e-01 
      64            13     -9.9999999999999967e-01 
      64            82      4.9999999999999944e-01 
      64           107      4.9999999999999978e-01 
      64           112     -9.9999999999999889e-01 
      64           117     -9.9999999999999956e-01 
      64           229      1.9999999999999991e+00 
      64           244     -9.9999999999999956e-01 
      64           139     -9.9999999999999956e-01 
      64           121     -9.9999999999999956e-01 
      65            19     -1.4142135623730945e+00 
      65           151      7.0710678118654668e-01 
      65           186      7.0710678118654713e-01 
      65           205      1.4142135623730945e+00 
      65           211     -1.4142135623730934e+00 
      65           216     -1.4142135623730943e+00 
      65           220     -2.8284271247461890e+00 
      65           250     -1.4142135623730943e+00 
      66             0      9.9999999999999967e-01 
      66            20      1.0000000000000000e+00 
      66             5      1.0000000000000000e+00 
      66            30      9.9999999999999889e-01 
      66            36      9.9999999999999922e-01 
      66             9      2.0000000000000004e+00 
      66            48     -9.9999999999999933e-01 
      66            65     -1.0000000000000000e+00 
      66            66      1.9999999999999987e+00 
      66            71      2.0000000000000000e+00 
      66            75      1.0000000000000000e+00 
      66            14      9.9999999999999967e-01 
      66            86     -4.9999999999999944e-01 
      66           111     -4.9999999999999978e-01 
      66           125     -9.9999999999999967e-01 
      66           156     -4.9999999999999950e-01 
      66           191     -4.9999999999999983e-01 
      66           210     -9.9999999999999978e-01 
      66           230      9.9999999999999956e-01 
      66           126      9.9999999999999889e-01 
      66           131      9.9999999999999956e-01 
      66           135      1.9999999999999993e+00 
      66           231      9.9999999999999900e-01 
      66           236      9.9999999999999967e-01 
      66           240      1.9999999999999996e+00 
      66           245      9.9999999999999956e-01 
      67           209     -9.9999999999999933e-01 
      68           228     -9.9999999999999922e-01 
      69            17      9.9999999999999900e-01 
      69           200     -9.9999999999999900e-01 
      69           223     -9.9999999999999911e-01 
      69           183      1.9999999999999980e+00 
      69           188      1.9999999999999982e+00 
      69           144      9.9999999999999734e-01 
      69           174      9.9999999999999822e-01 
      71           147      1.2247448713915865e+00 
      71           182     -1.2247448713915876e+00 
      72           151      1.2247448713915869e+00 
      72           186     -1.2247448713915878e+00 
      73           210      1.0000000000000002e+00 
      74           229      1.4142135623730949e+00 
      75            18     -1.4142135623730945e+00 
      75           224      1.4142135623730945e+00 
      75           206     -2.8284271247461890e+00 
      75           147      7.0710678118654668e-01 
      75           182      7.0710678118654713e-01 
      75           192     -1.4142135623730934e+00 
      75           197     -1.4142135623730943e+00 
      75           201     -1.4142135623730943e+00 
      76           230      1.0000000000000002e+00 
      77            19     -1.4142135623730949e+00 
      77           151      7.0710678118654680e-01 
      77           186      7.0710678118654724e-01 
      77           205      1.4142135623730947e+00 
      77           211     -1.4142135623730936e+00 
      77           216     -1.4142135623730945e+00 
      77           220     -2.8284271247461894e+00 
      77           225     -1.4142135623730945e+00 
      78             0      9.9999999999999967e-01 
      78             5      1.0000000000000000e+00 
      78            30      9.9999999999999889e-01 
      78            36      9.9999999999999922e-01 
      78             9      2.0000000000000004e+00 
      78            48     -9.9999999999999933e-01 
      78            65     -1.0000000000000000e+00 
      78            66      1.9999999999999987e+00 
      78            71      2.0000000000000000e+00 
      78            75      1.0000000000000000e+00 
      78            14      2.0000000000000004e+00 
      78            86     -9.9999999999999933e-01 
      78           111     -1.0000000000000000e+00 
      78           125     -2.0000000000000004e+00 
      78           126      1.9999999999999987e+00 
      78           131      2.0000000000000000e+00 
      78           135      4.0000000000000009e+00 
      78           140      1.0000000000000000e+00 
      79           107     -9.9999999999999922e-01 
      80            65      9.9999999999999956e-01 
      82             8     -1.2247448713915883e+00 
      82            57     -1.2247448713915874e+00 
      82           124      1.2247448713915876e+00 
      82           209      1.2247448713915883e+00 
      82           134     -1.2247448713915881e+00 
      82           239     -2.4494897427831765e+00 
      82            62     -1.2247448713915881e+00 
      83           219      1.2247448713915867e+00 
      84           200     -1.2247448713915874e+00 
      85            12     -9.9999999999999900e-01 
      85            79      1.9999999999999960e+00 
      85            99     -9.9999999999999845e-01 
      85           228      9.9999999999999900e-01 
      85           243     -1.9999999999999980e+00 
      85           138     -9.9999999999999900e-01 
      85           104     -9.9999999999999889e-01 
      86             8      7.0710678118654713e-01 
      86            45     -1.4142135623730929e+00 
      86            57      7.0710678118654668e-01 
      86           124      7.0710678118654702e-01 
      86           209     -7.0710678118654713e-01 
      86           134      7.0710678118654702e-01 
      86           239      1.4142135623730943e+00 
      86            62      7.0710678118654702e-01 
      87           204      1.4142135623730929e+00 
      87           219     -7.0710678118654657e-01 
      88           120     -9.9999999999999922e-01 
      89           200     -7.0710678118654646e-01 
      91             0      9.9999999999999967e-01 
      91            20      2.0000000000000004e+00 
      91           251      1.0000000000000000e+00 
      91            14      1.0000000000000000e+00 
      91           230     -1.0000000000000000e+00 
      91           245      2.0000000000000000e+00 
      91             5      1.9999999999999996e+00 
      91            30     -9.9999999999999900e-01 
      91            86      9.9999999999999756e-01 
      91           111     -9.9999999999999933e-01 
      91           156     -9.9999999999999878e-01 
      91           191     -1.9999999999999991e+00 
      91            36      1.9999999999999980e+00 
      91           126      9.9999999999999856e-01 
      91           131      1.9999999999999987e+00 
      91           231      1.9999999999999976e+00 
      91           236      3.9999999999999982e+00 
      91            41      9.9999999999999967e-01 
      92           182     -9.9999999999999889e-01 
      94            65      9.9999999999999956e-01 
      95           219      1.2247448713915874e+00 
      96             8     -1.2247448713915883e+00 
      96            57     -1.2247448713915874e+00 
      96            62     -1.2247448713915881e+00 
      96           124      1.2247448713915878e+00 
      96           209      1.2247448713915872e+00 
      96           134     -2.4494897427831757e+00 
      96           239     -1.2247448713915876e+00 
      97           120      1.2247448713915876e+00 
      98            17     -9.9999999999999878e-01 
      98           223      9.9999999999999878e-01 
      98           188     -1.9999999999999976e+00 
      98           144      1.9999999999999956e+00 
      98           174     -9.9999999999999811e-01 
      98           248     -9.9999999999999867e-01 
      98           179     -9.9999999999999856e-01 
      99           187      1.4142135623730931e+00 
      99           219     -7.0710678118654668e-01 
     100             8      7.0710678118654713e-01 
     100            45     -1.4142135623730929e+00 
     100            57      7.0710678118654668e-01 
     100            62      7.0710678118654702e-01 
     100           124     -7.0710678118654691e-01 
     100           209      7.0710678118654668e-01 
     100           134      1.4142135623730938e+00 
     100           239      7.0710678118654680e-01 
     102           120     -7.0710678118654691e-01 
     103           200     -9.9999999999999900e-01 
     104            19     -9.9999999999999956e-01 
     104           250     -9.9999999999999933e-01 
     104           225     -9.9999999999999922e-01 
     104           151      1.9999999999999951e+00 
     104           186      9.9999999999999889e-01 
     104           211     -9.9999999999999811e-01 
     104           216     -1.9999999999999978e+00 
     105             0      9.9999999999999967e-01 
     105            14      1.9999999999999996e+00 
     105            20      1.0000000000000000e+00 
     105           230     -9.9999999999999967e-01 
     105           245      1.9999999999999993e+00 
     105           140      9.9999999999999967e-01 
     105             5      1.9999999999999996e+00 
     105            30     -9.9999999999999900e-01 
     105            36      1.9999999999999980e+00 
     105            41      9.9999999999999967e-01 
     105            86     -9.9999999999999845e-01 
     105           111     -1.9999999999999984e+00 
     105           156      9.9999999999999689e-01 
     105           191     -9.9999999999999900e-01 
     105           126      1.9999999999999969e+00 
     105           131      3.9999999999999969e+00 
     105           231      9.9999999999999822e-01 
     105           236      1.9999999999999980e+00 
     107           182     -1.2247448713915872e+00 
     108           107      1.2247448713915874e+00 
     109            17      4.9999999999999961e-01 
     109           200     -1.4999999999999984e+00 
     109           183      4.9999999999999961e-01 
     109           188      4.9999999999999950e-01 
     109           174      4.9999999999999922e-01 
     109           248      4.9999999999999956e-01 
     109           179      4.9999999999999944e-01 
     110            12     -4.9999999999999978e-01 
     110           120      1.4999999999999991e+00 
     110           108     -4.9999999999999978e-01 
     110            99     -4.9999999999999939e-01 
     110           243     -4.9999999999999967e-01 
     110           138     -4.9999999999999972e-01 
     110           104     -4.9999999999999961e-01 
     111             8     -9.9999999999999967e-01 
     111            57     -9.9999999999999889e-01 
     111           124      1.5000000000000007e+00 
     111           209      1.5000000000000000e+00 
     111           134     -9.9999999999999900e-01 
     111           239     -9.9999999999999889e-01 
     111            74     -9.9999999999999933e-01 
     111            62     -9.9999999999999933e-01 
     112           204     -1.2247448713915878e+00 
     112           187      1.2247448713915878e+00 
     113            17     -8.6602540378443738e-01 
     113           200      8.6602540378443837e-01 
     113           183     -8.6602540378443749e-01 
     113           188     -8.6602540378443726e-01 
     113           144      1.7320508075688732e+00 
     113           174     -8.6602540378443682e-01 
     113           248     -8.6602540378443738e-01 
     113           179     -8.6602540378443726e-01 
     114            12      8.6602540378443771e-01 
     114           120     -8.6602540378443849e-01 
     114           108      8.6602540378443760e-01 
     114            79     -1.7320508075688736e+00 
     114            99      8.6602540378443693e-01 
     114           243      8.6602540378443760e-01 
     114           138      8.6602540378443760e-01 
     114           104      8.6602540378443749e-01 
     115           187      1.2247448713915878e+00 
     116           124     -8.6602540378443860e-01 
     116           209      8.6602540378443793e-01 
     117           204     -1.2247448713915865e+00 
     118            18      1.2247448713915874e+00 
     118           206      1.2247448713915872e+00 
     118           147     -1.2247448713915863e+00 
     118           182     -1.2247448713915872e+00 
     118           192      1.2247448713915861e+00 
     118           197      2.4494897427831743e+00 
     118           249      1.2247448713915874e+00 
     119            13     -1.2247448713915876e+00 
     119            82      1.2247448713915863e+00 
     119           107      1.2247448713915874e+00 
     119           112     -1.2247448713915863e+00 
     119           117     -2.4494897427831748e+00 
     119           244     -1.2247448713915874e+00 
     119           139     -1.2247448713915876e+00 
     120             0      9.9999999999999967e-01 
     120            20      1.0000000000000000e+00 
     120            14      9.9999999999999956e-01 
     120           230     -9.9999999999999967e-01 
     120           245      9.9999999999999933e-01 
     120             5      1.9999999999999996e+00 
     120            30     -9.9999999999999900e-01 
     120            36      1.9999999999999980e+00 
     120            41      9.9999999999999967e-01 
     120             9      1.0000000000000000e+00 
     120            48     -9.9999999999999967e-01 
     120            65     -9.9999999999999967e-01 
     120            86      5.0000000000000056e-01 
     120           111     -9.9999999999999900e-01 
     120           125      5.0000000000000144e-01 
     120           156      5.0000000000000000e-01 
     120           191     -9.9999999999999889e-01 
     120           210      5.0000000000000089e-01 
     120            66      9.9999999999999889e-01 
     120            71      1.9999999999999993e+00 
     120           126      9.9999999999999822e-01 
     120           131      1.9999999999999980e+00 
     120           135      9.9999999999999933e-01 
     120           231      9.9999999999999811e-01 
     120           236      1.9999999999999978e+00 
     120           240      9.9999999999999922e-01 
     121           111      9.9999999999999978e-01 
     122           107     -9.9999999999999911e-01 
     124            12      1.2247448713915881e+00 
     124           120     -1.2247448713915885e+00 
     124           108      1.2247448713915881e+00 
     124            99      1.2247448713915872e+00 
     124           228     -1.2247448713915881e+00 
     124           243      2.4494897427831761e+00 
     124           104      1.2247448713915878e+00 
     125           223     -1.2247448713915872e+00 
     126           204      1.2247448713915869e+00 
     127           124     -9.9999999999999956e-01 
     128            12      7.0710678118654724e-01 
     128           120      7.0710678118654702e-01 
     128           108      7.0710678118654713e-01 
     128            79     -1.4142135623730929e+00 
     128            99      7.0710678118654668e-01 
     128           228     -7.0710678118654724e-01 
     128           243      1.4142135623730945e+00 
     128           104      7.0710678118654702e-01 
     129           223     -7.0710678118654635e-01 
     130             8     -9.9999999999999956e-01 
     130            45      1.9999999999999969e+00 
     130            57     -9.9999999999999878e-01 
     130           209      9.9999999999999956e-01 
     130           239     -1.9999999999999991e+00 
     130            74     -9.9999999999999933e-01 
     130            62     -9.9999999999999922e-01 
     131           204     -7.0710678118654668e-01 
     131           219      1.4142135623730934e+00 
     133            13      9.9999999999999933e-01 
     133            82      9.9999999999999734e-01 
     133           107     -9.9999999999999911e-01 
     133           112      9.9999999999999833e-01 
     133           117      1.9999999999999982e+00 
     133           229     -9.9999999999999933e-01 
     133           244      1.9999999999999987e+00 
     134           224     -9.9999999999999922e-01 
     135           151     -1.2247448713915863e+00 
     135           205      1.2247448713915883e+00 
     136             0      9.9999999999999967e-01 
     136            20      2.0000000000000004e+00 
     136           251      1.0000000000000000e+00 
     136             5      1.9999999999999996e+00 
     136            30     -9.9999999999999900e-01 
     136            36      1.9999999999999980e+00 
     136            41      9.9999999999999967e-01 
     136             9      1.0000000000000000e+00 
     136            48      9.9999999999999833e-01 
     136            65     -9.9999999999999967e-01 
     136           156     -9.9999999999999900e-01 
     136           191     -1.9999999999999996e+00 
     136           210     -1.0000000000000000e+00 
     136            66      9.9999999999999889e-01 
     136            71      1.9999999999999993e+00 
     136           231      1.9999999999999980e+00 
     136           236      3.9999999999999991e+00 
     136           240      2.0000000000000000e+00 
     137           186      1.4142135623730940e+00 
     138           182     -7.0710678118654635e-01 
     139           107     -7.0710678118654680e-01 
     140            17      8.6602540378443738e-01 
     140           200     -8.6602540378443771e-01 
     140           223     -1.7320508075688741e+00 
     140           183      8.6602540378443749e-01 
     140           188      8.6602540378443726e-01 
     140           174      8.6602540378443682e-01 
     140           248      8.6602540378443738e-01 
     140           179      8.6602540378443726e-01 
     141            12      8.6602540378443782e-01 
     141           120     -8.6602540378443815e-01 
     141           108      8.6602540378443793e-01 
     141            99      8.6602540378443726e-01 
     141           228     -1.7320508075688754e+00 
     141           243      8.6602540378443771e-01 
     141           138      8.6602540378443771e-01 
     141           104      8.6602540378443771e-01 
     142           124     -8.6602540378443793e-01 
     142           209      8.6602540378443793e-01 
     143           204     -7.0710678118654680e-01 
     143           187     -7.0710678118654680e-01 
     144            17      4.9999999999999944e-01 
     144           200      4.9999999999999933e-01 
     144           223     -9.9999999999999867e-01 
     144           183      4.9999999999999939e-01 
     144           188      4.9999999999999939e-01 
     144           144     -9.9999999999999789e-01 
     144           174      4.9999999999999906e-01 
     144           248      4.9999999999999939e-01 
     144           179      4.9999999999999928e-01 
     145            12      4.9999999999999978e-01 
     145           120      4.9999999999999961e-01 
     145           108      4.9999999999999967e-01 
     145            79     -9.9999999999999845e-01 
     145            99      4.9999999999999939e-01 
     145           228     -9.9999999999999933e-01 
     145           243      4.9999999999999967e-01 
     145           138      4.9999999999999967e-01 
     145           104      4.9999999999999961e-01 
     146           187     -7.0710678118654680e-01 
     146           219      1.4142135623730936e+00 
     147             8     -9.9999999999999956e-01 
     147            45      1.9999999999999969e+00 
     147            57     -9.9999999999999878e-01 
     147            74     -9.9999999999999933e-01 
     147            62     -9.9999999999999922e-01 
     147           124      4.9999999999999950e-01 
     147           209      4.9999999999999961e-01 
     147           134     -9.9999999999999900e-01 
     147           239     -9.9999999999999922e-01 
     148           204     -7.0710678118654680e-01 
     148           219      1.4142135623730936e+00 
     149            18      7.0710678118654657e-01 
     149           224     -1.4142135623730929e+00 
     149           206      7.0710678118654646e-01 
     149           147      7.0710678118654546e-01 
     149           182     -7.0710678118654635e-01 
     149           192      7.0710678118654580e-01 
     149           197      1.4142135623730927e+00 
     149           249      7.0710678118654646e-01 
     150            13      7.0710678118654702e-01 
     150            82      7.0710678118654569e-01 
     150           107     -7.0710678118654680e-01 
     150           112      7.0710678118654624e-01 
     150           117      1.4142135623730936e+00 
     150           229     -1.4142135623730938e+00 
     150           244      7.0710678118654691e-01 
     150           139      7.0710678118654691e-01 
     151            86      8.6602540378443749e-01 
     151           125     -8.6602540378443893e-01 
     151           156     -8.6602540378443682e-01 
     151           210      8.6602540378443826e-01 
     152            19     -1.4142135623730945e+00 
     152           250     -1.4142135623730943e+00 
     152           151      7.0710678118654646e-01 
     152           186      1.4142135623730940e+00 
     152           205      7.0710678118654713e-01 
     152           211     -1.4142135623730929e+00 
     152           216     -2.8284271247461881e+00 
     152           220     -1.4142135623730943e+00 
     153             0      9.9999999999999967e-01 
     153            20      1.0000000000000000e+00 
     153            14      9.9999999999999967e-01 
     153           230      9.9999999999999956e-01 
     153           245      9.9999999999999956e-01 
     153             5      1.9999999999999996e+00 
     153            30     -9.9999999999999900e-01 
     153            36      1.9999999999999980e+00 
     153            41      9.9999999999999967e-01 
     153             9      1.0000000000000000e+00 
     153            48      9.9999999999999833e-01 
     153            65     -9.9999999999999967e-01 
     153            66      9.9999999999999889e-01 
     153            71      1.9999999999999993e+00 
     153            86     -4.9999999999999928e-01 
     153           111     -9.9999999999999933e-01 
     153           125     -4.9999999999999978e-01 
     153           156     -4.9999999999999939e-01 
     153           191     -9.9999999999999956e-01 
     153           210     -4.9999999999999983e-01 
     153           126      9.9999999999999856e-01 
     153           131      1.9999999999999987e+00 
     153           135      9.9999999999999956e-01 
     153           231      9.9999999999999878e-01 
     153           236      1.9999999999999991e+00 
     153           240      9.9999999999999967e-01 
     154           191      9.9999999999999978e-01 
     156           182     -9.9999999999999889e-01 
     157           228     -1.2247448713915881e+00 
     158            17      1.2247448713915878e+00 
     158           200     -1.2247448713915883e+00 
     158           223     -1.2247448713915878e+00 
     158           183      1.2247448713915878e+00 
     158           188      2.4494897427831757e+00 
     158           174      1.2247448713915869e+00 
     158           179      1.2247448713915876e+00 
     159           187     -1.2247448713915876e+00 
     160           209     -9.9999999999999956e-01 
     161           228     -7.0710678118654724e-01 
     162            17      7.0710678118654713e-01 
     162           200      7.0710678118654680e-01 
     162           223     -7.0710678118654713e-01 
     162           183      7.0710678118654702e-01 
     162           188      1.4142135623730943e+00 
     162           144     -1.4142135623730927e+00 
     162           174      7.0710678118654657e-01 
     162           179      7.0710678118654691e-01 
     164           187     -7.0710678118654691e-01 
     164           219      1.4142135623730938e+00 
     165             8     -9.9999999999999956e-01 
     165            45      1.9999999999999969e+00 
     165            57     -9.9999999999999878e-01 
     165            74     -9.9999999999999933e-01 
     165            62     -9.9999999999999922e-01 
     165           124      9.9999999999999956e-01 
     165           134     -1.9999999999999991e+00 
     166           229     -9.9999999999999933e-01 
     167            18      9.9999999999999922e-01 
     167           224     -9.9999999999999922e-01 
     167           206      1.9999999999999984e+00 
     167           147      9.9999999999999711e-01 
     167           182     -9.9999999999999889e-01 
     167           192      9.9999999999999811e-01 
     167           197      1.9999999999999978e+00 
     168           151      1.2247448713915861e+00 
     168           205     -1.2247448713915876e+00 
     169           230      1.0000000000000002e+00 
     170            19     -1.4142135623730949e+00 
     170           225     -1.4142135623730945e+00 
     170           151      7.0710678118654657e-01 
     170           186      1.4142135623730943e+00 
     170           205      7.0710678118654724e-01 
     170           211     -1.4142135623730931e+00 
     170           216     -2.8284271247461885e+00 
     170           220     -1.4142135623730945e+00 
     171             0      9.9999999999999967e-01 
     171            14      2.0000000000000004e+00 
     171           140      1.0000000000000000e+00 
     171             5      1.9999999999999996e+00 
     171            30     -9.9999999999999900e-01 
     171            36      1.9999999999999980e+00 
     171            41      9.9999999999999967e-01 
     171             9      1.0000000000000000e+00 
     171            48      9.9999999999999833e-01 
     171            65     -9.9999999999999967e-01 
     171            66      9.9999999999999889e-01 
     171            71      1.9999999999999993e+00 
     171            86     -9.9999999999999900e-01 
     171           111     -1.9999999999999996e+00 
     171           125     -1.0000000000000000e+00 
     171           126      1.9999999999999980e+00 
     171           131      3.9999999999999991e+00 
     171           135      2.0000000000000000e+00 
     173           186     -9.9999999999999889e-01 
     174           111      9.9999999999999922e-01 
     175           204     -1.2247448713915867e+00 
     176           124      1.2247448713915878e+00 
     177            12     -1.2247448713915876e+00 
     177           120      1.2247448713915878e+00 
     177           108     -2.4494897427831757e+00 
     177            99     -1.2247448713915867e+00 
     177           228      1.2247448713915869e+00 
     177           243     -1.2247448713915874e+00 
     177           104     -1.2247448713915872e+00 
     179           204     -7.0710678118654657e-01 
     179           187      1.4142135623730931e+00 
     180           124     -7.0710678118654691e-01 
     181            17     -9.9999999999999878e-01 
     181           200      9.9999999999999889e-01 
     181           183     -1.9999999999999978e+00 
     181           144      1.9999999999999956e+00 
     181           174     -9.9999999999999811e-01 
     181           248     -9.9999999999999867e-01 
     181           179     -9.9999999999999856e-01 
     182            12      7.0710678118654691e-01 
     182           120     -7.0710678118654702e-01 
     182           108      1.4142135623730940e+00 
     182            79     -1.4142135623730925e+00 
     182            99      7.0710678118654646e-01 
     182           228      7.0710678118654691e-01 
     182           243      7.0710678118654680e-01 
     182           104      7.0710678118654680e-01 
     183           223     -9.9999999999999911e-01 
     184           205     -9.9999999999999922e-01 
     185           125      9.9999999999999956e-01 
     186            13     -1.2247448713915883e+00 
     186           107      1.2247448713915881e+00 
     186           112     -1.2247448713915869e+00 
     186           117     -2.4494897427831761e+00 
     186           229      1.2247448713915876e+00 
     186           244     -1.2247448713915881e+00 
     186           121     -1.2247448713915881e+00 
     187            18     -9.9999999999999900e-01 
     187           147      1.9999999999999953e+00 
     187           182      9.9999999999999889e-01 
     187           192     -9.9999999999999811e-01 
     187           197     -1.9999999999999978e+00 
     187           249     -9.9999999999999900e-01 
     187           201     -9.9999999999999889e-01 
     188            13      7.0710678118654713e-01 
     188            82     -1.4142135623730923e+00 
     188           107     -7.0710678118654702e-01 
     188           112      7.0710678118654646e-01 
     188           117      1.4142135623730940e+00 
     188           229      7.0710678118654702e-01 
     188           244      7.0710678118654702e-01 
     188           121      7.0710678118654702e-01 
     189           224     -9.9999999999999922e-01 
     190             0      9.9999999999999967e-01 
     190            20      1.0000000000000000e+00 
     190             5      1.9999999999999996e+00 
     190            30     -9.9999999999999900e-01 
     190            36      1.9999999999999980e+00 
     190            41      9.9999999999999967e-01 
     190             9      1.9999999999999996e+00 
     190            48     -9.9999999999999878e-01 
     190            65     -1.9999999999999991e+00 
     190           156      9.9999999999999689e-01 
     190           191     -9.9999999999999900e-01 
     190           210     -9.9999999999999933e-01 
     190            66      1.9999999999999976e+00 
     190            71      3.9999999999999982e+00 
     190           231      9.9999999999999822e-01 
     190           236      1.9999999999999980e+00 
     190           240      1.9999999999999987e+00 
     190            75      9.9999999999999967e-01 
     192           191      9.9999999999999956e-01 
     193           186     -9.9999999999999878e-01 
     194           209      1.2247448713915883e+00 
     195           187     -1.2247448713915867e+00 
     196            17      1.2247448713915874e+00 
     196           200     -1.2247448713915876e+00 
     196           223     -1.2247448713915876e+00 
     196           183      2.4494897427831752e+00 
     196           188      1.2247448713915874e+00 
     196           174      1.2247448713915865e+00 
     196           179      1.2247448713915869e+00 
     198           209     -7.0710678118654713e-01 
     199           204      1.4142135623730931e+00 
     199           187     -7.0710678118654657e-01 
     200           228     -9.9999999999999900e-01 
     201            17      7.0710678118654702e-01 
     201           200     -7.0710678118654702e-01 
     201           223      7.0710678118654668e-01 
     201           183      1.4142135623730940e+00 
     201           188      7.0710678118654680e-01 
     201           144     -1.4142135623730925e+00 
     201           174      7.0710678118654646e-01 
     201           179      7.0710678118654680e-01 
     202            12     -9.9999999999999900e-01 
     202           120      9.9999999999999922e-01 
     202           108     -1.9999999999999984e+00 
     202            79      1.9999999999999960e+00 
     202            99     -9.9999999999999845e-01 
     202           138     -9.9999999999999900e-01 
     202           104     -9.9999999999999889e-01 
     203           210      9.9999999999999978e-01 
     204           205     -9.9999999999999911e-01 
     205            18      1.2247448713915881e+00 
     205           224     -1.2247448713915885e+00 
     205           206      1.2247448713915881e+00 
     205           182     -1.2247448713915878e+00 
     205           192      1.2247448713915867e+00 
     205           197      2.4494897427831757e+00 
     205           201      1.2247448713915878e+00 
     206           229     -9.9999999999999956e-01 
     207            18      7.0710678118654724e-01 
     207           224      7.0710678118654702e-01 
     207           206      7.0710678118654713e-01 
     207           147     -1.4142135623730923e+00 
     207           182     -7.0710678118654702e-01 
     207           192      7.0710678118654646e-01 
     207           197      1.4142135623730940e+00 
     207           201      7.0710678118654702e-01 
     208            13     -9.9999999999999956e-01 
     208            82      1.9999999999999960e+00 
     208           107      9.9999999999999922e-01 
     208           112     -9.9999999999999845e-01 
     208           117     -1.9999999999999984e+00 
     208           139     -9.9999999999999933e-01 
     208           121     -9.9999999999999922e-01 
     209            19      9.9999999999999933e-01 
     209           151      9.9999999999999678e-01 
     209           186     -9.9999999999999878e-01 
     209           205     -9.9999999999999911e-01 
     209           211      9.9999999999999800e-01 
     209           216      1.9999999999999976e+00 
     209           220      1.9999999999999982e+00 
     210             0      9.9999999999999967e-01 
     210             5      1.9999999999999996e+00 
     210            30     -9.9999999999999900e-01 
     210            36      1.9999999999999980e+00 
     210            41      9.9999999999999967e-01 
     210             9      1.9999999999999996e+00 
     210            48     -9.9999999999999878e-01 
     210            65     -1.9999999999999991e+00 
     210            66      1.9999999999999976e+00 
     210            71      3.9999999999999982e+00 
     210            75      9.9999999999999967e-01 
     210            14      1.0000000000000000e+00 
     210            86      9.9999999999999756e-01 
     210           111     -9.9999999999999933e-01 
     210           125     -9.9999999999999967e-01 
     210           126      9.9999999999999856e-01 
     210           131      1.9999999999999987e+00 
     210           135      1.9999999999999993e+00 
     211            11      1.2247448713915872e+00 
     211            96      1.2247448713915869e+00 
     211            77     -1.2247448713915869e+00 
     211            87      1.2247448713915865e+00 
     211           227     -1.2247448713915872e+00 
     211           242      2.4494897427831743e+00 
     211           137      1.2247448713915872e+00 
     212             7     -1.2247448713915874e+00 
     212            43      1.2247448713915872e+00 
     212            49     -1.2247448713915869e+00 
     212           208      1.2247448713915874e+00 
     212           133     -1.2247448713915874e+00 
     212           238     -2.4494897427831748e+00 
     212            73     -1.2247448713915874e+00 
     213           203     -1.2247448713915863e+00 
     213           218      1.2247448713915867e+00 
     214             4      9.9999999999999956e-01 
     214            28     -9.9999999999999933e-01 
     214            31      9.9999999999999900e-01 
     214            64      5.0000000000000189e-01 
     214           110      5.0000000000000133e-01 
     214           190     -9.9999999999999889e-01 
     214            70      9.9999999999999889e-01 
     214           130      9.9999999999999878e-01 
     214           235      1.9999999999999978e+00 
     215           185      1.4999999999999991e+00 
     215           215     -9.9999999999999845e-01 
     216           181     -1.4999999999999996e+00 
     216           196      9.9999999999999811e-01 
     217            95      1.2247448713915869e+00 
     218            64     -8.6602540378443804e-01 
     218           110      8.6602540378443726e-01 
     219           185      8.6602540378443738e-01 
     220           106     -1.2247448713915876e+00 
     221           181     -8.6602540378443693e-01 
     223            61     -1.2247448713915878e+00 
     225           178      4.9999999999999939e-01 
     226           103      1.2247448713915876e+00 
     227           178      8.6602540378443715e-01 
     231             0      9.9999999999999967e-01 
     231            20      2.0000000000000004e+00 
     231           251      1.0000000000000000e+00 
     231            14      1.0000000000000000e+00 
     231           230     -1.0000000000000000e+00 
     231           245      2.0000000000000000e+00 
     231             9      9.9999999999999956e-01 
     231           125     -9.9999999999999967e-01 
     231           210     -9.9999999999999956e-01 
     231           135      9.9999999999999933e-01 
     231           240      1.9999999999999991e+00 
     231             2      1.0000000000000000e+00 
     231            23     -1.0000000000000004e+00 
     231            48      5.0000000000000144e-01 
     231            56      5.0000000000000144e-01 
     231            86      5.0000000000000089e-01 
     231            98      5.0000000000000089e-01 
     231           156     -9.9999999999999933e-01 
     231           173     -9.9999999999999978e-01 
     231            24      9.9999999999999956e-01 
     231            66      9.9999999999999933e-01 
     231            68      9.9999999999999978e-01 
     231           126      9.9999999999999922e-01 
     231           128      9.9999999999999967e-01 
     231           231      1.9999999999999987e+00 
     231           233      1.9999999999999996e+00 
     232            16      1.2247448713915867e+00 
     232           222     -1.2247448713915867e+00 
     232           166      1.2247448713915865e+00 
     232           171      2.4494897427831734e+00 
     232           142     -1.2247448713915865e+00 
     232           157      1.2247448713915861e+00 
     232           247      1.2247448713915867e+00 
     233           170     -1.2247448713915869e+00 
     233           218      1.2247448713915865e+00 
     234             7     -1.2247448713915874e+00 
     234            43      1.2247448713915872e+00 
     234            49     -1.2247448713915869e+00 
     234            73     -1.2247448713915874e+00 
     234           123      1.2247448713915872e+00 
     234           133     -2.4494897427831743e+00 
     234           238     -1.2247448713915867e+00 
     235           169      1.4999999999999991e+00 
     235           215     -9.9999999999999822e-01 
     236             4      9.9999999999999956e-01 
     236            28     -9.9999999999999933e-01 
     236            31      9.9999999999999900e-01 
     236            64      5.0000000000000189e-01 
     236            70      9.9999999999999889e-01 
     236           110     -9.9999999999999856e-01 
     236           190      5.0000000000000078e-01 
     236           130      1.9999999999999971e+00 
     236           235      9.9999999999999845e-01 
     237           106      1.5000000000000000e+00 
     237           116     -9.9999999999999845e-01 
     238           165      1.2247448713915865e+00 
     239           169      8.6602540378443671e-01 
     240            64     -8.6602540378443804e-01 
     240           190      8.6602540378443671e-01 
     242           106     -8.6602540378443749e-01 
     243           181     -1.2247448713915874e+00 
     245            61     -1.2247448713915878e+00 
     246           103     -4.9999999999999950e-01 
     248           103      8.6602540378443760e-01 
     249           178      1.2247448713915874e+00 
     252            19     -9.9999999999999956e-01 
     252           250     -9.9999999999999933e-01 
     252           225     -9.9999999999999922e-01 
     252           220     -9.9999999999999889e-01 
     252           151      1.4999999999999993e+00 
     252           168      1.4999999999999996e+00 
     252           211     -9.9999999999999878e-01 
     252           213     -9.9999999999999922e-01 
     253             0      9.9999999999999967e-01 
     253            14      1.9999999999999996e+00 
     253            20      1.0000000000000000e+00 
     253           230     -9.9999999999999967e-01 
     253           245      1.9999999999999993e+00 
     253           140      9.9999999999999967e-01 
     253             9      9.9999999999999956e-01 
     253           125     -9.9999999999999922e-01 
     253           210     -9.9999999999999933e-01 
     253           135      1.9999999999999984e+00 
     253           240      9.9999999999999900e-01 
     253             2      1.0000000000000000e+00 
     253            23     -1.0000000000000004e+00 
     253            48      5.0000000000000144e-01 
     253            56      5.0000000000000144e-01 
     253            24      9.9999999999999956e-01 
     253            66      9.9999999999999933e-01 
     253            68      9.9999999999999978e-01 
     253            86     -9.9999999999999900e-01 
     253            98     -9.9999999999999956e-01 
     253           156      5.0000000000000056e-01 
     253           173      5.0000000000000033e-01 
     253           126      1.9999999999999980e+00 
     253           128      1.9999999999999991e+00 
     253           231      9.9999999999999889e-01 
     253           233      9.9999999999999933e-01 
     254           203      1.2247448713915869e+00 
     254           170     -1.2247448713915869e+00 
     255            16      1.2247448713915869e+00 
     255           199     -1.2247448713915872e+00 
     255           166      2.4494897427831743e+00 
     255           171      1.2247448713915865e+00 
     255           142     -1.2247448713915869e+00 
     255           157      1.2247448713915865e+00 
     255           247      1.2247448713915869e+00 
     256            11     -1.2247448713915872e+00 
     256           119      1.2247448713915876e+00 
     256            96     -2.4494897427831752e+00 
     256            77      1.2247448713915872e+00 
     256            87     -1.2247448713915867e+00 
     256           242     -1.2247448713915869e+00 
     256           137     -1.2247448713915872e+00 
     257           165     -1.4999999999999996e+00 
     257           196      9.9999999999999789e-01 
     258            95      1.5000000000000000e+00 
     258           116     -9.9999999999999822e-01 
     259             4      9.9999999999999956e-01 
     259            28     -9.9999999999999933e-01 
     259            31      9.9999999999999900e-01 
     259            64     -1.0000000000000000e+00 
     259           110      5.0000000000000167e-01 
     259           190      5.0000000000000155e-01 
     259            70      2.0000000000000000e+00 
     259           130      9.9999999999999933e-01 
     259           235      9.9999999999999922e-01 
     261           165      8.6602540378443693e-01 
     262            95     -8.6602540378443726e-01 
     263           169      1.2247448713915874e+00 
     264           110     -8.6602540378443826e-01 
     264           190      8.6602540378443738e-01 
     265           185     -1.2247448713915876e+00 
     268            61     -9.9999999999999922e-01 
     272           103     -1.2247448713915869e+00 
     273           178      1.2247448713915867e+00 
     274            18      9.9999999999999878e-01 
     274           206      9.9999999999999845e-01 
     274           249      9.9999999999999856e-01 
     274           201      9.9999999999999845e-01 
     274           147     -1.4999999999999996e+00 
     274           164     -1.5000000000000000e+00 
     274           192      9.9999999999999845e-01 
     274           194      9.9999999999999889e-01 
     275            13     -9.9999999999999889e-01 
     275           244     -9.9999999999999878e-01 
     275           139     -9.9999999999999889e-01 
     275           121     -9.9999999999999878e-01 
     275            82      1.5000000000000000e+00 
     275            94      1.5000000000000004e+00 
     275           112     -9.9999999999999878e-01 
     275           114     -9.9999999999999922e-01 
     276             0      9.9999999999999967e-01 
     276            20      1.0000000000000000e+00 
     276             9      2.0000000000000013e+00 
     276            14      9.9999999999999956e-01 
     276           125     -1.0000000000000000e+00 
     276           210     -9.9999999999999978e-01 
     276           230     -9.9999999999999967e-01 
     276           135      2.0000000000000000e+00 
     276           240      1.9999999999999996e+00 
     276           245      9.9999999999999933e-01 
     276            75      1.0000000000000004e+00 
     276             2      1.0000000000000000e+00 
     276            23     -1.0000000000000004e+00 
     276            24      9.9999999999999956e-01 
     276            48     -1.0000000000000004e+00 
     276            56     -1.0000000000000009e+00 
     276            86      5.0000000000000144e-01 
     276            98      5.0000000000000122e-01 
     276           156      5.0000000000000089e-01 
     276           173      5.0000000000000100e-01 
     276            66      2.0000000000000009e+00 
     276            68      2.0000000000000018e+00 
     276           126      9.9999999999999978e-01 
     276           128      1.0000000000000002e+00 
     276           231      9.9999999999999967e-01 
     276           233      1.0000000000000002e+00 
     277           185     -1.4142135623730938e+00 
     277           169      1.4142135623730938e+00 
     278           181      1.4142135623730945e+00 
     278           165     -1.4142135623730945e+00 
     279           106     -1.4142135623730945e+00 
     279            95      1.4142135623730945e+00 
     280            16      1.1547005383792508e+00 
     280           178     -1.1547005383792515e+00 
     280           162      1.1547005383792510e+00 
     280           166      1.1547005383792508e+00 
     280           171      1.1547005383792506e+00 
     280           142     -1.1547005383792508e+00 
     280           157      1.1547005383792504e+00 
     280           247      1.1547005383792508e+00 
     281            11     -1.1547005383792512e+00 
     281           103      1.1547005383792515e+00 
     281            92     -1.1547005383792512e+00 
     281            96     -1.1547005383792510e+00 
     281            77      1.1547005383792510e+00 
     281            87     -1.1547005383792506e+00 
     281           242     -1.1547005383792510e+00 
     281           137     -1.1547005383792510e+00 
     282             7      1.1547005383792515e+00 
     282            61     -1.1547005383792519e+00 
     282            54      1.1547005383792515e+00 
     282            43     -1.1547005383792512e+00 
     282            49      1.1547005383792508e+00 
     282           133      1.1547005383792508e+00 
     282           238      1.1547005383792506e+00 
     282            73      1.1547005383792512e+00 
     289           165     -1.4142135623730945e+00 
     290            95      1.4142135623730945e+00 
     291            64     -1.1547005383792521e+00 
     291           110      5.7735026918962640e-01 
     291           190      5.7735026918962606e-01 
     292           169      1.4142135623730938e+00 
     293           110     -1.0000000000000000e+00 
     293           190      9.9999999999999911e-01 
     294           185     -1.4142135623730954e+00 
     295           106     -1.4142135623730960e+00 
     296           181      1.4142135623730960e+00 
     297            17     -1.1547005383792512e+00 
     297           183     -1.1547005383792510e+00 
     297           188     -1.1547005383792508e+00 
     297           144      1.1547005383792510e+00 
     297           161      1.1547005383792515e+00 
     297           174     -1.1547005383792504e+00 
     297           176     -1.1547005383792510e+00 
     297           248     -1.1547005383792510e+00 
     298            12      1.1547005383792512e+00 
     298           108      1.1547005383792512e+00 
     298            79     -1.1547005383792512e+00 
     298            91     -1.1547005383792519e+00 
     298            99      1.1547005383792506e+00 
     298           101      1.1547005383792512e+00 
     298           243      1.1547005383792510e+00 
     298           138      1.1547005383792512e+00 
     299             8     -1.1547005383792517e+00 
     299            45      1.1547005383792515e+00 
     299            53      1.1547005383792519e+00 
     299            57     -1.1547005383792508e+00 
     299            59     -1.1547005383792515e+00 
     299           134     -1.1547005383792508e+00 
     299           239     -1.1547005383792508e+00 
     299            74     -1.1547005383792515e+00 
     300             0      9.9999999999999967e-01 
     300            20      1.0000000000000000e+00 
     300            14      9.9999999999999956e-01 
     300           230     -9.9999999999999967e-01 
     300           245      9.9999999999999933e-01 
     300             2      1.0000000000000000e+00 
     300            23     -1.0000000000000004e+00 
     300            24      9.9999999999999956e-01 
     300             5      1.0000000000000000e+00 
     300             9      1.0000000000000002e+00 
     300            30     -9.9999999999999989e-01 
     300            35     -1.0000000000000002e+00 
     300            48      3.3333333333333459e-01 
     300            56      3.3333333333333448e-01 
     300            65      3.3333333333333448e-01 
     300            86      3.3333333333333520e-01 
     300            98      3.3333333333333526e-01 
     300           111      3.3333333333333526e-01 
     300           125     -1.0000000000000007e+00 
     300           156      3.3333333333333492e-01 
     300           173      3.3333333333333470e-01 
     300           191      3.3333333333333470e-01 
     300           210     -1.0000000000000004e+00 
     300            36      9.9999999999999933e-01 
     300            38      9.9999999999999978e-01 
     300            66      9.9999999999999956e-01 
     300            68      1.0000000000000000e+00 
     300            71      1.0000000000000000e+00 
     300           126      9.9999999999999900e-01 
     300           128      9.9999999999999956e-01 
     300           131      9.9999999999999956e-01 
     300           135      9.9999999999999956e-01 
     300           231      9.9999999999999889e-01 
     300           233      9.9999999999999933e-01 
     300           236      9.9999999999999933e-01 
     300           240      9.9999999999999933e-01 
     301            95      1.2247448713915872e+00 
     302            64     -1.2247448713915872e+00 
     304             7      4.9999999999999961e-01 
     304            61      1.0000000000000013e+00 
     304            54      4.9999999999999956e-01 
     304            43     -4.9999999999999956e-01 
     304            49      4.9999999999999939e-01 
     304           123     -4.9999999999999928e-01 
     304           208     -4.9999999999999961e-01 
     304           133      4.9999999999999950e-01 
     304           238      9.9999999999999922e-01 
     305           218     -4.9999999999999944e-01 
     306           199      4.9999999999999961e-01 
     307            11      1.2247448713915869e+00 
     307            92      1.2247448713915865e+00 
     307            77     -1.2247448713915867e+00 
     307            87      1.2247448713915863e+00 
     307           227     -1.2247448713915869e+00 
     307           242      2.4494897427831739e+00 
     307           137      1.2247448713915869e+00 
     308             7     -8.6602540378443749e-01 
     308            54     -8.6602540378443726e-01 
     308            43      8.6602540378443726e-01 
     308            49     -8.6602540378443704e-01 
     308           123     -8.6602540378443749e-01 
     308           208      8.6602540378443749e-01 
     308           133     -8.6602540378443738e-01 
     308           238     -1.7320508075688750e+00 
     309           203     -1.7320508075688745e+00 
     309           218      8.6602540378443726e-01 
     310           119      1.2247448713915878e+00 
     311           199      8.6602540378443726e-01 
     313             4     -1.2247448713915876e+00 
     313            28      1.2247448713915874e+00 
     313            31     -1.2247448713915869e+00 
     313           190      1.2247448713915872e+00 
     313           130     -1.2247448713915869e+00 
     313           235     -2.4494897427831743e+00 
     313            40     -1.2247448713915876e+00 
     314           185     -1.2247448713915863e+00 
     314           215      1.2247448713915869e+00 
     315           181      9.9999999999999778e-01 
     315           196     -1.4999999999999967e+00 
     316           116     -1.2247448713915874e+00 
     317           196     -8.6602540378443693e-01 
     321             8      9.9999999999999967e-01 
     321            45      5.0000000000000044e-01 
     321            53      5.0000000000000022e-01 
     321            57      9.9999999999999889e-01 
     321            59      9.9999999999999944e-01 
     321           124     -9.9999999999999911e-01 
     321           209     -9.9999999999999967e-01 
     321           134      9.9999999999999956e-01 
     321           239      1.9999999999999993e+00 
     322           219     -9.9999999999999822e-01 
     323           200      9.9999999999999856e-01 
     324           147      5.7735026918962595e-01 
     324           164      5.7735026918962606e-01 
     324           182     -1.1547005383792517e+00 
     325             0      9.9999999999999967e-01 
     325            20      2.0000000000000004e+00 
     325           251      1.0000000000000000e+00 
     325            14      1.0000000000000000e+00 
     325           230     -1.0000000000000000e+00 
     325           245      2.0000000000000000e+00 
     325             2      1.0000000000000000e+00 
     325            23     -1.0000000000000004e+00 
     325            24      9.9999999999999956e-01 
     325             5      9.9999999999999956e-01 
     325            30      5.0000000000000144e-01 
     325            35      5.0000000000000144e-01 
     325            86      5.0000000000000044e-01 
     325            98      5.0000000000000056e-01 
     325           111     -9.9999999999999933e-01 
     325           156     -9.9999999999999856e-01 
     325           173     -9.9999999999999900e-01 
     325           191     -9.9999999999999922e-01 
     325            36      9.9999999999999889e-01 
     325            38      9.9999999999999933e-01 
     325           126      9.9999999999999845e-01 
     325           128      9.9999999999999889e-01 
     325           131      9.9999999999999900e-01 
     325           231      1.9999999999999971e+00 
     325           233      1.9999999999999980e+00 
     325           236      1.9999999999999984e+00 
     326           165      1.2247448713915867e+00 
     328            64     -1.2247448713915872e+00 
     329           218     -4.9999999999999928e-01 
     330             7      4.9999999999999961e-01 
     330            61      1.0000000000000013e+00 
     330            54      4.9999999999999956e-01 
     330            43     -4.9999999999999956e-01 
     330            49      4.9999999999999939e-01 
     330           123     -4.9999999999999944e-01 
     330           208     -4.9999999999999911e-01 
     330           133      9.9999999999999889e-01 
     330           238      4.9999999999999939e-01 
     331           119     -4.9999999999999978e-01 
     332            16      1.2247448713915865e+00 
     332           222     -1.2247448713915865e+00 
     332           162      1.2247448713915861e+00 
     332           171      2.4494897427831730e+00 
     332           142     -1.2247448713915863e+00 
     332           157      1.2247448713915858e+00 
     332           247      1.2247448713915865e+00 
     333           170     -1.7320508075688739e+00 
     333           218      8.6602540378443693e-01 
     334             7     -8.6602540378443749e-01 
     334            54     -8.6602540378443726e-01 
     334            43      8.6602540378443726e-01 
     334            49     -8.6602540378443704e-01 
     334           123      8.6602540378443726e-01 
     334           208     -8.6602540378443682e-01 
     334           133     -1.7320508075688745e+00 
     334           238     -8.6602540378443704e-01 
     336           119      8.6602540378443771e-01 
     337           199      1.2247448713915876e+00 
     338           169     -1.2247448713915867e+00 
     338           215      1.2247448713915863e+00 
     339             4     -1.2247448713915876e+00 
     339            28      1.2247448713915874e+00 
     339            31     -1.2247448713915869e+00 
     339            40     -1.2247448713915876e+00 
     339           110      1.2247448713915867e+00 
     339           130     -2.4494897427831734e+00 
     339           235     -1.2247448713915865e+00 
     340           106     -9.9999999999999800e-01 
     340           116      1.4999999999999971e+00 
     342           116     -8.6602540378443738e-01 
     343           196     -1.2247448713915872e+00 
     346           219     -9.9999999999999900e-01 
     347             8      9.9999999999999967e-01 
     347            45      5.0000000000000044e-01 
     347            53      5.0000000000000022e-01 
     347            57      9.9999999999999889e-01 
     347            59      9.9999999999999944e-01 
     347           124     -9.9999999999999933e-01 
     347           209     -9.9999999999999867e-01 
     347           134      1.9999999999999987e+00 
     347           239      9.9999999999999922e-01 
     348           120     -9.9999999999999889e-01 
     349            82     -5.7735026918962618e-01 
     349            94     -5.7735026918962618e-01 
     349           107      1.1547005383792519e+00 
     350            19     -9.9999999999999956e-01 
     350           250     -9.9999999999999933e-01 
     350           225     -9.9999999999999922e-01 
     350           151      1.4999999999999978e+00 
     350           168      1.4999999999999987e+00 
     350           211     -9.9999999999999789e-01 
     350           213     -9.9999999999999845e-01 
     350           216     -9.9999999999999856e-01 
     351             0      9.9999999999999967e-01 
     351            14      1.9999999999999996e+00 
     351            20      1.0000000000000000e+00 
     351           230     -9.9999999999999967e-01 
     351           245      1.9999999999999993e+00 
     351           140      9.9999999999999967e-01 
     351             2      1.0000000000000000e+00 
     351            23     -1.0000000000000004e+00 
     351            24      9.9999999999999956e-01 
     351             5      9.9999999999999956e-01 
     351            30      5.0000000000000144e-01 
     351            35      5.0000000000000144e-01 
     351            36      9.9999999999999889e-01 
     351            38      9.9999999999999933e-01 
     351            86     -9.9999999999999822e-01 
     351            98     -9.9999999999999878e-01 
     351           111     -9.9999999999999889e-01 
     351           156      5.0000000000000000e-01 
     351           173      5.0000000000000022e-01 
     351           191     -9.9999999999999889e-01 
     351           126      1.9999999999999964e+00 
     351           128      1.9999999999999976e+00 
     351           131      1.9999999999999978e+00 
     351           231      9.9999999999999811e-01 
     351           233      9.9999999999999856e-01 
     351           236      9.9999999999999878e-01 
     352           185     -4.9999999999999944e-01 
     352           169      4.9999999999999944e-01 
     353           181      4.9999999999999839e-01 
     353           165      9.9999999999999778e-01 
     354           106     -4.9999999999999845e-01 
     354            95     -9.9999999999999800e-01 
     355            16     -2.0412414523193131e-01 
     355           178     -4.0824829046386346e-01 
     355           199      6.1237243569579380e-01 
     355           162     -2.0412414523193129e-01 
     355           166     -2.0412414523193129e-01 
     355           171     -2.0412414523193129e-01 
     355           142      2.0412414523193129e-01 
     355           157     -2.0412414523193123e-01 
     355           247     -2.0412414523193131e-01 
     356            11      2.0412414523193140e-01 
     356           103      4.0824829046386368e-01 
     356           119     -6.1237243569579392e-01 
     356            92      2.0412414523193134e-01 
     356            96      2.0412414523193134e-01 
     356            77     -2.0412414523193134e-01 
     356            87      2.0412414523193126e-01 
     356           242      2.0412414523193137e-01 
     356           137      2.0412414523193137e-01 
     357             7      4.0824829046386280e-01 
     357            61      8.1649658092772737e-01 
     357            54      4.0824829046386274e-01 
     357            43     -4.0824829046386274e-01 
     357            49      4.0824829046386257e-01 
     357           123     -6.1237243569579458e-01 
     357           208     -6.1237243569579436e-01 
     357           133      4.0824829046386252e-01 
     357           238      4.0824829046386246e-01 
     357            73      4.0824829046386268e-01 
     358           203      1.4999999999999973e+00 
     358           170     -1.4999999999999973e+00 
     359            16      1.0606601717798190e+00 
     359           199     -1.0606601717798199e+00 
     359           162      1.0606601717798188e+00 
     359           166      1.0606601717798188e+00 
     359           171      1.0606601717798188e+00 
     359           142     -1.0606601717798188e+00 
     359           157      1.0606601717798183e+00 
     359           247      1.0606601717798190e+00 
     360            11     -1.0606601717798194e+00 
     360           119      1.0606601717798203e+00 
     360            92     -1.0606601717798190e+00 
     360            96     -1.0606601717798192e+00 
     360            77      1.0606601717798192e+00 
     360            87     -1.0606601717798188e+00 
     360           242     -1.0606601717798192e+00 
     360           137     -1.0606601717798192e+00 
     361           170     -1.4999999999999973e+00 
     362           123      1.0606601717798203e+00 
     362           208     -1.0606601717798194e+00 
     363           203      1.4999999999999971e+00 
     364           165      9.9999999999999778e-01 
     364           196     -1.4999999999999962e+00 
     365            95     -9.9999999999999800e-01 
     365           116      1.4999999999999964e+00 
     366             4     -1.2247448713915876e+00 
     366            28      1.2247448713915874e+00 
     366            31     -1.2247448713915869e+00 
     366            40     -1.2247448713915876e+00 
     366            64      8.1649658092772548e-01 
     366           110      2.0412414523193001e-01 
     366           190      2.0412414523193023e-01 
     366            70     -1.2247448713915874e+00 
     366           130     -1.2247448713915867e+00 
     366           235     -1.2247448713915867e+00 
     367           169      4.9999999999999944e-01 
     368           110     -3.5355339059327368e-01 
     368           190      3.5355339059327340e-01 
     369           185     -4.9999999999999878e-01 
     370           106     -4.9999999999999900e-01 
     370           116      1.4999999999999980e+00 
     371           181      4.9999999999999889e-01 
     371           196     -1.4999999999999978e+00 
     372            17     -4.0824829046386285e-01 
     372           200      1.2247448713915881e+00 
     372           183     -4.0824829046386274e-01 
     372           188     -4.0824829046386274e-01 
     372           144     -2.0412414523193165e-01 
     372           161     -2.0412414523193159e-01 
     372           174     -4.0824829046386252e-01 
     372           176     -4.0824829046386274e-01 
     372           248     -4.0824829046386280e-01 
     373            12      4.0824829046386296e-01 
     373           120     -1.2247448713915883e+00 
     373           108      4.0824829046386285e-01 
     373            79      2.0412414523193170e-01 
     373            91      2.0412414523193165e-01 
     373            99      4.0824829046386263e-01 
     373           101      4.0824829046386285e-01 
     373           243      4.0824829046386285e-01 
     373           138      4.0824829046386291e-01 
     374             8      8.1649658092772592e-01 
     374            45      4.0824829046386346e-01 
     374            53      4.0824829046386335e-01 
     374            57      8.1649658092772537e-01 
     374            59      8.1649658092772581e-01 
     374           124     -1.2247448713915898e+00 
     374           209     -1.2247448713915892e+00 
     374           134      8.1649658092772537e-01 
     374           239      8.1649658092772526e-01 
     374            74      8.1649658092772570e-01 
     375            48      4.7140452079103234e-01 
     375            56      4.7140452079103240e-01 
     375            65     -9.4280904158206469e-01 
     375            86     -2.3570226039551631e-01 
     375            98     -2.3570226039551637e-01 
     375           111      4.7140452079103251e-01 
     375           156     -2.3570226039551620e-01 
     375           173     -2.3570226039551620e-01 
     375           191      4.7140452079103223e-01 
     376            18      1.2247448713915874e+00 
     376           206      1.2247448713915872e+00 
     376           249      1.2247448713915874e+00 
     376           147     -1.0206207261596556e+00 
     376           164     -1.0206207261596560e+00 
     376           182     -4.0824829046386191e-01 
     376           192      1.2247448713915858e+00 
     376           194      1.2247448713915865e+00 
     376           197      1.2247448713915865e+00 
     377            13     -1.2247448713915876e+00 
     377           244     -1.2247448713915874e+00 
     377           139     -1.2247448713915876e+00 
     377            82      1.0206207261596560e+00 
     377            94      1.0206207261596565e+00 
     377           107      4.0824829046386202e-01 
     377           112     -1.2247448713915861e+00 
     377           114     -1.2247448713915867e+00 
     377           117     -1.2247448713915869e+00 
     378             0      9.9999999999999967e-01 
     378            20      1.0000000000000000e+00 
     378            14      9.9999999999999956e-01 
     378           230     -9.9999999999999967e-01 
     378           245      9.9999999999999933e-01 
     378             9      1.0000000000000000e+00 
     378           125      5.0000000000000144e-01 
     378           210      5.0000000000000089e-01 
     378           135      9.9999999999999933e-01 
     378           240      9.9999999999999922e-01 
     378             2      1.0000000000000000e+00 
     378            23     -1.0000000000000004e+00 
     378            24      9.9999999999999956e-01 
     378             5      9.9999999999999956e-01 
     378            30      5.0000000000000144e-01 
     378            35      5.0000000000000144e-01 
     378            36      9.9999999999999889e-01 
     378            38      9.9999999999999933e-01 
     378            48     -8.3333333333333348e-01 
     378            56     -8.3333333333333370e-01 
     378            65     -3.3333333333333265e-01 
     378            86      1.6666666666666857e-01 
     378            98      1.6666666666666857e-01 
     378           111     -8.3333333333333326e-01 
     378           156      1.6666666666666824e-01 
     378           173      1.6666666666666829e-01 
     378           191     -8.3333333333333282e-01 
     378            66      9.9999999999999878e-01 
     378            68      9.9999999999999922e-01 
     378            71      9.9999999999999933e-01 
     378           126      9.9999999999999811e-01 
     378           128      9.9999999999999856e-01 
     378           131      9.9999999999999878e-01 
     378           231      9.9999999999999789e-01 
     378           233      9.9999999999999845e-01 
     378           236      9.9999999999999856e-01 
     379           110     -1.2247448713915876e+00 
     380           106      1.2247448713915872e+00 
     382            11     -4.9999999999999950e-01 
     382           103     -1.0000000000000011e+00 
     382           119      4.9999999999999961e-01 
     382            92     -4.9999999999999950e-01 
     382            96     -4.9999999999999950e-01 
     382            77      4.9999999999999950e-01 
     382            87     -4.9999999999999933e-01 
     382           227      4.9999999999999950e-01 
     382           242     -9.9999999999999900e-01 
     383           222      4.9999999999999944e-01 
     384           203     -4.9999999999999944e-01 
     385           123      1.2247448713915874e+00 
     386            11     -8.6602540378443749e-01 
     386           119     -8.6602540378443726e-01 
     386            92     -8.6602540378443738e-01 
     386            96     -8.6602540378443749e-01 
     386            77      8.6602540378443749e-01 
     386            87     -8.6602540378443715e-01 
     386           227      8.6602540378443749e-01 
     386           242     -1.7320508075688750e+00 
     387           222      8.6602540378443715e-01 
     388             7      1.2247448713915874e+00 
     388            54      1.2247448713915872e+00 
     388            43     -1.2247448713915872e+00 
     388            49      1.2247448713915867e+00 
     388           208     -1.2247448713915874e+00 
     388           238      2.4494897427831748e+00 
     388            73      1.2247448713915874e+00 
     389           203      8.6602540378443749e-01 
     389           218     -1.7320508075688750e+00 
     391           116     -1.2247448713915867e+00 
     393           185      4.9999999999999889e-01 
     394             4     -1.2247448713915876e+00 
     394            28      1.2247448713915874e+00 
     394            31     -1.2247448713915869e+00 
     394            40     -1.2247448713915876e+00 
     394           190      1.2247448713915876e+00 
     394            70     -1.2247448713915874e+00 
     394           235     -2.4494897427831752e+00 
     395           185     -8.6602540378443760e-01 
     395           215      1.7320508075688752e+00 
     397           181     -1.2247448713915865e+00 
     397           196      1.2247448713915869e+00 
     399            12     -9.9999999999999956e-01 
     399           120      9.9999999999999967e-01 
     399           108     -9.9999999999999944e-01 
     399            79     -5.0000000000000022e-01 
     399            91     -5.0000000000000022e-01 
     399            99     -9.9999999999999878e-01 
     399           101     -9.9999999999999933e-01 
     399           228      9.9999999999999956e-01 
     399           243     -1.9999999999999991e+00 
     400           223      9.9999999999999845e-01 
     401           204     -9.9999999999999856e-01 
     402           151     -5.7735026918962584e-01 
     402           168     -5.7735026918962584e-01 
     402           186      1.1547005383792515e+00 
     403            13      9.9999999999999933e-01 
     403           229     -9.9999999999999933e-01 
     403           244      1.9999999999999987e+00 
     403            82      5.0000000000000044e-01 
     403            94      5.0000000000000033e-01 
     403           107     -9.9999999999999911e-01 
     403           112      9.9999999999999811e-01 
     403           114      9.9999999999999867e-01 
     403           117      9.9999999999999878e-01 
     404           224     -9.9999999999999922e-01 
     405           205      1.2247448713915883e+00 
     405           151     -8.1649658092772559e-01 
     405           168     -8.1649658092772592e-01 
     405           186      4.0824829046386280e-01 
     406             0      9.9999999999999967e-01 
     406            20      2.0000000000000004e+00 
     406           251      1.0000000000000000e+00 
     406             9      1.0000000000000000e+00 
     406           210     -1.0000000000000000e+00 
     406           240      2.0000000000000000e+00 
     406             2      1.0000000000000000e+00 
     406            23     -1.0000000000000004e+00 
     406            24      9.9999999999999956e-01 
     406             5      9.9999999999999956e-01 
     406            30      5.0000000000000144e-01 
     406            35      5.0000000000000144e-01 
     406            36      9.9999999999999889e-01 
     406            38      9.9999999999999933e-01 
     406            48      5.0000000000000089e-01 
     406            56      5.0000000000000089e-01 
     406            65     -9.9999999999999967e-01 
     406           156     -9.9999999999999889e-01 
     406           173     -9.9999999999999933e-01 
     406           191     -9.9999999999999956e-01 
     406            66      9.9999999999999878e-01 
     406            68      9.9999999999999922e-01 
     406            71      9.9999999999999933e-01 
     406           231      1.9999999999999978e+00 
     406           233      1.9999999999999987e+00 
     406           236      1.9999999999999991e+00 
     407           185     -8.6602540378443715e-01 
     407           169     -8.6602540378443715e-01 
     408           181      8.6602540378443671e-01 
     409           106      8.6602540378443726e-01 
     410            16     -3.5355339059327318e-01 
     410           178     -7.0710678118654791e-01 
     410           199      3.5355339059327329e-01 
     410           222      7.0710678118654613e-01 
     410           162     -3.5355339059327318e-01 
     410           166     -3.5355339059327318e-01 
     410           171     -3.5355339059327312e-01 
     410           142      3.5355339059327318e-01 
     410           157     -3.5355339059327301e-01 
     410           247     -3.5355339059327312e-01 
     411            11     -3.5355339059327340e-01 
     411           103     -7.0710678118654835e-01 
     411           119      3.5355339059327345e-01 
     411            92     -3.5355339059327334e-01 
     411            96     -3.5355339059327334e-01 
     411            77      3.5355339059327340e-01 
     411            87     -3.5355339059327323e-01 
     411           227      7.0710678118654668e-01 
     411           242     -3.5355339059327334e-01 
     411           137     -3.5355339059327334e-01 
     412           123      3.5355339059327334e-01 
     412           208     -3.5355339059327340e-01 
     413           203      8.6602540378443715e-01 
     413           170      8.6602540378443715e-01 
     414            16     -6.1237243569579336e-01 
     414           199     -6.1237243569579314e-01 
     414           222      1.2247448713915863e+00 
     414           162     -6.1237243569579325e-01 
     414           166     -6.1237243569579325e-01 
     414           171     -6.1237243569579325e-01 
     414           142      6.1237243569579325e-01 
     414           157     -6.1237243569579303e-01 
     414           247     -6.1237243569579336e-01 
     415            11     -6.1237243569579369e-01 
     415           119     -6.1237243569579347e-01 
     415            92     -6.1237243569579358e-01 
     415            96     -6.1237243569579358e-01 
     415            77      6.1237243569579358e-01 
     415            87     -6.1237243569579336e-01 
     415           227      1.2247448713915872e+00 
     415           242     -6.1237243569579358e-01 
     415           137     -6.1237243569579358e-01 
     416           170      8.6602540378443715e-01 
     416           218     -1.7320508075688743e+00 
     417             7      1.2247448713915874e+00 
     417            54      1.2247448713915872e+00 
     417            43     -1.2247448713915872e+00 
     417            49      1.2247448713915867e+00 
     417            73      1.2247448713915874e+00 
     417           123     -6.1237243569579347e-01 
     417           208     -6.1237243569579347e-01 
     417           133      1.2247448713915869e+00 
     417           238      1.2247448713915869e+00 
     418           203      8.6602540378443771e-01 
     418           218     -1.7320508075688754e+00 
     419           196     -8.6602540378443649e-01 
     420           116     -8.6602540378443693e-01 
     421           110     -3.5355339059327345e-01 
     421           190      3.5355339059327345e-01 
     422           169     -8.6602540378443715e-01 
     422           215      1.7320508075688743e+00 
     423             4     -1.2247448713915876e+00 
     423            28      1.2247448713915874e+00 
     423            31     -1.2247448713915869e+00 
     423            40     -1.2247448713915876e+00 
     423            70     -1.2247448713915874e+00 
     423           110      6.1237243569579358e-01 
     423           190      6.1237243569579358e-01 
     423           130     -1.2247448713915872e+00 
     423           235     -1.2247448713915872e+00 
     424           185     -8.6602540378443782e-01 
     424           215      1.7320508075688756e+00 
     425           106      8.6602540378443715e-01 
     425           116     -8.6602540378443749e-01 
     426           181      8.6602540378443726e-01 
     426           196     -8.6602540378443760e-01 
     427            17     -7.0710678118654668e-01 
     427           200      7.0710678118654680e-01 
     427           223      1.4142135623730929e+00 
     427           183     -7.0710678118654657e-01 
     427           188     -7.0710678118654657e-01 
     427           144     -3.5355339059327384e-01 
     427           161     -3.5355339059327373e-01 
     427           174     -7.0710678118654613e-01 
     427           176     -7.0710678118654657e-01 
     427           248     -7.0710678118654657e-01 
     428            12     -7.0710678118654713e-01 
     428           120      7.0710678118654724e-01 
     428           108     -7.0710678118654702e-01 
     428            79     -3.5355339059327395e-01 
     428            91     -3.5355339059327390e-01 
     428            99     -7.0710678118654657e-01 
     428           101     -7.0710678118654691e-01 
     428           228      1.4142135623730940e+00 
     428           243     -7.0710678118654702e-01 
     428           138     -7.0710678118654702e-01 
     429           124      7.0710678118654702e-01 
     429           209     -7.0710678118654713e-01 
     430            86      4.0824829046386341e-01 
     430            98      4.0824829046386352e-01 
     430           111     -8.1649658092772670e-01 
     430           156     -4.0824829046386307e-01 
     430           173     -4.0824829046386313e-01 
     430           191      8.1649658092772592e-01 
     431            18      7.0710678118654657e-01 
     431           224     -1.4142135623730929e+00 
     431           206      7.0710678118654646e-01 
     431           249      7.0710678118654646e-01 
     431           147      3.5355339059327384e-01 
     431           164      3.5355339059327390e-01 
     431           182     -7.0710678118654635e-01 
     431           192      7.0710678118654569e-01 
     431           194      7.0710678118654602e-01 
     431           197      7.0710678118654613e-01 
     432            13      7.0710678118654702e-01 
     432           229     -1.4142135623730938e+00 
     432           244      7.0710678118654691e-01 
     432           139      7.0710678118654691e-01 
     432            82      3.5355339059327406e-01 
     432            94      3.5355339059327401e-01 
     432           107     -7.0710678118654680e-01 
     432           112      7.0710678118654613e-01 
     432           114      7.0710678118654646e-01 
     432           117      7.0710678118654657e-01 
     433           125     -8.6602540378443893e-01 
     433           210      8.6602540378443826e-01 
     433            86      5.7735026918962606e-01 
     433            98      5.7735026918962618e-01 
     433           111     -2.8867513459481298e-01 
     433           156     -5.7735026918962551e-01 
     433           173     -5.7735026918962573e-01 
     433           191      2.8867513459481270e-01 
     434            19     -1.4142135623730945e+00 
     434           250     -1.4142135623730943e+00 
     434           205      7.0710678118654713e-01 
     434           220     -1.4142135623730943e+00 
     434           151      7.0710678118654635e-01 
     434           168      7.0710678118654668e-01 
     434           186      7.0710678118654680e-01 
     434           211     -1.4142135623730927e+00 
     434           213     -1.4142135623730934e+00 
     434           216     -1.4142135623730936e+00 
     435             0      9.9999999999999967e-01 
     435            20      1.0000000000000000e+00 
     435            14      9.9999999999999967e-01 
     435           230      9.9999999999999956e-01 
     435           245      9.9999999999999956e-01 
     435             9      1.0000000000000000e+00 
     435           125     -4.9999999999999978e-01 
     435           210     -4.9999999999999983e-01 
     435           135      9.9999999999999956e-01 
     435           240      9.9999999999999967e-01 
     435             2      1.0000000000000000e+00 
     435            23     -1.0000000000000004e+00 
     435            24      9.9999999999999956e-01 
     435             5      9.9999999999999956e-01 
     435            30      5.0000000000000144e-01 
     435            35      5.0000000000000144e-01 
     435            36      9.9999999999999889e-01 
     435            38      9.9999999999999933e-01 
     435            48      5.0000000000000089e-01 
     435            56      5.0000000000000089e-01 
     435            65     -9.9999999999999967e-01 
     435            66      9.9999999999999878e-01 
     435            68      9.9999999999999922e-01 
     435            71      9.9999999999999933e-01 
     435            86     -4.9999999999999922e-01 
     435            98     -4.9999999999999944e-01 
     435           111     -4.9999999999999950e-01 
     435           156     -4.9999999999999928e-01 
     435           173     -4.9999999999999950e-01 
     435           191     -4.9999999999999961e-01 
     435           126      9.9999999999999845e-01 
     435           128      9.9999999999999889e-01 
     435           131      9.9999999999999900e-01 
     435           231      9.9999999999999856e-01 
     435           233      9.9999999999999900e-01 
     435           236      9.9999999999999922e-01 
     436           190     -1.2247448713915876e+00 
     438           181      1.2247448713915869e+00 
     439           227      4.9999999999999950e-01 
     440            16     -4.9999999999999944e-01 
     440           178     -1.0000000000000009e+00 
     440           199      4.9999999999999956e-01 
     440           222      4.9999999999999944e-01 
     440           162     -4.9999999999999939e-01 
     440           166     -4.9999999999999939e-01 
     440           171     -9.9999999999999889e-01 
     440           142      4.9999999999999939e-01 
     440           157     -4.9999999999999922e-01 
     441           170      4.9999999999999928e-01 
     442           208      1.2247448713915874e+00 
     443           227      8.6602540378443749e-01 
     444            16     -8.6602540378443738e-01 
     444           199     -8.6602540378443715e-01 
     444           222      8.6602540378443749e-01 
     444           162     -8.6602540378443715e-01 
     444           166     -8.6602540378443726e-01 
     444           171     -1.7320508075688750e+00 
     444           142      8.6602540378443726e-01 
     444           157     -8.6602540378443693e-01 
     446           170      8.6602540378443726e-01 
     446           218     -1.7320508075688745e+00 
     447             7      1.2247448713915874e+00 
     447            54      1.2247448713915872e+00 
     447            43     -1.2247448713915872e+00 
     447            49      1.2247448713915867e+00 
     447            73      1.2247448713915874e+00 
     447           123     -1.2247448713915874e+00 
     447           133      2.4494897427831748e+00 
     449           196     -1.2247448713915865e+00 
     450           169     -4.9999999999999939e-01 
     452           169     -8.6602540378443738e-01 
     452           215      1.7320508075688748e+00 
     453             4     -1.2247448713915876e+00 
     453            28      1.2247448713915874e+00 
     453            31     -1.2247448713915869e+00 
     453            40     -1.2247448713915876e+00 
     453            70     -1.2247448713915874e+00 
     453           110      1.2247448713915876e+00 
     453           130     -2.4494897427831752e+00 
     455           106     -1.2247448713915867e+00 
     455           116      1.2247448713915874e+00 
     456           228      9.9999999999999956e-01 
     457            17     -9.9999999999999933e-01 
     457           200      9.9999999999999944e-01 
     457           223      9.9999999999999944e-01 
     457           183     -9.9999999999999922e-01 
     457           188     -1.9999999999999989e+00 
     457           144     -5.0000000000000022e-01 
     457           161     -5.0000000000000011e-01 
     457           174     -9.9999999999999856e-01 
     457           176     -9.9999999999999911e-01 
     458           187      9.9999999999999889e-01 
     459           151      5.7735026918962551e-01 
     459           168      5.7735026918962573e-01 
     459           186     -1.1547005383792517e+00 
     460           229     -9.9999999999999933e-01 
     461            18      9.9999999999999922e-01 
     461           224     -9.9999999999999922e-01 
     461           206      1.9999999999999984e+00 
     461           147      5.0000000000000044e-01 
     461           164      5.0000000000000022e-01 
     461           182     -9.9999999999999889e-01 
     461           192      9.9999999999999789e-01 
     461           194      9.9999999999999845e-01 
     461           197      9.9999999999999856e-01 
     462           205     -1.2247448713915876e+00 
     462           151      8.1649658092772559e-01 
     462           168      8.1649658092772581e-01 
     462           186     -4.0824829046386274e-01 
     463           230      1.0000000000000002e+00 
     464            19     -1.4142135623730949e+00 
     464           225     -1.4142135623730945e+00 
     464           205      7.0710678118654724e-01 
     464           220     -1.4142135623730945e+00 
     464           151      7.0710678118654646e-01 
     464           168      7.0710678118654680e-01 
     464           186      7.0710678118654691e-01 
     464           211     -1.4142135623730929e+00 
     464           213     -1.4142135623730936e+00 
     464           216     -1.4142135623730938e+00 
     465             0      9.9999999999999967e-01 
     465            14      2.0000000000000004e+00 
     465           140      1.0000000000000000e+00 
     465             9      1.0000000000000000e+00 
     465           125     -1.0000000000000000e+00 
     465           135      2.0000000000000000e+00 
     465             2      1.0000000000000000e+00 
     465            23     -1.0000000000000004e+00 
     465            24      9.9999999999999956e-01 
     465             5      9.9999999999999956e-01 
     465            30      5.0000000000000144e-01 
     465            35      5.0000000000000144e-01 
     465            36      9.9999999999999889e-01 
     465            38      9.9999999999999933e-01 
     465            48      5.0000000000000089e-01 
     465            56      5.0000000000000089e-01 
     465            65     -9.9999999999999967e-01 
     465            66      9.9999999999999878e-01 
     465            68      9.9999999999999922e-01 
     465            71      9.9999999999999933e-01 
     465            86     -9.9999999999999889e-01 
     465            98     -9.9999999999999933e-01 
     465           111     -9.9999999999999956e-01 
     465           126      1.9999999999999978e+00 
     465           128      1.9999999999999987e+00 
     465           131      1.9999999999999991e+00 
     467           169      1.2247448713915867e+00 
     468           110     -1.2247448713915867e+00 
     469           203      4.9999999999999900e-01 
     470           123     -4.9999999999999944e-01 
     471            11      4.9999999999999939e-01 
     471           103      1.0000000000000009e+00 
     471           119     -4.9999999999999939e-01 
     471            92      4.9999999999999928e-01 
     471            96      9.9999999999999878e-01 
     471            77     -4.9999999999999922e-01 
     471            87      4.9999999999999906e-01 
     471           227     -4.9999999999999911e-01 
     471           242      4.9999999999999928e-01 
     473           203      8.6602540378443682e-01 
     473           170     -1.7320508075688739e+00 
     474           123      8.6602540378443726e-01 
     475            16      1.2247448713915865e+00 
     475           199     -1.2247448713915865e+00 
     475           162      1.2247448713915861e+00 
     475           166      2.4494897427831730e+00 
     475           142     -1.2247448713915863e+00 
     475           157      1.2247448713915858e+00 
     475           247      1.2247448713915865e+00 
     476            11     -8.6602540378443726e-01 
     476           119      8.6602540378443726e-01 
     476            92     -8.6602540378443693e-01 
     476            96     -1.7320508075688745e+00 
     476            77      8.6602540378443704e-01 
     476            87     -8.6602540378443671e-01 
     476           227     -8.6602540378443726e-01 
     476           242     -8.6602540378443704e-01 
     477           222      1.2247448713915876e+00 
     480            95     -4.9999999999999828e-01 
     480           116      1.4999999999999971e+00 
     481           165     -1.2247448713915867e+00 
     481           196      1.2247448713915863e+00 
     482            95      8.6602540378443738e-01 
     482           116     -8.6602540378443704e-01 
     484             4     -1.2247448713915876e+00 
     484            28      1.2247448713915874e+00 
     484            31     -1.2247448713915869e+00 
     484            40     -1.2247448713915876e+00 
     484            64      1.2247448713915872e+00 
     484            70     -2.4494897427831743e+00 
     484           235     -1.2247448713915865e+00 
     485           215     -1.2247448713915867e+00 
     486           204      9.9999999999999845e-01 
     487           124     -9.9999999999999933e-01 
     488            12      9.9999999999999900e-01 
     488           120     -9.9999999999999911e-01 
     488           108      1.9999999999999982e+00 
     488            79      5.0000000000000022e-01 
     488            91      5.0000000000000022e-01 
     488            99      9.9999999999999833e-01 
     488           101      9.9999999999999889e-01 
     488           228     -9.9999999999999845e-01 
     488           243      9.9999999999999889e-01 
     489            82      5.7735026918962584e-01 
     489            94      5.7735026918962595e-01 
     489           107     -1.1547005383792524e+00 
     490           205     -9.9999999999999922e-01 
     491           125      9.9999999999999956e-01 
     492            13     -1.2247448713915883e+00 
     492           229      1.2247448713915876e+00 
     492           244     -1.2247448713915881e+00 
     492           121     -1.2247448713915881e+00 
     492            82      2.0412414523192968e-01 
     492            94      2.0412414523192979e-01 
     492           107      8.1649658092772559e-01 
     492           112     -1.2247448713915869e+00 
     492           114     -1.2247448713915874e+00 
     492           117     -1.2247448713915876e+00 
     493            18     -9.9999999999999900e-01 
     493           249     -9.9999999999999900e-01 
     493           201     -9.9999999999999889e-01 
     493           147      1.4999999999999982e+00 
     493           164      1.4999999999999987e+00 
     493           192     -9.9999999999999789e-01 
     493           194     -9.9999999999999845e-01 
     493           197     -9.9999999999999856e-01 
     494            13      7.0710678118654713e-01 
     494           229      7.0710678118654702e-01 
     494           244      7.0710678118654702e-01 
     494           121      7.0710678118654702e-01 
     494            82     -1.0606601717798205e+00 
     494            94     -1.0606601717798207e+00 
     494           112      7.0710678118654635e-01 
     494           114      7.0710678118654668e-01 
     494           117      7.0710678118654680e-01 
     495           224     -9.9999999999999922e-01 
     496             0      9.9999999999999967e-01 
     496            20      1.0000000000000000e+00 
     496             9      1.9999999999999996e+00 
     496           210     -9.9999999999999933e-01 
     496           240      1.9999999999999987e+00 
     496            75      9.9999999999999967e-01 
     496             2      1.0000000000000000e+00 
     496            23     -1.0000000000000004e+00 
     496            24      9.9999999999999956e-01 
     496             5      9.9999999999999956e-01 
     496            30      5.0000000000000144e-01 
     496            35      5.0000000000000144e-01 
     496            36      9.9999999999999889e-01 
     496            38      9.9999999999999933e-01 
     496            48     -9.9999999999999856e-01 
     496            56     -9.9999999999999900e-01 
     496            65     -9.9999999999999922e-01 
     496           156      5.0000000000000000e-01 
     496           173      5.0000000000000022e-01 
     496           191     -9.9999999999999889e-01 
     496            66      1.9999999999999971e+00 
     496            68      1.9999999999999980e+00 
     496            71      1.9999999999999984e+00 
     496           231      9.9999999999999811e-01 
     496           233      9.9999999999999856e-01 
     496           236      9.9999999999999878e-01 
     498           190     -1.2247448713915872e+00 
     499           185      1.2247448713915867e+00 
     500           208     -4.9999999999999961e-01 
     501           170      4.9999999999999895e-01 
     502            16     -4.9999999999999928e-01 
     502           178     -1.0000000000000007e+00 
     502           199      4.9999999999999933e-01 
     502           222      4.9999999999999939e-01 
     502           162     -4.9999999999999922e-01 
     502           166     -9.9999999999999867e-01 
     502           171     -4.9999999999999922e-01 
     502           142      4.9999999999999922e-01 
     502           157     -4.9999999999999900e-01 
     504           208      8.6602540378443749e-01 
     505           203     -1.7320508075688736e+00 
     505           170      8.6602540378443671e-01 
     506           227      1.2247448713915869e+00 
     507            16     -8.6602540378443726e-01 
     507           199      8.6602540378443738e-01 
     507           222     -8.6602540378443704e-01 
     507           162     -8.6602540378443704e-01 
     507           166     -1.7320508075688748e+00 
     507           171     -8.6602540378443715e-01 
     507           142      8.6602540378443715e-01 
     507           157     -8.6602540378443682e-01 
     508            11      1.2247448713915869e+00 
     508           119     -1.2247448713915872e+00 
     508            92      1.2247448713915865e+00 
     508            96      2.4494897427831743e+00 
     508            77     -1.2247448713915867e+00 
     508            87      1.2247448713915863e+00 
     508           137      1.2247448713915869e+00 
     511           165      4.9999999999999822e-01 
     511           196     -1.4999999999999969e+00 
     513           165      8.6602540378443749e-01 
     513           196     -8.6602540378443715e-01 
     514            95     -1.2247448713915872e+00 
     514           116      1.2247448713915867e+00 
     515           215     -1.2247448713915863e+00 
     516             4     -1.2247448713915876e+00 
     516            28      1.2247448713915874e+00 
     516            31     -1.2247448713915869e+00 
     516            40     -1.2247448713915876e+00 
     516            64      1.2247448713915872e+00 
     516            70     -2.4494897427831743e+00 
     516           130     -1.2247448713915869e+00 
     517           209     -9.9999999999999967e-01 
     518           187      9.9999999999999833e-01 
     519            17     -9.9999999999999889e-01 
     519           200      9.9999999999999900e-01 
     519           223      9.9999999999999911e-01 
     519           183     -1.9999999999999980e+00 
     519           188     -9.9999999999999889e-01 
     519           144     -5.0000000000000022e-01 
     519           161     -5.0000000000000000e-01 
     519           174     -9.9999999999999822e-01 
     519           176     -9.9999999999999878e-01 
     520           147     -5.7735026918962573e-01 
     520           164     -5.7735026918962584e-01 
     520           182      1.1547005383792521e+00 
     521           210      9.9999999999999978e-01 
     522           205     -9.9999999999999911e-01 
     523            18      1.2247448713915881e+00 
     523           224     -1.2247448713915885e+00 
     523           206      1.2247448713915881e+00 
     523           201      1.2247448713915878e+00 
     523           147     -2.0412414523192962e-01 
     523           164     -2.0412414523192973e-01 
     523           182     -8.1649658092772559e-01 
     523           192      1.2247448713915867e+00 
     523           194      1.2247448713915872e+00 
     523           197      1.2247448713915874e+00 
     524           229     -9.9999999999999956e-01 
     525            18      7.0710678118654724e-01 
     525           224      7.0710678118654702e-01 
     525           206      7.0710678118654713e-01 
     525           201      7.0710678118654702e-01 
     525           147     -1.0606601717798205e+00 
     525           164     -1.0606601717798207e+00 
     525           192      7.0710678118654635e-01 
     525           194      7.0710678118654668e-01 
     525           197      7.0710678118654680e-01 
     526            13     -9.9999999999999956e-01 
     526           139     -9.9999999999999933e-01 
     526           121     -9.9999999999999922e-01 
     526            82      1.4999999999999987e+00 
     526            94      1.4999999999999993e+00 
     526           112     -9.9999999999999822e-01 
     526           114     -9.9999999999999878e-01 
     526           117     -9.9999999999999889e-01 
     527            19      9.9999999999999933e-01 
     527           205     -9.9999999999999911e-01 
     527           220      1.9999999999999982e+00 
     527           151      5.0000000000000000e-01 
     527           168      4.9999999999999994e-01 
     527           186     -9.9999999999999867e-01 
     527           211      9.9999999999999778e-01 
     527           213      9.9999999999999833e-01 
     527           216      9.9999999999999845e-01 
     528             0      9.9999999999999967e-01 
     528             9      1.9999999999999996e+00 
     528            75      9.9999999999999967e-01 
     528            14      1.0000000000000000e+00 
     528           125     -9.9999999999999967e-01 
     528           135      1.9999999999999993e+00 
     528             2      1.0000000000000000e+00 
     528            23     -1.0000000000000004e+00 
     528            24      9.9999999999999956e-01 
     528             5      9.9999999999999956e-01 
     528            30      5.0000000000000144e-01 
     528            35      5.0000000000000144e-01 
     528            36      9.9999999999999889e-01 
     528            38      9.9999999999999933e-01 
     528            48     -9.9999999999999856e-01 
     528            56     -9.9999999999999900e-01 
     528            65     -9.9999999999999922e-01 
     528            66      1.9999999999999971e+00 
     528            68      1.9999999999999980e+00 
     528            71      1.9999999999999984e+00 
     528            86      5.0000000000000044e-01 
     528            98      5.0000000000000056e-01 
     528           111     -9.9999999999999933e-01 
     528           126      9.9999999999999845e-01 
     528           128      9.9999999999999889e-01 
     528           131      9.9999999999999900e-01 
     532           181      5.0000000000000178e-01 
     532           165     -1.4999999999999996e+00 
     533           106     -5.0000000000000178e-01 
     533            95      1.5000000000000000e+00 
     534            64     -1.0000000000000000e+00 
     535           185      1.2247448713915874e+00 
     535           169     -1.2247448713915874e+00 
     536           181     -8.6602540378443693e-01 
     536           165      8.6602540378443693e-01 
     537           106      8.6602540378443726e-01 
     537            95     -8.6602540378443726e-01 
     541            16      1.2247448713915869e+00 
     541           178     -1.2247448713915872e+00 
     541           162      2.4494897427831743e+00 
     541           171      1.2247448713915865e+00 
     541           142     -1.2247448713915869e+00 
     541           157      1.2247448713915865e+00 
     541           247      1.2247448713915869e+00 
     542            11     -1.2247448713915872e+00 
     542           103      1.2247448713915876e+00 
     542            92     -2.4494897427831752e+00 
     542            77      1.2247448713915872e+00 
     542            87     -1.2247448713915867e+00 
     542           242     -1.2247448713915869e+00 
     542           137     -1.2247448713915872e+00 
     543             7      9.9999999999999933e-01 
     543            61     -9.9999999999999956e-01 
     543            54      1.9999999999999991e+00 
     543            43     -9.9999999999999933e-01 
     543            49      9.9999999999999889e-01 
     543           123      5.0000000000000178e-01 
     543           208      5.0000000000000111e-01 
     543           133      9.9999999999999878e-01 
     543           238      9.9999999999999856e-01 
     544           170      1.2247448713915869e+00 
     545           123     -8.6602540378443793e-01 
     545           208      8.6602540378443704e-01 
     546           203     -1.2247448713915867e+00 
     547           119     -1.2247448713915869e+00 
     548           199      1.2247448713915867e+00 
     549           182      9.9999999999999900e-01 
     550           107     -9.9999999999999933e-01 
     551            65      1.0000000000000011e+00 
     552             8     -1.1547005383792521e+00 
     552            57     -1.1547005383792515e+00 
     552            59     -1.1547005383792519e+00 
     552           124      1.1547005383792524e+00 
     552           209      1.1547005383792521e+00 
     552           134     -1.1547005383792515e+00 
     552           239     -1.1547005383792512e+00 
     552            62     -1.1547005383792519e+00 
     553            17      9.9999999999999856e-01 
     553           188      9.9999999999999845e-01 
     553           144     -1.4999999999999989e+00 
     553           161     -1.4999999999999993e+00 
     553           174      9.9999999999999778e-01 
     553           176      9.9999999999999822e-01 
     553           248      9.9999999999999845e-01 
     553           179      9.9999999999999822e-01 
     554            12     -9.9999999999999889e-01 
     554            79      1.4999999999999993e+00 
     554            91      1.5000000000000000e+00 
     554            99     -9.9999999999999811e-01 
     554           101     -9.9999999999999856e-01 
     554           243     -9.9999999999999878e-01 
     554           138     -9.9999999999999878e-01 
     554           104     -9.9999999999999856e-01 
     555             8      8.1649658092772570e-01 
     555            45     -1.2247448713915894e+00 
     555            53     -1.2247448713915901e+00 
     555            57      8.1649658092772515e-01 
     555            59      8.1649658092772559e-01 
     555           124      4.0824829046386452e-01 
     555           209      4.0824829046386413e-01 
     555           134      8.1649658092772526e-01 
     555           239      8.1649658092772515e-01 
     555            62      8.1649658092772559e-01 
     556           187      9.9999999999999856e-01 
     557           124     -7.0710678118654713e-01 
     557           209      7.0710678118654646e-01 
     558           204     -9.9999999999999889e-01 
     559           120     -9.9999999999999911e-01 
     560           200      9.9999999999999900e-01 
     561             0      9.9999999999999967e-01 
     561            20      1.0000000000000000e+00 
     561            14      9.9999999999999956e-01 
     561           230     -9.9999999999999967e-01 
     561           245      9.9999999999999933e-01 
     561             2      1.0000000000000000e+00 
     561            23     -1.0000000000000004e+00 
     561            24      9.9999999999999956e-01 
     561             5      2.0000000000000013e+00 
     561            30     -1.0000000000000000e+00 
     561            35     -1.0000000000000004e+00 
     561            86      5.0000000000000144e-01 
     561            98      5.0000000000000122e-01 
     561           111     -1.0000000000000004e+00 
     561           156      5.0000000000000089e-01 
     561           173      5.0000000000000100e-01 
     561           191     -1.0000000000000002e+00 
     561            36      2.0000000000000000e+00 
     561            38      2.0000000000000009e+00 
     561           126      9.9999999999999978e-01 
     561           128      1.0000000000000002e+00 
     561           131      2.0000000000000009e+00 
     561           231      9.9999999999999967e-01 
     561           233      1.0000000000000002e+00 
     561           236      2.0000000000000004e+00 
     561            41      1.0000000000000004e+00 
     565           185     -5.0000000000000078e-01 
     565           169      1.4999999999999991e+00 
     566           110     -9.9999999999999856e-01 
     567           106      1.5000000000000000e+00 
     567            95     -5.0000000000000100e-01 
     569           185     -8.6602540378443671e-01 
     569           169      8.6602540378443671e-01 
     571           181      1.2247448713915865e+00 
     571           165     -1.2247448713915865e+00 
     572           106     -8.6602540378443726e-01 
     572            95      8.6602540378443726e-01 
     574           170      1.2247448713915869e+00 
     575           123     -1.2247448713915872e+00 
     576            11      4.9999999999999950e-01 
     576           103     -4.9999999999999967e-01 
     576           119      1.0000000000000011e+00 
     576            92      9.9999999999999933e-01 
     576            96      4.9999999999999944e-01 
     576            77     -4.9999999999999944e-01 
     576            87      4.9999999999999928e-01 
     576           227     -4.9999999999999922e-01 
     576           242      4.9999999999999944e-01 
     577            16      1.2247448713915867e+00 
     577           178     -1.2247448713915869e+00 
     577           162      2.4494897427831739e+00 
     577           166      1.2247448713915865e+00 
     577           142     -1.2247448713915865e+00 
     577           157      1.2247448713915861e+00 
     577           247      1.2247448713915867e+00 
     578            11     -8.6602540378443738e-01 
     578           103      8.6602540378443749e-01 
     578            92     -1.7320508075688750e+00 
     578            96     -8.6602540378443715e-01 
     578            77      8.6602540378443726e-01 
     578            87     -8.6602540378443693e-01 
     578           227     -8.6602540378443738e-01 
     578           242     -8.6602540378443726e-01 
     579           222      1.2247448713915872e+00 
     580             7     -1.2247448713915874e+00 
     580            61      1.2247448713915876e+00 
     580            54     -2.4494897427831752e+00 
     580            43      1.2247448713915872e+00 
     580            49     -1.2247448713915869e+00 
     580           238     -1.2247448713915867e+00 
     580            73     -1.2247448713915874e+00 
     581           218     -1.2247448713915867e+00 
     582           186     -9.9999999999999933e-01 
     583           111      9.9999999999999967e-01 
     584           107     -1.0000000000000000e+00 
     585            12      1.1547005383792515e+00 
     585           120     -1.1547005383792519e+00 
     585           108      1.1547005383792512e+00 
     585            99      1.1547005383792508e+00 
     585           101      1.1547005383792512e+00 
     585           228     -1.1547005383792508e+00 
     585           243      1.1547005383792512e+00 
     585           104      1.1547005383792512e+00 
     586           187      9.9999999999999856e-01 
     587           124     -9.9999999999999856e-01 
     588            12      4.0824829046386280e-01 
     588           120      8.1649658092772714e-01 
     588           108      4.0824829046386268e-01 
     588            79     -6.1237243569579458e-01 
     588            91     -6.1237243569579480e-01 
     588            99      4.0824829046386246e-01 
     588           101      4.0824829046386263e-01 
     588           228     -4.0824829046386257e-01 
     588           243      4.0824829046386274e-01 
     588           104      4.0824829046386263e-01 
     589            17      9.9999999999999845e-01 
     589           183      9.9999999999999811e-01 
     589           144     -1.4999999999999987e+00 
     589           161     -1.4999999999999993e+00 
     589           174      9.9999999999999767e-01 
     589           176      9.9999999999999811e-01 
     589           248      9.9999999999999822e-01 
     589           179      9.9999999999999811e-01 
     590            12     -7.0710678118654668e-01 
     590           108     -7.0710678118654646e-01 
     590            79      1.0606601717798210e+00 
     590            91      1.0606601717798212e+00 
     590            99     -7.0710678118654613e-01 
     590           101     -7.0710678118654646e-01 
     590           228     -7.0710678118654657e-01 
     590           243     -7.0710678118654657e-01 
     590           104     -7.0710678118654646e-01 
     591           223      9.9999999999999944e-01 
     592             8     -9.9999999999999889e-01 
     592            45      1.4999999999999996e+00 
     592            53      1.5000000000000000e+00 
     592            57     -9.9999999999999822e-01 
     592            59     -9.9999999999999878e-01 
     592           239     -9.9999999999999845e-01 
     592            74     -9.9999999999999889e-01 
     592            62     -9.9999999999999878e-01 
     593           219     -9.9999999999999889e-01 
     594            13      9.9999999999999967e-01 
     594            82      5.0000000000000022e-01 
     594            94      5.0000000000000044e-01 
     594           107     -1.0000000000000000e+00 
     594           112      9.9999999999999944e-01 
     594           114      9.9999999999999989e-01 
     594           117      2.0000000000000000e+00 
     594           229     -9.9999999999999911e-01 
     594           244      9.9999999999999956e-01 
     595             0      9.9999999999999967e-01 
     595            20      1.0000000000000000e+00 
     595             2      1.0000000000000000e+00 
     595            23     -1.0000000000000004e+00 
     595            24      9.9999999999999956e-01 
     595             5      2.0000000000000013e+00 
     595            30     -1.0000000000000000e+00 
     595            35     -1.0000000000000004e+00 
     595            36      2.0000000000000000e+00 
     595            38      2.0000000000000009e+00 
     595            41      1.0000000000000004e+00 
     595             9      9.9999999999999956e-01 
     595            48      5.0000000000000144e-01 
     595            56      5.0000000000000144e-01 
     595            65     -1.0000000000000000e+00 
     595           156      5.0000000000000056e-01 
     595           173      5.0000000000000033e-01 
     595           191     -9.9999999999999956e-01 
     595           210     -9.9999999999999933e-01 
     595            66      9.9999999999999933e-01 
     595            68      9.9999999999999978e-01 
     595            71      2.0000000000000000e+00 
     595           231      9.9999999999999889e-01 
     595           233      9.9999999999999933e-01 
     595           236      1.9999999999999991e+00 
     595           240      9.9999999999999900e-01 
     599           190     -9.9999999999999889e-01 
     600           185      1.4999999999999989e+00 
     600           169     -5.0000000000000089e-01 
     601           181     -1.4999999999999996e+00 
     601           165      5.0000000000000089e-01 
     604           185      8.6602540378443660e-01 
     604           169     -8.6602540378443660e-01 
     606           181     -8.6602540378443738e-01 
     606           165      8.6602540378443738e-01 
     607           106      1.2247448713915869e+00 
     607            95     -1.2247448713915869e+00 
     608           208     -1.2247448713915874e+00 
     609           203      1.2247448713915869e+00 
     610            16     -4.9999999999999944e-01 
     610           178      4.9999999999999961e-01 
     610           199     -1.0000000000000009e+00 
     610           222      4.9999999999999956e-01 
     610           162     -9.9999999999999922e-01 
     610           166     -4.9999999999999939e-01 
     610           171     -4.9999999999999944e-01 
     610           142      4.9999999999999939e-01 
     610           157     -4.9999999999999922e-01 
     611           227      1.2247448713915872e+00 
     612            16     -8.6602540378443738e-01 
     612           178      8.6602540378443760e-01 
     612           222     -8.6602540378443715e-01 
     612           162     -1.7320508075688752e+00 
     612           166     -8.6602540378443726e-01 
     612           171     -8.6602540378443726e-01 
     612           142      8.6602540378443726e-01 
     612           157     -8.6602540378443704e-01 
     613            11      1.2247448713915872e+00 
     613           103     -1.2247448713915874e+00 
     613            92      2.4494897427831748e+00 
     613            96      1.2247448713915869e+00 
     613            77     -1.2247448713915869e+00 
     613            87      1.2247448713915865e+00 
     613           137      1.2247448713915872e+00 
     614           218     -1.2247448713915865e+00 
     615             7     -1.2247448713915874e+00 
     615            61      1.2247448713915876e+00 
     615            54     -2.4494897427831752e+00 
     615            43      1.2247448713915872e+00 
     615            49     -1.2247448713915869e+00 
     615            73     -1.2247448713915874e+00 
     615           133     -1.2247448713915874e+00 
     616           191      1.0000000000000000e+00 
     617           186     -9.9999999999999922e-01 
     618           182      9.9999999999999989e-01 
     619            17     -1.1547005383792512e+00 
     619           200      1.1547005383792519e+00 
     619           223      1.1547005383792515e+00 
     619           183     -1.1547005383792510e+00 
     619           188     -1.1547005383792512e+00 
     619           174     -1.1547005383792506e+00 
     619           176     -1.1547005383792510e+00 
     619           179     -1.1547005383792510e+00 
     620           209     -9.9999999999999889e-01 
     621           204      9.9999999999999845e-01 
     622            17     -4.0824829046386268e-01 
     622           200     -8.1649658092772692e-01 
     622           223      4.0824829046386280e-01 
     622           183     -4.0824829046386263e-01 
     622           188     -4.0824829046386268e-01 
     622           144      6.1237243569579458e-01 
     622           161      6.1237243569579469e-01 
     622           174     -4.0824829046386241e-01 
     622           176     -4.0824829046386257e-01 
     622           179     -4.0824829046386257e-01 
     623           228      9.9999999999999878e-01 
     624            17     -7.0710678118654668e-01 
     624           223     -7.0710678118654635e-01 
     624           183     -7.0710678118654646e-01 
     624           188     -7.0710678118654657e-01 
     624           144      1.0606601717798210e+00 
     624           161      1.0606601717798212e+00 
     624           174     -7.0710678118654613e-01 
     624           176     -7.0710678118654646e-01 
     624           179     -7.0710678118654646e-01 
     625            12      9.9999999999999878e-01 
     625           108      9.9999999999999845e-01 
     625            79     -1.4999999999999991e+00 
     625            91     -1.4999999999999996e+00 
     625            99      9.9999999999999789e-01 
     625           101      9.9999999999999845e-01 
     625           138      9.9999999999999856e-01 
     625           104      9.9999999999999845e-01 
     626           219     -9.9999999999999811e-01 
     627             8     -9.9999999999999889e-01 
     627            45      1.4999999999999996e+00 
     627            53      1.5000000000000000e+00 
     627            57     -9.9999999999999822e-01 
     627            59     -9.9999999999999878e-01 
     627            74     -9.9999999999999889e-01 
     627            62     -9.9999999999999878e-01 
     627           134     -9.9999999999999878e-01 
     628            18     -9.9999999999999956e-01 
     628           224      9.9999999999999967e-01 
     628           206     -9.9999999999999944e-01 
     628           147     -5.0000000000000022e-01 
     628           164     -5.0000000000000033e-01 
     628           182      9.9999999999999989e-01 
     628           192     -9.9999999999999933e-01 
     628           194     -9.9999999999999978e-01 
     628           197     -1.9999999999999998e+00 
     629            19      9.9999999999999933e-01 
     629           151      5.0000000000000033e-01 
     629           168      5.0000000000000033e-01 
     629           186     -9.9999999999999922e-01 
     629           205     -9.9999999999999911e-01 
     629           211      9.9999999999999867e-01 
     629           213      9.9999999999999911e-01 
     629           216      1.9999999999999984e+00 
     629           220      9.9999999999999878e-01 
     630             0      9.9999999999999967e-01 
     630            14      1.0000000000000000e+00 
     630             2      1.0000000000000000e+00 
     630            23     -1.0000000000000004e+00 
     630            24      9.9999999999999956e-01 
     630             5      2.0000000000000013e+00 
     630            30     -1.0000000000000000e+00 
     630            35     -1.0000000000000004e+00 
     630            36      2.0000000000000000e+00 
     630            38      2.0000000000000009e+00 
     630            41      1.0000000000000004e+00 
     630             9      9.9999999999999956e-01 
     630            48      5.0000000000000144e-01 
     630            56      5.0000000000000144e-01 
     630            65     -1.0000000000000000e+00 
     630            66      9.9999999999999933e-01 
     630            68      9.9999999999999978e-01 
     630            71      2.0000000000000000e+00 
     630            86      5.0000000000000089e-01 
     630            98      5.0000000000000089e-01 
     630           111     -9.9999999999999978e-01 
     630           125     -9.9999999999999967e-01 
     630           126      9.9999999999999922e-01 
     630           128      9.9999999999999967e-01 
     630           131      1.9999999999999996e+00 
     630           135      9.9999999999999933e-01 
     631             7      9.9999999999999922e-01 
     631            43      9.9999999999999867e-01 
     631            49      9.9999999999999867e-01 
     631           123     -9.9999999999999922e-01 
     631           208     -9.9999999999999922e-01 
     631           133      1.9999999999999984e+00 
     631           238      1.9999999999999984e+00 
     632           119     -9.9999999999999878e-01 
     633           199     -9.9999999999999845e-01 
     634           106      1.2247448713915878e+00 
     635           181      1.2247448713915876e+00 
     637             4      9.9999999999999933e-01 
     637            28      9.9999999999999878e-01 
     637            31      9.9999999999999889e-01 
     637           110     -9.9999999999999933e-01 
     637           190     -9.9999999999999933e-01 
     637           130      1.9999999999999987e+00 
     637           235      1.9999999999999987e+00 
     638           106      7.0710678118654680e-01 
     638           116     -1.4142135623730936e+00 
     639           181      7.0710678118654657e-01 
     639           196     -1.4142135623730931e+00 
     643           103     -9.9999999999999889e-01 
     644           178     -9.9999999999999856e-01 
     651            82     -1.2247448713915878e+00 
     651            94      1.2247448713915885e+00 
     652           147     -1.2247448713915876e+00 
     652           164      1.2247448713915881e+00 
     655            79     -1.2247448713915874e+00 
     655            91      1.2247448713915878e+00 
     656           144     -1.2247448713915869e+00 
     656           161      1.2247448713915876e+00 
     666             0      9.9999999999999967e-01 
     666            14      2.0000000000000004e+00 
     666            20      2.0000000000000004e+00 
     666           230     -2.0000000000000004e+00 
     666           245      4.0000000000000009e+00 
     666           140      1.0000000000000000e+00 
     666           251      1.0000000000000000e+00 
     666             2      1.0000000000000000e+00 
     666            23      9.9999999999999956e-01 
     666            86     -9.9999999999999967e-01 
     666            98     -1.0000000000000000e+00 
     666           156     -9.9999999999999967e-01 
     666           173     -1.0000000000000000e+00 
     666            24      9.9999999999999956e-01 
     666           126      1.9999999999999993e+00 
     666           128      2.0000000000000000e+00 
     666           231      1.9999999999999993e+00 
     666           233      2.0000000000000000e+00 
     667            11      7.0710678118654646e-01 
     667           119     -1.4142135623730927e+00 
     667            96      7.0710678118654635e-01 
     667            77      7.0710678118654591e-01 
     667            87      7.0710678118654602e-01 
     667           227     -7.0710678118654646e-01 
     667           242      1.4142135623730929e+00 
     667           137      7.0710678118654635e-01 
     668             7      7.0710678118654691e-01 
     668            43      7.0710678118654635e-01 
     668            49      7.0710678118654646e-01 
     668           123     -1.4142135623730936e+00 
     668           208     -7.0710678118654691e-01 
     668           133      7.0710678118654680e-01 
     668           238      1.4142135623730938e+00 
     668            73      7.0710678118654680e-01 
     669           203     -7.0710678118654635e-01 
     669           218     -7.0710678118654646e-01 
     670            64     -8.6602540378443726e-01 
     670           110      8.6602540378443726e-01 
     671           185      8.6602540378443738e-01 
     672           181      8.6602540378443760e-01 
     673            95      7.0710678118654668e-01 
     673           116     -1.4142135623730934e+00 
     674             4      9.9999999999999933e-01 
     674            28      9.9999999999999878e-01 
     674            31      9.9999999999999889e-01 
     674            64     -4.9999999999999944e-01 
     674           110     -4.9999999999999950e-01 
     674           190     -9.9999999999999922e-01 
     674            70      9.9999999999999889e-01 
     674           130      9.9999999999999900e-01 
     674           235      1.9999999999999984e+00 
     675           185      4.9999999999999939e-01 
     675           215     -9.9999999999999878e-01 
     676           106      7.0710678118654691e-01 
     676           116     -1.4142135623730938e+00 
     677           181      4.9999999999999922e-01 
     677           196     -9.9999999999999845e-01 
     679            61      7.0710678118654702e-01 
     681           178     -8.6602540378443726e-01 
     682           103      7.0710678118654702e-01 
     683           178      4.9999999999999928e-01 
     687            48      8.6602540378443860e-01 
     687            56     -8.6602540378443915e-01 
     687            86     -8.6602540378443793e-01 
     687            98      8.6602540378443826e-01 
     688           151     -8.6602540378443738e-01 
     688           168      8.6602540378443771e-01 
     689           147     -8.6602540378443760e-01 
     689           164      8.6602540378443804e-01 
     691            45      8.6602540378443771e-01 
     691            53     -8.6602540378443826e-01 
     693           144     -1.0606601717798192e+00 
     693           161      1.0606601717798199e+00 
     694            79      8.6602540378443782e-01 
     694            91     -8.6602540378443826e-01 
     695           144      6.1237243569579347e-01 
     695           161     -6.1237243569579380e-01 
     702            13     -1.4142135623730945e+00 
     702           229      1.4142135623730945e+00 
     702           244     -2.8284271247461890e+00 
     702           139     -1.4142135623730943e+00 
     702            82      7.0710678118654691e-01 
     702            94      7.0710678118654713e-01 
     702           112     -1.4142135623730938e+00 
     702           114     -1.4142135623730943e+00 
     703             0      9.9999999999999967e-01 
     703            20      2.0000000000000004e+00 
     703           251      1.0000000000000000e+00 
     703            14      1.0000000000000000e+00 
     703           230     -1.0000000000000000e+00 
     703           245      2.0000000000000000e+00 
     703             9      9.9999999999999967e-01 
     703           125      9.9999999999999956e-01 
     703           210     -9.9999999999999967e-01 
     703           135      9.9999999999999956e-01 
     703           240      1.9999999999999993e+00 
     703             2      1.0000000000000000e+00 
     703            23      9.9999999999999956e-01 
     703            24      9.9999999999999956e-01 
     703            48     -4.9999999999999961e-01 
     703            56     -4.9999999999999978e-01 
     703            86     -4.9999999999999967e-01 
     703            98     -4.9999999999999983e-01 
     703           156     -9.9999999999999956e-01 
     703           173     -9.9999999999999978e-01 
     703            66      9.9999999999999922e-01 
     703            68      9.9999999999999956e-01 
     703           126      9.9999999999999933e-01 
     703           128      9.9999999999999967e-01 
     703           231      1.9999999999999991e+00 
     703           233      1.9999999999999996e+00 
     704            16      7.0710678118654624e-01 
     704           199     -1.4142135623730920e+00 
     704           222     -7.0710678118654624e-01 
     704           166      7.0710678118654613e-01 
     704           171      1.4142135623730925e+00 
     704           142      7.0710678118654569e-01 
     704           157      7.0710678118654580e-01 
     704           247      7.0710678118654613e-01 
     705           170     -7.0710678118654646e-01 
     705           218     -7.0710678118654635e-01 
     706             7      7.0710678118654691e-01 
     706            43      7.0710678118654635e-01 
     706            49      7.0710678118654646e-01 
     706            73      7.0710678118654680e-01 
     706           123     -7.0710678118654668e-01 
     706           208     -1.4142135623730931e+00 
     706           133      1.4142135623730934e+00 
     706           238      7.0710678118654657e-01 
     707           169      8.6602540378443671e-01 
     708            64     -8.6602540378443726e-01 
     708           190      8.6602540378443671e-01 
     709           106     -8.6602540378443793e-01 
     710           165      7.0710678118654646e-01 
     710           196     -1.4142135623730929e+00 
     711           169      4.9999999999999928e-01 
     711           215     -9.9999999999999856e-01 
     712             4      9.9999999999999933e-01 
     712            28      9.9999999999999878e-01 
     712            31      9.9999999999999889e-01 
     712            64     -4.9999999999999944e-01 
     712            70      9.9999999999999889e-01 
     712           110     -9.9999999999999889e-01 
     712           190     -4.9999999999999939e-01 
     712           130      1.9999999999999978e+00 
     712           235      9.9999999999999878e-01 
     714           106      4.9999999999999950e-01 
     714           116     -9.9999999999999900e-01 
     715           181      7.0710678118654680e-01 
     715           196     -1.4142135623730936e+00 
     717            61      7.0710678118654702e-01 
     718           103      8.6602540378443749e-01 
     720           103      4.9999999999999961e-01 
     721           178      7.0710678118654691e-01 
     724           151     -8.6602540378443738e-01 
     724           168      8.6602540378443760e-01 
     725            48      8.6602540378443860e-01 
     725            56     -8.6602540378443915e-01 
     725           156     -8.6602540378443738e-01 
     725           173      8.6602540378443771e-01 
     726            82      8.6602540378443793e-01 
     726            94     -8.6602540378443826e-01 
     729            45      8.6602540378443771e-01 
     729            53     -8.6602540378443826e-01 
     730            79      1.0606601717798194e+00 
     730            91     -1.0606601717798201e+00 
     732            79      6.1237243569579380e-01 
     732            91     -6.1237243569579425e-01 
     733           144      8.6602540378443760e-01 
     733           161     -8.6602540378443815e-01 
     739            18     -1.4142135623730940e+00 
     739           224      1.4142135623730940e+00 
     739           206     -2.8284271247461881e+00 
     739           249     -1.4142135623730938e+00 
     739           147      7.0710678118654668e-01 
     739           164      7.0710678118654680e-01 
     739           192     -1.4142135623730934e+00 
     739           194     -1.4142135623730936e+00 
     740            19     -9.9999999999999956e-01 
     740           250     -9.9999999999999933e-01 
     740           225     -9.9999999999999922e-01 
     740           205      1.9999999999999978e+00 
     740           220     -9.9999999999999900e-01 
     740           151      4.9999999999999944e-01 
     740           168      4.9999999999999961e-01 
     740           211     -9.9999999999999889e-01 
     740           213     -9.9999999999999922e-01 
     741             0      9.9999999999999967e-01 
     741            14      1.9999999999999996e+00 
     741            20      1.0000000000000000e+00 
     741           230     -9.9999999999999967e-01 
     741           245      1.9999999999999993e+00 
     741           140      9.9999999999999967e-01 
     741             9      9.9999999999999967e-01 
     741           125     -9.9999999999999933e-01 
     741           210      9.9999999999999889e-01 
     741           135      1.9999999999999987e+00 
     741           240      9.9999999999999922e-01 
     741             2      1.0000000000000000e+00 
     741            23      9.9999999999999956e-01 
     741            24      9.9999999999999956e-01 
     741            48     -4.9999999999999961e-01 
     741            56     -4.9999999999999978e-01 
     741            66      9.9999999999999922e-01 
     741            68      9.9999999999999956e-01 
     741            86     -9.9999999999999922e-01 
     741            98     -9.9999999999999956e-01 
     741           156     -4.9999999999999950e-01 
     741           173     -4.9999999999999967e-01 
     741           126      1.9999999999999984e+00 
     741           128      1.9999999999999991e+00 
     741           231      9.9999999999999900e-01 
     741           233      9.9999999999999933e-01 
     742           123     -9.9999999999999922e-01 
     743            11      9.9999999999999900e-01 
     743           119     -9.9999999999999911e-01 
     743            96      1.9999999999999982e+00 
     743            77      9.9999999999999833e-01 
     743            87      9.9999999999999845e-01 
     743           227     -9.9999999999999900e-01 
     743           242      1.9999999999999980e+00 
     744           222     -9.9999999999999845e-01 
     745            95     -1.2247448713915865e+00 
     747           185      1.2247448713915883e+00 
     749            95      7.0710678118654680e-01 
     749           116     -1.4142135623730936e+00 
     751             4      9.9999999999999933e-01 
     751            28      9.9999999999999878e-01 
     751            31      9.9999999999999889e-01 
     751            64     -9.9999999999999933e-01 
     751           190     -9.9999999999999933e-01 
     751            70      1.9999999999999987e+00 
     751           235      1.9999999999999987e+00 
     752           185      7.0710678118654680e-01 
     752           215     -1.4142135623730936e+00 
     757            61     -9.9999999999999922e-01 
     760           178     -9.9999999999999856e-01 
     762            82      1.2247448713915876e+00 
     762            94     -1.2247448713915878e+00 
     764           151     -1.2247448713915883e+00 
     764           168      1.2247448713915887e+00 
     769            45     -1.2247448713915876e+00 
     769            53      1.2247448713915883e+00 
     772           144     -1.2247448713915869e+00 
     772           161      1.2247448713915876e+00 
     777           125      1.0000000000000002e+00 
     778            13     -1.4142135623730949e+00 
     778           229      1.4142135623730949e+00 
     778           244     -2.8284271247461898e+00 
     778           121     -1.4142135623730945e+00 
     778            82      7.0710678118654702e-01 
     778            94      7.0710678118654724e-01 
     778           112     -1.4142135623730940e+00 
     778           114     -1.4142135623730945e+00 
     779           224      1.4142135623730940e+00 
     780             0      9.9999999999999967e-01 
     780            20      2.0000000000000004e+00 
     780           251      1.0000000000000000e+00 
     780             9      2.0000000000000004e+00 
     780           210     -2.0000000000000004e+00 
     780           240      4.0000000000000009e+00 
     780            75      1.0000000000000000e+00 
     780             2      1.0000000000000000e+00 
     780            23      9.9999999999999956e-01 
     780            24      9.9999999999999956e-01 
     780            48     -9.9999999999999967e-01 
     780            56     -1.0000000000000000e+00 
     780           156     -9.9999999999999967e-01 
     780           173     -1.0000000000000000e+00 
     780            66      1.9999999999999993e+00 
     780            68      2.0000000000000000e+00 
     780           231      1.9999999999999993e+00 
     780           233      2.0000000000000000e+00 
     781           203     -7.0710678118654657e-01 
     781           170     -7.0710678118654657e-01 
     782            16      7.0710678118654635e-01 
     782           199     -7.0710678118654635e-01 
     782           222     -1.4142135623730923e+00 
     782           166      1.4142135623730927e+00 
     782           171      7.0710678118654624e-01 
     782           142      7.0710678118654580e-01 
     782           157      7.0710678118654591e-01 
     782           247      7.0710678118654624e-01 
     783            11      7.0710678118654680e-01 
     783           119     -7.0710678118654680e-01 
     783            96      1.4142135623730936e+00 
     783            77      7.0710678118654624e-01 
     783            87      7.0710678118654635e-01 
     783           227     -1.4142135623730934e+00 
     783           242      7.0710678118654668e-01 
     783           137      7.0710678118654668e-01 
     784           165     -8.6602540378443627e-01 
     785            95     -8.6602540378443682e-01 
     786           110     -8.6602540378443738e-01 
     786           190      8.6602540378443738e-01 
     788           165      4.9999999999999911e-01 
     788           196     -9.9999999999999822e-01 
     789            95      4.9999999999999944e-01 
     789           116     -9.9999999999999889e-01 
     790           169      7.0710678118654668e-01 
     790           215     -1.4142135623730934e+00 
     791             4      9.9999999999999933e-01 
     791            28      9.9999999999999878e-01 
     791            31      9.9999999999999889e-01 
     791            64     -9.9999999999999933e-01 
     791            70      1.9999999999999987e+00 
     791           110     -4.9999999999999944e-01 
     791           190     -4.9999999999999950e-01 
     791           130      9.9999999999999889e-01 
     791           235      9.9999999999999900e-01 
     792           185      7.0710678118654691e-01 
     792           215     -1.4142135623730938e+00 
     797            61     -9.9999999999999922e-01 
     799           103      7.0710678118654680e-01 
     800           178      7.0710678118654680e-01 
     801           147      8.6602540378443693e-01 
     801           164     -8.6602540378443726e-01 
     802            82      8.6602540378443749e-01 
     802            94     -8.6602540378443771e-01 
     803            86      8.6602540378443882e-01 
     803            98     -8.6602540378443937e-01 
     803           156     -8.6602540378443804e-01 
     803           173      8.6602540378443837e-01 
     809            45     -1.2247448713915876e+00 
     809            53      1.2247448713915883e+00 
     811            79      8.6602540378443749e-01 
     811            91     -8.6602540378443793e-01 
     812           144      8.6602540378443749e-01 
     812           161     -8.6602540378443804e-01 
     816           205      1.4142135623730945e+00 
     817            18     -9.9999999999999900e-01 
     817           224      1.9999999999999973e+00 
     817           206     -9.9999999999999889e-01 
     817           249     -9.9999999999999900e-01 
     817           201     -9.9999999999999889e-01 
     817           147      4.9999999999999928e-01 
     817           164      4.9999999999999944e-01 
     817           192     -9.9999999999999856e-01 
     817           194     -9.9999999999999889e-01 
     818            13     -9.9999999999999967e-01 
     818           229      1.9999999999999991e+00 
     818           244     -9.9999999999999956e-01 
     818           139     -9.9999999999999956e-01 
     818           121     -9.9999999999999956e-01 
     818            82      4.9999999999999961e-01 
     818            94      4.9999999999999978e-01 
     818           112     -9.9999999999999922e-01 
     818           114     -9.9999999999999956e-01 
     819            19     -1.4142135623730945e+00 
     819           205      1.4142135623730945e+00 
     819           220     -2.8284271247461890e+00 
     819           250     -1.4142135623730943e+00 
     819           151      7.0710678118654691e-01 
     819           168      7.0710678118654713e-01 
     819           211     -1.4142135623730938e+00 
     819           213     -1.4142135623730943e+00 
     820             0      9.9999999999999967e-01 
     820            20      1.0000000000000000e+00 
     820             9      2.0000000000000004e+00 
     820            75      1.0000000000000000e+00 
     820            14      9.9999999999999967e-01 
     820           125     -9.9999999999999967e-01 
     820           210     -9.9999999999999978e-01 
     820           230      9.9999999999999956e-01 
     820           135      1.9999999999999993e+00 
     820           240      1.9999999999999996e+00 
     820           245      9.9999999999999956e-01 
     820             2      1.0000000000000000e+00 
     820            23      9.9999999999999956e-01 
     820            24      9.9999999999999956e-01 
     820            48     -9.9999999999999967e-01 
     820            56     -1.0000000000000000e+00 
     820            66      1.9999999999999993e+00 
     820            68      2.0000000000000000e+00 
     820            86     -4.9999999999999961e-01 
     820            98     -4.9999999999999978e-01 
     820           156     -4.9999999999999967e-01 
     820           173     -4.9999999999999983e-01 
     820           126      9.9999999999999922e-01 
     820           128      9.9999999999999956e-01 
     820           231      9.9999999999999933e-01 
     820           233      9.9999999999999967e-01 
     821           208     -9.9999999999999922e-01 
     822           227     -9.9999999999999900e-01 
     823            16      9.9999999999999889e-01 
     823           199     -9.9999999999999889e-01 
     823           222     -9.9999999999999889e-01 
     823           166      1.9999999999999978e+00 
     823           171      1.9999999999999978e+00 
     823           142      9.9999999999999800e-01 
     823           157      9.9999999999999822e-01 
     825           165     -1.2247448713915863e+00 
     826           169     -1.2247448713915867e+00 
     829           165      7.0710678118654668e-01 
     829           196     -1.4142135623730934e+00 
     831           169      7.0710678118654680e-01 
     831           215     -1.4142135623730936e+00 
     832             4      9.9999999999999933e-01 
     832            28      9.9999999999999878e-01 
     832            31      9.9999999999999889e-01 
     832            64     -9.9999999999999933e-01 
     832            70      1.9999999999999987e+00 
     832           110     -9.9999999999999933e-01 
     832           130      1.9999999999999987e+00 
     838            61     -9.9999999999999922e-01 
     840           103     -9.9999999999999889e-01 
     842           147      1.2247448713915874e+00 
     842           164     -1.2247448713915876e+00 
     843           151      1.2247448713915876e+00 
     843           168     -1.2247448713915881e+00 
     850            45     -1.2247448713915876e+00 
     850            53      1.2247448713915883e+00 
     852            79     -1.2247448713915874e+00 
     852            91      1.2247448713915878e+00 
     856           210      1.0000000000000002e+00 
     857           229      1.4142135623730949e+00 
     858            18     -1.4142135623730945e+00 
     858           224      1.4142135623730945e+00 
     858           206     -2.8284271247461890e+00 
     858           201     -1.4142135623730943e+00 
     858           147      7.0710678118654691e-01 
     858           164      7.0710678118654713e-01 
     858           192     -1.4142135623730938e+00 
     858           194     -1.4142135623730943e+00 
     859           230      1.0000000000000002e+00 
     860            19     -1.4142135623730949e+00 
     860           205      1.4142135623730947e+00 
     860           220     -2.8284271247461894e+00 
     860           225     -1.4142135623730945e+00 
     860           151      7.0710678118654702e-01 
     860           168      7.0710678118654724e-01 
     860           211     -1.4142135623730940e+00 
     860           213     -1.4142135623730945e+00 
     861             0      9.9999999999999967e-01 
     861             9      2.0000000000000004e+00 
     861            75      1.0000000000000000e+00 
     861            14      2.0000000000000004e+00 
     861           125     -2.0000000000000004e+00 
     861           135      4.0000000000000009e+00 
     861           140      1.0000000000000000e+00 
     861             2      1.0000000000000000e+00 
     861            23      9.9999999999999956e-01 
     861            24      9.9999999999999956e-01 
     861            48     -9.9999999999999967e-01 
     861            56     -1.0000000000000000e+00 
     861            66      1.9999999999999993e+00 
     861            68      2.0000000000000000e+00 
     861            86     -9.9999999999999967e-01 
     861            98     -1.0000000000000000e+00 
     861           126      1.9999999999999993e+00 
     861           128      2.0000000000000000e+00 
     862           106     -1.4142135623730929e+00 
     862            95      7.0710678118654635e-01 
     863            64      7.0710678118654680e-01 
     865             7     -8.6602540378443738e-01 
     865            54     -8.6602540378443726e-01 
     865            43     -8.6602540378443704e-01 
     865            49     -8.6602540378443704e-01 
     865           123      8.6602540378443704e-01 
     865           208      8.6602540378443738e-01 
     865           133     -8.6602540378443726e-01 
     865           238     -1.7320508075688748e+00 
     866           218      8.6602540378443715e-01 
     867           199     -8.6602540378443749e-01 
     868            11      7.0710678118654635e-01 
     868           103     -1.4142135623730920e+00 
     868            92      7.0710678118654624e-01 
     868            77      7.0710678118654591e-01 
     868            87      7.0710678118654602e-01 
     868           227     -7.0710678118654635e-01 
     868           242      1.4142135623730927e+00 
     868           137      7.0710678118654624e-01 
     869             7     -4.9999999999999939e-01 
     869            61      9.9999999999999845e-01 
     869            54     -4.9999999999999928e-01 
     869            43     -4.9999999999999911e-01 
     869            49     -4.9999999999999911e-01 
     869           123     -4.9999999999999922e-01 
     869           208      4.9999999999999939e-01 
     869           133     -4.9999999999999928e-01 
     869           238     -9.9999999999999878e-01 
     870           203     -9.9999999999999867e-01 
     870           218      4.9999999999999944e-01 
     871           119      7.0710678118654713e-01 
     872           199      4.9999999999999939e-01 
     874             4      7.0710678118654702e-01 
     874            28      7.0710678118654680e-01 
     874            31      7.0710678118654668e-01 
     874           110     -1.4142135623730931e+00 
     874           190     -7.0710678118654680e-01 
     874           130      7.0710678118654668e-01 
     874           235      1.4142135623730936e+00 
     874            40      7.0710678118654691e-01 
     875           185     -7.0710678118654591e-01 
     875           215     -7.0710678118654646e-01 
     876           196      8.6602540378443693e-01 
     877           106     -1.4142135623730931e+00 
     877           116      7.0710678118654657e-01 
     878           181     -9.9999999999999789e-01 
     878           196      4.9999999999999895e-01 
     882            45      8.6602540378443760e-01 
     882            53     -8.6602540378443804e-01 
     885           147      9.9999999999999889e-01 
     885           164     -9.9999999999999944e-01 
     886            30      8.6602540378443849e-01 
     886            35     -8.6602540378443893e-01 
     886            86     -8.6602540378443726e-01 
     886            98      8.6602540378443760e-01 
     887           151     -8.6602540378443671e-01 
     887           168      8.6602540378443704e-01 
     888           147      3.5355339059327318e-01 
     888           164     -3.5355339059327329e-01 
     889            82     -8.6602540378443715e-01 
     889            94      8.6602540378443749e-01 
     890           147     -6.1237243569579303e-01 
     890           164      6.1237243569579325e-01 
     894           144     -8.6602540378443726e-01 
     894           161      8.6602540378443771e-01 
     897            12     -1.4142135623730940e+00 
     897            79      7.0710678118654668e-01 
     897            91      7.0710678118654680e-01 
     897            99     -1.4142135623730934e+00 
     897           101     -1.4142135623730936e+00 
     897           228      1.4142135623730940e+00 
     897           243     -2.8284271247461881e+00 
     897           138     -1.4142135623730938e+00 
     898             8      9.9999999999999967e-01 
     898            45     -4.9999999999999961e-01 
     898            53     -4.9999999999999972e-01 
     898            57      9.9999999999999922e-01 
     898            59      9.9999999999999944e-01 
     898           124      9.9999999999999956e-01 
     898           209     -9.9999999999999967e-01 
     898           134      9.9999999999999956e-01 
     898           239      1.9999999999999993e+00 
     899           204      1.9999999999999978e+00 
     899           219     -9.9999999999999900e-01 
     900           120     -1.4142135623730945e+00 
     901           200     -9.9999999999999889e-01 
     903             0      9.9999999999999967e-01 
     903            20      2.0000000000000004e+00 
     903           251      1.0000000000000000e+00 
     903            14      1.0000000000000000e+00 
     903           230     -1.0000000000000000e+00 
     903           245      2.0000000000000000e+00 
     903             2      1.0000000000000000e+00 
     903            23      9.9999999999999956e-01 
     903            24      9.9999999999999956e-01 
     903             5      9.9999999999999967e-01 
     903            30     -4.9999999999999961e-01 
     903            35     -4.9999999999999978e-01 
     903            86     -4.9999999999999950e-01 
     903            98     -4.9999999999999967e-01 
     903           111      9.9999999999999889e-01 
     903           156     -9.9999999999999922e-01 
     903           173     -9.9999999999999956e-01 
     903           191     -9.9999999999999933e-01 
     903            36      9.9999999999999922e-01 
     903            38      9.9999999999999956e-01 
     903           126      9.9999999999999900e-01 
     903           128      9.9999999999999933e-01 
     903           131      9.9999999999999922e-01 
     903           231      1.9999999999999984e+00 
     903           233      1.9999999999999991e+00 
     903           236      1.9999999999999987e+00 
     904           181     -1.4142135623730923e+00 
     904           165      7.0710678118654602e-01 
     906            64      7.0710678118654680e-01 
     907           218      8.6602540378443682e-01 
     908             7     -8.6602540378443738e-01 
     908            54     -8.6602540378443726e-01 
     908            43     -8.6602540378443704e-01 
     908            49     -8.6602540378443704e-01 
     908           123      8.6602540378443715e-01 
     908           208      8.6602540378443649e-01 
     908           133     -1.7320508075688743e+00 
     908           238     -8.6602540378443693e-01 
     909           119      8.6602540378443760e-01 
     910            16      7.0710678118654613e-01 
     910           178     -1.4142135623730916e+00 
     910           222     -7.0710678118654613e-01 
     910           162      7.0710678118654602e-01 
     910           171      1.4142135623730923e+00 
     910           142      7.0710678118654569e-01 
     910           157      7.0710678118654580e-01 
     910           247      7.0710678118654602e-01 
     911           170     -9.9999999999999789e-01 
     911           218      4.9999999999999906e-01 
     912             7     -4.9999999999999939e-01 
     912            61      9.9999999999999845e-01 
     912            54     -4.9999999999999928e-01 
     912            43     -4.9999999999999911e-01 
     912            49     -4.9999999999999911e-01 
     912           123      4.9999999999999922e-01 
     912           208     -4.9999999999999889e-01 
     912           133     -9.9999999999999845e-01 
     912           238     -4.9999999999999911e-01 
     914           119      4.9999999999999967e-01 
     915           199      7.0710678118654702e-01 
     916           169     -7.0710678118654580e-01 
     916           215     -7.0710678118654635e-01 
     917             4      7.0710678118654702e-01 
     917            28      7.0710678118654680e-01 
     917            31      7.0710678118654668e-01 
     917            40      7.0710678118654691e-01 
     917           110     -7.0710678118654657e-01 
     917           190     -1.4142135623730927e+00 
     917           130      1.4142135623730931e+00 
     917           235      7.0710678118654646e-01 
     918           116     -8.6602540378443715e-01 
     920           106     -9.9999999999999856e-01 
     920           116      4.9999999999999928e-01 
     921           181     -1.4142135623730929e+00 
     921           196      7.0710678118654646e-01 
     925            45      8.6602540378443760e-01 
     925            53     -8.6602540378443804e-01 
     927            82     -9.9999999999999933e-01 
     927            94      9.9999999999999989e-01 
     928           151     -8.6602540378443671e-01 
     928           168      8.6602540378443693e-01 
     929            30      8.6602540378443849e-01 
     929            35     -8.6602540378443893e-01 
     929           156     -8.6602540378443671e-01 
     929           173      8.6602540378443704e-01 
     930            82     -3.5355339059327329e-01 
     930            94      3.5355339059327340e-01 
     932            82     -6.1237243569579336e-01 
     932            94      6.1237243569579369e-01 
     933           147     -8.6602540378443693e-01 
     933           164      8.6602540378443738e-01 
     936            79      8.6602540378443749e-01 
     936            91     -8.6602540378443804e-01 
     939            17     -1.4142135623730936e+00 
     939           223      1.4142135623730936e+00 
     939           188     -2.8284271247461872e+00 
     939           144      7.0710678118654646e-01 
     939           161      7.0710678118654657e-01 
     939           174     -1.4142135623730929e+00 
     939           176     -1.4142135623730931e+00 
     939           248     -1.4142135623730934e+00 
     940           187      1.9999999999999978e+00 
     940           219     -9.9999999999999900e-01 
     941             8      9.9999999999999967e-01 
     941            45     -4.9999999999999961e-01 
     941            53     -4.9999999999999972e-01 
     941            57      9.9999999999999922e-01 
     941            59      9.9999999999999944e-01 
     941           124     -9.9999999999999933e-01 
     941           209      9.9999999999999889e-01 
     941           134      1.9999999999999987e+00 
     941           239      9.9999999999999922e-01 
     943           120     -9.9999999999999956e-01 
     944           200     -1.4142135623730943e+00 
     945            19     -9.9999999999999956e-01 
     945           250     -9.9999999999999933e-01 
     945           225     -9.9999999999999922e-01 
     945           151      4.9999999999999928e-01 
     945           168      4.9999999999999944e-01 
     945           186      1.9999999999999969e+00 
     945           211     -9.9999999999999856e-01 
     945           213     -9.9999999999999889e-01 
     945           216     -9.9999999999999878e-01 
     946             0      9.9999999999999967e-01 
     946            14      1.9999999999999996e+00 
     946            20      1.0000000000000000e+00 
     946           230     -9.9999999999999967e-01 
     946           245      1.9999999999999993e+00 
     946           140      9.9999999999999967e-01 
     946             2      1.0000000000000000e+00 
     946            23      9.9999999999999956e-01 
     946            24      9.9999999999999956e-01 
     946             5      9.9999999999999967e-01 
     946            30     -4.9999999999999961e-01 
     946            35     -4.9999999999999978e-01 
     946            36      9.9999999999999922e-01 
     946            38      9.9999999999999956e-01 
     946            86     -9.9999999999999889e-01 
     946            98     -9.9999999999999922e-01 
     946           111     -9.9999999999999900e-01 
     946           156     -4.9999999999999939e-01 
     946           173     -4.9999999999999950e-01 
     946           191      9.9999999999999833e-01 
     946           126      1.9999999999999978e+00 
     946           128      1.9999999999999984e+00 
     946           131      1.9999999999999980e+00 
     946           231      9.9999999999999878e-01 
     946           233      9.9999999999999900e-01 
     946           236      9.9999999999999889e-01 
     947           185     -8.6602540378443738e-01 
     947           169      8.6602540378443738e-01 
     948           181     -8.6602540378443704e-01 
     949           106      8.6602540378443726e-01 
     950            16      3.5355339059327318e-01 
     950           199     -1.0606601717798192e+00 
     950           162      3.5355339059327318e-01 
     950           166      3.5355339059327318e-01 
     950           171      3.5355339059327312e-01 
     950           142      3.5355339059327306e-01 
     950           157      3.5355339059327301e-01 
     950           247      3.5355339059327312e-01 
     951            11     -3.5355339059327329e-01 
     951           119      1.0606601717798196e+00 
     951            92     -3.5355339059327323e-01 
     951            96     -3.5355339059327329e-01 
     951            77     -3.5355339059327318e-01 
     951            87     -3.5355339059327312e-01 
     951           242     -3.5355339059327323e-01 
     951           137     -3.5355339059327323e-01 
     952             7     -7.0710678118654668e-01 
     952            54     -7.0710678118654657e-01 
     952            43     -7.0710678118654646e-01 
     952            49     -7.0710678118654635e-01 
     952           123      1.0606601717798210e+00 
     952           208      1.0606601717798205e+00 
     952           133     -7.0710678118654624e-01 
     952           238     -7.0710678118654624e-01 
     952            73     -7.0710678118654646e-01 
     953           203      8.6602540378443704e-01 
     953           170     -8.6602540378443704e-01 
     954            16      6.1237243569579314e-01 
     954           178     -1.2247448713915861e+00 
     954           199     -6.1237243569579380e-01 
     954           162      6.1237243569579303e-01 
     954           166      6.1237243569579314e-01 
     954           171      6.1237243569579303e-01 
     954           142      6.1237243569579292e-01 
     954           157      6.1237243569579292e-01 
     954           247      6.1237243569579314e-01 
     955            11     -6.1237243569579325e-01 
     955           103      1.2247448713915863e+00 
     955           119      6.1237243569579392e-01 
     955            92     -6.1237243569579325e-01 
     955            96     -6.1237243569579325e-01 
     955            77     -6.1237243569579292e-01 
     955            87     -6.1237243569579303e-01 
     955           242     -6.1237243569579314e-01 
     955           137     -6.1237243569579325e-01 
     956           170     -8.6602540378443704e-01 
     957           123      6.1237243569579403e-01 
     957           208     -6.1237243569579347e-01 
     958           203      8.6602540378443726e-01 
     959           196      8.6602540378443682e-01 
     960           116     -8.6602540378443693e-01 
     961             4      7.0710678118654702e-01 
     961            28      7.0710678118654680e-01 
     961            31      7.0710678118654668e-01 
     961            40      7.0710678118654691e-01 
     961           110     -1.0606601717798212e+00 
     961           190     -1.0606601717798207e+00 
     961            70      7.0710678118654691e-01 
     961           130      7.0710678118654646e-01 
     961           235      7.0710678118654646e-01 
     962           169      8.6602540378443738e-01 
     963           110     -6.1237243569579414e-01 
     963           190      6.1237243569579358e-01 
     964           185     -8.6602540378443738e-01 
     965           106      8.6602540378443860e-01 
     965           116     -8.6602540378443760e-01 
     966           181     -8.6602540378443837e-01 
     966           196      8.6602540378443749e-01 
     967           144     -3.5355339059327329e-01 
     967           161      3.5355339059327345e-01 
     968            79      3.5355339059327340e-01 
     968            91     -3.5355339059327351e-01 
     969            45      7.0710678118654691e-01 
     969            53     -7.0710678118654713e-01 
     970            48      8.1649658092772603e-01 
     970            56     -8.1649658092772659e-01 
     970            86     -4.0824829046386324e-01 
     970            98      4.0824829046386346e-01 
     970           156     -4.0824829046386296e-01 
     970           173      4.0824829046386329e-01 
     971           147      3.5355339059327318e-01 
     971           164     -3.5355339059327329e-01 
     972            82     -3.5355339059327329e-01 
     972            94      3.5355339059327329e-01 
     973            30      8.6602540378443849e-01 
     973            35     -8.6602540378443893e-01 
     973            48      2.8867513459481314e-01 
     973            56     -2.8867513459481331e-01 
     973            86     -5.7735026918962584e-01 
     973            98      5.7735026918962618e-01 
     973           156     -5.7735026918962562e-01 
     973           173      5.7735026918962584e-01 
     974           151      7.0710678118654635e-01 
     974           168     -7.0710678118654657e-01 
     975            86     -4.9999999999999928e-01 
     975            98      4.9999999999999944e-01 
     975           156      4.9999999999999928e-01 
     975           173     -4.9999999999999944e-01 
     976           151     -7.0710678118654624e-01 
     976           168      7.0710678118654657e-01 
     977            82      3.5355339059327395e-01 
     977            94     -3.5355339059327412e-01 
     978           147     -3.5355339059327390e-01 
     978           164      3.5355339059327406e-01 
     979            45     -7.0710678118654724e-01 
     979            53      7.0710678118654757e-01 
     980            79     -3.5355339059327351e-01 
     980            91      3.5355339059327368e-01 
     981           144      3.5355339059327345e-01 
     981           161     -3.5355339059327362e-01 
     982           204     -1.7320508075688761e+00 
     982           187      1.7320508075688761e+00 
     983            17     -1.2247448713915876e+00 
     983           200      1.2247448713915885e+00 
     983           183     -1.2247448713915874e+00 
     983           188     -1.2247448713915874e+00 
     983           144      6.1237243569579358e-01 
     983           161      6.1237243569579358e-01 
     983           174     -1.2247448713915872e+00 
     983           176     -1.2247448713915872e+00 
     983           248     -1.2247448713915876e+00 
     984            12      1.2247448713915881e+00 
     984           120     -1.2247448713915889e+00 
     984           108      1.2247448713915876e+00 
     984            79     -6.1237243569579369e-01 
     984            91     -6.1237243569579380e-01 
     984            99      1.2247448713915874e+00 
     984           101      1.2247448713915876e+00 
     984           243      1.2247448713915878e+00 
     984           138      1.2247448713915878e+00 
     985           187      1.7320508075688761e+00 
     986           124     -1.2247448713915892e+00 
     986           209      1.2247448713915881e+00 
     987           204     -1.7320508075688750e+00 
     988            18      1.2247448713915874e+00 
     988           206      1.2247448713915872e+00 
     988           249      1.2247448713915874e+00 
     988           147     -6.1237243569579325e-01 
     988           164     -6.1237243569579358e-01 
     988           182     -1.2247448713915872e+00 
     988           192      1.2247448713915865e+00 
     988           194      1.2247448713915872e+00 
     988           197      1.2247448713915867e+00 
     989            13     -1.2247448713915876e+00 
     989           244     -1.2247448713915874e+00 
     989           139     -1.2247448713915876e+00 
     989            82      6.1237243569579347e-01 
     989            94      6.1237243569579369e-01 
     989           107      1.2247448713915874e+00 
     989           112     -1.2247448713915869e+00 
     989           114     -1.2247448713915874e+00 
     989           117     -1.2247448713915869e+00 
     990             0      9.9999999999999967e-01 
     990            20      1.0000000000000000e+00 
     990            14      9.9999999999999956e-01 
     990           230     -9.9999999999999967e-01 
     990           245      9.9999999999999933e-01 
     990             9      1.0000000000000000e+00 
     990           125      5.0000000000000144e-01 
     990           210      5.0000000000000089e-01 
     990           135      9.9999999999999933e-01 
     990           240      9.9999999999999922e-01 
     990             2      1.0000000000000000e+00 
     990            23      9.9999999999999956e-01 
     990            24      9.9999999999999956e-01 
     990             5      9.9999999999999967e-01 
     990            30     -4.9999999999999961e-01 
     990            35     -4.9999999999999978e-01 
     990            36      9.9999999999999922e-01 
     990            38      9.9999999999999956e-01 
     990            48     -4.9999999999999967e-01 
     990            56     -4.9999999999999983e-01 
     990            65     -1.0000000000000004e+00 
     990            86     -4.9999999999999939e-01 
     990            98     -4.9999999999999950e-01 
     990           111      5.0000000000000144e-01 
     990           156     -4.9999999999999928e-01 
     990           173     -4.9999999999999944e-01 
     990           191      5.0000000000000089e-01 
     990            66      9.9999999999999933e-01 
     990            68      9.9999999999999967e-01 
     990            71      9.9999999999999956e-01 
     990           126      9.9999999999999878e-01 
     990           128      9.9999999999999900e-01 
     990           131      9.9999999999999889e-01 
     990           231      9.9999999999999856e-01 
     990           233      9.9999999999999889e-01 
     990           236      9.9999999999999878e-01 
     991           110      7.0710678118654702e-01 
     992           106      7.0710678118654635e-01 
     992            95     -1.4142135623730929e+00 
     994            11      8.6602540378443726e-01 
     994           119     -8.6602540378443749e-01 
     994            92      8.6602540378443715e-01 
     994            96      8.6602540378443726e-01 
     994            77      8.6602540378443682e-01 
     994            87      8.6602540378443693e-01 
     994           227     -8.6602540378443726e-01 
     994           242      1.7320508075688745e+00 
     995           222     -8.6602540378443715e-01 
     996           203      8.6602540378443726e-01 
     997           123      7.0710678118654657e-01 
     998            11     -4.9999999999999939e-01 
     998           103      9.9999999999999856e-01 
     998           119     -4.9999999999999922e-01 
     998            92     -4.9999999999999933e-01 
     998            96     -4.9999999999999933e-01 
     998            77     -4.9999999999999922e-01 
     998            87     -4.9999999999999917e-01 
     998           227      4.9999999999999939e-01 
     998           242     -9.9999999999999878e-01 
     999           222      4.9999999999999928e-01 
    1000             7      7.0710678118654657e-01 
    1000            61     -1.4142135623730929e+00 
    1000            54      7.0710678118654646e-01 
    1000            43      7.0710678118654635e-01 
    1000            49      7.0710678118654624e-01 
    1000           208     -7.0710678118654657e-01 
    1000           238      1.4142135623730931e+00 
    1000            73      7.0710678118654646e-01 
    1001           203      4.9999999999999950e-01 
    1001           218     -9.9999999999999900e-01 
    1003            95     -1.4142135623730929e+00 
    1003           116      7.0710678118654646e-01 
    1005           185      8.6602540378443738e-01 
    1006             4      7.0710678118654702e-01 
    1006            28      7.0710678118654680e-01 
    1006            31      7.0710678118654668e-01 
    1006            40      7.0710678118654691e-01 
    1006            64     -1.4142135623730938e+00 
    1006           190     -7.0710678118654702e-01 
    1006            70      7.0710678118654691e-01 
    1006           235      1.4142135623730940e+00 
    1007           185      4.9999999999999944e-01 
    1007           215     -9.9999999999999889e-01 
    1009           181     -7.0710678118654613e-01 
    1009           196     -7.0710678118654646e-01 
    1011            79     -8.6602540378443749e-01 
    1011            91      8.6602540378443793e-01 
    1014           151     -9.9999999999999856e-01 
    1014           168      9.9999999999999933e-01 
    1015            82     -8.6602540378443715e-01 
    1015            94      8.6602540378443749e-01 
    1017           151      7.0710678118654635e-01 
    1017           168     -7.0710678118654668e-01 
    1018            30      8.6602540378443849e-01 
    1018            35     -8.6602540378443893e-01 
    1018            48     -8.6602540378443771e-01 
    1018            56      8.6602540378443826e-01 
    1021           147     -8.6602540378443693e-01 
    1021           164      8.6602540378443738e-01 
    1024           144     -8.6602540378443704e-01 
    1024           161      8.6602540378443760e-01 
    1026           124     -1.4142135623730945e+00 
    1027            12      9.9999999999999967e-01 
    1027           120      9.9999999999999956e-01 
    1027           108      9.9999999999999956e-01 
    1027            79     -4.9999999999999967e-01 
    1027            91     -4.9999999999999978e-01 
    1027            99      9.9999999999999933e-01 
    1027           101      9.9999999999999956e-01 
    1027           228     -9.9999999999999967e-01 
    1027           243      1.9999999999999993e+00 
    1028           223     -9.9999999999999878e-01 
    1029             8     -1.4142135623730945e+00 
    1029            45      7.0710678118654691e-01 
    1029            53      7.0710678118654713e-01 
    1029            57     -1.4142135623730938e+00 
    1029            59     -1.4142135623730943e+00 
    1029           209      1.4142135623730945e+00 
    1029           239     -2.8284271247461890e+00 
    1029            74     -1.4142135623730943e+00 
    1030           204     -9.9999999999999933e-01 
    1030           219      1.9999999999999987e+00 
    1032            13      9.9999999999999933e-01 
    1032           229     -9.9999999999999933e-01 
    1032           244      1.9999999999999987e+00 
    1032            82     -4.9999999999999939e-01 
    1032            94     -4.9999999999999956e-01 
    1032           107      9.9999999999999878e-01 
    1032           112      9.9999999999999878e-01 
    1032           114      9.9999999999999911e-01 
    1032           117      9.9999999999999889e-01 
    1033           224     -9.9999999999999922e-01 
    1034           205      1.2247448713915883e+00 
    1034           186     -1.2247448713915876e+00 
    1035             0      9.9999999999999967e-01 
    1035            20      2.0000000000000004e+00 
    1035           251      1.0000000000000000e+00 
    1035             9      1.0000000000000000e+00 
    1035           210     -1.0000000000000000e+00 
    1035           240      2.0000000000000000e+00 
    1035             2      1.0000000000000000e+00 
    1035            23      9.9999999999999956e-01 
    1035            24      9.9999999999999956e-01 
    1035             5      9.9999999999999967e-01 
    1035            30     -4.9999999999999961e-01 
    1035            35     -4.9999999999999978e-01 
    1035            36      9.9999999999999922e-01 
    1035            38      9.9999999999999956e-01 
    1035            48     -4.9999999999999967e-01 
    1035            56     -4.9999999999999983e-01 
    1035            65      9.9999999999999956e-01 
    1035           156     -9.9999999999999956e-01 
    1035           173     -9.9999999999999978e-01 
    1035           191     -9.9999999999999967e-01 
    1035            66      9.9999999999999933e-01 
    1035            68      9.9999999999999967e-01 
    1035            71      9.9999999999999956e-01 
    1035           231      1.9999999999999991e+00 
    1035           233      1.9999999999999996e+00 
    1035           236      1.9999999999999993e+00 
    1036           185      4.9999999999999939e-01 
    1036           169      4.9999999999999939e-01 
    1037           181      4.9999999999999889e-01 
    1037           165     -9.9999999999999778e-01 
    1038           106      4.9999999999999917e-01 
    1038            95     -9.9999999999999845e-01 
    1039            16      6.1237243569579314e-01 
    1039           199     -6.1237243569579336e-01 
    1039           222     -1.2247448713915858e+00 
    1039           162      6.1237243569579303e-01 
    1039           166      6.1237243569579314e-01 
    1039           171      6.1237243569579303e-01 
    1039           142      6.1237243569579292e-01 
    1039           157      6.1237243569579292e-01 
    1039           247      6.1237243569579314e-01 
    1040            11      6.1237243569579347e-01 
    1040           119     -6.1237243569579358e-01 
    1040            92      6.1237243569579336e-01 
    1040            96      6.1237243569579347e-01 
    1040            77      6.1237243569579336e-01 
    1040            87      6.1237243569579325e-01 
    1040           227     -1.2247448713915867e+00 
    1040           242      6.1237243569579336e-01 
    1040           137      6.1237243569579336e-01 
    1041           123     -6.1237243569579347e-01 
    1041           208      6.1237243569579347e-01 
    1042           203      4.9999999999999906e-01 
    1042           170      4.9999999999999906e-01 
    1043            16     -3.5355339059327306e-01 
    1043           178      7.0710678118654602e-01 
    1043           199     -3.5355339059327295e-01 
    1043           222      7.0710678118654591e-01 
    1043           162     -3.5355339059327301e-01 
    1043           166     -3.5355339059327301e-01 
    1043           171     -3.5355339059327301e-01 
    1043           142     -3.5355339059327295e-01 
    1043           157     -3.5355339059327290e-01 
    1043           247     -3.5355339059327301e-01 
    1044            11     -3.5355339059327329e-01 
    1044           103      7.0710678118654646e-01 
    1044           119     -3.5355339059327318e-01 
    1044            92     -3.5355339059327323e-01 
    1044            96     -3.5355339059327323e-01 
    1044            77     -3.5355339059327318e-01 
    1044            87     -3.5355339059327312e-01 
    1044           227      7.0710678118654657e-01 
    1044           242     -3.5355339059327323e-01 
    1044           137     -3.5355339059327323e-01 
    1045           170      4.9999999999999906e-01 
    1045           218     -9.9999999999999811e-01 
    1046             7      7.0710678118654657e-01 
    1046            61     -1.4142135623730929e+00 
    1046            54      7.0710678118654646e-01 
    1046            43      7.0710678118654635e-01 
    1046            49      7.0710678118654624e-01 
    1046            73      7.0710678118654646e-01 
    1046           123     -3.5355339059327312e-01 
    1046           208     -3.5355339059327312e-01 
    1046           133      7.0710678118654624e-01 
    1046           238      7.0710678118654624e-01 
    1047           203      4.9999999999999967e-01 
    1047           218     -9.9999999999999933e-01 
    1048           165     -9.9999999999999778e-01 
    1048           196      4.9999999999999889e-01 
    1049            95     -9.9999999999999845e-01 
    1049           116      4.9999999999999922e-01 
    1050           110     -6.1237243569579369e-01 
    1050           190      6.1237243569579380e-01 
    1051           169      4.9999999999999939e-01 
    1051           215     -9.9999999999999878e-01 
    1052             4      7.0710678118654702e-01 
    1052            28      7.0710678118654680e-01 
    1052            31      7.0710678118654668e-01 
    1052            40      7.0710678118654691e-01 
    1052            64     -1.4142135623730938e+00 
    1052            70      7.0710678118654691e-01 
    1052           110     -3.5355339059327334e-01 
    1052           190     -3.5355339059327340e-01 
    1052           130      7.0710678118654668e-01 
    1052           235      7.0710678118654680e-01 
    1053           185      4.9999999999999961e-01 
    1053           215     -9.9999999999999922e-01 
    1054           106      4.9999999999999928e-01 
    1054           116      4.9999999999999944e-01 
    1055           181      4.9999999999999922e-01 
    1055           196      4.9999999999999950e-01 
    1056           144     -6.1237243569579325e-01 
    1056           161      6.1237243569579358e-01 
    1057            79     -6.1237243569579369e-01 
    1057            91      6.1237243569579392e-01 
    1059            86      7.0710678118654724e-01 
    1059            98     -7.0710678118654768e-01 
    1059           156     -7.0710678118654657e-01 
    1059           173      7.0710678118654691e-01 
    1060           147     -6.1237243569579303e-01 
    1060           164      6.1237243569579314e-01 
    1061            82     -6.1237243569579336e-01 
    1061            94      6.1237243569579358e-01 
    1062            86     -4.9999999999999967e-01 
    1062            98      4.9999999999999983e-01 
    1062           156      4.9999999999999917e-01 
    1062           173     -4.9999999999999939e-01 
    1064            30      8.6602540378443849e-01 
    1064            35     -8.6602540378443893e-01 
    1064            48     -8.6602540378443771e-01 
    1064            56      8.6602540378443826e-01 
    1066            82      6.1237243569579358e-01 
    1066            94     -6.1237243569579380e-01 
    1067           147      6.1237243569579358e-01 
    1067           164     -6.1237243569579380e-01 
    1069            79      6.1237243569579369e-01 
    1069            91     -6.1237243569579403e-01 
    1070           144      6.1237243569579369e-01 
    1070           161     -6.1237243569579403e-01 
    1071           204     -9.9999999999999900e-01 
    1071           187     -9.9999999999999900e-01 
    1072            17      7.0710678118654680e-01 
    1072           200      7.0710678118654680e-01 
    1072           223     -1.4142135623730934e+00 
    1072           183      7.0710678118654668e-01 
    1072           188      7.0710678118654668e-01 
    1072           144     -3.5355339059327329e-01 
    1072           161     -3.5355339059327334e-01 
    1072           174      7.0710678118654657e-01 
    1072           176      7.0710678118654668e-01 
    1072           248      7.0710678118654668e-01 
    1073            12      7.0710678118654724e-01 
    1073           120      7.0710678118654702e-01 
    1073           108      7.0710678118654713e-01 
    1073            79     -3.5355339059327345e-01 
    1073            91     -3.5355339059327356e-01 
    1073            99      7.0710678118654691e-01 
    1073           101      7.0710678118654713e-01 
    1073           228     -1.4142135623730943e+00 
    1073           243      7.0710678118654713e-01 
    1073           138      7.0710678118654713e-01 
    1074           187     -9.9999999999999900e-01 
    1074           219      1.9999999999999980e+00 
    1075             8     -1.4142135623730945e+00 
    1075            45      7.0710678118654691e-01 
    1075            53      7.0710678118654713e-01 
    1075            57     -1.4142135623730938e+00 
    1075            59     -1.4142135623730943e+00 
    1075            74     -1.4142135623730943e+00 
    1075           124      7.0710678118654691e-01 
    1075           209      7.0710678118654702e-01 
    1075           134     -1.4142135623730938e+00 
    1075           239     -1.4142135623730940e+00 
    1076           204     -9.9999999999999956e-01 
    1076           219      1.9999999999999991e+00 
    1077            18      7.0710678118654657e-01 
    1077           224     -1.4142135623730929e+00 
    1077           206      7.0710678118654646e-01 
    1077           249      7.0710678118654646e-01 
    1077           147     -3.5355339059327306e-01 
    1077           164     -3.5355339059327318e-01 
    1077           182      7.0710678118654635e-01 
    1077           192      7.0710678118654613e-01 
    1077           194      7.0710678118654635e-01 
    1077           197      7.0710678118654624e-01 
    1078            13      7.0710678118654702e-01 
    1078           229     -1.4142135623730938e+00 
    1078           244      7.0710678118654691e-01 
    1078           139      7.0710678118654691e-01 
    1078            82     -3.5355339059327329e-01 
    1078            94     -3.5355339059327340e-01 
    1078           107      7.0710678118654680e-01 
    1078           112      7.0710678118654657e-01 
    1078           114      7.0710678118654680e-01 
    1078           117      7.0710678118654668e-01 
    1079           125     -8.6602540378443893e-01 
    1079           210      8.6602540378443826e-01 
    1079           111      8.6602540378443849e-01 
    1079           191     -8.6602540378443771e-01 
    1080            19     -1.4142135623730945e+00 
    1080           250     -1.4142135623730943e+00 
    1080           205      7.0710678118654713e-01 
    1080           220     -1.4142135623730943e+00 
    1080           151      7.0710678118654680e-01 
    1080           168      7.0710678118654702e-01 
    1080           186      7.0710678118654691e-01 
    1080           211     -1.4142135623730936e+00 
    1080           213     -1.4142135623730940e+00 
    1080           216     -1.4142135623730938e+00 
    1081             0      9.9999999999999967e-01 
    1081            20      1.0000000000000000e+00 
    1081            14      9.9999999999999967e-01 
    1081           230      9.9999999999999956e-01 
    1081           245      9.9999999999999956e-01 
    1081             9      1.0000000000000000e+00 
    1081           125     -4.9999999999999978e-01 
    1081           210     -4.9999999999999983e-01 
    1081           135      9.9999999999999956e-01 
    1081           240      9.9999999999999967e-01 
    1081             2      1.0000000000000000e+00 
    1081            23      9.9999999999999956e-01 
    1081            24      9.9999999999999956e-01 
    1081             5      9.9999999999999967e-01 
    1081            30     -4.9999999999999961e-01 
    1081            35     -4.9999999999999978e-01 
    1081            36      9.9999999999999922e-01 
    1081            38      9.9999999999999956e-01 
    1081            48     -4.9999999999999967e-01 
    1081            56     -4.9999999999999983e-01 
    1081            65      9.9999999999999956e-01 
    1081            66      9.9999999999999933e-01 
    1081            68      9.9999999999999967e-01 
    1081            71      9.9999999999999956e-01 
    1081            86     -4.9999999999999950e-01 
    1081            98     -4.9999999999999967e-01 
    1081           111     -4.9999999999999961e-01 
    1081           156     -4.9999999999999961e-01 
    1081           173     -4.9999999999999978e-01 
    1081           191     -4.9999999999999967e-01 
    1081           126      9.9999999999999900e-01 
    1081           128      9.9999999999999933e-01 
    1081           131      9.9999999999999922e-01 
    1081           231      9.9999999999999922e-01 
    1081           233      9.9999999999999956e-01 
    1081           236      9.9999999999999933e-01 
    1082           190      7.0710678118654702e-01 
    1084           181      7.0710678118654624e-01 
    1084           165     -1.4142135623730927e+00 
    1085           227     -8.6602540378443726e-01 
    1086            16      8.6602540378443704e-01 
    1086           199     -8.6602540378443726e-01 
    1086           222     -8.6602540378443715e-01 
    1086           162      8.6602540378443693e-01 
    1086           166      8.6602540378443704e-01 
    1086           171      1.7320508075688743e+00 
    1086           142      8.6602540378443682e-01 
    1086           157      8.6602540378443671e-01 
    1087           170     -8.6602540378443693e-01 
    1088           208      7.0710678118654657e-01 
    1089           227      4.9999999999999939e-01 
    1090            16     -4.9999999999999928e-01 
    1090           178      9.9999999999999822e-01 
    1090           199     -4.9999999999999906e-01 
    1090           222      4.9999999999999933e-01 
    1090           162     -4.9999999999999922e-01 
    1090           166     -4.9999999999999922e-01 
    1090           171     -9.9999999999999867e-01 
    1090           142     -4.9999999999999900e-01 
    1090           157     -4.9999999999999906e-01 
    1092           170      4.9999999999999917e-01 
    1092           218     -9.9999999999999833e-01 
    1093             7      7.0710678118654657e-01 
    1093            61     -1.4142135623730929e+00 
    1093            54      7.0710678118654646e-01 
    1093            43      7.0710678118654635e-01 
    1093            49      7.0710678118654624e-01 
    1093            73      7.0710678118654646e-01 
    1093           123     -7.0710678118654657e-01 
    1093           133      1.4142135623730931e+00 
    1095           165     -1.4142135623730927e+00 
    1095           196      7.0710678118654635e-01 
    1096           169     -8.6602540378443726e-01 
    1098           169      4.9999999999999950e-01 
    1098           215     -9.9999999999999900e-01 
    1099             4      7.0710678118654702e-01 
    1099            28      7.0710678118654680e-01 
    1099            31      7.0710678118654668e-01 
    1099            40      7.0710678118654691e-01 
    1099            64     -1.4142135623730938e+00 
    1099            70      7.0710678118654691e-01 
    1099           110     -7.0710678118654702e-01 
    1099           130      1.4142135623730940e+00 
    1101           106     -7.0710678118654657e-01 
    1101           116     -7.0710678118654668e-01 
    1103           144     -8.6602540378443738e-01 
    1103           161      8.6602540378443771e-01 
    1105           151      9.9999999999999811e-01 
    1105           168     -9.9999999999999856e-01 
    1107           147     -8.6602540378443693e-01 
    1107           164      8.6602540378443726e-01 
    1108           151     -7.0710678118654624e-01 
    1108           168      7.0710678118654646e-01 
    1111            30      8.6602540378443849e-01 
    1111            35     -8.6602540378443893e-01 
    1111            48     -8.6602540378443771e-01 
    1111            56      8.6602540378443826e-01 
    1113            82     -8.6602540378443726e-01 
    1113            94      8.6602540378443760e-01 
    1116            79     -8.6602540378443738e-01 
    1116            91      8.6602540378443793e-01 
    1117           209     -1.4142135623730945e+00 
    1118           228     -9.9999999999999967e-01 
    1119            17      9.9999999999999956e-01 
    1119           200      9.9999999999999922e-01 
    1119           223     -9.9999999999999956e-01 
    1119           183      9.9999999999999933e-01 
    1119           188      1.9999999999999991e+00 
    1119           144     -4.9999999999999956e-01 
    1119           161     -4.9999999999999967e-01 
    1119           174      9.9999999999999911e-01 
    1119           176      9.9999999999999933e-01 
    1121           187     -9.9999999999999933e-01 
    1121           219      1.9999999999999987e+00 
    1122             8     -1.4142135623730945e+00 
    1122            45      7.0710678118654691e-01 
    1122            53      7.0710678118654713e-01 
    1122            57     -1.4142135623730938e+00 
    1122            59     -1.4142135623730943e+00 
    1122            74     -1.4142135623730943e+00 
    1122           124      1.4142135623730945e+00 
    1122           134     -2.8284271247461890e+00 
    1123           229     -9.9999999999999933e-01 
    1124            18      9.9999999999999922e-01 
    1124           224     -9.9999999999999922e-01 
    1124           206      1.9999999999999984e+00 
    1124           147     -4.9999999999999928e-01 
    1124           164     -4.9999999999999944e-01 
    1124           182      9.9999999999999867e-01 
    1124           192      9.9999999999999856e-01 
    1124           194      9.9999999999999889e-01 
    1124           197      9.9999999999999867e-01 
    1125           205     -1.2247448713915876e+00 
    1125           186      1.2247448713915874e+00 
    1126           230      1.0000000000000002e+00 
    1127            19     -1.4142135623730949e+00 
    1127           225     -1.4142135623730945e+00 
    1127           205      7.0710678118654724e-01 
    1127           220     -1.4142135623730945e+00 
    1127           151      7.0710678118654691e-01 
    1127           168      7.0710678118654713e-01 
    1127           186      7.0710678118654702e-01 
    1127           211     -1.4142135623730938e+00 
    1127           213     -1.4142135623730943e+00 
    1127           216     -1.4142135623730940e+00 
    1128             0      9.9999999999999967e-01 
    1128            14      2.0000000000000004e+00 
    1128           140      1.0000000000000000e+00 
    1128             9      1.0000000000000000e+00 
    1128           125     -1.0000000000000000e+00 
    1128           135      2.0000000000000000e+00 
    1128             2      1.0000000000000000e+00 
    1128            23      9.9999999999999956e-01 
    1128            24      9.9999999999999956e-01 
    1128             5      9.9999999999999967e-01 
    1128            30     -4.9999999999999961e-01 
    1128            35     -4.9999999999999978e-01 
    1128            36      9.9999999999999922e-01 
    1128            38      9.9999999999999956e-01 
    1128            48     -4.9999999999999967e-01 
    1128            56     -4.9999999999999983e-01 
    1128            65      9.9999999999999956e-01 
    1128            66      9.9999999999999933e-01 
    1128            68      9.9999999999999967e-01 
    1128            71      9.9999999999999956e-01 
    1128            86     -9.9999999999999956e-01 
    1128            98     -9.9999999999999978e-01 
    1128           111     -9.9999999999999967e-01 
    1128           126      1.9999999999999991e+00 
    1128           128      1.9999999999999996e+00 
    1128           131      1.9999999999999993e+00 
    1130           185     -1.4142135623730923e+00 
    1130           169      7.0710678118654580e-01 
    1131           110      7.0710678118654657e-01 
    1132           203     -8.6602540378443638e-01 
    1133           123      8.6602540378443715e-01 
    1134            11     -8.6602540378443693e-01 
    1134           119      8.6602540378443704e-01 
    1134            92     -8.6602540378443682e-01 
    1134            96     -1.7320508075688741e+00 
    1134            77     -8.6602540378443660e-01 
    1134            87     -8.6602540378443649e-01 
    1134           227      8.6602540378443638e-01 
    1134           242     -8.6602540378443682e-01 
    1136           203      4.9999999999999878e-01 
    1136           170     -9.9999999999999789e-01 
    1137           123      4.9999999999999922e-01 
    1138            16      7.0710678118654613e-01 
    1138           178     -1.4142135623730916e+00 
    1138           199     -7.0710678118654613e-01 
    1138           162      7.0710678118654602e-01 
    1138           166      1.4142135623730923e+00 
    1138           142      7.0710678118654569e-01 
    1138           157      7.0710678118654580e-01 
    1138           247      7.0710678118654602e-01 
    1139            11     -4.9999999999999922e-01 
    1139           103      9.9999999999999800e-01 
    1139           119      4.9999999999999922e-01 
    1139            92     -4.9999999999999911e-01 
    1139            96     -9.9999999999999845e-01 
    1139            77     -4.9999999999999889e-01 
    1139            87     -4.9999999999999895e-01 
    1139           227     -4.9999999999999922e-01 
    1139           242     -4.9999999999999911e-01 
    1140           222      7.0710678118654691e-01 
    1143            95      8.6602540378443837e-01 
    1143           116     -8.6602540378443738e-01 
    1144           165     -7.0710678118654602e-01 
    1144           196     -7.0710678118654635e-01 
    1145            95      4.9999999999999922e-01 
    1145           116      4.9999999999999933e-01 
    1147             4      7.0710678118654702e-01 
    1147            28      7.0710678118654680e-01 
    1147            31      7.0710678118654668e-01 
    1147            40      7.0710678118654691e-01 
    1147            64     -7.0710678118654680e-01 
    1147           190     -1.4142135623730927e+00 
    1147            70      1.4142135623730936e+00 
    1147           235      7.0710678118654646e-01 
    1148           185     -1.4142135623730923e+00 
    1148           215      7.0710678118654635e-01 
    1151            79      8.6602540378443715e-01 
    1151            91     -8.6602540378443749e-01 
    1152            82      9.9999999999999878e-01 
    1152            94     -9.9999999999999911e-01 
    1155            82      3.5355339059327395e-01 
    1155            94     -3.5355339059327406e-01 
    1156           147     -8.6602540378443693e-01 
    1156           164      8.6602540378443726e-01 
    1157            82      6.1237243569579358e-01 
    1157            94     -6.1237243569579380e-01 
    1159            30      8.6602540378443849e-01 
    1159            35     -8.6602540378443893e-01 
    1159           156     -8.6602540378443671e-01 
    1159           173      8.6602540378443704e-01 
    1160           151     -8.6602540378443660e-01 
    1160           168      8.6602540378443693e-01 
    1162            45      8.6602540378443760e-01 
    1162            53     -8.6602540378443826e-01 
    1165           204     -9.9999999999999867e-01 
    1165           187      1.9999999999999978e+00 
    1166           124     -9.9999999999999933e-01 
    1167            17     -1.4142135623730936e+00 
    1167           200      1.4142135623730936e+00 
    1167           183     -2.8284271247461872e+00 
    1167           144      7.0710678118654646e-01 
    1167           161      7.0710678118654657e-01 
    1167           174     -1.4142135623730929e+00 
    1167           176     -1.4142135623730931e+00 
    1167           248     -1.4142135623730934e+00 
    1168            12      9.9999999999999933e-01 
    1168           120     -9.9999999999999933e-01 
    1168           108      1.9999999999999987e+00 
    1168            79     -4.9999999999999944e-01 
    1168            91     -4.9999999999999956e-01 
    1168            99      9.9999999999999889e-01 
    1168           101      9.9999999999999911e-01 
    1168           228      9.9999999999999933e-01 
    1168           243      9.9999999999999922e-01 
    1169           223     -1.4142135623730943e+00 
    1170           205     -9.9999999999999922e-01 
    1171           125      9.9999999999999956e-01 
    1172            13     -1.2247448713915883e+00 
    1172           229      1.2247448713915876e+00 
    1172           244     -1.2247448713915881e+00 
    1172           121     -1.2247448713915881e+00 
    1172            82      6.1237243569579380e-01 
    1172            94      6.1237243569579403e-01 
    1172           112     -1.2247448713915876e+00 
    1172           114     -1.2247448713915881e+00 
    1172           117     -1.2247448713915878e+00 
    1173            18     -9.9999999999999900e-01 
    1173           249     -9.9999999999999900e-01 
    1173           201     -9.9999999999999889e-01 
    1173           147      4.9999999999999928e-01 
    1173           164      4.9999999999999944e-01 
    1173           182      1.9999999999999973e+00 
    1173           192     -9.9999999999999856e-01 
    1173           194     -9.9999999999999889e-01 
    1173           197     -9.9999999999999878e-01 
    1174            13      7.0710678118654713e-01 
    1174           229      7.0710678118654702e-01 
    1174           244      7.0710678118654702e-01 
    1174           121      7.0710678118654702e-01 
    1174            82     -3.5355339059327340e-01 
    1174            94     -3.5355339059327351e-01 
    1174           107     -1.4142135623730936e+00 
    1174           112      7.0710678118654680e-01 
    1174           114      7.0710678118654702e-01 
    1174           117      7.0710678118654691e-01 
    1175           224     -9.9999999999999922e-01 
    1176             0      9.9999999999999967e-01 
    1176            20      1.0000000000000000e+00 
    1176             9      1.9999999999999996e+00 
    1176           210     -9.9999999999999933e-01 
    1176           240      1.9999999999999987e+00 
    1176            75      9.9999999999999967e-01 
    1176             2      1.0000000000000000e+00 
    1176            23      9.9999999999999956e-01 
    1176            24      9.9999999999999956e-01 
    1176             5      9.9999999999999967e-01 
    1176            30     -4.9999999999999961e-01 
    1176            35     -4.9999999999999978e-01 
    1176            36      9.9999999999999922e-01 
    1176            38      9.9999999999999956e-01 
    1176            48     -9.9999999999999922e-01 
    1176            56     -9.9999999999999956e-01 
    1176            65     -9.9999999999999933e-01 
    1176           156     -4.9999999999999939e-01 
    1176           173     -4.9999999999999950e-01 
    1176           191      9.9999999999999833e-01 
    1176            66      1.9999999999999984e+00 
    1176            68      1.9999999999999991e+00 
    1176            71      1.9999999999999987e+00 
    1176           231      9.9999999999999878e-01 
    1176           233      9.9999999999999900e-01 
    1176           236      9.9999999999999889e-01 
    1178           190      7.0710678118654680e-01 
    1179           185      7.0710678118654591e-01 
    1179           169     -1.4142135623730920e+00 
    1180           208      8.6602540378443738e-01 
    1181           170     -8.6602540378443638e-01 
    1182            16      8.6602540378443671e-01 
    1182           199     -8.6602540378443693e-01 
    1182           222     -8.6602540378443704e-01 
    1182           162      8.6602540378443671e-01 
    1182           166      1.7320508075688739e+00 
    1182           171      8.6602540378443671e-01 
    1182           142      8.6602540378443649e-01 
    1182           157      8.6602540378443638e-01 
    1184           208      4.9999999999999939e-01 
    1185           203     -9.9999999999999778e-01 
    1185           170      4.9999999999999872e-01 
    1186           227      7.0710678118654635e-01 
    1187            16     -4.9999999999999922e-01 
    1187           178      9.9999999999999811e-01 
    1187           199      4.9999999999999928e-01 
    1187           222     -4.9999999999999911e-01 
    1187           162     -4.9999999999999917e-01 
    1187           166     -9.9999999999999856e-01 
    1187           171     -4.9999999999999917e-01 
    1187           142     -4.9999999999999895e-01 
    1187           157     -4.9999999999999900e-01 
    1188            11      7.0710678118654635e-01 
    1188           103     -1.4142135623730920e+00 
    1188           119     -7.0710678118654635e-01 
    1188            92      7.0710678118654624e-01 
    1188            96      1.4142135623730927e+00 
    1188            77      7.0710678118654591e-01 
    1188            87      7.0710678118654602e-01 
    1188           137      7.0710678118654624e-01 
    1191           165     -8.6602540378443815e-01 
    1191           196      8.6602540378443726e-01 
    1193           165      4.9999999999999933e-01 
    1193           196      4.9999999999999939e-01 
    1194            95     -7.0710678118654635e-01 
    1194           116     -7.0710678118654657e-01 
    1195           169     -1.4142135623730920e+00 
    1195           215      7.0710678118654624e-01 
    1196             4      7.0710678118654702e-01 
    1196            28      7.0710678118654680e-01 
    1196            31      7.0710678118654668e-01 
    1196            40      7.0710678118654691e-01 
    1196            64     -7.0710678118654680e-01 
    1196            70      1.4142135623730936e+00 
    1196           110     -1.4142135623730931e+00 
    1196           130      7.0710678118654668e-01 
    1199           144     -8.6602540378443704e-01 
    1199           161      8.6602540378443749e-01 
    1200           147     -9.9999999999999856e-01 
    1200           164      9.9999999999999889e-01 
    1203           147     -3.5355339059327390e-01 
    1203           164      3.5355339059327401e-01 
    1205           147      6.1237243569579358e-01 
    1205           164     -6.1237243569579380e-01 
    1206            82     -8.6602540378443726e-01 
    1206            94      8.6602540378443749e-01 
    1207           151     -8.6602540378443660e-01 
    1207           168      8.6602540378443682e-01 
    1208            30      8.6602540378443849e-01 
    1208            35     -8.6602540378443893e-01 
    1208            86     -8.6602540378443726e-01 
    1208            98      8.6602540378443760e-01 
    1211            45      8.6602540378443760e-01 
    1211            53     -8.6602540378443826e-01 
    1213           209     -9.9999999999999967e-01 
    1214           204      1.9999999999999978e+00 
    1214           187     -9.9999999999999878e-01 
    1215           228     -1.4142135623730940e+00 
    1216            17      9.9999999999999933e-01 
    1216           200     -9.9999999999999944e-01 
    1216           223      9.9999999999999911e-01 
    1216           183      1.9999999999999989e+00 
    1216           188      9.9999999999999922e-01 
    1216           144     -4.9999999999999950e-01 
    1216           161     -4.9999999999999961e-01 
    1216           174      9.9999999999999900e-01 
    1216           176      9.9999999999999922e-01 
    1217            12     -1.4142135623730940e+00 
    1217           120      1.4142135623730940e+00 
    1217           108     -2.8284271247461881e+00 
    1217            79      7.0710678118654668e-01 
    1217            91      7.0710678118654680e-01 
    1217            99     -1.4142135623730934e+00 
    1217           101     -1.4142135623730936e+00 
    1217           138     -1.4142135623730938e+00 
    1218           210      9.9999999999999978e-01 
    1219           205     -9.9999999999999911e-01 
    1220            18      1.2247448713915881e+00 
    1220           224     -1.2247448713915885e+00 
    1220           206      1.2247448713915881e+00 
    1220           201      1.2247448713915878e+00 
    1220           147     -6.1237243569579369e-01 
    1220           164     -6.1237243569579392e-01 
    1220           192      1.2247448713915874e+00 
    1220           194      1.2247448713915878e+00 
    1220           197      1.2247448713915876e+00 
    1221           229     -9.9999999999999956e-01 
    1222            18      7.0710678118654724e-01 
    1222           224      7.0710678118654702e-01 
    1222           206      7.0710678118654713e-01 
    1222           201      7.0710678118654702e-01 
    1222           147     -3.5355339059327340e-01 
    1222           164     -3.5355339059327351e-01 
    1222           182     -1.4142135623730936e+00 
    1222           192      7.0710678118654680e-01 
    1222           194      7.0710678118654702e-01 
    1222           197      7.0710678118654691e-01 
    1223            13     -9.9999999999999956e-01 
    1223           139     -9.9999999999999933e-01 
    1223           121     -9.9999999999999922e-01 
    1223            82      4.9999999999999944e-01 
    1223            94      4.9999999999999961e-01 
    1223           107      1.9999999999999978e+00 
    1223           112     -9.9999999999999889e-01 
    1223           114     -9.9999999999999922e-01 
    1223           117     -9.9999999999999900e-01 
    1224            19      9.9999999999999933e-01 
    1224           205     -9.9999999999999911e-01 
    1224           220      1.9999999999999982e+00 
    1224           151     -4.9999999999999922e-01 
    1224           168     -4.9999999999999939e-01 
    1224           186      9.9999999999999800e-01 
    1224           211      9.9999999999999845e-01 
    1224           213      9.9999999999999878e-01 
    1224           216      9.9999999999999867e-01 
    1225             0      9.9999999999999967e-01 
    1225             9      1.9999999999999996e+00 
    1225            75      9.9999999999999967e-01 
    1225            14      1.0000000000000000e+00 
    1225           125     -9.9999999999999967e-01 
    1225           135      1.9999999999999993e+00 
    1225             2      1.0000000000000000e+00 
    1225            23      9.9999999999999956e-01 
    1225            24      9.9999999999999956e-01 
    1225             5      9.9999999999999967e-01 
    1225            30     -4.9999999999999961e-01 
    1225            35     -4.9999999999999978e-01 
    1225            36      9.9999999999999922e-01 
    1225            38      9.9999999999999956e-01 
    1225            48     -9.9999999999999922e-01 
    1225            56     -9.9999999999999956e-01 
    1225            65     -9.9999999999999933e-01 
    1225            66      1.9999999999999984e+00 
    1225            68      1.9999999999999991e+00 
    1225            71      1.9999999999999987e+00 
    1225            86     -4.9999999999999950e-01 
    1225            98     -4.9999999999999967e-01 
    1225           111      9.9999999999999889e-01 
    1225           126      9.9999999999999900e-01 
    1225           128      9.9999999999999933e-01 
    1225           131      9.9999999999999922e-01 
    1229           106      1.2247448713915865e+00 
    1229            95     -1.2247448713915865e+00 
    1232           110     -9.9999999999999933e-01 
    1233           106      7.0710678118654680e-01 
    1233            95      7.0710678118654680e-01 
    1235            64     -9.9999999999999933e-01 
    1238            11      9.9999999999999900e-01 
    1238           103     -9.9999999999999900e-01 
    1238            92      1.9999999999999980e+00 
    1238            77      9.9999999999999833e-01 
    1238            87      9.9999999999999845e-01 
    1238           227     -9.9999999999999900e-01 
    1238           242      1.9999999999999980e+00 
    1239           222     -9.9999999999999845e-01 
    1240           203      1.2247448713915876e+00 
    1241             7      9.9999999999999922e-01 
    1241            61     -9.9999999999999922e-01 
    1241            54      1.9999999999999984e+00 
    1241            43      9.9999999999999867e-01 
    1241            49      9.9999999999999867e-01 
    1241           208     -9.9999999999999922e-01 
    1241           238      1.9999999999999984e+00 
    1242           203      7.0710678118654646e-01 
    1242           218     -1.4142135623730929e+00 
    1244           199     -9.9999999999999845e-01 
    1250            79      1.2247448713915872e+00 
    1250            91     -1.2247448713915876e+00 
    1253            45      1.2247448713915874e+00 
    1253            53     -1.2247448713915876e+00 
    1258           151     -1.2247448713915883e+00 
    1258           168      1.2247448713915887e+00 
    1259           147     -1.2247448713915876e+00 
    1259           164      1.2247448713915881e+00 
    1261           111      1.0000000000000002e+00 
    1262           107     -1.4142135623730947e+00 
    1264            65      1.0000000000000002e+00 
    1267            12     -1.4142135623730945e+00 
    1267            79      7.0710678118654691e-01 
    1267            91      7.0710678118654713e-01 
    1267            99     -1.4142135623730938e+00 
    1267           101     -1.4142135623730943e+00 
    1267           228      1.4142135623730945e+00 
    1267           243     -2.8284271247461890e+00 
    1267           104     -1.4142135623730943e+00 
    1268           223      1.4142135623730936e+00 
    1269           204     -1.7320508075688761e+00 
    1270             8     -1.4142135623730949e+00 
    1270            45      7.0710678118654702e-01 
    1270            53      7.0710678118654724e-01 
    1270            57     -1.4142135623730940e+00 
    1270            59     -1.4142135623730945e+00 
    1270           209      1.4142135623730949e+00 
    1270           239     -2.8284271247461898e+00 
    1270            62     -1.4142135623730945e+00 
    1271           204     -9.9999999999999900e-01 
    1271           219      1.9999999999999980e+00 
    1273           200      1.4142135623730936e+00 
    1275             0      9.9999999999999967e-01 
    1275            20      2.0000000000000004e+00 
    1275           251      1.0000000000000000e+00 
    1275             2      1.0000000000000000e+00 
    1275            23      9.9999999999999956e-01 
    1275            24      9.9999999999999956e-01 
    1275             5      2.0000000000000004e+00 
    1275            30     -9.9999999999999967e-01 
    1275            35     -1.0000000000000000e+00 
    1275           156     -9.9999999999999967e-01 
    1275           173     -1.0000000000000000e+00 
    1275           191     -2.0000000000000004e+00 
    1275            36      1.9999999999999993e+00 
    1275            38      2.0000000000000000e+00 
    1275           231      1.9999999999999993e+00 
    1275           233      2.0000000000000000e+00 
    1275           236      4.0000000000000009e+00 
    1275            41      1.0000000000000000e+00 
    1279           181      8.6602540378443627e-01 
    1279           165     -8.6602540378443627e-01 
    1280           106      8.6602540378443682e-01 
    1280            95     -8.6602540378443682e-01 
    1282           185     -7.0710678118654668e-01 
    1282           169     -7.0710678118654668e-01 
    1283           181      4.9999999999999911e-01 
    1283           165      4.9999999999999911e-01 
    1284           106      4.9999999999999944e-01 
    1284            95      4.9999999999999944e-01 
    1286            64     -9.9999999999999933e-01 
    1288            16      7.0710678118654635e-01 
    1288           178     -7.0710678118654635e-01 
    1288           222     -1.4142135623730923e+00 
    1288           162      1.4142135623730927e+00 
    1288           171      7.0710678118654624e-01 
    1288           142      7.0710678118654580e-01 
    1288           157      7.0710678118654591e-01 
    1288           247      7.0710678118654624e-01 
    1289            11      7.0710678118654680e-01 
    1289           103     -7.0710678118654668e-01 
    1289            92      1.4142135623730934e+00 
    1289            77      7.0710678118654624e-01 
    1289            87      7.0710678118654635e-01 
    1289           227     -1.4142135623730934e+00 
    1289           242      7.0710678118654668e-01 
    1289           137      7.0710678118654668e-01 
    1290           123     -8.6602540378443704e-01 
    1290           208      8.6602540378443704e-01 
    1291           170      7.0710678118654657e-01 
    1291           218     -1.4142135623730931e+00 
    1292             7      9.9999999999999922e-01 
    1292            61     -9.9999999999999922e-01 
    1292            54      1.9999999999999984e+00 
    1292            43      9.9999999999999867e-01 
    1292            49      9.9999999999999867e-01 
    1292           123     -4.9999999999999939e-01 
    1292           208     -4.9999999999999944e-01 
    1292           133      9.9999999999999878e-01 
    1292           238      9.9999999999999889e-01 
    1293           203      7.0710678118654657e-01 
    1293           218     -1.4142135623730931e+00 
    1294           119      7.0710678118654668e-01 
    1295           199      7.0710678118654668e-01 
    1300           144      8.6602540378443671e-01 
    1300           161     -8.6602540378443693e-01 
    1301            79      8.6602540378443726e-01 
    1301            91     -8.6602540378443749e-01 
    1304            45      1.2247448713915874e+00 
    1304            53     -1.2247448713915876e+00 
    1308            86      8.6602540378443882e-01 
    1308            98     -8.6602540378443937e-01 
    1308           156     -8.6602540378443804e-01 
    1308           173      8.6602540378443837e-01 
    1309            82      8.6602540378443793e-01 
    1309            94     -8.6602540378443826e-01 
    1310           147      8.6602540378443804e-01 
    1310           164     -8.6602540378443837e-01 
    1311           186      1.4142135623730945e+00 
    1312           182     -9.9999999999999900e-01 
    1313           107     -9.9999999999999967e-01 
    1315            65      1.0000000000000002e+00 
    1317            17     -9.9999999999999889e-01 
    1317           223      1.9999999999999973e+00 
    1317           188     -9.9999999999999878e-01 
    1317           144      4.9999999999999922e-01 
    1317           161      4.9999999999999939e-01 
    1317           174     -9.9999999999999845e-01 
    1317           176     -9.9999999999999878e-01 
    1317           248     -9.9999999999999878e-01 
    1317           179     -9.9999999999999878e-01 
    1318            12     -9.9999999999999956e-01 
    1318            79      4.9999999999999950e-01 
    1318            91      4.9999999999999967e-01 
    1318            99     -9.9999999999999900e-01 
    1318           101     -9.9999999999999933e-01 
    1318           228      1.9999999999999987e+00 
    1318           243     -9.9999999999999933e-01 
    1318           138     -9.9999999999999933e-01 
    1318           104     -9.9999999999999933e-01 
    1319           124      1.2247448713915876e+00 
    1319           209     -1.2247448713915876e+00 
    1320           187     -9.9999999999999933e-01 
    1320           219      1.9999999999999987e+00 
    1321             8     -1.4142135623730949e+00 
    1321            45      7.0710678118654702e-01 
    1321            53      7.0710678118654724e-01 
    1321            57     -1.4142135623730940e+00 
    1321            59     -1.4142135623730945e+00 
    1321            62     -1.4142135623730945e+00 
    1321           124      7.0710678118654713e-01 
    1321           209      7.0710678118654713e-01 
    1321           134     -1.4142135623730943e+00 
    1321           239     -1.4142135623730943e+00 
    1322           204     -9.9999999999999933e-01 
    1322           219      1.9999999999999987e+00 
    1323           120     -9.9999999999999933e-01 
    1324           200     -9.9999999999999944e-01 
    1325            19     -1.4142135623730945e+00 
    1325           250     -1.4142135623730943e+00 
    1325           151      7.0710678118654691e-01 
    1325           168      7.0710678118654713e-01 
    1325           186      1.4142135623730945e+00 
    1325           211     -1.4142135623730938e+00 
    1325           213     -1.4142135623730943e+00 
    1325           216     -2.8284271247461890e+00 
    1326             0      9.9999999999999967e-01 
    1326            20      1.0000000000000000e+00 
    1326            14      9.9999999999999967e-01 
    1326           230      9.9999999999999956e-01 
    1326           245      9.9999999999999956e-01 
    1326             2      1.0000000000000000e+00 
    1326            23      9.9999999999999956e-01 
    1326            24      9.9999999999999956e-01 
    1326             5      2.0000000000000004e+00 
    1326            30     -9.9999999999999967e-01 
    1326            35     -1.0000000000000000e+00 
    1326            36      1.9999999999999993e+00 
    1326            38      2.0000000000000000e+00 
    1326            41      1.0000000000000000e+00 
    1326            86     -4.9999999999999961e-01 
    1326            98     -4.9999999999999978e-01 
    1326           111     -9.9999999999999967e-01 
    1326           156     -4.9999999999999967e-01 
    1326           173     -4.9999999999999983e-01 
    1326           191     -9.9999999999999978e-01 
    1326           126      9.9999999999999922e-01 
    1326           128      9.9999999999999956e-01 
    1326           131      1.9999999999999993e+00 
    1326           231      9.9999999999999933e-01 
    1326           233      9.9999999999999967e-01 
    1326           236      1.9999999999999996e+00 
    1331           181      1.2247448713915863e+00 
    1331           165     -1.2247448713915863e+00 
    1333           190     -9.9999999999999933e-01 
    1335           181      7.0710678118654668e-01 
    1335           165      7.0710678118654668e-01 
    1338            64     -9.9999999999999933e-01 
    1339           227     -9.9999999999999900e-01 
    1340            16      9.9999999999999889e-01 
    1340           178     -9.9999999999999878e-01 
    1340           222     -9.9999999999999889e-01 
    1340           162      1.9999999999999976e+00 
    1340           171      1.9999999999999978e+00 
    1340           142      9.9999999999999800e-01 
    1340           157      9.9999999999999822e-01 
    1341           170     -1.2247448713915863e+00 
    1343           170      7.0710678118654668e-01 
    1343           218     -1.4142135623730934e+00 
    1344             7      9.9999999999999922e-01 
    1344            61     -9.9999999999999922e-01 
    1344            54      1.9999999999999984e+00 
    1344            43      9.9999999999999867e-01 
    1344            49      9.9999999999999867e-01 
    1344           123     -9.9999999999999922e-01 
    1344           133      1.9999999999999984e+00 
    1346           119     -9.9999999999999878e-01 
    1352           144      1.2247448713915869e+00 
    1352           161     -1.2247448713915874e+00 
    1356            45      1.2247448713915874e+00 
    1356            53     -1.2247448713915876e+00 
    1359           151      1.2247448713915876e+00 
    1359           168     -1.2247448713915881e+00 
    1361            82     -1.2247448713915878e+00 
    1361            94      1.2247448713915885e+00 
    1362           191      1.0000000000000002e+00 
    1364           182     -1.4142135623730945e+00 
    1367            65      1.0000000000000002e+00 
    1368           228      1.4142135623730945e+00 
    1369            17     -1.4142135623730943e+00 
    1369           223      1.4142135623730943e+00 
    1369           188     -2.8284271247461885e+00 
    1369           144      7.0710678118654680e-01 
    1369           161      7.0710678118654702e-01 
    1369           174     -1.4142135623730936e+00 
    1369           176     -1.4142135623730940e+00 
    1369           179     -1.4142135623730940e+00 
    1370           187      1.7320508075688750e+00 
    1372           187     -9.9999999999999956e-01 
    1372           219      1.9999999999999991e+00 
    1373             8     -1.4142135623730949e+00 
    1373            45      7.0710678118654702e-01 
    1373            53      7.0710678118654724e-01 
    1373            57     -1.4142135623730940e+00 
    1373            59     -1.4142135623730945e+00 
    1373            62     -1.4142135623730945e+00 
    1373           124      1.4142135623730949e+00 
    1373           134     -2.8284271247461898e+00 
    1375           120      1.4142135623730940e+00 
    1376           230      1.0000000000000002e+00 
    1377            19     -1.4142135623730949e+00 
    1377           225     -1.4142135623730945e+00 
    1377           151      7.0710678118654702e-01 
    1377           168      7.0710678118654724e-01 
    1377           186      1.4142135623730947e+00 
    1377           211     -1.4142135623730940e+00 
    1377           213     -1.4142135623730945e+00 
    1377           216     -2.8284271247461894e+00 
    1378             0      9.9999999999999967e-01 
    1378            14      2.0000000000000004e+00 
    1378           140      1.0000000000000000e+00 
    1378             2      1.0000000000000000e+00 
    1378            23      9.9999999999999956e-01 
    1378            24      9.9999999999999956e-01 
    1378             5      2.0000000000000004e+00 
    1378            30     -9.9999999999999967e-01 
    1378            35     -1.0000000000000000e+00 
    1378            36      1.9999999999999993e+00 
    1378            38      2.0000000000000000e+00 
    1378            41      1.0000000000000000e+00 
    1378            86     -9.9999999999999967e-01 
    1378            98     -1.0000000000000000e+00 
    1378           111     -2.0000000000000004e+00 
    1378           126      1.9999999999999993e+00 
    1378           128      2.0000000000000000e+00 
    1378           131      4.0000000000000009e+00 
    1382           185     -8.6602540378443671e-01 
    1382           169      8.6602540378443671e-01 
    1384           106     -8.6602540378443715e-01 
    1384            95      8.6602540378443715e-01 
    1386           185      4.9999999999999928e-01 
    1386           169      4.9999999999999928e-01 
    1387           110     -9.9999999999999889e-01 
    1388           181     -7.0710678118654646e-01 
    1388           165     -7.0710678118654646e-01 
    1389           106      4.9999999999999944e-01 
    1389            95      4.9999999999999944e-01 
    1391           203     -1.4142135623730927e+00 
    1391           170      7.0710678118654646e-01 
    1392           123      7.0710678118654668e-01 
    1393            11     -8.6602540378443726e-01 
    1393           103      8.6602540378443726e-01 
    1393            92     -1.7320508075688745e+00 
    1393            96     -8.6602540378443715e-01 
    1393            77     -8.6602540378443671e-01 
    1393            87     -8.6602540378443682e-01 
    1393           227      8.6602540378443682e-01 
    1393           242     -8.6602540378443704e-01 
    1394            16      7.0710678118654624e-01 
    1394           178     -7.0710678118654624e-01 
    1394           199     -1.4142135623730920e+00 
    1394           162      1.4142135623730925e+00 
    1394           166      7.0710678118654613e-01 
    1394           142      7.0710678118654569e-01 
    1394           157      7.0710678118654580e-01 
    1394           247      7.0710678118654613e-01 
    1395            11     -4.9999999999999928e-01 
    1395           103      4.9999999999999928e-01 
    1395           119      9.9999999999999822e-01 
    1395            92     -9.9999999999999856e-01 
    1395            96     -4.9999999999999922e-01 
    1395            77     -4.9999999999999895e-01 
    1395            87     -4.9999999999999900e-01 
    1395           227     -4.9999999999999917e-01 
    1395           242     -4.9999999999999922e-01 
    1396           222      7.0710678118654691e-01 
    1397             7      7.0710678118654691e-01 
    1397            61     -7.0710678118654691e-01 
    1397            54      1.4142135623730938e+00 
    1397            43      7.0710678118654635e-01 
    1397            49      7.0710678118654646e-01 
    1397           208     -1.4142135623730931e+00 
    1397           238      7.0710678118654657e-01 
    1397            73      7.0710678118654680e-01 
    1398           203     -1.4142135623730927e+00 
    1398           218      7.0710678118654635e-01 
    1405            79     -1.0606601717798190e+00 
    1405            91      1.0606601717798194e+00 
    1406           144      8.6602540378443660e-01 
    1406           161     -8.6602540378443682e-01 
    1407            79     -6.1237243569579325e-01 
    1407            91      6.1237243569579347e-01 
    1409            45      8.6602540378443738e-01 
    1409            53     -8.6602540378443760e-01 
    1411            82      8.6602540378443782e-01 
    1411            94     -8.6602540378443815e-01 
    1412            48      8.6602540378443860e-01 
    1412            56     -8.6602540378443915e-01 
    1412           156     -8.6602540378443738e-01 
    1412           173      8.6602540378443771e-01 
    1413           151     -8.6602540378443726e-01 
    1413           168      8.6602540378443760e-01 
    1415           186     -9.9999999999999933e-01 
    1416           111      9.9999999999999967e-01 
    1417           182      1.4142135623730940e+00 
    1418           107     -9.9999999999999967e-01 
    1420           204      1.9999999999999978e+00 
    1420           187     -9.9999999999999867e-01 
    1421           124     -9.9999999999999933e-01 
    1422            12      1.2247448713915881e+00 
    1422           108      1.2247448713915876e+00 
    1422            79     -6.1237243569579358e-01 
    1422            91     -6.1237243569579380e-01 
    1422            99      1.2247448713915872e+00 
    1422           101      1.2247448713915876e+00 
    1422           228     -1.2247448713915872e+00 
    1422           243      1.2247448713915878e+00 
    1422           104      1.2247448713915876e+00 
    1423            17     -9.9999999999999878e-01 
    1423           200      1.9999999999999969e+00 
    1423           183     -9.9999999999999856e-01 
    1423           144      4.9999999999999911e-01 
    1423           161      4.9999999999999928e-01 
    1423           174     -9.9999999999999822e-01 
    1423           176     -9.9999999999999856e-01 
    1423           248     -9.9999999999999867e-01 
    1423           179     -9.9999999999999856e-01 
    1424            12      7.0710678118654691e-01 
    1424           120     -1.4142135623730936e+00 
    1424           108      7.0710678118654680e-01 
    1424            79     -3.5355339059327329e-01 
    1424            91     -3.5355339059327340e-01 
    1424            99      7.0710678118654657e-01 
    1424           101      7.0710678118654680e-01 
    1424           228      7.0710678118654691e-01 
    1424           243      7.0710678118654680e-01 
    1424           104      7.0710678118654680e-01 
    1425           223     -9.9999999999999956e-01 
    1426             8     -9.9999999999999967e-01 
    1426            45      4.9999999999999961e-01 
    1426            53      4.9999999999999978e-01 
    1426            57     -9.9999999999999922e-01 
    1426            59     -9.9999999999999956e-01 
    1426           209      1.9999999999999980e+00 
    1426           239     -9.9999999999999922e-01 
    1426            74     -9.9999999999999956e-01 
    1426            62     -9.9999999999999956e-01 
    1427           204      1.9999999999999978e+00 
    1427           219     -9.9999999999999889e-01 
    1428            18     -1.4142135623730940e+00 
    1428           147      7.0710678118654668e-01 
    1428           164      7.0710678118654680e-01 
    1428           182      1.4142135623730940e+00 
    1428           192     -1.4142135623730934e+00 
    1428           194     -1.4142135623730936e+00 
    1428           197     -2.8284271247461881e+00 
    1428           249     -1.4142135623730938e+00 
    1429            13      9.9999999999999967e-01 
    1429            82     -4.9999999999999961e-01 
    1429            94     -4.9999999999999972e-01 
    1429           107     -9.9999999999999967e-01 
    1429           112      9.9999999999999922e-01 
    1429           114      9.9999999999999944e-01 
    1429           117      1.9999999999999993e+00 
    1429           229      9.9999999999999956e-01 
    1429           244      9.9999999999999956e-01 
    1430           224     -1.4142135623730945e+00 
    1431             0      9.9999999999999967e-01 
    1431            20      1.0000000000000000e+00 
    1431             2      1.0000000000000000e+00 
    1431            23      9.9999999999999956e-01 
    1431            24      9.9999999999999956e-01 
    1431             5      2.0000000000000004e+00 
    1431            30     -9.9999999999999967e-01 
    1431            35     -1.0000000000000000e+00 
    1431            36      1.9999999999999993e+00 
    1431            38      2.0000000000000000e+00 
    1431            41      1.0000000000000000e+00 
    1431             9      9.9999999999999967e-01 
    1431            48     -4.9999999999999961e-01 
    1431            56     -4.9999999999999978e-01 
    1431            65     -9.9999999999999967e-01 
    1431           156     -4.9999999999999950e-01 
    1431           173     -4.9999999999999967e-01 
    1431           191     -9.9999999999999956e-01 
    1431           210      9.9999999999999889e-01 
    1431            66      9.9999999999999922e-01 
    1431            68      9.9999999999999956e-01 
    1431            71      1.9999999999999993e+00 
    1431           231      9.9999999999999900e-01 
    1431           233      9.9999999999999933e-01 
    1431           236      1.9999999999999991e+00 
    1431           240      9.9999999999999922e-01 
    1436           185      8.6602540378443660e-01 
    1436           169     -8.6602540378443660e-01 
    1437           181      8.6602540378443704e-01 
    1437           165     -8.6602540378443704e-01 
    1439           190     -9.9999999999999922e-01 
    1440           185      4.9999999999999922e-01 
    1440           169      4.9999999999999922e-01 
    1442           181      4.9999999999999950e-01 
    1442           165      4.9999999999999950e-01 
    1443           106     -7.0710678118654668e-01 
    1443            95     -7.0710678118654668e-01 
    1444           208      7.0710678118654691e-01 
    1445           203      7.0710678118654624e-01 
    1445           170     -1.4142135623730927e+00 
    1446            16      8.6602540378443704e-01 
    1446           178     -8.6602540378443715e-01 
    1446           222     -8.6602540378443738e-01 
    1446           162      1.7320508075688743e+00 
    1446           166      8.6602540378443704e-01 
    1446           171      8.6602540378443715e-01 
    1446           142      8.6602540378443682e-01 
    1446           157      8.6602540378443671e-01 
    1447           227      7.0710678118654646e-01 
    1448            16     -4.9999999999999928e-01 
    1448           178      4.9999999999999933e-01 
    1448           199      9.9999999999999845e-01 
    1448           222     -4.9999999999999917e-01 
    1448           162     -9.9999999999999867e-01 
    1448           166     -4.9999999999999928e-01 
    1448           171     -4.9999999999999922e-01 
    1448           142     -4.9999999999999900e-01 
    1448           157     -4.9999999999999906e-01 
    1449            11      7.0710678118654646e-01 
    1449           103     -7.0710678118654646e-01 
    1449           119     -1.4142135623730927e+00 
    1449            92      1.4142135623730929e+00 
    1449            96      7.0710678118654635e-01 
    1449            77      7.0710678118654591e-01 
    1449            87      7.0710678118654602e-01 
    1449           137      7.0710678118654635e-01 
    1450           170     -1.4142135623730927e+00 
    1450           218      7.0710678118654635e-01 
    1451             7      7.0710678118654691e-01 
    1451            61     -7.0710678118654691e-01 
    1451            54      1.4142135623730938e+00 
    1451            43      7.0710678118654635e-01 
    1451            49      7.0710678118654646e-01 
    1451            73      7.0710678118654680e-01 
    1451           123     -1.4142135623730936e+00 
    1451           133      7.0710678118654680e-01 
    1458           144      1.0606601717798188e+00 
    1458           161     -1.0606601717798192e+00 
    1460           144     -6.1237243569579325e-01 
    1460           161      6.1237243569579347e-01 
    1461            79      8.6602540378443682e-01 
    1461            91     -8.6602540378443704e-01 
    1463            45      8.6602540378443738e-01 
    1463            53     -8.6602540378443760e-01 
    1464           147     -8.6602540378443771e-01 
    1464           164      8.6602540378443804e-01 
    1465           151     -8.6602540378443726e-01 
    1465           168      8.6602540378443749e-01 
    1466            48      8.6602540378443860e-01 
    1466            56     -8.6602540378443915e-01 
    1466            86     -8.6602540378443793e-01 
    1466            98      8.6602540378443826e-01 
    1468           191      1.0000000000000000e+00 
    1469           186     -9.9999999999999922e-01 
    1471           182     -9.9999999999999978e-01 
    1472           107      1.4142135623730945e+00 
    1473           209     -9.9999999999999967e-01 
    1474           204     -9.9999999999999878e-01 
    1474           187      1.9999999999999978e+00 
    1475            17     -1.2247448713915878e+00 
    1475           223      1.2247448713915881e+00 
    1475           183     -1.2247448713915874e+00 
    1475           188     -1.2247448713915876e+00 
    1475           144      6.1237243569579347e-01 
    1475           161      6.1237243569579369e-01 
    1475           174     -1.2247448713915869e+00 
    1475           176     -1.2247448713915874e+00 
    1475           179     -1.2247448713915874e+00 
    1476           228     -9.9999999999999900e-01 
    1477            17      7.0710678118654702e-01 
    1477           200     -1.4142135623730936e+00 
    1477           223      7.0710678118654668e-01 
    1477           183      7.0710678118654680e-01 
    1477           188      7.0710678118654680e-01 
    1477           144     -3.5355339059327329e-01 
    1477           161     -3.5355339059327340e-01 
    1477           174      7.0710678118654657e-01 
    1477           176      7.0710678118654680e-01 
    1477           179      7.0710678118654680e-01 
    1478            12     -9.9999999999999900e-01 
    1478           120      1.9999999999999973e+00 
    1478           108     -9.9999999999999889e-01 
    1478            79      4.9999999999999928e-01 
    1478            91      4.9999999999999944e-01 
    1478            99     -9.9999999999999856e-01 
    1478           101     -9.9999999999999889e-01 
    1478           138     -9.9999999999999900e-01 
    1478           104     -9.9999999999999889e-01 
    1479           187      1.9999999999999978e+00 
    1479           219     -9.9999999999999889e-01 
    1480             8     -9.9999999999999967e-01 
    1480            45      4.9999999999999961e-01 
    1480            53      4.9999999999999978e-01 
    1480            57     -9.9999999999999922e-01 
    1480            59     -9.9999999999999956e-01 
    1480            74     -9.9999999999999956e-01 
    1480            62     -9.9999999999999956e-01 
    1480           124      1.9999999999999991e+00 
    1480           134     -9.9999999999999956e-01 
    1481           229     -1.4142135623730945e+00 
    1482            18      9.9999999999999967e-01 
    1482           224      9.9999999999999956e-01 
    1482           206      9.9999999999999956e-01 
    1482           147     -4.9999999999999967e-01 
    1482           164     -4.9999999999999978e-01 
    1482           182     -9.9999999999999978e-01 
    1482           192      9.9999999999999933e-01 
    1482           194      9.9999999999999956e-01 
    1482           197      1.9999999999999996e+00 
    1483            13     -1.4142135623730945e+00 
    1483            82      7.0710678118654691e-01 
    1483            94      7.0710678118654713e-01 
    1483           107      1.4142135623730945e+00 
    1483           112     -1.4142135623730938e+00 
    1483           114     -1.4142135623730943e+00 
    1483           117     -2.8284271247461890e+00 
    1483           139     -1.4142135623730943e+00 
    1484            19      9.9999999999999933e-01 
    1484           151     -4.9999999999999939e-01 
    1484           168     -4.9999999999999956e-01 
    1484           186     -9.9999999999999922e-01 
    1484           205      9.9999999999999878e-01 
    1484           211      9.9999999999999878e-01 
    1484           213      9.9999999999999911e-01 
    1484           216      1.9999999999999984e+00 
    1484           220      9.9999999999999889e-01 
    1485             0      9.9999999999999967e-01 
    1485            14      1.0000000000000000e+00 
    1485             2      1.0000000000000000e+00 
    1485            23      9.9999999999999956e-01 
    1485            24      9.9999999999999956e-01 
    1485             5      2.0000000000000004e+00 
    1485            30     -9.9999999999999967e-01 
    1485            35     -1.0000000000000000e+00 
    1485            36      1.9999999999999993e+00 
    1485            38      2.0000000000000000e+00 
    1485            41      1.0000000000000000e+00 
    1485             9      9.9999999999999967e-01 
    1485            48     -4.9999999999999961e-01 
    1485            56     -4.9999999999999978e-01 
    1485            65     -9.9999999999999967e-01 
    1485            66      9.9999999999999922e-01 
    1485            68      9.9999999999999956e-01 
    1485            71      1.9999999999999993e+00 
    1485            86     -4.9999999999999967e-01 
    1485            98     -4.9999999999999983e-01 
    1485           111     -9.9999999999999978e-01 
    1485           125      9.9999999999999956e-01 
    1485           126      9.9999999999999933e-01 
    1485           128      9.9999999999999967e-01 
    1485           131      1.9999999999999996e+00 
    1485           135      9.9999999999999956e-01 
    1491           185      1.2247448713915867e+00 
    1491           169     -1.2247448713915867e+00 
    1495           190     -9.9999999999999933e-01 
    1496           185      7.0710678118654680e-01 
    1496           169      7.0710678118654680e-01 
    1497           110     -9.9999999999999933e-01 
    1500           203      1.2247448713915863e+00 
    1500           170     -1.2247448713915863e+00 
    1501           208     -9.9999999999999922e-01 
    1502           203      7.0710678118654668e-01 
    1502           170      7.0710678118654668e-01 
    1503           123     -9.9999999999999922e-01 
    1504            16      9.9999999999999889e-01 
    1504           178     -9.9999999999999878e-01 
    1504           199     -9.9999999999999889e-01 
    1504           162      1.9999999999999976e+00 
    1504           166      1.9999999999999978e+00 
    1504           142      9.9999999999999800e-01 
    1504           157      9.9999999999999822e-01 
    1505            11      9.9999999999999900e-01 
    1505           103     -9.9999999999999900e-01 
    1505           119     -9.9999999999999911e-01 
    1505            92      1.9999999999999980e+00 
    1505            96      1.9999999999999982e+00 
    1505            77      9.9999999999999833e-01 
    1505            87      9.9999999999999845e-01 
    1516           144      1.2247448713915869e+00 
    1516           161     -1.2247448713915874e+00 
    1517            79      1.2247448713915872e+00 
    1517            91     -1.2247448713915876e+00 
    1519           147      1.2247448713915874e+00 
    1519           164     -1.2247448713915876e+00 
    1520            82      1.2247448713915876e+00 
    1520            94     -1.2247448713915878e+00 
    1524           191      1.0000000000000002e+00 
    1525           186     -1.4142135623730947e+00 
    1526           111      1.0000000000000002e+00 
    1529           204     -1.7320508075688750e+00 
    1529           187      1.7320508075688750e+00 
    1530           209      1.4142135623730949e+00 
    1531           204     -9.9999999999999956e-01 
    1531           187     -9.9999999999999956e-01 
    1532           124      1.4142135623730949e+00 
    1533            17     -1.4142135623730943e+00 
    1533           200      1.4142135623730943e+00 
    1533           183     -2.8284271247461885e+00 
    1533           144      7.0710678118654680e-01 
    1533           161      7.0710678118654702e-01 
    1533           174     -1.4142135623730936e+00 
    1533           176     -1.4142135623730940e+00 
    1533           179     -1.4142135623730940e+00 
    1534            12     -1.4142135623730945e+00 
    1534           120      1.4142135623730945e+00 
    1534           108     -2.8284271247461890e+00 
    1534            79      7.0710678118654691e-01 
    1534            91      7.0710678118654713e-01 
    1534            99     -1.4142135623730938e+00 
    1534           101     -1.4142135623730943e+00 
    1534           104     -1.4142135623730943e+00 
    1535           210      1.0000000000000002e+00 
    1536           205     -1.4142135623730947e+00 
    1537           125      1.0000000000000002e+00 
    1538            18     -1.4142135623730945e+00 
    1538           147      7.0710678118654691e-01 
    1538           164      7.0710678118654713e-01 
    1538           182      1.4142135623730945e+00 
    1538           192     -1.4142135623730938e+00 
    1538           194     -1.4142135623730943e+00 
    1538           197     -2.8284271247461890e+00 
    1538           201     -1.4142135623730943e+00 
    1539            13     -1.4142135623730949e+00 
    1539            82      7.0710678118654702e-01 
    1539            94      7.0710678118654724e-01 
    1539           107      1.4142135623730947e+00 
    1539           112     -1.4142135623730940e+00 
    1539           114     -1.4142135623730945e+00 
    1539           117     -2.8284271247461894e+00 
    1539           121     -1.4142135623730945e+00 
    1540             0      9.9999999999999967e-01 
    1540             2      1.0000000000000000e+00 
    1540            23      9.9999999999999956e-01 
    1540            24      9.9999999999999956e-01 
    1540             5      2.0000000000000004e+00 
    1540            30     -9.9999999999999967e-01 
    1540            35     -1.0000000000000000e+00 
    1540            36      1.9999999999999993e+00 
    1540            38      2.0000000000000000e+00 
    1540            41      1.0000000000000000e+00 
    1540             9      2.0000000000000004e+00 
    1540            48     -9.9999999999999967e-01 
    1540            56     -1.0000000000000000e+00 
    1540            65     -2.0000000000000004e+00 
    1540            66      1.9999999999999993e+00 
    1540            68      2.0000000000000000e+00 
    1540            71      4.0000000000000009e+00 
    1540            75      1.0000000000000000e+00 
    1541            94     -9.9999999999999889e-01 
    1542            56      9.9999999999999922e-01 
    1544            53     -1.2247448713915881e+00 
    1547            91     -9.9999999999999889e-01 
    1548            53      7.0710678118654702e-01 
    1553            35      9.9999999999999956e-01 
    1561             7     -1.2247448713915876e+00 
    1561            49     -1.2247448713915869e+00 
    1561           123      1.2247448713915869e+00 
    1561           208      1.2247448713915876e+00 
    1561           133     -1.2247448713915874e+00 
    1561           238     -2.4494897427831752e+00 
    1561            51     -1.2247448713915872e+00 
    1562           218      1.2247448713915865e+00 
    1563           199     -1.2247448713915872e+00 
    1564           181      1.4142135623730945e+00 
    1565             4     -1.2247448713915883e+00 
    1565            31     -1.2247448713915878e+00 
    1565           110      1.2247448713915872e+00 
    1565           190      1.2247448713915878e+00 
    1565           130     -1.2247448713915876e+00 
    1565           235     -2.4494897427831757e+00 
    1565            33     -1.2247448713915881e+00 
    1566           215      1.2247448713915863e+00 
    1567           181      4.9999999999999839e-01 
    1567           196     -1.4999999999999962e+00 
    1568           106      1.2247448713915872e+00 
    1568           116     -1.2247448713915867e+00 
    1569           181      8.6602540378443671e-01 
    1569           196     -8.6602540378443649e-01 
    1573           178     -1.2247448713915872e+00 
    1576            11     -9.9999999999999878e-01 
    1576            77      1.9999999999999964e+00 
    1576            87     -9.9999999999999845e-01 
    1576           227      9.9999999999999878e-01 
    1576           242     -1.9999999999999976e+00 
    1576           137     -9.9999999999999867e-01 
    1576            89     -9.9999999999999856e-01 
    1577             7      7.0710678118654691e-01 
    1577            43     -1.4142135623730931e+00 
    1577            49      7.0710678118654668e-01 
    1577           123      7.0710678118654691e-01 
    1577           208     -7.0710678118654691e-01 
    1577           133      7.0710678118654680e-01 
    1577           238      1.4142135623730938e+00 
    1577            51      7.0710678118654680e-01 
    1578           203      1.4142135623730927e+00 
    1578           218     -7.0710678118654635e-01 
    1579           119     -9.9999999999999911e-01 
    1580           199     -7.0710678118654635e-01 
    1582             4      7.0710678118654713e-01 
    1582            28     -1.4142135623730936e+00 
    1582            31      7.0710678118654691e-01 
    1582           110      7.0710678118654668e-01 
    1582           190     -7.0710678118654691e-01 
    1582           130      7.0710678118654680e-01 
    1582           235      1.4142135623730938e+00 
    1582            33      7.0710678118654702e-01 
    1583           185      1.4142135623730923e+00 
    1583           215     -7.0710678118654635e-01 
    1584           181     -8.6602540378443704e-01 
    1584           196      8.6602540378443682e-01 
    1585           106      7.0710678118654635e-01 
    1585           116      7.0710678118654646e-01 
    1586           181      4.9999999999999889e-01 
    1586           196      4.9999999999999889e-01 
    1590           103     -9.9999999999999900e-01 
    1591           178     -7.0710678118654635e-01 
    1596             0      9.9999999999999967e-01 
    1596            20      2.0000000000000004e+00 
    1596           251      1.0000000000000000e+00 
    1596            14      1.0000000000000000e+00 
    1596           230     -1.0000000000000000e+00 
    1596           245      2.0000000000000000e+00 
    1596             2      1.9999999999999996e+00 
    1596            23     -9.9999999999999933e-01 
    1596            86      9.9999999999999756e-01 
    1596            98     -9.9999999999999900e-01 
    1596           156     -9.9999999999999878e-01 
    1596           173     -1.9999999999999984e+00 
    1596            24      1.9999999999999987e+00 
    1596           126      9.9999999999999856e-01 
    1596           128      1.9999999999999980e+00 
    1596           231      1.9999999999999976e+00 
    1596           233      3.9999999999999969e+00 
    1596            26      9.9999999999999967e-01 
    1597           164     -9.9999999999999856e-01 
    1599            56      9.9999999999999922e-01 
    1601            53     -1.2247448713915881e+00 
    1603           161     -9.9999999999999856e-01 
    1605            53      7.0710678118654702e-01 
    1610            35      9.9999999999999956e-01 
    1617           218      1.2247448713915867e+00 
    1618             7     -1.2247448713915876e+00 
    1618            49     -1.2247448713915869e+00 
    1618            51     -1.2247448713915872e+00 
    1618           123      1.2247448713915872e+00 
    1618           208      1.2247448713915863e+00 
    1618           133     -2.4494897427831743e+00 
    1618           238     -1.2247448713915869e+00 
    1619           119      1.2247448713915876e+00 
    1620           106     -1.4142135623730945e+00 
    1621           215      1.2247448713915869e+00 
    1622             4     -1.2247448713915883e+00 
    1622            31     -1.2247448713915878e+00 
    1622            33     -1.2247448713915881e+00 
    1622           110      1.2247448713915874e+00 
    1622           190      1.2247448713915865e+00 
    1622           130     -2.4494897427831748e+00 
    1622           235     -1.2247448713915872e+00 
    1623           106     -4.9999999999999845e-01 
    1623           116      1.4999999999999964e+00 
    1625           106      8.6602540378443726e-01 
    1625           116     -8.6602540378443693e-01 
    1626           181      1.2247448713915869e+00 
    1626           196     -1.2247448713915865e+00 
    1629           103      1.2247448713915876e+00 
    1632            16     -9.9999999999999845e-01 
    1632           222      9.9999999999999845e-01 
    1632           171     -1.9999999999999969e+00 
    1632           142      1.9999999999999958e+00 
    1632           157     -9.9999999999999811e-01 
    1632           247     -9.9999999999999833e-01 
    1632           159     -9.9999999999999822e-01 
    1633           170      1.4142135623730929e+00 
    1633           218     -7.0710678118654646e-01 
    1634             7      7.0710678118654691e-01 
    1634            43     -1.4142135623730931e+00 
    1634            49      7.0710678118654668e-01 
    1634            51      7.0710678118654680e-01 
    1634           123     -7.0710678118654668e-01 
    1634           208      7.0710678118654657e-01 
    1634           133      1.4142135623730934e+00 
    1634           238      7.0710678118654657e-01 
    1636           119     -7.0710678118654680e-01 
    1637           199     -9.9999999999999889e-01 
    1638           169      1.4142135623730925e+00 
    1638           215     -7.0710678118654646e-01 
    1639             4      7.0710678118654713e-01 
    1639            28     -1.4142135623730936e+00 
    1639            31      7.0710678118654691e-01 
    1639            33      7.0710678118654702e-01 
    1639           110     -7.0710678118654668e-01 
    1639           190      7.0710678118654613e-01 
    1639           130      1.4142135623730934e+00 
    1639           235      7.0710678118654657e-01 
    1640           106      8.6602540378443726e-01 
    1640           116     -8.6602540378443693e-01 
    1642           106      4.9999999999999917e-01 
    1642           116      4.9999999999999922e-01 
    1643           181      7.0710678118654624e-01 
    1643           196      7.0710678118654635e-01 
    1647           103     -7.0710678118654668e-01 
    1648           178     -9.9999999999999878e-01 
    1652            19     -9.9999999999999956e-01 
    1652           250     -9.9999999999999933e-01 
    1652           225     -9.9999999999999922e-01 
    1652           151      1.9999999999999951e+00 
    1652           168      9.9999999999999856e-01 
    1652           211     -9.9999999999999811e-01 
    1652           213     -1.9999999999999971e+00 
    1653             0      9.9999999999999967e-01 
    1653            14      1.9999999999999996e+00 
    1653            20      1.0000000000000000e+00 
    1653           230     -9.9999999999999967e-01 
    1653           245      1.9999999999999993e+00 
    1653           140      9.9999999999999967e-01 
    1653             2      1.9999999999999996e+00 
    1653            23     -9.9999999999999933e-01 
    1653            24      1.9999999999999987e+00 
    1653            26      9.9999999999999967e-01 
    1653            86     -9.9999999999999845e-01 
    1653            98     -1.9999999999999978e+00 
    1653           156      9.9999999999999689e-01 
    1653           173     -9.9999999999999878e-01 
    1653           126      1.9999999999999969e+00 
    1653           128      3.9999999999999956e+00 
    1653           231      9.9999999999999822e-01 
    1653           233      1.9999999999999976e+00 
    1655           164     -1.2247448713915865e+00 
    1656            94      1.2247448713915869e+00 
    1657           161      4.9999999999999944e-01 
    1658            91     -4.9999999999999961e-01 
    1659            53     -9.9999999999999933e-01 
    1661           161     -8.6602540378443726e-01 
    1662            91      8.6602540378443749e-01 
    1668            35      9.9999999999999956e-01 
    1674            16      4.9999999999999939e-01 
    1674           199     -1.4999999999999976e+00 
    1674           166      4.9999999999999928e-01 
    1674           171      4.9999999999999922e-01 
    1674           157      4.9999999999999906e-01 
    1674           247      4.9999999999999928e-01 
    1674           159      4.9999999999999911e-01 
    1675            11     -4.9999999999999944e-01 
    1675           119      1.4999999999999980e+00 
    1675            96     -4.9999999999999944e-01 
    1675            87     -4.9999999999999922e-01 
    1675           242     -4.9999999999999939e-01 
    1675           137     -4.9999999999999944e-01 
    1675            89     -4.9999999999999928e-01 
    1676             7     -9.9999999999999900e-01 
    1676            49     -9.9999999999999856e-01 
    1676           123      1.4999999999999996e+00 
    1676           208      1.4999999999999991e+00 
    1676           133     -9.9999999999999845e-01 
    1676           238     -9.9999999999999822e-01 
    1676            73     -9.9999999999999878e-01 
    1676            51     -9.9999999999999878e-01 
    1677            64      1.1547005383792528e+00 
    1677           110     -5.7735026918962717e-01 
    1677           190     -5.7735026918962673e-01 
    1678           165      4.9999999999999889e-01 
    1678           196     -1.4999999999999967e+00 
    1679            95     -4.9999999999999906e-01 
    1679           116      1.4999999999999971e+00 
    1680             4     -1.2247448713915883e+00 
    1680            31     -1.2247448713915878e+00 
    1680            33     -1.2247448713915881e+00 
    1680            64      4.0824829046386246e-01 
    1680           110      1.0206207261596567e+00 
    1680           190      1.0206207261596563e+00 
    1680            70     -1.2247448713915881e+00 
    1680           130     -1.2247448713915874e+00 
    1680           235     -1.2247448713915874e+00 
    1681           169     -4.9999999999999889e-01 
    1682           110      3.5355339059327329e-01 
    1682           190     -3.5355339059327301e-01 
    1683           185      4.9999999999999939e-01 
    1684           106     -9.9999999999999889e-01 
    1684           116      1.4999999999999971e+00 
    1685           181      9.9999999999999867e-01 
    1685           196     -1.4999999999999969e+00 
    1686            61     -9.9999999999999956e-01 
    1687           103     -4.9999999999999967e-01 
    1688           178      4.9999999999999961e-01 
    1689           203     -1.2247448713915876e+00 
    1689           170      1.2247448713915876e+00 
    1690            16     -8.6602540378443726e-01 
    1690           199      8.6602540378443793e-01 
    1690           166     -8.6602540378443715e-01 
    1690           171     -8.6602540378443693e-01 
    1690           142      1.7320508075688736e+00 
    1690           157     -8.6602540378443682e-01 
    1690           247     -8.6602540378443715e-01 
    1690           159     -8.6602540378443693e-01 
    1691            11      8.6602540378443738e-01 
    1691           119     -8.6602540378443815e-01 
    1691            96      8.6602540378443726e-01 
    1691            77     -1.7320508075688739e+00 
    1691            87      8.6602540378443693e-01 
    1691           242      8.6602540378443726e-01 
    1691           137      8.6602540378443738e-01 
    1691            89      8.6602540378443715e-01 
    1692           170      1.2247448713915876e+00 
    1693           123     -8.6602540378443837e-01 
    1693           208      8.6602540378443760e-01 
    1694           203     -1.2247448713915863e+00 
    1695           165     -8.6602540378443715e-01 
    1695           196      8.6602540378443693e-01 
    1696            95      8.6602540378443738e-01 
    1696           116     -8.6602540378443715e-01 
    1697             4      7.0710678118654713e-01 
    1697            28     -1.4142135623730936e+00 
    1697            31      7.0710678118654691e-01 
    1697            33      7.0710678118654702e-01 
    1697            64     -7.0710678118654768e-01 
    1697           110      3.5355339059327467e-01 
    1697           190      3.5355339059327417e-01 
    1697            70      7.0710678118654702e-01 
    1697           130      7.0710678118654668e-01 
    1697           235      7.0710678118654657e-01 
    1698           169     -8.6602540378443738e-01 
    1699           110      6.1237243569579425e-01 
    1699           190     -6.1237243569579369e-01 
    1700           185      8.6602540378443726e-01 
    1701           116     -8.6602540378443738e-01 
    1702           196      8.6602540378443726e-01 
    1706           103      8.6602540378443726e-01 
    1707           178     -8.6602540378443715e-01 
    1709            18      1.2247448713915874e+00 
    1709           206      1.2247448713915872e+00 
    1709           249      1.2247448713915874e+00 
    1709           147     -1.2247448713915863e+00 
    1709           164     -1.2247448713915865e+00 
    1709           192      1.2247448713915861e+00 
    1709           194      2.4494897427831730e+00 
    1710            13     -1.2247448713915876e+00 
    1710           244     -1.2247448713915874e+00 
    1710           139     -1.2247448713915876e+00 
    1710            82      1.2247448713915863e+00 
    1710            94      1.2247448713915869e+00 
    1710           112     -1.2247448713915863e+00 
    1710           114     -2.4494897427831739e+00 
    1711             0      9.9999999999999967e-01 
    1711            20      1.0000000000000000e+00 
    1711            14      9.9999999999999956e-01 
    1711           230     -9.9999999999999967e-01 
    1711           245      9.9999999999999933e-01 
    1711             9      1.0000000000000000e+00 
    1711           125      5.0000000000000144e-01 
    1711           210      5.0000000000000089e-01 
    1711           135      9.9999999999999933e-01 
    1711           240      9.9999999999999922e-01 
    1711             2      1.9999999999999996e+00 
    1711            23     -9.9999999999999933e-01 
    1711            24      1.9999999999999987e+00 
    1711            26      9.9999999999999967e-01 
    1711            48     -9.9999999999999967e-01 
    1711            56     -9.9999999999999933e-01 
    1711            86      5.0000000000000056e-01 
    1711            98     -9.9999999999999878e-01 
    1711           156      5.0000000000000000e-01 
    1711           173     -9.9999999999999856e-01 
    1711            66      9.9999999999999889e-01 
    1711            68      1.9999999999999987e+00 
    1711           126      9.9999999999999822e-01 
    1711           128      1.9999999999999976e+00 
    1711           231      9.9999999999999811e-01 
    1711           233      1.9999999999999971e+00 
    1712            98      9.9999999999999956e-01 
    1713            94     -9.9999999999999878e-01 
    1715            91      1.2247448713915878e+00 
    1719            91      7.0710678118654702e-01 
    1721            53     -9.9999999999999922e-01 
    1727            35      9.9999999999999956e-01 
    1732            11      1.2247448713915874e+00 
    1732           119     -1.2247448713915876e+00 
    1732            96      1.2247448713915874e+00 
    1732            87      1.2247448713915867e+00 
    1732           227     -1.2247448713915874e+00 
    1732           242      2.4494897427831748e+00 
    1732            89      1.2247448713915869e+00 
    1733           222     -1.2247448713915867e+00 
    1734           203      1.2247448713915869e+00 
    1735           185     -1.4142135623730938e+00 
    1736            95      1.2247448713915867e+00 
    1736           116     -1.2247448713915874e+00 
    1738           185     -4.9999999999999944e-01 
    1739             4     -1.2247448713915883e+00 
    1739            31     -1.2247448713915878e+00 
    1739            33     -1.2247448713915881e+00 
    1739            64      1.2247448713915876e+00 
    1739           190      1.2247448713915883e+00 
    1739            70     -1.2247448713915881e+00 
    1739           235     -2.4494897427831765e+00 
    1740           185     -8.6602540378443715e-01 
    1740           215      1.7320508075688743e+00 
    1742           196      1.2247448713915863e+00 
    1745           178     -1.2247448713915869e+00 
    1747           123     -9.9999999999999900e-01 
    1748            11      7.0710678118654702e-01 
    1748           119      7.0710678118654668e-01 
    1748            96      7.0710678118654680e-01 
    1748            77     -1.4142135623730931e+00 
    1748            87      7.0710678118654668e-01 
    1748           227     -7.0710678118654702e-01 
    1748           242      1.4142135623730940e+00 
    1748            89      7.0710678118654680e-01 
    1749           222     -7.0710678118654624e-01 
    1750             7     -9.9999999999999900e-01 
    1750            43      1.9999999999999973e+00 
    1750            49     -9.9999999999999878e-01 
    1750           208      9.9999999999999900e-01 
    1750           238     -1.9999999999999980e+00 
    1750            73     -9.9999999999999900e-01 
    1750            51     -9.9999999999999889e-01 
    1751           203     -7.0710678118654657e-01 
    1751           218      1.4142135623730931e+00 
    1753            95      7.0710678118654657e-01 
    1753           116      7.0710678118654657e-01 
    1755           185     -8.6602540378443738e-01 
    1756             4      7.0710678118654713e-01 
    1756            28     -1.4142135623730936e+00 
    1756            31      7.0710678118654691e-01 
    1756            33      7.0710678118654702e-01 
    1756            64      7.0710678118654702e-01 
    1756           190     -7.0710678118654713e-01 
    1756            70      7.0710678118654702e-01 
    1756           235      1.4142135623730943e+00 
    1757           185      4.9999999999999939e-01 
    1757           215     -9.9999999999999878e-01 
    1759           181      1.4142135623730923e+00 
    1759           196     -7.0710678118654635e-01 
    1761            61     -9.9999999999999922e-01 
    1764           178     -7.0710678118654624e-01 
    1767            13      9.9999999999999933e-01 
    1767           229     -9.9999999999999933e-01 
    1767           244      1.9999999999999987e+00 
    1767            82      9.9999999999999734e-01 
    1767            94     -9.9999999999999878e-01 
    1767           112      9.9999999999999833e-01 
    1767           114      1.9999999999999976e+00 
    1768           224     -9.9999999999999922e-01 
    1769           205      1.2247448713915883e+00 
    1769           151     -1.2247448713915863e+00 
    1770             0      9.9999999999999967e-01 
    1770            20      2.0000000000000004e+00 
    1770           251      1.0000000000000000e+00 
    1770             9      1.0000000000000000e+00 
    1770           210     -1.0000000000000000e+00 
    1770           240      2.0000000000000000e+00 
    1770             2      1.9999999999999996e+00 
    1770            23     -9.9999999999999933e-01 
    1770            24      1.9999999999999987e+00 
    1770            26      9.9999999999999967e-01 
    1770            48      9.9999999999999833e-01 
    1770            56     -9.9999999999999933e-01 
    1770           156     -9.9999999999999900e-01 
    1770           173     -1.9999999999999991e+00 
    1770            66      9.9999999999999889e-01 
    1770            68      1.9999999999999987e+00 
    1770           231      1.9999999999999980e+00 
    1770           233      3.9999999999999982e+00 
    1771           168      1.4142135623730936e+00 
    1772           164     -7.0710678118654613e-01 
    1773            94     -7.0710678118654657e-01 
    1774           161      8.6602540378443726e-01 
    1775            91      8.6602540378443771e-01 
    1778           161      4.9999999999999928e-01 
    1779            91      4.9999999999999961e-01 
    1781            53     -9.9999999999999922e-01 
    1787            35      9.9999999999999956e-01 
    1791            16      8.6602540378443693e-01 
    1791           199     -8.6602540378443715e-01 
    1791           222     -1.7320508075688736e+00 
    1791           166      8.6602540378443693e-01 
    1791           171      8.6602540378443682e-01 
    1791           157      8.6602540378443649e-01 
    1791           247      8.6602540378443693e-01 
    1791           159      8.6602540378443660e-01 
    1792            11      8.6602540378443738e-01 
    1792           119     -8.6602540378443771e-01 
    1792            96      8.6602540378443738e-01 
    1792            87      8.6602540378443693e-01 
    1792           227     -1.7320508075688745e+00 
    1792           242      8.6602540378443726e-01 
    1792           137      8.6602540378443726e-01 
    1792            89      8.6602540378443715e-01 
    1793           123     -8.6602540378443738e-01 
    1793           208      8.6602540378443738e-01 
    1794           110      1.0000000000000004e+00 
    1794           190     -1.0000000000000004e+00 
    1795           165      8.6602540378443649e-01 
    1795           196     -8.6602540378443693e-01 
    1796            95      8.6602540378443704e-01 
    1796           116     -8.6602540378443738e-01 
    1797           110      3.5355339059327301e-01 
    1797           190     -3.5355339059327306e-01 
    1798           169     -8.6602540378443760e-01 
    1798           215      1.7320508075688752e+00 
    1799             4     -1.2247448713915883e+00 
    1799            31     -1.2247448713915878e+00 
    1799            33     -1.2247448713915881e+00 
    1799            64      1.2247448713915876e+00 
    1799            70     -1.2247448713915881e+00 
    1799           110      6.1237243569579380e-01 
    1799           190      6.1237243569579392e-01 
    1799           130     -1.2247448713915876e+00 
    1799           235     -1.2247448713915878e+00 
    1800           185     -8.6602540378443738e-01 
    1800           215      1.7320508075688748e+00 
    1801           116     -8.6602540378443704e-01 
    1802           196     -8.6602540378443715e-01 
    1804           103      8.6602540378443749e-01 
    1805           178      8.6602540378443760e-01 
    1806           203     -7.0710678118654646e-01 
    1806           170     -7.0710678118654646e-01 
    1807            16      4.9999999999999928e-01 
    1807           199      4.9999999999999922e-01 
    1807           222     -9.9999999999999822e-01 
    1807           166      4.9999999999999911e-01 
    1807           171      4.9999999999999922e-01 
    1807           142     -9.9999999999999800e-01 
    1807           157      4.9999999999999906e-01 
    1807           247      4.9999999999999922e-01 
    1807           159      4.9999999999999911e-01 
    1808            11      4.9999999999999961e-01 
    1808           119      4.9999999999999939e-01 
    1808            96      4.9999999999999944e-01 
    1808            77     -9.9999999999999856e-01 
    1808            87      4.9999999999999939e-01 
    1808           227     -9.9999999999999900e-01 
    1808           242      4.9999999999999950e-01 
    1808           137      4.9999999999999950e-01 
    1808            89      4.9999999999999944e-01 
    1809           170     -7.0710678118654646e-01 
    1809           218      1.4142135623730929e+00 
    1810             7     -9.9999999999999900e-01 
    1810            43      1.9999999999999973e+00 
    1810            49     -9.9999999999999878e-01 
    1810            73     -9.9999999999999900e-01 
    1810            51     -9.9999999999999889e-01 
    1810           123      4.9999999999999928e-01 
    1810           208      4.9999999999999939e-01 
    1810           133     -9.9999999999999856e-01 
    1810           238     -9.9999999999999878e-01 
    1811           203     -7.0710678118654668e-01 
    1811           218      1.4142135623730934e+00 
    1812           165      4.9999999999999900e-01 
    1812           196      4.9999999999999895e-01 
    1813            95      4.9999999999999922e-01 
    1813           116      4.9999999999999928e-01 
    1814           110      6.1237243569579380e-01 
    1814           190     -6.1237243569579380e-01 
    1815           169      4.9999999999999944e-01 
    1815           215     -9.9999999999999889e-01 
    1816             4      7.0710678118654713e-01 
    1816            28     -1.4142135623730936e+00 
    1816            31      7.0710678118654691e-01 
    1816            33      7.0710678118654702e-01 
    1816            64      7.0710678118654702e-01 
    1816            70      7.0710678118654702e-01 
    1816           110     -3.5355339059327340e-01 
    1816           190     -3.5355339059327345e-01 
    1816           130      7.0710678118654680e-01 
    1816           235      7.0710678118654691e-01 
    1817           185      4.9999999999999950e-01 
    1817           215     -9.9999999999999900e-01 
    1818           106     -9.9999999999999856e-01 
    1818           116      4.9999999999999933e-01 
    1819           181     -9.9999999999999867e-01 
    1819           196      4.9999999999999939e-01 
    1821            61     -9.9999999999999922e-01 
    1823           103      4.9999999999999928e-01 
    1824           178      4.9999999999999933e-01 
    1826            18      7.0710678118654657e-01 
    1826           224     -1.4142135623730929e+00 
    1826           206      7.0710678118654646e-01 
    1826           249      7.0710678118654646e-01 
    1826           147      7.0710678118654546e-01 
    1826           164     -7.0710678118654613e-01 
    1826           192      7.0710678118654580e-01 
    1826           194      1.4142135623730923e+00 
    1827            13      7.0710678118654702e-01 
    1827           229     -1.4142135623730938e+00 
    1827           244      7.0710678118654691e-01 
    1827           139      7.0710678118654691e-01 
    1827            82      7.0710678118654569e-01 
    1827            94     -7.0710678118654657e-01 
    1827           112      7.0710678118654624e-01 
    1827           114      1.4142135623730931e+00 
    1828           125     -8.6602540378443893e-01 
    1828           210      8.6602540378443826e-01 
    1828            86      8.6602540378443749e-01 
    1828           156     -8.6602540378443682e-01 
    1829            19     -1.4142135623730945e+00 
    1829           250     -1.4142135623730943e+00 
    1829           205      7.0710678118654713e-01 
    1829           220     -1.4142135623730943e+00 
    1829           151      7.0710678118654646e-01 
    1829           168      1.4142135623730936e+00 
    1829           211     -1.4142135623730929e+00 
    1829           213     -2.8284271247461872e+00 
    1830             0      9.9999999999999967e-01 
    1830            20      1.0000000000000000e+00 
    1830            14      9.9999999999999967e-01 
    1830           230      9.9999999999999956e-01 
    1830           245      9.9999999999999956e-01 
    1830             9      1.0000000000000000e+00 
    1830           125     -4.9999999999999978e-01 
    1830           210     -4.9999999999999983e-01 
    1830           135      9.9999999999999956e-01 
    1830           240      9.9999999999999967e-01 
    1830             2      1.9999999999999996e+00 
    1830            23     -9.9999999999999933e-01 
    1830            24      1.9999999999999987e+00 
    1830            26      9.9999999999999967e-01 
    1830            48      9.9999999999999833e-01 
    1830            56     -9.9999999999999933e-01 
    1830            66      9.9999999999999889e-01 
    1830            68      1.9999999999999987e+00 
    1830            86     -4.9999999999999928e-01 
    1830            98     -9.9999999999999900e-01 
    1830           156     -4.9999999999999939e-01 
    1830           173     -9.9999999999999922e-01 
    1830           126      9.9999999999999856e-01 
    1830           128      1.9999999999999980e+00 
    1830           231      9.9999999999999878e-01 
    1830           233      1.9999999999999984e+00 
    1831           173      9.9999999999999956e-01 
    1833           164     -9.9999999999999856e-01 
    1835           161      1.2247448713915876e+00 
    1839           161      7.0710678118654691e-01 
    1842            53     -9.9999999999999922e-01 
    1848            35      9.9999999999999956e-01 
    1851           227     -1.2247448713915874e+00 
    1852            16      1.2247448713915872e+00 
    1852           199     -1.2247448713915876e+00 
    1852           222     -1.2247448713915872e+00 
    1852           166      1.2247448713915872e+00 
    1852           171      2.4494897427831743e+00 
    1852           157      1.2247448713915865e+00 
    1852           159      1.2247448713915867e+00 
    1853           170     -1.2247448713915867e+00 
    1854           169      1.4142135623730954e+00 
    1856           165      1.2247448713915867e+00 
    1856           196     -1.2247448713915872e+00 
    1857           169      4.9999999999999878e-01 
    1859           169     -8.6602540378443782e-01 
    1859           215      1.7320508075688756e+00 
    1860             4     -1.2247448713915883e+00 
    1860            31     -1.2247448713915878e+00 
    1860            33     -1.2247448713915881e+00 
    1860            64      1.2247448713915876e+00 
    1860            70     -1.2247448713915881e+00 
    1860           110      1.2247448713915883e+00 
    1860           130     -2.4494897427831765e+00 
    1862           116      1.2247448713915867e+00 
    1865           103     -1.2247448713915874e+00 
    1866           208     -9.9999999999999900e-01 
    1867           227     -7.0710678118654702e-01 
    1868            16      7.0710678118654691e-01 
    1868           199      7.0710678118654680e-01 
    1868           222     -7.0710678118654691e-01 
    1868           166      7.0710678118654668e-01 
    1868           171      1.4142135623730938e+00 
    1868           142     -1.4142135623730929e+00 
    1868           157      7.0710678118654657e-01 
    1868           159      7.0710678118654668e-01 
    1870           170     -7.0710678118654657e-01 
    1870           218      1.4142135623730931e+00 
    1871             7     -9.9999999999999900e-01 
    1871            43      1.9999999999999973e+00 
    1871            49     -9.9999999999999878e-01 
    1871            73     -9.9999999999999900e-01 
    1871            51     -9.9999999999999889e-01 
    1871           123      9.9999999999999900e-01 
    1871           133     -1.9999999999999980e+00 
    1873           165      7.0710678118654635e-01 
    1873           196      7.0710678118654646e-01 
    1874           169      8.6602540378443738e-01 
    1876           169      4.9999999999999961e-01 
    1876           215     -9.9999999999999922e-01 
    1877             4      7.0710678118654713e-01 
    1877            28     -1.4142135623730936e+00 
    1877            31      7.0710678118654691e-01 
    1877            33      7.0710678118654702e-01 
    1877            64      7.0710678118654702e-01 
    1877            70      7.0710678118654702e-01 
    1877           110     -7.0710678118654713e-01 
    1877           130      1.4142135623730943e+00 
    1879           106      1.4142135623730929e+00 
    1879           116     -7.0710678118654657e-01 
    1882            61     -9.9999999999999922e-01 
    1884           103     -7.0710678118654646e-01 
    1886           229     -9.9999999999999933e-01 
    1887            18      9.9999999999999922e-01 
    1887           224     -9.9999999999999922e-01 
    1887           206      1.9999999999999984e+00 
    1887           147      9.9999999999999711e-01 
    1887           164     -9.9999999999999856e-01 
    1887           192      9.9999999999999811e-01 
    1887           194      1.9999999999999971e+00 
    1888           205     -1.2247448713915876e+00 
    1888           151      1.2247448713915861e+00 
    1889           230      1.0000000000000002e+00 
    1890            19     -1.4142135623730949e+00 
    1890           225     -1.4142135623730945e+00 
    1890           205      7.0710678118654724e-01 
    1890           220     -1.4142135623730945e+00 
    1890           151      7.0710678118654657e-01 
    1890           168      1.4142135623730938e+00 
    1890           211     -1.4142135623730931e+00 
    1890           213     -2.8284271247461876e+00 
    1891             0      9.9999999999999967e-01 
    1891            14      2.0000000000000004e+00 
    1891           140      1.0000000000000000e+00 
    1891             9      1.0000000000000000e+00 
    1891           125     -1.0000000000000000e+00 
    1891           135      2.0000000000000000e+00 
    1891             2      1.9999999999999996e+00 
    1891            23     -9.9999999999999933e-01 
    1891            24      1.9999999999999987e+00 
    1891            26      9.9999999999999967e-01 
    1891            48      9.9999999999999833e-01 
    1891            56     -9.9999999999999933e-01 
    1891            66      9.9999999999999889e-01 
    1891            68      1.9999999999999987e+00 
    1891            86     -9.9999999999999900e-01 
    1891            98     -1.9999999999999991e+00 
    1891           126      1.9999999999999980e+00 
    1891           128      3.9999999999999982e+00 
    1893           168     -9.9999999999999856e-01 
    1894            98      9.9999999999999889e-01 
    1897            91     -1.2247448713915872e+00 
    1901           161     -9.9999999999999856e-01 
    1902            91      7.0710678118654680e-01 
    1910            35      9.9999999999999956e-01 
    1912           203     -1.2247448713915863e+00 
    1913           123      1.2247448713915872e+00 
    1914            11     -1.2247448713915869e+00 
    1914           119      1.2247448713915869e+00 
    1914            96     -2.4494897427831739e+00 
    1914            87     -1.2247448713915863e+00 
    1914           227      1.2247448713915863e+00 
    1914           242     -1.2247448713915867e+00 
    1914            89     -1.2247448713915865e+00 
    1915            95      1.4142135623730960e+00 
    1918            95     -9.9999999999999900e-01 
    1918           116      1.4999999999999980e+00 
    1919           196      1.2247448713915869e+00 
    1920           116     -8.6602540378443749e-01 
    1922             4     -1.2247448713915883e+00 
    1922            31     -1.2247448713915878e+00 
    1922            33     -1.2247448713915881e+00 
    1922            64      1.2247448713915878e+00 
    1922           190      1.2247448713915865e+00 
    1922            70     -2.4494897427831757e+00 
    1922           235     -1.2247448713915872e+00 
    1923           185      1.2247448713915867e+00 
    1923           215     -1.2247448713915863e+00 
    1925            61      1.2247448713915876e+00 
    1928           203     -7.0710678118654635e-01 
    1928           170      1.4142135623730929e+00 
    1929           123     -7.0710678118654668e-01 
    1930            16     -9.9999999999999845e-01 
    1930           199      9.9999999999999845e-01 
    1930           166     -1.9999999999999969e+00 
    1930           142      1.9999999999999958e+00 
    1930           157     -9.9999999999999811e-01 
    1930           247     -9.9999999999999833e-01 
    1930           159     -9.9999999999999822e-01 
    1931            11      7.0710678118654668e-01 
    1931           119     -7.0710678118654668e-01 
    1931            96      1.4142135623730934e+00 
    1931            77     -1.4142135623730927e+00 
    1931            87      7.0710678118654646e-01 
    1931           227      7.0710678118654657e-01 
    1931           242      7.0710678118654657e-01 
    1931            89      7.0710678118654657e-01 
    1932           222     -9.9999999999999889e-01 
    1935           116     -8.6602540378443760e-01 
    1936           165      1.4142135623730927e+00 
    1936           196     -7.0710678118654646e-01 
    1937            95     -9.9999999999999867e-01 
    1937           116      4.9999999999999944e-01 
    1939             4      7.0710678118654713e-01 
    1939            28     -1.4142135623730936e+00 
    1939            31      7.0710678118654691e-01 
    1939            33      7.0710678118654702e-01 
    1939            64     -7.0710678118654691e-01 
    1939           190      7.0710678118654613e-01 
    1939            70      1.4142135623730938e+00 
    1939           235      7.0710678118654657e-01 
    1940           185      7.0710678118654591e-01 
    1940           215      7.0710678118654624e-01 
    1944            61     -7.0710678118654691e-01 
    1946           178     -9.9999999999999878e-01 
    1947           205     -9.9999999999999922e-01 
    1948           125      9.9999999999999956e-01 
    1949            13     -1.2247448713915883e+00 
    1949           229      1.2247448713915876e+00 
    1949           244     -1.2247448713915881e+00 
    1949           121     -1.2247448713915881e+00 
    1949            94      1.2247448713915876e+00 
    1949           112     -1.2247448713915869e+00 
    1949           114     -2.4494897427831752e+00 
    1950            18     -9.9999999999999900e-01 
    1950           249     -9.9999999999999900e-01 
    1950           201     -9.9999999999999889e-01 
    1950           147      1.9999999999999953e+00 
    1950           164      9.9999999999999856e-01 
    1950           192     -9.9999999999999811e-01 
    1950           194     -1.9999999999999971e+00 
    1951            13      7.0710678118654713e-01 
    1951           229      7.0710678118654702e-01 
    1951           244      7.0710678118654702e-01 
    1951           121      7.0710678118654702e-01 
    1951            82     -1.4142135623730923e+00 
    1951            94     -7.0710678118654680e-01 
    1951           112      7.0710678118654646e-01 
    1951           114      1.4142135623730936e+00 
    1952           224     -9.9999999999999922e-01 
    1953             0      9.9999999999999967e-01 
    1953            20      1.0000000000000000e+00 
    1953             9      1.9999999999999996e+00 
    1953           210     -9.9999999999999933e-01 
    1953           240      1.9999999999999987e+00 
    1953            75      9.9999999999999967e-01 
    1953             2      1.9999999999999996e+00 
    1953            23     -9.9999999999999933e-01 
    1953            24      1.9999999999999987e+00 
    1953            26      9.9999999999999967e-01 
    1953            48     -9.9999999999999878e-01 
    1953            56     -1.9999999999999984e+00 
    1953           156      9.9999999999999689e-01 
    1953           173     -9.9999999999999878e-01 
    1953            66      1.9999999999999976e+00 
    1953            68      3.9999999999999969e+00 
    1953           231      9.9999999999999822e-01 
    1953           233      1.9999999999999976e+00 
    1955           173      9.9999999999999922e-01 
    1956           168     -9.9999999999999845e-01 
    1959           161      1.2247448713915869e+00 
    1964           161      7.0710678118654680e-01 
    1965            91     -9.9999999999999889e-01 
    1973            35      9.9999999999999956e-01 
    1974           208      1.2247448713915876e+00 
    1975           170     -1.2247448713915863e+00 
    1976            16      1.2247448713915869e+00 
    1976           199     -1.2247448713915867e+00 
    1976           222     -1.2247448713915872e+00 
    1976           166      2.4494897427831734e+00 
    1976           171      1.2247448713915867e+00 
    1976           157      1.2247448713915861e+00 
    1976           159      1.2247448713915863e+00 
    1977           165     -1.4142135623730960e+00 
    1980           165      9.9999999999999889e-01 
    1980           196     -1.4999999999999978e+00 
    1982           196     -8.6602540378443760e-01 
    1983           116      1.2247448713915874e+00 
    1984           169      1.2247448713915863e+00 
    1984           215     -1.2247448713915867e+00 
    1985             4     -1.2247448713915883e+00 
    1985            31     -1.2247448713915878e+00 
    1985            33     -1.2247448713915881e+00 
    1985            64      1.2247448713915878e+00 
    1985            70     -2.4494897427831757e+00 
    1985           110      1.2247448713915872e+00 
    1985           130     -1.2247448713915876e+00 
    1988            61      1.2247448713915876e+00 
    1990           208     -7.0710678118654691e-01 
    1991           203      1.4142135623730927e+00 
    1991           170     -7.0710678118654624e-01 
    1992           227     -9.9999999999999878e-01 
    1993            16      7.0710678118654680e-01 
    1993           199     -7.0710678118654668e-01 
    1993           222      7.0710678118654657e-01 
    1993           166      1.4142135623730934e+00 
    1993           171      7.0710678118654657e-01 
    1993           142     -1.4142135623730927e+00 
    1993           157      7.0710678118654646e-01 
    1993           159      7.0710678118654657e-01 
    1994            11     -9.9999999999999878e-01 
    1994           119      9.9999999999999878e-01 
    1994            96     -1.9999999999999976e+00 
    1994            77      1.9999999999999964e+00 
    1994            87     -9.9999999999999845e-01 
    1994           137     -9.9999999999999867e-01 
    1994            89     -9.9999999999999856e-01 
    1997           196      8.6602540378443749e-01 
    1999           165     -9.9999999999999878e-01 
    1999           196      4.9999999999999950e-01 
    2000            95      1.4142135623730931e+00 
    2000           116     -7.0710678118654668e-01 
    2001           169      7.0710678118654602e-01 
    2001           215      7.0710678118654635e-01 
    2002             4      7.0710678118654713e-01 
    2002            28     -1.4142135623730936e+00 
    2002            31      7.0710678118654691e-01 
    2002            33      7.0710678118654702e-01 
    2002            64     -7.0710678118654691e-01 
    2002            70      1.4142135623730938e+00 
    2002           110      7.0710678118654668e-01 
    2002           130      7.0710678118654680e-01 
    2007            61     -7.0710678118654691e-01 
    2008           103     -9.9999999999999900e-01 
    2009           210      9.9999999999999978e-01 
    2010           205     -9.9999999999999911e-01 
    2011            18      1.2247448713915881e+00 
    2011           224     -1.2247448713915885e+00 
    2011           206      1.2247448713915881e+00 
    2011           201      1.2247448713915878e+00 
    2011           164     -1.2247448713915874e+00 
    2011           192      1.2247448713915867e+00 
    2011           194      2.4494897427831748e+00 
    2012           229     -9.9999999999999956e-01 
    2013            18      7.0710678118654724e-01 
    2013           224      7.0710678118654702e-01 
    2013           206      7.0710678118654713e-01 
    2013           201      7.0710678118654702e-01 
    2013           147     -1.4142135623730923e+00 
    2013           164     -7.0710678118654680e-01 
    2013           192      7.0710678118654646e-01 
    2013           194      1.4142135623730936e+00 
    2014            13     -9.9999999999999956e-01 
    2014           139     -9.9999999999999933e-01 
    2014           121     -9.9999999999999922e-01 
    2014            82      1.9999999999999960e+00 
    2014            94      9.9999999999999889e-01 
    2014           112     -9.9999999999999845e-01 
    2014           114     -1.9999999999999978e+00 
    2015            19      9.9999999999999933e-01 
    2015           205     -9.9999999999999911e-01 
    2015           220      1.9999999999999982e+00 
    2015           151      9.9999999999999678e-01 
    2015           168     -9.9999999999999845e-01 
    2015           211      9.9999999999999800e-01 
    2015           213      1.9999999999999969e+00 
    2016             0      9.9999999999999967e-01 
    2016             9      1.9999999999999996e+00 
    2016            75      9.9999999999999967e-01 
    2016            14      1.0000000000000000e+00 
    2016           125     -9.9999999999999967e-01 
    2016           135      1.9999999999999993e+00 
    2016             2      1.9999999999999996e+00 
    2016            23     -9.9999999999999933e-01 
    2016            24      1.9999999999999987e+00 
    2016            26      9.9999999999999967e-01 
    2016            48     -9.9999999999999878e-01 
    2016            56     -1.9999999999999984e+00 
    2016            66      1.9999999999999976e+00 
    2016            68      3.9999999999999969e+00 
    2016            86      9.9999999999999756e-01 
    2016            98     -9.9999999999999900e-01 
    2016           126      9.9999999999999856e-01 
    2016           128      1.9999999999999980e+00 
    2020           164      9.9999999999999811e-01 
    2021            94     -9.9999999999999845e-01 
    2022            56      1.0000000000000002e+00 
    2029           161     -1.2247448713915869e+00 
    2030            91      1.2247448713915872e+00 
    2031            53     -9.9999999999999933e-01 
    2037           181     -1.4999999999999996e+00 
    2037           165      5.0000000000000133e-01 
    2038           106      1.5000000000000000e+00 
    2038            95     -5.0000000000000144e-01 
    2039            64     -1.0000000000000002e+00 
    2040             7      1.1547005383792524e+00 
    2040            54      1.1547005383792524e+00 
    2040            49      1.1547005383792519e+00 
    2040           123     -1.1547005383792528e+00 
    2040           208     -1.1547005383792524e+00 
    2040           133      1.1547005383792517e+00 
    2040           238      1.1547005383792517e+00 
    2040            51      1.1547005383792521e+00 
    2041            16      4.9999999999999950e-01 
    2041           178     -1.4999999999999980e+00 
    2041           162      4.9999999999999950e-01 
    2041           171      4.9999999999999944e-01 
    2041           157      4.9999999999999928e-01 
    2041           247      4.9999999999999950e-01 
    2041           159      4.9999999999999939e-01 
    2042            11     -4.9999999999999967e-01 
    2042           103      1.4999999999999984e+00 
    2042            92     -4.9999999999999967e-01 
    2042            87     -4.9999999999999944e-01 
    2042           242     -4.9999999999999961e-01 
    2042           137     -4.9999999999999967e-01 
    2042            89     -4.9999999999999950e-01 
    2043             7      4.0824829046386307e-01 
    2043            61     -1.2247448713915892e+00 
    2043            54      4.0824829046386307e-01 
    2043            49      4.0824829046386291e-01 
    2043           123      2.0412414523193237e-01 
    2043           208      2.0412414523193223e-01 
    2043           133      4.0824829046386285e-01 
    2043           238      4.0824829046386280e-01 
    2043            51      4.0824829046386296e-01 
    2044           170      4.9999999999999944e-01 
    2045           123     -3.5355339059327373e-01 
    2045           208      3.5355339059327340e-01 
    2046           203     -4.9999999999999928e-01 
    2047           119     -4.9999999999999939e-01 
    2048           199      4.9999999999999933e-01 
    2049             4     -9.9999999999999967e-01 
    2049            31     -9.9999999999999922e-01 
    2049           110      1.5000000000000011e+00 
    2049           190      1.5000000000000004e+00 
    2049           130     -9.9999999999999956e-01 
    2049           235     -9.9999999999999933e-01 
    2049            40     -9.9999999999999933e-01 
    2049            33     -9.9999999999999933e-01 
    2050           106      1.5000000000000000e+00 
    2050           116     -9.9999999999999889e-01 
    2051           181     -1.4999999999999996e+00 
    2051           196      9.9999999999999878e-01 
    2052           185     -1.2247448713915883e+00 
    2052           169      1.2247448713915883e+00 
    2053           181      8.6602540378443760e-01 
    2053           165     -8.6602540378443760e-01 
    2054           106     -8.6602540378443793e-01 
    2054            95      8.6602540378443793e-01 
    2058            16     -8.6602540378443738e-01 
    2058           178      8.6602540378443815e-01 
    2058           162     -8.6602540378443726e-01 
    2058           171     -8.6602540378443715e-01 
    2058           142      1.7320508075688736e+00 
    2058           157     -8.6602540378443693e-01 
    2058           247     -8.6602540378443726e-01 
    2058           159     -8.6602540378443715e-01 
    2059            11      8.6602540378443749e-01 
    2059           103     -8.6602540378443837e-01 
    2059            92      8.6602540378443749e-01 
    2059            77     -1.7320508075688739e+00 
    2059            87      8.6602540378443715e-01 
    2059           242      8.6602540378443738e-01 
    2059           137      8.6602540378443749e-01 
    2059            89      8.6602540378443726e-01 
    2060             7     -7.0710678118654713e-01 
    2060            61      7.0710678118654791e-01 
    2060            54     -7.0710678118654713e-01 
    2060            43      1.4142135623730936e+00 
    2060            49     -7.0710678118654691e-01 
    2060           123     -3.5355339059327501e-01 
    2060           208     -3.5355339059327467e-01 
    2060           133     -7.0710678118654668e-01 
    2060           238     -7.0710678118654668e-01 
    2060            51     -7.0710678118654702e-01 
    2061           170     -8.6602540378443726e-01 
    2062           123      6.1237243569579403e-01 
    2062           208     -6.1237243569579347e-01 
    2063           203      8.6602540378443693e-01 
    2064           119      8.6602540378443704e-01 
    2065           199     -8.6602540378443693e-01 
    2066           169      1.2247448713915883e+00 
    2067           110     -8.6602540378443882e-01 
    2067           190      8.6602540378443804e-01 
    2068           185     -1.2247448713915867e+00 
    2069           106     -8.6602540378443715e-01 
    2070           181      8.6602540378443704e-01 
    2072            17      1.2247448713915872e+00 
    2072           188      1.2247448713915869e+00 
    2072           144     -1.2247448713915865e+00 
    2072           161     -1.2247448713915869e+00 
    2072           174      1.2247448713915863e+00 
    2072           176      2.4494897427831739e+00 
    2072           248      1.2247448713915872e+00 
    2073            12     -1.2247448713915874e+00 
    2073            79      1.2247448713915867e+00 
    2073            91      1.2247448713915872e+00 
    2073            99     -1.2247448713915865e+00 
    2073           101     -2.4494897427831743e+00 
    2073           243     -1.2247448713915874e+00 
    2073           138     -1.2247448713915874e+00 
    2074             8      9.9999999999999956e-01 
    2074            45     -9.9999999999999889e-01 
    2074            53     -9.9999999999999933e-01 
    2074            57      9.9999999999999878e-01 
    2074            59      1.9999999999999987e+00 
    2074           124      5.0000000000000189e-01 
    2074           209      5.0000000000000133e-01 
    2074           134      9.9999999999999889e-01 
    2074           239      9.9999999999999878e-01 
    2075           187      1.2247448713915869e+00 
    2076           124     -8.6602540378443804e-01 
    2076           209      8.6602540378443726e-01 
    2077           204     -1.2247448713915876e+00 
    2078           120     -1.2247448713915878e+00 
    2079           200      1.2247448713915876e+00 
    2080             0      9.9999999999999967e-01 
    2080            20      1.0000000000000000e+00 
    2080            14      9.9999999999999956e-01 
    2080           230     -9.9999999999999967e-01 
    2080           245      9.9999999999999933e-01 
    2080             2      1.9999999999999996e+00 
    2080            23     -9.9999999999999933e-01 
    2080            24      1.9999999999999987e+00 
    2080            26      9.9999999999999967e-01 
    2080             5      1.0000000000000000e+00 
    2080            30     -1.0000000000000000e+00 
    2080            35     -9.9999999999999967e-01 
    2080            86      5.0000000000000089e-01 
    2080            98     -9.9999999999999956e-01 
    2080           111      5.0000000000000144e-01 
    2080           156      5.0000000000000056e-01 
    2080           173     -9.9999999999999933e-01 
    2080           191      5.0000000000000089e-01 
    2080            36      9.9999999999999922e-01 
    2080            38      1.9999999999999993e+00 
    2080           126      9.9999999999999900e-01 
    2080           128      1.9999999999999991e+00 
    2080           131      9.9999999999999978e-01 
    2080           231      9.9999999999999889e-01 
    2080           233      1.9999999999999987e+00 
    2080           236      9.9999999999999967e-01 
    2084           168     -9.9999999999999845e-01 
    2085            98      9.9999999999999878e-01 
    2086            94     -9.9999999999999911e-01 
    2095            91     -4.9999999999999944e-01 
    2096           161     -1.2247448713915865e+00 
    2097            91      8.6602540378443726e-01 
    2099            53      1.2247448713915874e+00 
    2101           185      1.4999999999999991e+00 
    2101           169     -5.0000000000000067e-01 
    2102           110     -9.9999999999999878e-01 
    2103           106     -5.0000000000000044e-01 
    2103            95      1.4999999999999996e+00 
    2104            11     -1.1547005383792517e+00 
    2104           119      1.1547005383792524e+00 
    2104            92     -1.1547005383792517e+00 
    2104            96     -1.1547005383792515e+00 
    2104            87     -1.1547005383792512e+00 
    2104           227      1.1547005383792510e+00 
    2104           242     -1.1547005383792517e+00 
    2104            89     -1.1547005383792515e+00 
    2105           170      4.9999999999999956e-01 
    2106           123     -4.9999999999999961e-01 
    2107            11      2.0412414523193148e-01 
    2107           103     -6.1237243569579436e-01 
    2107           119      4.0824829046386385e-01 
    2107            92      2.0412414523193148e-01 
    2107            96      2.0412414523193145e-01 
    2107            87      2.0412414523193140e-01 
    2107           227     -2.0412414523193137e-01 
    2107           242      2.0412414523193143e-01 
    2107            89      2.0412414523193143e-01 
    2108            16      4.9999999999999944e-01 
    2108           178     -1.4999999999999980e+00 
    2108           162      4.9999999999999944e-01 
    2108           166      4.9999999999999939e-01 
    2108           157      4.9999999999999922e-01 
    2108           247      4.9999999999999939e-01 
    2108           159      4.9999999999999928e-01 
    2109            11     -3.5355339059327351e-01 
    2109           103      1.0606601717798201e+00 
    2109            92     -3.5355339059327351e-01 
    2109            96     -3.5355339059327345e-01 
    2109            87     -3.5355339059327334e-01 
    2109           227     -3.5355339059327340e-01 
    2109           242     -3.5355339059327345e-01 
    2109            89     -3.5355339059327340e-01 
    2110           222      4.9999999999999944e-01 
    2111             7     -4.9999999999999978e-01 
    2111            61      1.4999999999999991e+00 
    2111            54     -4.9999999999999978e-01 
    2111            49     -4.9999999999999950e-01 
    2111           238     -4.9999999999999950e-01 
    2111            73     -4.9999999999999972e-01 
    2111            51     -4.9999999999999961e-01 
    2112           218     -4.9999999999999922e-01 
    2113            95      1.4999999999999996e+00 
    2113           116     -9.9999999999999911e-01 
    2114             4     -9.9999999999999967e-01 
    2114            31     -9.9999999999999922e-01 
    2114            40     -9.9999999999999933e-01 
    2114            33     -9.9999999999999933e-01 
    2114            64      1.5000000000000007e+00 
    2114           190      1.4999999999999993e+00 
    2114            70     -9.9999999999999900e-01 
    2114           235     -9.9999999999999856e-01 
    2115           185      1.4999999999999989e+00 
    2115           215     -9.9999999999999811e-01 
    2117           185      8.6602540378443738e-01 
    2117           169     -8.6602540378443738e-01 
    2119           181     -1.2247448713915876e+00 
    2119           165      1.2247448713915876e+00 
    2120           106      8.6602540378443793e-01 
    2120            95     -8.6602540378443793e-01 
    2122           170     -8.6602540378443738e-01 
    2123           123      8.6602540378443738e-01 
    2124            11     -3.5355339059327345e-01 
    2124           103      3.5355339059327384e-01 
    2124           119     -7.0710678118654824e-01 
    2124            92     -3.5355339059327345e-01 
    2124            96     -3.5355339059327345e-01 
    2124            77      7.0710678118654657e-01 
    2124            87     -3.5355339059327334e-01 
    2124           227      3.5355339059327329e-01 
    2124           242     -3.5355339059327340e-01 
    2124            89     -3.5355339059327340e-01 
    2125            16     -8.6602540378443704e-01 
    2125           178      8.6602540378443793e-01 
    2125           162     -8.6602540378443715e-01 
    2125           166     -8.6602540378443693e-01 
    2125           142      1.7320508075688732e+00 
    2125           157     -8.6602540378443682e-01 
    2125           247     -8.6602540378443704e-01 
    2125           159     -8.6602540378443693e-01 
    2126            11      6.1237243569579369e-01 
    2126           103     -6.1237243569579425e-01 
    2126            92      6.1237243569579369e-01 
    2126            96      6.1237243569579358e-01 
    2126            77     -1.2247448713915867e+00 
    2126            87      6.1237243569579347e-01 
    2126           227      6.1237243569579369e-01 
    2126           242      6.1237243569579358e-01 
    2126            89      6.1237243569579358e-01 
    2127           222     -8.6602540378443715e-01 
    2128             7      8.6602540378443771e-01 
    2128            61     -8.6602540378443849e-01 
    2128            54      8.6602540378443760e-01 
    2128            43     -1.7320508075688745e+00 
    2128            49      8.6602540378443726e-01 
    2128           238      8.6602540378443726e-01 
    2128            73      8.6602540378443760e-01 
    2128            51      8.6602540378443749e-01 
    2129           218      8.6602540378443671e-01 
    2130           165      1.2247448713915876e+00 
    2131            95     -8.6602540378443793e-01 
    2133            64     -8.6602540378443860e-01 
    2133           190      8.6602540378443738e-01 
    2134           185      8.6602540378443660e-01 
    2135           181     -1.2247448713915863e+00 
    2136           187      1.2247448713915872e+00 
    2137           124     -1.2247448713915872e+00 
    2138            12      4.9999999999999961e-01 
    2138           120      1.0000000000000013e+00 
    2138           108      4.9999999999999956e-01 
    2138            79     -4.9999999999999933e-01 
    2138            91     -4.9999999999999944e-01 
    2138            99      4.9999999999999928e-01 
    2138           101      9.9999999999999889e-01 
    2138           228     -4.9999999999999928e-01 
    2138           243      4.9999999999999950e-01 
    2139            17      1.2247448713915869e+00 
    2139           183      1.2247448713915865e+00 
    2139           144     -1.2247448713915863e+00 
    2139           161     -1.2247448713915865e+00 
    2139           174      1.2247448713915861e+00 
    2139           176      2.4494897427831730e+00 
    2139           248      1.2247448713915869e+00 
    2140            12     -8.6602540378443749e-01 
    2140           108     -8.6602540378443726e-01 
    2140            79      8.6602540378443704e-01 
    2140            91      8.6602540378443726e-01 
    2140            99     -8.6602540378443682e-01 
    2140           101     -1.7320508075688745e+00 
    2140           228     -8.6602540378443749e-01 
    2140           243     -8.6602540378443738e-01 
    2141           223      1.2247448713915878e+00 
    2142             8     -1.2247448713915876e+00 
    2142            45      1.2247448713915869e+00 
    2142            53      1.2247448713915874e+00 
    2142            57     -1.2247448713915867e+00 
    2142            59     -2.4494897427831748e+00 
    2142           239     -1.2247448713915869e+00 
    2142            74     -1.2247448713915876e+00 
    2143           219     -1.2247448713915874e+00 
    2144            13      9.9999999999999967e-01 
    2144           229     -9.9999999999999911e-01 
    2144           244      9.9999999999999956e-01 
    2144            82      5.0000000000000000e-01 
    2144            94     -9.9999999999999911e-01 
    2144           107      5.0000000000000022e-01 
    2144           112      9.9999999999999878e-01 
    2144           114      1.9999999999999982e+00 
    2144           117      9.9999999999999944e-01 
    2145             0      9.9999999999999967e-01 
    2145            20      1.0000000000000000e+00 
    2145             9      9.9999999999999956e-01 
    2145           210     -9.9999999999999933e-01 
    2145           240      9.9999999999999900e-01 
    2145             2      1.9999999999999996e+00 
    2145            23     -9.9999999999999933e-01 
    2145            24      1.9999999999999987e+00 
    2145            26      9.9999999999999967e-01 
    2145             5      1.0000000000000000e+00 
    2145            30     -1.0000000000000000e+00 
    2145            35     -9.9999999999999967e-01 
    2145            36      9.9999999999999922e-01 
    2145            38      1.9999999999999993e+00 
    2145            48      5.0000000000000089e-01 
    2145            56     -9.9999999999999900e-01 
    2145            65      5.0000000000000144e-01 
    2145           156      5.0000000000000000e-01 
    2145           173     -9.9999999999999856e-01 
    2145           191      5.0000000000000056e-01 
    2145            66      9.9999999999999856e-01 
    2145            68      1.9999999999999980e+00 
    2145            71      9.9999999999999933e-01 
    2145           231      9.9999999999999811e-01 
    2145           233      1.9999999999999971e+00 
    2145           236      9.9999999999999889e-01 
    2149           173      9.9999999999999900e-01 
    2150           168     -9.9999999999999833e-01 
    2151           164      9.9999999999999900e-01 
    2160           161      4.9999999999999939e-01 
    2162           161      8.6602540378443738e-01 
    2163            91     -1.2247448713915872e+00 
    2165            53      1.2247448713915874e+00 
    2166           190     -9.9999999999999900e-01 
    2167           185     -5.0000000000000044e-01 
    2167           169      1.4999999999999989e+00 
    2168           181      5.0000000000000044e-01 
    2168           165     -1.4999999999999993e+00 
    2169            16      1.1547005383792517e+00 
    2169           199     -1.1547005383792521e+00 
    2169           222     -1.1547005383792519e+00 
    2169           162      1.1547005383792515e+00 
    2169           166      1.1547005383792512e+00 
    2169           171      1.1547005383792515e+00 
    2169           157      1.1547005383792510e+00 
    2169           159      1.1547005383792512e+00 
    2170           208     -4.9999999999999978e-01 
    2171           203      4.9999999999999956e-01 
    2172            16     -2.0412414523193143e-01 
    2172           178      6.1237243569579425e-01 
    2172           199     -4.0824829046386374e-01 
    2172           222      2.0412414523193151e-01 
    2172           162     -2.0412414523193145e-01 
    2172           166     -2.0412414523193143e-01 
    2172           171     -2.0412414523193145e-01 
    2172           157     -2.0412414523193137e-01 
    2172           159     -2.0412414523193140e-01 
    2173           227      4.9999999999999961e-01 
    2174            16     -3.5355339059327356e-01 
    2174           178      1.0606601717798201e+00 
    2174           222     -3.5355339059327340e-01 
    2174           162     -3.5355339059327351e-01 
    2174           166     -3.5355339059327345e-01 
    2174           171     -3.5355339059327345e-01 
    2174           157     -3.5355339059327334e-01 
    2174           159     -3.5355339059327340e-01 
    2175            11      4.9999999999999961e-01 
    2175           103     -1.4999999999999984e+00 
    2175            92      4.9999999999999961e-01 
    2175            96      4.9999999999999950e-01 
    2175            87      4.9999999999999939e-01 
    2175           137      4.9999999999999956e-01 
    2175            89      4.9999999999999944e-01 
    2176           218     -4.9999999999999939e-01 
    2177             7     -4.9999999999999978e-01 
    2177            61      1.4999999999999991e+00 
    2177            54     -4.9999999999999978e-01 
    2177            49     -4.9999999999999950e-01 
    2177            73     -4.9999999999999972e-01 
    2177            51     -4.9999999999999961e-01 
    2177           133     -4.9999999999999967e-01 
    2178           165     -1.4999999999999993e+00 
    2178           196      9.9999999999999900e-01 
    2179           169      1.4999999999999989e+00 
    2179           215     -9.9999999999999833e-01 
    2180             4     -9.9999999999999967e-01 
    2180            31     -9.9999999999999922e-01 
    2180            40     -9.9999999999999933e-01 
    2180            33     -9.9999999999999933e-01 
    2180            64      1.5000000000000007e+00 
    2180            70     -9.9999999999999900e-01 
    2180           110      1.5000000000000000e+00 
    2180           130     -9.9999999999999889e-01 
    2183           185     -8.6602540378443726e-01 
    2183           169      8.6602540378443726e-01 
    2185           181      8.6602540378443804e-01 
    2185           165     -8.6602540378443804e-01 
    2186           106     -1.2247448713915878e+00 
    2186            95      1.2247448713915878e+00 
    2187           208      8.6602540378443771e-01 
    2188           203     -8.6602540378443726e-01 
    2189            16      3.5355339059327345e-01 
    2189           178     -3.5355339059327379e-01 
    2189           199      7.0710678118654813e-01 
    2189           222     -3.5355339059327351e-01 
    2189           162      3.5355339059327340e-01 
    2189           166      3.5355339059327340e-01 
    2189           171      3.5355339059327340e-01 
    2189           142     -7.0710678118654646e-01 
    2189           157      3.5355339059327329e-01 
    2189           159      3.5355339059327334e-01 
    2190           227     -8.6602540378443738e-01 
    2191            16      6.1237243569579369e-01 
    2191           178     -6.1237243569579425e-01 
    2191           222      6.1237243569579347e-01 
    2191           162      6.1237243569579369e-01 
    2191           166      6.1237243569579358e-01 
    2191           171      6.1237243569579358e-01 
    2191           142     -1.2247448713915867e+00 
    2191           157      6.1237243569579347e-01 
    2191           159      6.1237243569579358e-01 
    2192            11     -8.6602540378443738e-01 
    2192           103      8.6602540378443837e-01 
    2192            92     -8.6602540378443749e-01 
    2192            96     -8.6602540378443726e-01 
    2192            77      1.7320508075688739e+00 
    2192            87     -8.6602540378443715e-01 
    2192           137     -8.6602540378443738e-01 
    2192            89     -8.6602540378443726e-01 
    2193           218      8.6602540378443704e-01 
    2194             7      8.6602540378443771e-01 
    2194            61     -8.6602540378443849e-01 
    2194            54      8.6602540378443760e-01 
    2194            43     -1.7320508075688745e+00 
    2194            49      8.6602540378443726e-01 
    2194            73      8.6602540378443760e-01 
    2194            51      8.6602540378443749e-01 
    2194           133      8.6602540378443760e-01 
    2196           165     -8.6602540378443804e-01 
    2197            95      1.2247448713915878e+00 
    2198           169      8.6602540378443726e-01 
    2199            64     -8.6602540378443860e-01 
    2199           110      8.6602540378443793e-01 
    2200           106     -1.2247448713915865e+00 
    2201           209     -1.2247448713915876e+00 
    2202           204      1.2247448713915872e+00 
    2203            17     -4.9999999999999950e-01 
    2203           200     -1.0000000000000011e+00 
    2203           223      4.9999999999999961e-01 
    2203           183     -4.9999999999999950e-01 
    2203           188     -4.9999999999999950e-01 
    2203           144      4.9999999999999933e-01 
    2203           161      4.9999999999999939e-01 
    2203           174     -4.9999999999999922e-01 
    2203           176     -9.9999999999999878e-01 
    2204           228      1.2247448713915874e+00 
    2205            17     -8.6602540378443749e-01 
    2205           223     -8.6602540378443726e-01 
    2205           183     -8.6602540378443738e-01 
    2205           188     -8.6602540378443749e-01 
    2205           144      8.6602540378443704e-01 
    2205           161      8.6602540378443738e-01 
    2205           174     -8.6602540378443693e-01 
    2205           176     -1.7320508075688748e+00 
    2206            12      1.2247448713915874e+00 
    2206           108      1.2247448713915872e+00 
    2206            79     -1.2247448713915867e+00 
    2206            91     -1.2247448713915872e+00 
    2206            99      1.2247448713915865e+00 
    2206           101      2.4494897427831743e+00 
    2206           138      1.2247448713915874e+00 
    2207           219     -1.2247448713915867e+00 
    2208             8     -1.2247448713915876e+00 
    2208            45      1.2247448713915869e+00 
    2208            53      1.2247448713915874e+00 
    2208            57     -1.2247448713915867e+00 
    2208            59     -2.4494897427831748e+00 
    2208            74     -1.2247448713915876e+00 
    2208           134     -1.2247448713915874e+00 
    2209            18     -9.9999999999999956e-01 
    2209           224      9.9999999999999967e-01 
    2209           206     -9.9999999999999944e-01 
    2209           147     -5.0000000000000000e-01 
    2209           164      9.9999999999999900e-01 
    2209           182     -5.0000000000000022e-01 
    2209           192     -9.9999999999999867e-01 
    2209           194     -1.9999999999999980e+00 
    2209           197     -9.9999999999999933e-01 
    2210            19      9.9999999999999933e-01 
    2210           205     -9.9999999999999911e-01 
    2210           220      9.9999999999999878e-01 
    2210           151      5.0000000000000000e-01 
    2210           168     -9.9999999999999833e-01 
    2210           186      5.0000000000000033e-01 
    2210           211      9.9999999999999778e-01 
    2210           213      1.9999999999999967e+00 
    2210           216      9.9999999999999867e-01 
    2211             0      9.9999999999999967e-01 
    2211            14      1.0000000000000000e+00 
    2211             9      9.9999999999999956e-01 
    2211           125     -9.9999999999999967e-01 
    2211           135      9.9999999999999933e-01 
    2211             2      1.9999999999999996e+00 
    2211            23     -9.9999999999999933e-01 
    2211            24      1.9999999999999987e+00 
    2211            26      9.9999999999999967e-01 
    2211             5      1.0000000000000000e+00 
    2211            30     -1.0000000000000000e+00 
    2211            35     -9.9999999999999967e-01 
    2211            36      9.9999999999999922e-01 
    2211            38      1.9999999999999993e+00 
    2211            48      5.0000000000000089e-01 
    2211            56     -9.9999999999999900e-01 
    2211            65      5.0000000000000144e-01 
    2211            66      9.9999999999999856e-01 
    2211            68      1.9999999999999980e+00 
    2211            71      9.9999999999999933e-01 
    2211            86      5.0000000000000044e-01 
    2211            98     -9.9999999999999889e-01 
    2211           111      5.0000000000000089e-01 
    2211           126      9.9999999999999845e-01 
    2211           128      1.9999999999999978e+00 
    2211           131      9.9999999999999922e-01 
    2218            98      9.9999999999999978e-01 
    2219            94     -1.4142135623730943e+00 
    2221            56      9.9999999999999978e-01 
    2224            91     -9.9999999999999889e-01 
    2227            53     -9.9999999999999911e-01 
    2232           106     -1.2247448713915876e+00 
    2232            95      1.2247448713915876e+00 
    2236            11      1.2247448713915878e+00 
    2236           103     -1.2247448713915883e+00 
    2236            92      1.2247448713915878e+00 
    2236            87      1.2247448713915874e+00 
    2236           227     -1.2247448713915878e+00 
    2236           242      2.4494897427831757e+00 
    2236            89      1.2247448713915876e+00 
    2237           222     -1.2247448713915865e+00 
    2238           203      1.4999999999999973e+00 
    2239             7      1.2247448713915881e+00 
    2239            61     -1.2247448713915885e+00 
    2239            54      1.2247448713915881e+00 
    2239            49      1.2247448713915876e+00 
    2239           208     -1.2247448713915881e+00 
    2239           238      2.4494897427831761e+00 
    2239            51      1.2247448713915878e+00 
    2240           203      8.6602540378443715e-01 
    2240           218     -1.7320508075688743e+00 
    2242           199     -1.2247448713915865e+00 
    2244           185      1.2247448713915874e+00 
    2245           181      1.2247448713915865e+00 
    2247           110     -9.9999999999999956e-01 
    2248           106      7.0710678118654691e-01 
    2248            95      7.0710678118654691e-01 
    2250            64     -9.9999999999999956e-01 
    2253            11      7.0710678118654713e-01 
    2253           103      7.0710678118654680e-01 
    2253            92      7.0710678118654702e-01 
    2253            77     -1.4142135623730936e+00 
    2253            87      7.0710678118654680e-01 
    2253           227     -7.0710678118654713e-01 
    2253           242      1.4142135623730943e+00 
    2253            89      7.0710678118654691e-01 
    2254           222     -7.0710678118654613e-01 
    2255           203      8.6602540378443704e-01 
    2256             7      7.0710678118654724e-01 
    2256            61      7.0710678118654702e-01 
    2256            54      7.0710678118654713e-01 
    2256            43     -1.4142135623730936e+00 
    2256            49      7.0710678118654691e-01 
    2256           208     -7.0710678118654724e-01 
    2256           238      1.4142135623730945e+00 
    2256            51      7.0710678118654702e-01 
    2257           203      4.9999999999999906e-01 
    2257           218     -9.9999999999999811e-01 
    2259           199     -7.0710678118654613e-01 
    2261             4     -9.9999999999999956e-01 
    2261            28      1.9999999999999978e+00 
    2261            31     -9.9999999999999900e-01 
    2261           190      9.9999999999999956e-01 
    2261           235     -1.9999999999999991e+00 
    2261            40     -9.9999999999999933e-01 
    2261            33     -9.9999999999999922e-01 
    2262           185     -7.0710678118654668e-01 
    2262           215      1.4142135623730934e+00 
    2264           181     -7.0710678118654646e-01 
    2264           196      1.4142135623730929e+00 
    2267            12      9.9999999999999922e-01 
    2267            79      9.9999999999999767e-01 
    2267            91     -9.9999999999999889e-01 
    2267            99      9.9999999999999845e-01 
    2267           101      1.9999999999999978e+00 
    2267           228     -9.9999999999999922e-01 
    2267           243      1.9999999999999984e+00 
    2268           223     -9.9999999999999878e-01 
    2269           204      1.2247448713915878e+00 
    2270             8      9.9999999999999933e-01 
    2270            45      9.9999999999999800e-01 
    2270            53     -9.9999999999999911e-01 
    2270            57      9.9999999999999867e-01 
    2270            59      1.9999999999999982e+00 
    2270           209     -9.9999999999999933e-01 
    2270           239      1.9999999999999987e+00 
    2271           204      7.0710678118654680e-01 
    2271           219     -1.4142135623730936e+00 
    2273           200     -9.9999999999999889e-01 
    2275           151     -1.2247448713915874e+00 
    2275           186      1.2247448713915885e+00 
    2276           147     -1.2247448713915865e+00 
    2276           182      1.2247448713915878e+00 
    2278             0      9.9999999999999967e-01 
    2278            20      2.0000000000000004e+00 
    2278           251      1.0000000000000000e+00 
    2278             2      1.9999999999999996e+00 
    2278            23     -9.9999999999999933e-01 
    2278            24      1.9999999999999987e+00 
    2278            26      9.9999999999999967e-01 
    2278             5      1.0000000000000000e+00 
    2278            30      9.9999999999999889e-01 
    2278            35     -9.9999999999999967e-01 
    2278           156     -9.9999999999999933e-01 
    2278           173     -1.9999999999999996e+00 
    2278           191     -1.0000000000000000e+00 
    2278            36      9.9999999999999922e-01 
    2278            38      1.9999999999999993e+00 
    2278           231      1.9999999999999987e+00 
    2278           233      3.9999999999999991e+00 
    2278           236      2.0000000000000000e+00 
    2285           168      1.4142135623730940e+00 
    2286           164     -9.9999999999999878e-01 
    2287            94     -9.9999999999999933e-01 
    2289            56      9.9999999999999978e-01 
    2291           161     -7.0710678118654624e-01 
    2292            91     -7.0710678118654668e-01 
    2295            53     -9.9999999999999911e-01 
    2299           181     -8.6602540378443693e-01 
    2299           165      8.6602540378443693e-01 
    2300           106     -8.6602540378443749e-01 
    2300            95      8.6602540378443749e-01 
    2303            16      8.6602540378443726e-01 
    2303           178     -8.6602540378443749e-01 
    2303           222     -1.7320508075688739e+00 
    2303           162      8.6602540378443726e-01 
    2303           171      8.6602540378443693e-01 
    2303           157      8.6602540378443693e-01 
    2303           247      8.6602540378443715e-01 
    2303           159      8.6602540378443715e-01 
    2304            11      8.6602540378443771e-01 
    2304           103     -8.6602540378443793e-01 
    2304            92      8.6602540378443771e-01 
    2304            87      8.6602540378443738e-01 
    2304           227     -1.7320508075688752e+00 
    2304           242      8.6602540378443760e-01 
    2304           137      8.6602540378443749e-01 
    2304            89      8.6602540378443760e-01 
    2305           123     -1.0606601717798196e+00 
    2305           208      1.0606601717798196e+00 
    2306           170      8.6602540378443749e-01 
    2306           218     -1.7320508075688750e+00 
    2307             7      1.2247448713915881e+00 
    2307            61     -1.2247448713915885e+00 
    2307            54      1.2247448713915881e+00 
    2307            49      1.2247448713915876e+00 
    2307            51      1.2247448713915878e+00 
    2307           123     -6.1237243569579380e-01 
    2307           208     -6.1237243569579380e-01 
    2307           133      1.2247448713915876e+00 
    2307           238      1.2247448713915876e+00 
    2308           203      8.6602540378443726e-01 
    2308           218     -1.7320508075688745e+00 
    2309           119      8.6602540378443726e-01 
    2310           199      8.6602540378443738e-01 
    2311           110     -8.6602540378443804e-01 
    2311           190      8.6602540378443804e-01 
    2312           106     -8.6602540378443726e-01 
    2313           181     -8.6602540378443738e-01 
    2314           185     -7.0710678118654680e-01 
    2314           169     -7.0710678118654680e-01 
    2315           181      4.9999999999999922e-01 
    2315           165      4.9999999999999922e-01 
    2316           106      4.9999999999999950e-01 
    2316            95      4.9999999999999950e-01 
    2318            64     -9.9999999999999956e-01 
    2320            16      4.9999999999999939e-01 
    2320           178      4.9999999999999933e-01 
    2320           222     -9.9999999999999845e-01 
    2320           162      4.9999999999999928e-01 
    2320           171      4.9999999999999922e-01 
    2320           142     -9.9999999999999822e-01 
    2320           157      4.9999999999999911e-01 
    2320           247      4.9999999999999928e-01 
    2320           159      4.9999999999999922e-01 
    2321            11      4.9999999999999961e-01 
    2321           103      4.9999999999999956e-01 
    2321            92      4.9999999999999961e-01 
    2321            77     -9.9999999999999867e-01 
    2321            87      4.9999999999999944e-01 
    2321           227     -9.9999999999999922e-01 
    2321           242      4.9999999999999950e-01 
    2321           137      4.9999999999999956e-01 
    2321            89      4.9999999999999950e-01 
    2322           123     -6.1237243569579369e-01 
    2322           208      6.1237243569579380e-01 
    2323           170      4.9999999999999950e-01 
    2323           218     -9.9999999999999900e-01 
    2324             7      7.0710678118654724e-01 
    2324            61      7.0710678118654702e-01 
    2324            54      7.0710678118654713e-01 
    2324            43     -1.4142135623730936e+00 
    2324            49      7.0710678118654691e-01 
    2324            51      7.0710678118654702e-01 
    2324           123     -3.5355339059327345e-01 
    2324           208     -3.5355339059327351e-01 
    2324           133      7.0710678118654691e-01 
    2324           238      7.0710678118654702e-01 
    2325           203      4.9999999999999917e-01 
    2325           218     -9.9999999999999833e-01 
    2326           119      4.9999999999999922e-01 
    2327           199      4.9999999999999928e-01 
    2328           169     -7.0710678118654680e-01 
    2328           215      1.4142135623730936e+00 
    2329             4     -9.9999999999999956e-01 
    2329            28      1.9999999999999978e+00 
    2329            31     -9.9999999999999900e-01 
    2329            40     -9.9999999999999933e-01 
    2329            33     -9.9999999999999922e-01 
    2329           110      4.9999999999999950e-01 
    2329           190      4.9999999999999961e-01 
    2329           130     -9.9999999999999900e-01 
    2329           235     -9.9999999999999922e-01 
    2330           185     -7.0710678118654680e-01 
    2330           215      1.4142135623730936e+00 
    2331           106      4.9999999999999944e-01 
    2331           116     -9.9999999999999889e-01 
    2332           181      4.9999999999999950e-01 
    2332           196     -9.9999999999999900e-01 
    2334            17      7.0710678118654646e-01 
    2334           223     -1.4142135623730927e+00 
    2334           188      7.0710678118654635e-01 
    2334           144      7.0710678118654557e-01 
    2334           161     -7.0710678118654624e-01 
    2334           174      7.0710678118654591e-01 
    2334           176      1.4142135623730925e+00 
    2334           248      7.0710678118654635e-01 
    2335            12      7.0710678118654691e-01 
    2335            79      7.0710678118654580e-01 
    2335            91     -7.0710678118654668e-01 
    2335            99      7.0710678118654635e-01 
    2335           101      1.4142135623730934e+00 
    2335           228     -1.4142135623730936e+00 
    2335           243      7.0710678118654680e-01 
    2335           138      7.0710678118654680e-01 
    2336           124     -8.6602540378443726e-01 
    2336           209      8.6602540378443726e-01 
    2337           187      7.0710678118654668e-01 
    2337           219     -1.4142135623730934e+00 
    2338             8      9.9999999999999933e-01 
    2338            45      9.9999999999999800e-01 
    2338            53     -9.9999999999999911e-01 
    2338            57      9.9999999999999867e-01 
    2338            59      1.9999999999999982e+00 
    2338           124     -4.9999999999999944e-01 
    2338           209     -4.9999999999999950e-01 
    2338           134      9.9999999999999889e-01 
    2338           239      9.9999999999999900e-01 
    2339           204      7.0710678118654691e-01 
    2339           219     -1.4142135623730938e+00 
    2340           120      7.0710678118654702e-01 
    2341           200      7.0710678118654702e-01 
    2342            86      8.6602540378443826e-01 
    2342           111     -8.6602540378443915e-01 
    2342           156     -8.6602540378443738e-01 
    2342           191      8.6602540378443826e-01 
    2343            82      8.6602540378443726e-01 
    2343           107     -8.6602540378443826e-01 
    2344           147      8.6602540378443738e-01 
    2344           182     -8.6602540378443826e-01 
    2345            19     -1.4142135623730945e+00 
    2345           250     -1.4142135623730943e+00 
    2345           151      7.0710678118654668e-01 
    2345           168      1.4142135623730940e+00 
    2345           186      7.0710678118654713e-01 
    2345           211     -1.4142135623730934e+00 
    2345           213     -2.8284271247461881e+00 
    2345           216     -1.4142135623730943e+00 
    2346             0      9.9999999999999967e-01 
    2346            20      1.0000000000000000e+00 
    2346            14      9.9999999999999967e-01 
    2346           230      9.9999999999999956e-01 
    2346           245      9.9999999999999956e-01 
    2346             2      1.9999999999999996e+00 
    2346            23     -9.9999999999999933e-01 
    2346            24      1.9999999999999987e+00 
    2346            26      9.9999999999999967e-01 
    2346             5      1.0000000000000000e+00 
    2346            30      9.9999999999999889e-01 
    2346            35     -9.9999999999999967e-01 
    2346            36      9.9999999999999922e-01 
    2346            38      1.9999999999999993e+00 
    2346            86     -4.9999999999999944e-01 
    2346            98     -9.9999999999999933e-01 
    2346           111     -4.9999999999999978e-01 
    2346           156     -4.9999999999999950e-01 
    2346           173     -9.9999999999999956e-01 
    2346           191     -4.9999999999999983e-01 
    2346           126      9.9999999999999889e-01 
    2346           128      1.9999999999999987e+00 
    2346           131      9.9999999999999956e-01 
    2346           231      9.9999999999999900e-01 
    2346           233      1.9999999999999991e+00 
    2346           236      9.9999999999999967e-01 
    2353           173      9.9999999999999978e-01 
    2355           164     -1.4142135623730940e+00 
    2358            56      9.9999999999999978e-01 
    2360           161     -9.9999999999999867e-01 
    2364            53     -9.9999999999999911e-01 
    2368           181     -1.2247448713915874e+00 
    2368           165      1.2247448713915874e+00 
    2371           227     -1.2247448713915878e+00 
    2372            16      1.2247448713915874e+00 
    2372           178     -1.2247448713915881e+00 
    2372           222     -1.2247448713915876e+00 
    2372           162      1.2247448713915876e+00 
    2372           171      2.4494897427831752e+00 
    2372           157      1.2247448713915872e+00 
    2372           159      1.2247448713915874e+00 
    2373           170     -1.4999999999999971e+00 
    2375           170      8.6602540378443771e-01 
    2375           218     -1.7320508075688754e+00 
    2376             7      1.2247448713915881e+00 
    2376            61     -1.2247448713915885e+00 
    2376            54      1.2247448713915881e+00 
    2376            49      1.2247448713915876e+00 
    2376            51      1.2247448713915878e+00 
    2376           123     -1.2247448713915881e+00 
    2376           133      2.4494897427831761e+00 
    2378           119     -1.2247448713915872e+00 
    2379           169     -1.2247448713915876e+00 
    2381           106      1.2247448713915869e+00 
    2382           190     -9.9999999999999956e-01 
    2384           181      7.0710678118654680e-01 
    2384           165      7.0710678118654680e-01 
    2387            64     -9.9999999999999956e-01 
    2388           227     -7.0710678118654713e-01 
    2389            16      7.0710678118654691e-01 
    2389           178      7.0710678118654657e-01 
    2389           222     -7.0710678118654691e-01 
    2389           162      7.0710678118654691e-01 
    2389           171      1.4142135623730938e+00 
    2389           142     -1.4142135623730931e+00 
    2389           157      7.0710678118654668e-01 
    2389           159      7.0710678118654680e-01 
    2390           170     -8.6602540378443726e-01 
    2392           170      4.9999999999999967e-01 
    2392           218     -9.9999999999999933e-01 
    2393             7      7.0710678118654724e-01 
    2393            61      7.0710678118654702e-01 
    2393            54      7.0710678118654713e-01 
    2393            43     -1.4142135623730936e+00 
    2393            49      7.0710678118654691e-01 
    2393            51      7.0710678118654702e-01 
    2393           123     -7.0710678118654724e-01 
    2393           133      1.4142135623730945e+00 
    2395           119     -7.0710678118654635e-01 
    2397           169     -7.0710678118654691e-01 
    2397           215      1.4142135623730938e+00 
    2398             4     -9.9999999999999956e-01 
    2398            28      1.9999999999999978e+00 
    2398            31     -9.9999999999999900e-01 
    2398            40     -9.9999999999999933e-01 
    2398            33     -9.9999999999999922e-01 
    2398           110      9.9999999999999956e-01 
    2398           130     -1.9999999999999991e+00 
    2400           106     -7.0710678118654668e-01 
    2400           116      1.4142135623730934e+00 
    2402           228     -9.9999999999999922e-01 
    2403            17      9.9999999999999900e-01 
    2403           223     -9.9999999999999911e-01 
    2403           188      1.9999999999999982e+00 
    2403           144      9.9999999999999734e-01 
    2403           161     -9.9999999999999867e-01 
    2403           174      9.9999999999999822e-01 
    2403           176      1.9999999999999973e+00 
    2404           187     -1.2247448713915865e+00 
    2406           187      7.0710678118654680e-01 
    2406           219     -1.4142135623730936e+00 
    2407             8      9.9999999999999933e-01 
    2407            45      9.9999999999999800e-01 
    2407            53     -9.9999999999999911e-01 
    2407            57      9.9999999999999867e-01 
    2407            59      1.9999999999999982e+00 
    2407           124     -9.9999999999999933e-01 
    2407           134      1.9999999999999987e+00 
    2409           120     -9.9999999999999922e-01 
    2410           151      1.2247448713915869e+00 
    2410           186     -1.2247448713915878e+00 
    2412            82     -1.2247448713915869e+00 
    2412           107      1.2247448713915883e+00 
    2413           230      1.0000000000000002e+00 
    2414            19     -1.4142135623730949e+00 
    2414           225     -1.4142135623730945e+00 
    2414           151      7.0710678118654680e-01 
    2414           168      1.4142135623730943e+00 
    2414           186      7.0710678118654724e-01 
    2414           211     -1.4142135623730936e+00 
    2414           213     -2.8284271247461885e+00 
    2414           216     -1.4142135623730945e+00 
    2415             0      9.9999999999999967e-01 
    2415            14      2.0000000000000004e+00 
    2415           140      1.0000000000000000e+00 
    2415             2      1.9999999999999996e+00 
    2415            23     -9.9999999999999933e-01 
    2415            24      1.9999999999999987e+00 
    2415            26      9.9999999999999967e-01 
    2415             5      1.0000000000000000e+00 
    2415            30      9.9999999999999889e-01 
    2415            35     -9.9999999999999967e-01 
    2415            36      9.9999999999999922e-01 
    2415            38      1.9999999999999993e+00 
    2415            86     -9.9999999999999933e-01 
    2415            98     -1.9999999999999996e+00 
    2415           111     -1.0000000000000000e+00 
    2415           126      1.9999999999999987e+00 
    2415           128      3.9999999999999991e+00 
    2415           131      2.0000000000000000e+00 
    2423           168     -9.9999999999999900e-01 
    2424            98      9.9999999999999933e-01 
    2425           164      1.4142135623730936e+00 
    2426            94     -9.9999999999999933e-01 
    2430            91      8.6602540378443715e-01 
    2431           161     -7.0710678118654613e-01 
    2432            91      4.9999999999999922e-01 
    2434            53     -7.0710678118654680e-01 
    2436           185      8.6602540378443738e-01 
    2436           169     -8.6602540378443738e-01 
    2438           106      8.6602540378443782e-01 
    2438            95     -8.6602540378443782e-01 
    2440           203     -1.7320508075688745e+00 
    2440           170      8.6602540378443738e-01 
    2441           123      8.6602540378443760e-01 
    2442            11     -1.0606601717798199e+00 
    2442           103      1.0606601717798201e+00 
    2442            92     -1.0606601717798199e+00 
    2442            96     -1.0606601717798196e+00 
    2442            87     -1.0606601717798194e+00 
    2442           227      1.0606601717798192e+00 
    2442           242     -1.0606601717798196e+00 
    2442            89     -1.0606601717798196e+00 
    2443            16      8.6602540378443704e-01 
    2443           178     -8.6602540378443738e-01 
    2443           199     -1.7320508075688736e+00 
    2443           162      8.6602540378443715e-01 
    2443           166      8.6602540378443693e-01 
    2443           157      8.6602540378443682e-01 
    2443           247      8.6602540378443704e-01 
    2443           159      8.6602540378443693e-01 
    2444            11     -6.1237243569579369e-01 
    2444           103      6.1237243569579380e-01 
    2444           119      1.2247448713915869e+00 
    2444            92     -6.1237243569579369e-01 
    2444            96     -6.1237243569579358e-01 
    2444            87     -6.1237243569579347e-01 
    2444           227     -6.1237243569579369e-01 
    2444           242     -6.1237243569579358e-01 
    2444            89     -6.1237243569579358e-01 
    2445           222      8.6602540378443749e-01 
    2446             7      8.6602540378443782e-01 
    2446            61     -8.6602540378443815e-01 
    2446            54      8.6602540378443793e-01 
    2446            49      8.6602540378443760e-01 
    2446           208     -1.7320508075688748e+00 
    2446           238      8.6602540378443738e-01 
    2446            73      8.6602540378443771e-01 
    2446            51      8.6602540378443771e-01 
    2447           203     -1.7320508075688736e+00 
    2447           218      8.6602540378443682e-01 
    2448            95     -8.6602540378443782e-01 
    2449            64     -8.6602540378443793e-01 
    2449           190      8.6602540378443738e-01 
    2450           185      8.6602540378443660e-01 
    2452           185      4.9999999999999939e-01 
    2452           169      4.9999999999999939e-01 
    2453           110     -9.9999999999999900e-01 
    2454           181     -7.0710678118654657e-01 
    2454           165     -7.0710678118654657e-01 
    2455           106      4.9999999999999950e-01 
    2455            95      4.9999999999999950e-01 
    2457           203     -9.9999999999999867e-01 
    2457           170      4.9999999999999928e-01 
    2458           123      4.9999999999999961e-01 
    2459            11     -6.1237243569579380e-01 
    2459           103     -6.1237243569579358e-01 
    2459            92     -6.1237243569579369e-01 
    2459            96     -6.1237243569579369e-01 
    2459            77      1.2247448713915869e+00 
    2459            87     -6.1237243569579347e-01 
    2459           227      6.1237243569579347e-01 
    2459           242     -6.1237243569579369e-01 
    2459            89     -6.1237243569579358e-01 
    2460            16      4.9999999999999928e-01 
    2460           178      4.9999999999999917e-01 
    2460           199     -9.9999999999999822e-01 
    2460           162      4.9999999999999922e-01 
    2460           166      4.9999999999999922e-01 
    2460           142     -9.9999999999999800e-01 
    2460           157      4.9999999999999906e-01 
    2460           247      4.9999999999999922e-01 
    2460           159      4.9999999999999911e-01 
    2461            11     -3.5355339059327340e-01 
    2461           103     -3.5355339059327340e-01 
    2461           119      7.0710678118654657e-01 
    2461            92     -3.5355339059327334e-01 
    2461            96     -3.5355339059327334e-01 
    2461            77      7.0710678118654646e-01 
    2461            87     -3.5355339059327323e-01 
    2461           227     -3.5355339059327340e-01 
    2461           242     -3.5355339059327334e-01 
    2461            89     -3.5355339059327329e-01 
    2462           222      4.9999999999999933e-01 
    2463             7      4.9999999999999978e-01 
    2463            61      4.9999999999999961e-01 
    2463            54      4.9999999999999967e-01 
    2463            43     -9.9999999999999889e-01 
    2463            49      4.9999999999999950e-01 
    2463           208     -9.9999999999999889e-01 
    2463           238      4.9999999999999950e-01 
    2463            73      4.9999999999999967e-01 
    2463            51      4.9999999999999961e-01 
    2464           203     -9.9999999999999778e-01 
    2464           218      4.9999999999999900e-01 
    2465           165     -7.0710678118654657e-01 
    2465           196      1.4142135623730931e+00 
    2466            95      4.9999999999999950e-01 
    2466           116     -9.9999999999999900e-01 
    2468             4     -9.9999999999999956e-01 
    2468            28      1.9999999999999978e+00 
    2468            31     -9.9999999999999900e-01 
    2468            40     -9.9999999999999933e-01 
    2468            33     -9.9999999999999922e-01 
    2468            64      4.9999999999999950e-01 
    2468           190      4.9999999999999944e-01 
    2468            70     -9.9999999999999900e-01 
    2468           235     -9.9999999999999889e-01 
    2469           185      4.9999999999999922e-01 
    2469           215     -9.9999999999999845e-01 
    2470           181     -7.0710678118654668e-01 
    2470           196      1.4142135623730934e+00 
    2471           204     -1.4142135623730929e+00 
    2471           187      7.0710678118654635e-01 
    2472           124      7.0710678118654680e-01 
    2473            12     -8.6602540378443738e-01 
    2473           108     -8.6602540378443726e-01 
    2473            79     -8.6602540378443649e-01 
    2473            91      8.6602540378443715e-01 
    2473            99     -8.6602540378443682e-01 
    2473           101     -1.7320508075688743e+00 
    2473           228      8.6602540378443704e-01 
    2473           243     -8.6602540378443726e-01 
    2474            17      7.0710678118654635e-01 
    2474           200     -1.4142135623730920e+00 
    2474           183      7.0710678118654624e-01 
    2474           144      7.0710678118654546e-01 
    2474           161     -7.0710678118654613e-01 
    2474           174      7.0710678118654580e-01 
    2474           176      1.4142135623730923e+00 
    2474           248      7.0710678118654624e-01 
    2475            12     -4.9999999999999939e-01 
    2475           120      9.9999999999999845e-01 
    2475           108     -4.9999999999999928e-01 
    2475            79     -4.9999999999999872e-01 
    2475            91      4.9999999999999922e-01 
    2475            99     -4.9999999999999900e-01 
    2475           101     -9.9999999999999845e-01 
    2475           228     -4.9999999999999922e-01 
    2475           243     -4.9999999999999928e-01 
    2476           223      7.0710678118654713e-01 
    2477             8      7.0710678118654702e-01 
    2477            45      7.0710678118654591e-01 
    2477            53     -7.0710678118654680e-01 
    2477            57      7.0710678118654646e-01 
    2477            59      1.4142135623730936e+00 
    2477           209     -1.4142135623730931e+00 
    2477           239      7.0710678118654668e-01 
    2477            74      7.0710678118654691e-01 
    2478           204     -1.4142135623730931e+00 
    2478           219      7.0710678118654657e-01 
    2479            82      8.6602540378443738e-01 
    2479           107     -8.6602540378443804e-01 
    2480            48      8.6602540378443804e-01 
    2480            65     -8.6602540378443893e-01 
    2480           156     -8.6602540378443671e-01 
    2480           191      8.6602540378443760e-01 
    2481           151     -8.6602540378443660e-01 
    2481           186      8.6602540378443749e-01 
    2482            18     -1.4142135623730940e+00 
    2482           249     -1.4142135623730938e+00 
    2482           147      7.0710678118654646e-01 
    2482           164      1.4142135623730936e+00 
    2482           182      7.0710678118654680e-01 
    2482           192     -1.4142135623730929e+00 
    2482           194     -2.8284271247461872e+00 
    2482           197     -1.4142135623730936e+00 
    2483            13      9.9999999999999967e-01 
    2483           229      9.9999999999999956e-01 
    2483           244      9.9999999999999956e-01 
    2483            82     -4.9999999999999944e-01 
    2483            94     -9.9999999999999933e-01 
    2483           107     -4.9999999999999972e-01 
    2483           112      9.9999999999999889e-01 
    2483           114      1.9999999999999987e+00 
    2483           117      9.9999999999999944e-01 
    2484           224     -1.4142135623730945e+00 
    2485             0      9.9999999999999967e-01 
    2485            20      1.0000000000000000e+00 
    2485             9      9.9999999999999967e-01 
    2485           210      9.9999999999999889e-01 
    2485           240      9.9999999999999922e-01 
    2485             2      1.9999999999999996e+00 
    2485            23     -9.9999999999999933e-01 
    2485            24      1.9999999999999987e+00 
    2485            26      9.9999999999999967e-01 
    2485             5      1.0000000000000000e+00 
    2485            30      9.9999999999999889e-01 
    2485            35     -9.9999999999999967e-01 
    2485            36      9.9999999999999922e-01 
    2485            38      1.9999999999999993e+00 
    2485            48     -4.9999999999999944e-01 
    2485            56     -9.9999999999999933e-01 
    2485            65     -4.9999999999999978e-01 
    2485           156     -4.9999999999999939e-01 
    2485           173     -9.9999999999999922e-01 
    2485           191     -4.9999999999999967e-01 
    2485            66      9.9999999999999889e-01 
    2485            68      1.9999999999999987e+00 
    2485            71      9.9999999999999956e-01 
    2485           231      9.9999999999999878e-01 
    2485           233      1.9999999999999984e+00 
    2485           236      9.9999999999999933e-01 
    2493           173      9.9999999999999967e-01 
    2494           168     -9.9999999999999889e-01 
    2496           164     -9.9999999999999944e-01 
    2497            94      1.4142135623730940e+00 
    2500           161     -8.6602540378443704e-01 
    2502           161      4.9999999999999928e-01 
    2503            91     -7.0710678118654635e-01 
    2505            53     -7.0710678118654680e-01 
    2507           185     -8.6602540378443726e-01 
    2507           169      8.6602540378443726e-01 
    2508           181     -8.6602540378443771e-01 
    2508           165      8.6602540378443771e-01 
    2510           208      8.6602540378443782e-01 
    2511           203      8.6602540378443726e-01 
    2511           170     -1.7320508075688743e+00 
    2512            16      1.0606601717798196e+00 
    2512           178     -1.0606601717798199e+00 
    2512           222     -1.0606601717798196e+00 
    2512           162      1.0606601717798196e+00 
    2512           166      1.0606601717798194e+00 
    2512           171      1.0606601717798194e+00 
    2512           157      1.0606601717798192e+00 
    2512           159      1.0606601717798194e+00 
    2513           227      8.6602540378443738e-01 
    2514            16     -6.1237243569579369e-01 
    2514           178      6.1237243569579380e-01 
    2514           199      1.2247448713915869e+00 
    2514           222     -6.1237243569579347e-01 
    2514           162     -6.1237243569579369e-01 
    2514           166     -6.1237243569579358e-01 
    2514           171     -6.1237243569579358e-01 
    2514           157     -6.1237243569579347e-01 
    2514           159     -6.1237243569579358e-01 
    2515            11      8.6602540378443738e-01 
    2515           103     -8.6602540378443771e-01 
    2515           119     -1.7320508075688741e+00 
    2515            92      8.6602540378443749e-01 
    2515            96      8.6602540378443726e-01 
    2515            87      8.6602540378443715e-01 
    2515           137      8.6602540378443738e-01 
    2515            89      8.6602540378443726e-01 
    2516           170     -1.7320508075688743e+00 
    2516           218      8.6602540378443715e-01 
    2517             7      8.6602540378443782e-01 
    2517            61     -8.6602540378443815e-01 
    2517            54      8.6602540378443793e-01 
    2517            49      8.6602540378443760e-01 
    2517            73      8.6602540378443771e-01 
    2517            51      8.6602540378443771e-01 
    2517           123     -1.7320508075688754e+00 
    2517           133      8.6602540378443771e-01 
    2518           165      8.6602540378443771e-01 
    2519           169      8.6602540378443726e-01 
    2520            64     -8.6602540378443793e-01 
    2520           110      8.6602540378443793e-01 
    2522           190     -9.9999999999999933e-01 
    2523           185      4.9999999999999933e-01 
    2523           169      4.9999999999999933e-01 
    2525           181      4.9999999999999956e-01 
    2525           165      4.9999999999999956e-01 
    2526           106     -7.0710678118654680e-01 
    2526            95     -7.0710678118654680e-01 
    2527           208      4.9999999999999978e-01 
    2528           203      4.9999999999999933e-01 
    2528           170     -9.9999999999999867e-01 
    2529            16      6.1237243569579369e-01 
    2529           178      6.1237243569579347e-01 
    2529           222     -6.1237243569579380e-01 
    2529           162      6.1237243569579358e-01 
    2529           166      6.1237243569579358e-01 
    2529           171      6.1237243569579369e-01 
    2529           142     -1.2247448713915867e+00 
    2529           157      6.1237243569579336e-01 
    2529           159      6.1237243569579347e-01 
    2530           227      4.9999999999999944e-01 
    2531            16     -3.5355339059327345e-01 
    2531           178     -3.5355339059327340e-01 
    2531           199      7.0710678118654657e-01 
    2531           222     -3.5355339059327340e-01 
    2531           162     -3.5355339059327334e-01 
    2531           166     -3.5355339059327334e-01 
    2531           171     -3.5355339059327334e-01 
    2531           142      7.0710678118654646e-01 
    2531           157     -3.5355339059327323e-01 
    2531           159     -3.5355339059327329e-01 
    2532            11      4.9999999999999944e-01 
    2532           103      4.9999999999999933e-01 
    2532           119     -9.9999999999999867e-01 
    2532            92      4.9999999999999939e-01 
    2532            96      4.9999999999999939e-01 
    2532            77     -9.9999999999999845e-01 
    2532            87      4.9999999999999922e-01 
    2532           137      4.9999999999999939e-01 
    2532            89      4.9999999999999928e-01 
    2533           170     -9.9999999999999867e-01 
    2533           218      4.9999999999999939e-01 
    2534             7      4.9999999999999978e-01 
    2534            61      4.9999999999999961e-01 
    2534            54      4.9999999999999967e-01 
    2534            43     -9.9999999999999889e-01 
    2534            49      4.9999999999999950e-01 
    2534            73      4.9999999999999967e-01 
    2534            51      4.9999999999999961e-01 
    2534           123     -9.9999999999999933e-01 
    2534           133      4.9999999999999967e-01 
    2536           165      4.9999999999999956e-01 
    2536           196     -9.9999999999999911e-01 
    2537            95     -7.0710678118654680e-01 
    2537           116      1.4142135623730936e+00 
    2538           169      4.9999999999999933e-01 
    2538           215     -9.9999999999999867e-01 
    2539             4     -9.9999999999999956e-01 
    2539            28      1.9999999999999978e+00 
    2539            31     -9.9999999999999900e-01 
    2539            40     -9.9999999999999933e-01 
    2539            33     -9.9999999999999922e-01 
    2539            64      4.9999999999999950e-01 
    2539            70     -9.9999999999999900e-01 
    2539           110      4.9999999999999961e-01 
    2539           130     -9.9999999999999922e-01 
    2540           106     -7.0710678118654680e-01 
    2540           116      1.4142135623730936e+00 
    2541           209      7.0710678118654702e-01 
    2542           204      7.0710678118654635e-01 
    2542           187     -1.4142135623730929e+00 
    2543            17      8.6602540378443726e-01 
    2543           223     -8.6602540378443749e-01 
    2543           183      8.6602540378443715e-01 
    2543           188      8.6602540378443726e-01 
    2543           144      8.6602540378443638e-01 
    2543           161     -8.6602540378443704e-01 
    2543           174      8.6602540378443671e-01 
    2543           176      1.7320508075688741e+00 
    2544           228      7.0710678118654657e-01 
    2545            17     -4.9999999999999939e-01 
    2545           200      9.9999999999999856e-01 
    2545           223     -4.9999999999999922e-01 
    2545           183     -4.9999999999999933e-01 
    2545           188     -4.9999999999999933e-01 
    2545           144     -4.9999999999999867e-01 
    2545           161      4.9999999999999928e-01 
    2545           174     -4.9999999999999906e-01 
    2545           176     -9.9999999999999856e-01 
    2546            12      7.0710678118654657e-01 
    2546           120     -1.4142135623730929e+00 
    2546           108      7.0710678118654646e-01 
    2546            79      7.0710678118654546e-01 
    2546            91     -7.0710678118654635e-01 
    2546            99      7.0710678118654602e-01 
    2546           101      1.4142135623730927e+00 
    2546           138      7.0710678118654646e-01 
    2547           187     -1.4142135623730929e+00 
    2547           219      7.0710678118654646e-01 
    2548             8      7.0710678118654702e-01 
    2548            45      7.0710678118654591e-01 
    2548            53     -7.0710678118654680e-01 
    2548            57      7.0710678118654646e-01 
    2548            59      1.4142135623730936e+00 
    2548            74      7.0710678118654691e-01 
    2548           124     -1.4142135623730938e+00 
    2548           134      7.0710678118654691e-01 
    2549           147     -8.6602540378443726e-01 
    2549           182      8.6602540378443793e-01 
    2550           151     -8.6602540378443671e-01 
    2550           186      8.6602540378443749e-01 
    2551            48      8.6602540378443804e-01 
    2551            65     -8.6602540378443893e-01 
    2551            86     -8.6602540378443726e-01 
    2551           111      8.6602540378443826e-01 
    2552           229     -1.4142135623730945e+00 
    2553            18      9.9999999999999967e-01 
    2553           224      9.9999999999999956e-01 
    2553           206      9.9999999999999956e-01 
    2553           147     -4.9999999999999950e-01 
    2553           164     -9.9999999999999944e-01 
    2553           182     -4.9999999999999978e-01 
    2553           192      9.9999999999999900e-01 
    2553           194      1.9999999999999989e+00 
    2553           197      9.9999999999999956e-01 
    2554            13     -1.4142135623730945e+00 
    2554           139     -1.4142135623730943e+00 
    2554            82      7.0710678118654668e-01 
    2554            94      1.4142135623730940e+00 
    2554           107      7.0710678118654713e-01 
    2554           112     -1.4142135623730934e+00 
    2554           114     -2.8284271247461881e+00 
    2554           117     -1.4142135623730943e+00 
    2555            19      9.9999999999999933e-01 
    2555           205      9.9999999999999878e-01 
    2555           220      9.9999999999999889e-01 
    2555           151     -4.9999999999999922e-01 
    2555           168     -9.9999999999999889e-01 
    2555           186     -4.9999999999999956e-01 
    2555           211      9.9999999999999845e-01 
    2555           213      1.9999999999999978e+00 
    2555           216      9.9999999999999911e-01 
    2556             0      9.9999999999999967e-01 
    2556            14      1.0000000000000000e+00 
    2556             9      9.9999999999999967e-01 
    2556           125      9.9999999999999956e-01 
    2556           135      9.9999999999999956e-01 
    2556             2      1.9999999999999996e+00 
    2556            23     -9.9999999999999933e-01 
    2556            24      1.9999999999999987e+00 
    2556            26      9.9999999999999967e-01 
    2556             5      1.0000000000000000e+00 
    2556            30      9.9999999999999889e-01 
    2556            35     -9.9999999999999967e-01 
    2556            36      9.9999999999999922e-01 
    2556            38      1.9999999999999993e+00 
    2556            48     -4.9999999999999944e-01 
    2556            56     -9.9999999999999933e-01 
    2556            65     -4.9999999999999978e-01 
    2556            66      9.9999999999999889e-01 
    2556            68      1.9999999999999987e+00 
    2556            71      9.9999999999999956e-01 
    2556            86     -4.9999999999999950e-01 
    2556            98     -9.9999999999999956e-01 
    2556           111     -4.9999999999999983e-01 
    2556           126      9.9999999999999900e-01 
    2556           128      1.9999999999999991e+00 
    2556           131      9.9999999999999967e-01 
    2566           173      9.9999999999999978e-01 
    2567           168     -1.4142135623730943e+00 
    2568            98      9.9999999999999978e-01 
    2575           161     -9.9999999999999867e-01 
    2576            91     -9.9999999999999889e-01 
    2579           185     -1.2247448713915876e+00 
    2579           169      1.2247448713915876e+00 
    2583           203      1.4999999999999971e+00 
    2583           170     -1.4999999999999971e+00 
    2584           208     -1.2247448713915881e+00 
    2585           203      8.6602540378443771e-01 
    2585           170      8.6602540378443771e-01 
    2586           123     -1.2247448713915881e+00 
    2587            16      1.2247448713915874e+00 
    2587           178     -1.2247448713915881e+00 
    2587           199     -1.2247448713915876e+00 
    2587           162      1.2247448713915876e+00 
    2587           166      2.4494897427831752e+00 
    2587           157      1.2247448713915872e+00 
    2587           159      1.2247448713915874e+00 
    2588            11      1.2247448713915878e+00 
    2588           103     -1.2247448713915883e+00 
    2588           119     -1.2247448713915878e+00 
    2588            92      1.2247448713915878e+00 
    2588            96      2.4494897427831757e+00 
    2588            87      1.2247448713915874e+00 
    2588            89      1.2247448713915876e+00 
    2590           165     -1.2247448713915874e+00 
    2591            95     -1.2247448713915876e+00 
    2595           190     -9.9999999999999956e-01 
    2596           185      7.0710678118654691e-01 
    2596           169      7.0710678118654691e-01 
    2597           110     -9.9999999999999956e-01 
    2600           203      8.6602540378443726e-01 
    2600           170     -8.6602540378443726e-01 
    2601           208     -7.0710678118654724e-01 
    2602           203      4.9999999999999967e-01 
    2602           170      4.9999999999999967e-01 
    2603           123     -7.0710678118654724e-01 
    2604            16      7.0710678118654691e-01 
    2604           178      7.0710678118654657e-01 
    2604           199     -7.0710678118654702e-01 
    2604           162      7.0710678118654691e-01 
    2604           166      1.4142135623730940e+00 
    2604           142     -1.4142135623730931e+00 
    2604           157      7.0710678118654668e-01 
    2604           159      7.0710678118654680e-01 
    2605            11      7.0710678118654713e-01 
    2605           103      7.0710678118654680e-01 
    2605           119     -7.0710678118654713e-01 
    2605            92      7.0710678118654702e-01 
    2605            96      1.4142135623730943e+00 
    2605            77     -1.4142135623730936e+00 
    2605            87      7.0710678118654680e-01 
    2605            89      7.0710678118654691e-01 
    2609           165     -7.0710678118654680e-01 
    2609           196      1.4142135623730936e+00 
    2610            95     -7.0710678118654691e-01 
    2610           116      1.4142135623730938e+00 
    2611             4     -9.9999999999999956e-01 
    2611            28      1.9999999999999978e+00 
    2611            31     -9.9999999999999900e-01 
    2611            40     -9.9999999999999933e-01 
    2611            33     -9.9999999999999922e-01 
    2611            64      9.9999999999999956e-01 
    2611            70     -1.9999999999999991e+00 
    2614           204      1.2247448713915865e+00 
    2614           187     -1.2247448713915865e+00 
    2615           209     -9.9999999999999933e-01 
    2616           204      7.0710678118654680e-01 
    2616           187      7.0710678118654680e-01 
    2617           124     -9.9999999999999933e-01 
    2618            17      9.9999999999999900e-01 
    2618           200     -9.9999999999999900e-01 
    2618           183      1.9999999999999980e+00 
    2618           144      9.9999999999999734e-01 
    2618           161     -9.9999999999999867e-01 
    2618           174      9.9999999999999822e-01 
    2618           176      1.9999999999999973e+00 
    2619            12      9.9999999999999922e-01 
    2619           120     -9.9999999999999922e-01 
    2619           108      1.9999999999999984e+00 
    2619            79      9.9999999999999767e-01 
    2619            91     -9.9999999999999889e-01 
    2619            99      9.9999999999999845e-01 
    2619           101      1.9999999999999978e+00 
    2621           147      1.2247448713915865e+00 
    2621           182     -1.2247448713915876e+00 
    2622            82      1.2247448713915867e+00 
    2622           107     -1.2247448713915876e+00 
    2623           210      1.0000000000000002e+00 
    2624           205     -1.4142135623730947e+00 
    2625           125      1.0000000000000002e+00 
    2626            18     -1.4142135623730945e+00 
    2626           201     -1.4142135623730943e+00 
    2626           147      7.0710678118654668e-01 
    2626           164      1.4142135623730940e+00 
    2626           182      7.0710678118654713e-01 
    2626           192     -1.4142135623730934e+00 
    2626           194     -2.8284271247461881e+00 
    2626           197     -1.4142135623730943e+00 
    2627            13     -1.4142135623730949e+00 
    2627           121     -1.4142135623730945e+00 
    2627            82      7.0710678118654680e-01 
    2627            94      1.4142135623730943e+00 
    2627           107      7.0710678118654724e-01 
    2627           112     -1.4142135623730936e+00 
    2627           114     -2.8284271247461885e+00 
    2627           117     -1.4142135623730945e+00 
    2628             0      9.9999999999999967e-01 
    2628             9      2.0000000000000004e+00 
    2628            75      1.0000000000000000e+00 
    2628             2      1.9999999999999996e+00 
    2628            23     -9.9999999999999933e-01 
    2628            24      1.9999999999999987e+00 
    2628            26      9.9999999999999967e-01 
    2628             5      1.0000000000000000e+00 
    2628            30      9.9999999999999889e-01 
    2628            35     -9.9999999999999967e-01 
    2628            36      9.9999999999999922e-01 
    2628            38      1.9999999999999993e+00 
    2628            48     -9.9999999999999933e-01 
    2628            56     -1.9999999999999996e+00 
    2628            65     -1.0000000000000000e+00 
    2628            66      1.9999999999999987e+00 
    2628            68      3.9999999999999991e+00 
    2628            71      2.0000000000000000e+00 
    2641           168     -9.9999999999999856e-01 
    2642            98      9.9999999999999889e-01 
    2643            94     -1.2247448713915876e+00 
    2644           164     -9.9999999999999856e-01 
    2645            94      7.0710678118654680e-01 
    2647            56      9.9999999999999922e-01 
    2652           106     -1.4142135623730960e+00 
    2652            95      1.4142135623730960e+00 
    2653           185     -1.2247448713915863e+00 
    2654           110      1.2247448713915874e+00 
    2655           106     -4.9999999999999900e-01 
    2655            95     -9.9999999999999900e-01 
    2656           181     -1.2247448713915865e+00 
    2657           106      8.6602540378443715e-01 
    2659            64      1.2247448713915878e+00 
    2661            11     -1.2247448713915869e+00 
    2661           103      1.2247448713915869e+00 
    2661            92     -2.4494897427831739e+00 
    2661            87     -1.2247448713915863e+00 
    2661           227      1.2247448713915863e+00 
    2661           242     -1.2247448713915867e+00 
    2661            89     -1.2247448713915865e+00 
    2662             7     -1.2247448713915876e+00 
    2662            61      1.2247448713915878e+00 
    2662            54     -2.4494897427831757e+00 
    2662            49     -1.2247448713915869e+00 
    2662           208      1.2247448713915863e+00 
    2662           238     -1.2247448713915869e+00 
    2662            51     -1.2247448713915872e+00 
    2663           203      1.2247448713915869e+00 
    2663           218     -1.2247448713915865e+00 
    2670           185     -7.0710678118654591e-01 
    2670           169      1.4142135623730925e+00 
    2671           110     -7.0710678118654668e-01 
    2672           106      8.6602540378443860e-01 
    2673           181     -7.0710678118654613e-01 
    2673           165      1.4142135623730927e+00 
    2674           106      4.9999999999999928e-01 
    2674            95     -9.9999999999999867e-01 
    2676            64     -7.0710678118654691e-01 
    2678            16     -9.9999999999999845e-01 
    2678           178      9.9999999999999856e-01 
    2678           162     -1.9999999999999971e+00 
    2678           142      1.9999999999999958e+00 
    2678           157     -9.9999999999999811e-01 
    2678           247     -9.9999999999999833e-01 
    2678           159     -9.9999999999999822e-01 
    2679            11      7.0710678118654668e-01 
    2679           103     -7.0710678118654680e-01 
    2679            92      1.4142135623730936e+00 
    2679            77     -1.4142135623730927e+00 
    2679            87      7.0710678118654646e-01 
    2679           227      7.0710678118654657e-01 
    2679           242      7.0710678118654657e-01 
    2679            89      7.0710678118654657e-01 
    2680           222     -9.9999999999999889e-01 
    2681             7      7.0710678118654691e-01 
    2681            61     -7.0710678118654702e-01 
    2681            54      1.4142135623730940e+00 
    2681            43     -1.4142135623730931e+00 
    2681            49      7.0710678118654668e-01 
    2681           208      7.0710678118654657e-01 
    2681           238      7.0710678118654657e-01 
    2681            51      7.0710678118654680e-01 
    2682           203      7.0710678118654624e-01 
    2682           218      7.0710678118654635e-01 
    2683           199     -9.9999999999999889e-01 
    2684           186     -9.9999999999999889e-01 
    2685           111      9.9999999999999922e-01 
    2686           107     -1.2247448713915881e+00 
    2687           182     -9.9999999999999889e-01 
    2688           107      7.0710678118654702e-01 
    2690            65      9.9999999999999956e-01 
    2692            12     -1.2247448713915876e+00 
    2692            91      1.2247448713915872e+00 
    2692            99     -1.2247448713915867e+00 
    2692           101     -2.4494897427831743e+00 
    2692           228      1.2247448713915869e+00 
    2692           243     -1.2247448713915874e+00 
    2692           104     -1.2247448713915872e+00 
    2693             8     -1.2247448713915883e+00 
    2693            53      1.2247448713915881e+00 
    2693            57     -1.2247448713915874e+00 
    2693            59     -2.4494897427831761e+00 
    2693           209      1.2247448713915872e+00 
    2693           239     -1.2247448713915876e+00 
    2693            62     -1.2247448713915881e+00 
    2694           204      1.2247448713915872e+00 
    2694           219     -1.2247448713915867e+00 
    2695            17     -9.9999999999999878e-01 
    2695           144      1.9999999999999956e+00 
    2695           161      9.9999999999999856e-01 
    2695           174     -9.9999999999999811e-01 
    2695           176     -1.9999999999999971e+00 
    2695           248     -9.9999999999999867e-01 
    2695           179     -9.9999999999999856e-01 
    2696            12      7.0710678118654691e-01 
    2696            79     -1.4142135623730925e+00 
    2696            91     -7.0710678118654680e-01 
    2696            99      7.0710678118654646e-01 
    2696           101      1.4142135623730936e+00 
    2696           228      7.0710678118654691e-01 
    2696           243      7.0710678118654680e-01 
    2696           104      7.0710678118654680e-01 
    2697           223     -9.9999999999999911e-01 
    2698             8      7.0710678118654713e-01 
    2698            45     -1.4142135623730929e+00 
    2698            53     -7.0710678118654702e-01 
    2698            57      7.0710678118654668e-01 
    2698            59      1.4142135623730940e+00 
    2698           209      7.0710678118654668e-01 
    2698           239      7.0710678118654680e-01 
    2698            62      7.0710678118654702e-01 
    2699           204      7.0710678118654635e-01 
    2699           219      7.0710678118654646e-01 
    2700           200     -9.9999999999999900e-01 
    2701             0      9.9999999999999967e-01 
    2701            20      1.0000000000000000e+00 
    2701             2      1.9999999999999996e+00 
    2701            23     -9.9999999999999933e-01 
    2701            24      1.9999999999999987e+00 
    2701            26      9.9999999999999967e-01 
    2701             5      1.9999999999999996e+00 
    2701            30     -9.9999999999999900e-01 
    2701            35     -1.9999999999999991e+00 
    2701           156      9.9999999999999689e-01 
    2701           173     -9.9999999999999878e-01 
    2701           191     -9.9999999999999900e-01 
    2701            36      1.9999999999999980e+00 
    2701            38      3.9999999999999982e+00 
    2701           231      9.9999999999999822e-01 
    2701           233      1.9999999999999976e+00 
    2701           236      1.9999999999999980e+00 
    2701            41      9.9999999999999967e-01 
    2714           173      9.9999999999999922e-01 
    2715           168     -9.9999999999999845e-01 
    2716           164      1.2247448713915874e+00 
    2718           164      7.0710678118654680e-01 
    2719            94     -9.9999999999999889e-01 
    2721            56      9.9999999999999922e-01 
    2725           181      1.4142135623730960e+00 
    2725           165     -1.4142135623730960e+00 
    2726           190      1.2247448713915878e+00 
    2727           169     -1.2247448713915863e+00 
    2728           181      4.9999999999999889e-01 
    2728           165      9.9999999999999889e-01 
    2730           181      8.6602540378443726e-01 
    2731           106     -1.2247448713915867e+00 
    2733            64      1.2247448713915878e+00 
    2734            16      1.2247448713915869e+00 
    2734           178     -1.2247448713915867e+00 
    2734           222     -1.2247448713915872e+00 
    2734           162      2.4494897427831734e+00 
    2734           171      1.2247448713915867e+00 
    2734           157      1.2247448713915861e+00 
    2734           159      1.2247448713915863e+00 
    2735           170      1.2247448713915863e+00 
    2735           218     -1.2247448713915867e+00 
    2736             7     -1.2247448713915876e+00 
    2736            61      1.2247448713915878e+00 
    2736            54     -2.4494897427831757e+00 
    2736            49     -1.2247448713915869e+00 
    2736            51     -1.2247448713915872e+00 
    2736           123      1.2247448713915869e+00 
    2736           133     -1.2247448713915874e+00 
    2743           190     -7.0710678118654691e-01 
    2744           185      1.4142135623730923e+00 
    2744           169     -7.0710678118654602e-01 
    2745           181     -8.6602540378443837e-01 
    2747           181      4.9999999999999922e-01 
    2747           165     -9.9999999999999878e-01 
    2748           106     -7.0710678118654657e-01 
    2748            95      1.4142135623730931e+00 
    2750            64     -7.0710678118654691e-01 
    2751           227     -9.9999999999999878e-01 
    2752            16      7.0710678118654680e-01 
    2752           178     -7.0710678118654680e-01 
    2752           222      7.0710678118654657e-01 
    2752           162      1.4142135623730936e+00 
    2752           171      7.0710678118654657e-01 
    2752           142     -1.4142135623730927e+00 
    2752           157      7.0710678118654646e-01 
    2752           159      7.0710678118654657e-01 
    2753            11     -9.9999999999999878e-01 
    2753           103      9.9999999999999889e-01 
    2753            92     -1.9999999999999978e+00 
    2753            77      1.9999999999999964e+00 
    2753            87     -9.9999999999999845e-01 
    2753           137     -9.9999999999999867e-01 
    2753            89     -9.9999999999999856e-01 
    2754           170      7.0710678118654624e-01 
    2754           218      7.0710678118654635e-01 
    2755             7      7.0710678118654691e-01 
    2755            61     -7.0710678118654702e-01 
    2755            54      1.4142135623730940e+00 
    2755            43     -1.4142135623730931e+00 
    2755            49      7.0710678118654668e-01 
    2755            51      7.0710678118654680e-01 
    2755           123      7.0710678118654691e-01 
    2755           133      7.0710678118654680e-01 
    2756           119     -9.9999999999999911e-01 
    2757           191      9.9999999999999956e-01 
    2758           186     -9.9999999999999878e-01 
    2759           182      1.2247448713915878e+00 
    2761           182      7.0710678118654702e-01 
    2762           107     -9.9999999999999922e-01 
    2764            65      9.9999999999999956e-01 
    2765            17      1.2247448713915874e+00 
    2765           223     -1.2247448713915876e+00 
    2765           188      1.2247448713915874e+00 
    2765           161     -1.2247448713915869e+00 
    2765           174      1.2247448713915865e+00 
    2765           176      2.4494897427831739e+00 
    2765           179      1.2247448713915869e+00 
    2766           187      1.2247448713915867e+00 
    2766           219     -1.2247448713915874e+00 
    2767             8     -1.2247448713915883e+00 
    2767            53      1.2247448713915881e+00 
    2767            57     -1.2247448713915874e+00 
    2767            59     -2.4494897427831761e+00 
    2767            62     -1.2247448713915881e+00 
    2767           124      1.2247448713915876e+00 
    2767           134     -1.2247448713915881e+00 
    2768           228     -9.9999999999999900e-01 
    2769            17      7.0710678118654702e-01 
    2769           223      7.0710678118654668e-01 
    2769           188      7.0710678118654680e-01 
    2769           144     -1.4142135623730925e+00 
    2769           161     -7.0710678118654680e-01 
    2769           174      7.0710678118654646e-01 
    2769           176      1.4142135623730936e+00 
    2769           179      7.0710678118654680e-01 
    2770            12     -9.9999999999999900e-01 
    2770            79      1.9999999999999960e+00 
    2770            91      9.9999999999999889e-01 
    2770            99     -9.9999999999999845e-01 
    2770           101     -1.9999999999999978e+00 
    2770           138     -9.9999999999999900e-01 
    2770           104     -9.9999999999999889e-01 
    2771           187      7.0710678118654657e-01 
    2771           219      7.0710678118654657e-01 
    2772             8      7.0710678118654713e-01 
    2772            45     -1.4142135623730929e+00 
    2772            53     -7.0710678118654702e-01 
    2772            57      7.0710678118654668e-01 
    2772            59      1.4142135623730940e+00 
    2772            62      7.0710678118654702e-01 
    2772           124      7.0710678118654702e-01 
    2772           134      7.0710678118654702e-01 
    2773           120     -9.9999999999999922e-01 
    2774            19      9.9999999999999933e-01 
    2774           151      9.9999999999999678e-01 
    2774           168     -9.9999999999999845e-01 
    2774           186     -9.9999999999999878e-01 
    2774           211      9.9999999999999800e-01 
    2774           213      1.9999999999999969e+00 
    2774           216      1.9999999999999976e+00 
    2775             0      9.9999999999999967e-01 
    2775            14      1.0000000000000000e+00 
    2775             2      1.9999999999999996e+00 
    2775            23     -9.9999999999999933e-01 
    2775            24      1.9999999999999987e+00 
    2775            26      9.9999999999999967e-01 
    2775             5      1.9999999999999996e+00 
    2775            30     -9.9999999999999900e-01 
    2775            35     -1.9999999999999991e+00 
    2775            36      1.9999999999999980e+00 
    2775            38      3.9999999999999982e+00 
    2775            41      9.9999999999999967e-01 
    2775            86      9.9999999999999756e-01 
    2775            98     -9.9999999999999900e-01 
    2775           111     -9.9999999999999933e-01 
    2775           126      9.9999999999999856e-01 
    2775           128      1.9999999999999980e+00 
    2775           131      1.9999999999999987e+00 
    2791           173      9.9999999999999956e-01 
    2792           168     -1.4142135623730938e+00 
    2793            98      9.9999999999999956e-01 
    2794           164     -9.9999999999999856e-01 
    2795            94     -9.9999999999999878e-01 
    2799           185     -1.4142135623730954e+00 
    2799           169      1.4142135623730954e+00 
    2802           185     -4.9999999999999878e-01 
    2802           169      4.9999999999999878e-01 
    2803           190      1.2247448713915883e+00 
    2804           185     -8.6602540378443782e-01 
    2804           169     -8.6602540378443782e-01 
    2805           110      1.2247448713915883e+00 
    2806           165     -1.2247448713915867e+00 
    2807            95     -1.2247448713915867e+00 
    2808           203     -1.2247448713915867e+00 
    2808           170      1.2247448713915867e+00 
    2809            16      1.2247448713915872e+00 
    2809           178     -1.2247448713915874e+00 
    2809           199     -1.2247448713915876e+00 
    2809           162      2.4494897427831748e+00 
    2809           166      1.2247448713915872e+00 
    2809           157      1.2247448713915865e+00 
    2809           159      1.2247448713915867e+00 
    2810            11      1.2247448713915874e+00 
    2810           103     -1.2247448713915876e+00 
    2810           119     -1.2247448713915876e+00 
    2810            92      2.4494897427831752e+00 
    2810            96      1.2247448713915874e+00 
    2810            87      1.2247448713915867e+00 
    2810            89      1.2247448713915869e+00 
    2819           185     -8.6602540378443738e-01 
    2819           169      8.6602540378443738e-01 
    2820           190     -7.0710678118654713e-01 
    2821           185      4.9999999999999961e-01 
    2821           169      4.9999999999999961e-01 
    2822           110     -7.0710678118654713e-01 
    2823           181      1.4142135623730929e+00 
    2823           165     -7.0710678118654635e-01 
    2824           106      1.4142135623730931e+00 
    2824            95     -7.0710678118654657e-01 
    2825           208     -9.9999999999999900e-01 
    2826           203      7.0710678118654657e-01 
    2826           170      7.0710678118654657e-01 
    2827           123     -9.9999999999999900e-01 
    2828            16      7.0710678118654691e-01 
    2828           178     -7.0710678118654691e-01 
    2828           199      7.0710678118654680e-01 
    2828           162      1.4142135623730938e+00 
    2828           166      7.0710678118654668e-01 
    2828           142     -1.4142135623730929e+00 
    2828           157      7.0710678118654657e-01 
    2828           159      7.0710678118654668e-01 
    2829            11      7.0710678118654702e-01 
    2829           103     -7.0710678118654702e-01 
    2829           119      7.0710678118654668e-01 
    2829            92      1.4142135623730940e+00 
    2829            96      7.0710678118654680e-01 
    2829            77     -1.4142135623730931e+00 
    2829            87      7.0710678118654668e-01 
    2829            89      7.0710678118654680e-01 
    2830             7     -9.9999999999999900e-01 
    2830            61      9.9999999999999922e-01 
    2830            54     -1.9999999999999984e+00 
    2830            43      1.9999999999999973e+00 
    2830            49     -9.9999999999999878e-01 
    2830            73     -9.9999999999999900e-01 
    2830            51     -9.9999999999999889e-01 
    2834           191      9.9999999999999978e-01 
    2835           186     -1.4142135623730943e+00 
    2836           111      9.9999999999999978e-01 
    2837           182     -9.9999999999999889e-01 
    2838           107     -9.9999999999999911e-01 
    2839           204     -1.2247448713915876e+00 
    2839           187      1.2247448713915876e+00 
    2840            17      1.2247448713915878e+00 
    2840           200     -1.2247448713915883e+00 
    2840           183      1.2247448713915878e+00 
    2840           161     -1.2247448713915876e+00 
    2840           174      1.2247448713915869e+00 
    2840           176      2.4494897427831752e+00 
    2840           179      1.2247448713915876e+00 
    2841            12      1.2247448713915881e+00 
    2841           120     -1.2247448713915885e+00 
    2841           108      1.2247448713915881e+00 
    2841            91     -1.2247448713915878e+00 
    2841            99      1.2247448713915872e+00 
    2841           101      2.4494897427831757e+00 
    2841           104      1.2247448713915878e+00 
    2842           209     -9.9999999999999956e-01 
    2843           204      7.0710678118654691e-01 
    2843           187      7.0710678118654691e-01 
    2844           124     -9.9999999999999956e-01 
    2845            17      7.0710678118654713e-01 
    2845           200      7.0710678118654680e-01 
    2845           183      7.0710678118654702e-01 
    2845           144     -1.4142135623730927e+00 
    2845           161     -7.0710678118654691e-01 
    2845           174      7.0710678118654657e-01 
    2845           176      1.4142135623730938e+00 
    2845           179      7.0710678118654691e-01 
    2846            12      7.0710678118654724e-01 
    2846           120      7.0710678118654702e-01 
    2846           108      7.0710678118654713e-01 
    2846            79     -1.4142135623730929e+00 
    2846            91     -7.0710678118654702e-01 
    2846            99      7.0710678118654668e-01 
    2846           101      1.4142135623730940e+00 
    2846           104      7.0710678118654702e-01 
    2847             8     -9.9999999999999956e-01 
    2847            45      1.9999999999999969e+00 
    2847            53      9.9999999999999922e-01 
    2847            57     -9.9999999999999878e-01 
    2847            59     -1.9999999999999984e+00 
    2847            74     -9.9999999999999933e-01 
    2847            62     -9.9999999999999922e-01 
    2848            18      9.9999999999999922e-01 
    2848           147      9.9999999999999711e-01 
    2848           164     -9.9999999999999856e-01 
    2848           182     -9.9999999999999889e-01 
    2848           192      9.9999999999999811e-01 
    2848           194      1.9999999999999971e+00 
    2848           197      1.9999999999999978e+00 
    2849            13      9.9999999999999933e-01 
    2849            82      9.9999999999999734e-01 
    2849            94     -9.9999999999999878e-01 
    2849           107     -9.9999999999999911e-01 
    2849           112      9.9999999999999833e-01 
    2849           114      1.9999999999999976e+00 
    2849           117      1.9999999999999982e+00 
    2850             0      9.9999999999999967e-01 
    2850             2      1.9999999999999996e+00 
    2850            23     -9.9999999999999933e-01 
    2850            24      1.9999999999999987e+00 
    2850            26      9.9999999999999967e-01 
    2850             5      1.9999999999999996e+00 
    2850            30     -9.9999999999999900e-01 
    2850            35     -1.9999999999999991e+00 
    2850            36      1.9999999999999980e+00 
    2850            38      3.9999999999999982e+00 
    2850            41      9.9999999999999967e-01 
    2850             9      1.0000000000000000e+00 
    2850            48      9.9999999999999833e-01 
    2850            56     -9.9999999999999933e-01 
    2850            65     -9.9999999999999967e-01 
    2850            66      9.9999999999999889e-01 
    2850            68      1.9999999999999987e+00 
    2850            71      1.9999999999999993e+00 
    2851             6     -1.4142135623730943e+00 
    2851           122      1.4142135623730943e+00 
    2851           207      1.4142135623730943e+00 
    2851           132     -2.8284271247461885e+00 
    2851           237     -2.8284271247461885e+00 
    2851            42     -1.4142135623730940e+00 
    2852           118      1.4142135623730931e+00 
    2853           198      1.4142135623730927e+00 
    2854           105     -1.7320508075688752e+00 
    2855           180     -1.7320508075688748e+00 
    2857             3     -1.4142135623730945e+00 
    2857           109      1.4142135623730945e+00 
    2857           189      1.4142135623730945e+00 
    2857           129     -2.8284271247461890e+00 
    2857           234     -2.8284271247461890e+00 
    2857            27     -1.4142135623730943e+00 
    2858           105     -9.9999999999999878e-01 
    2858           115      1.9999999999999976e+00 
    2859           180     -9.9999999999999845e-01 
    2859           195      1.9999999999999969e+00 
    2863           102      1.4142135623730931e+00 
    2864           177      1.4142135623730927e+00 
    2871            93     -1.7320508075688765e+00 
    2872           163     -1.7320508075688759e+00 
    2875            90     -1.7320508075688754e+00 
    2876           160     -1.7320508075688750e+00 
    2886             1     -1.4142135623730949e+00 
    2886            97      1.4142135623730949e+00 
    2886           172      1.4142135623730949e+00 
    2886           127     -2.8284271247461898e+00 
    2886           232     -2.8284271247461898e+00 
    2886            22     -1.4142135623730945e+00 
    2887            93     -9.9999999999999900e-01 
    2887           113      1.9999999999999980e+00 
    2888           163     -9.9999999999999878e-01 
    2888           193      1.9999999999999976e+00 
    2892            90     -9.9999999999999878e-01 
    2892           100      1.9999999999999976e+00 
    2893           160     -9.9999999999999845e-01 
    2893           175      1.9999999999999969e+00 
    2906            88      1.4142135623730931e+00 
    2907           158      1.4142135623730927e+00 
    2926            14      2.0000000000000004e+00 
    2926            20      2.0000000000000004e+00 
    2926           230     -2.0000000000000004e+00 
    2926           245      4.0000000000000009e+00 
    2926           140      1.0000000000000000e+00 
    2926           251      1.0000000000000000e+00 
    2926             0      2.0000000000000004e+00 
    2926            86     -2.0000000000000004e+00 
    2926           156     -2.0000000000000004e+00 
    2926           126      4.0000000000000009e+00 
    2926           231      4.0000000000000009e+00 
    2926            21      1.0000000000000000e+00 
    2927            10     -9.9999999999999878e-01 
    2927           118      1.9999999999999969e+00 
    2927            85     -9.9999999999999845e-01 
    2927           226      9.9999999999999878e-01 
    2927           241     -1.9999999999999976e+00 
    2927           136     -9.9999999999999856e-01 
    2927            76     -9.9999999999999856e-01 
    2928             6     -9.9999999999999922e-01 
    2928           122      1.9999999999999984e+00 
    2928           207      9.9999999999999922e-01 
    2928           132     -9.9999999999999900e-01 
    2928           237     -1.9999999999999984e+00 
    2928            72     -9.9999999999999911e-01 
    2928            42     -9.9999999999999922e-01 
    2929           202      9.9999999999999811e-01 
    2929           217      9.9999999999999845e-01 
    2930            63      1.2247448713915874e+00 
    2930           109     -1.2247448713915876e+00 
    2931           184     -1.2247448713915869e+00 
    2932           180     -1.2247448713915874e+00 
    2933            84     -9.9999999999999900e-01 
    2933           115      1.9999999999999980e+00 
    2934             3     -1.4142135623730945e+00 
    2934            27     -1.4142135623730943e+00 
    2934            63      7.0710678118654691e-01 
    2934           109      7.0710678118654702e-01 
    2934           189      1.4142135623730943e+00 
    2934            69     -1.4142135623730938e+00 
    2934           129     -1.4142135623730940e+00 
    2934           234     -2.8284271247461885e+00 
    2935           184     -7.0710678118654635e-01 
    2935           214      1.4142135623730927e+00 
    2936           105     -9.9999999999999900e-01 
    2936           115      1.9999999999999980e+00 
    2937           180     -7.0710678118654635e-01 
    2937           195      1.4142135623730927e+00 
    2939            60     -9.9999999999999900e-01 
    2941           177      1.2247448713915867e+00 
    2942           102     -9.9999999999999911e-01 
    2943           177     -7.0710678118654635e-01 
    2947            55      1.2247448713915878e+00 
    2947            97     -1.2247448713915878e+00 
    2948           167     -1.2247448713915876e+00 
    2949           163     -1.2247448713915878e+00 
    2951            52      1.2247448713915883e+00 
    2953           160     -1.4999999999999980e+00 
    2954            90      1.2247448713915883e+00 
    2955           160      8.6602540378443749e-01 
    2962            83     -9.9999999999999933e-01 
    2962           113      1.9999999999999987e+00 
    2963             1     -1.4142135623730949e+00 
    2963            22     -1.4142135623730945e+00 
    2963            55      7.0710678118654713e-01 
    2963            97      7.0710678118654713e-01 
    2963           172      1.4142135623730945e+00 
    2963            67     -1.4142135623730943e+00 
    2963           127     -1.4142135623730943e+00 
    2963           232     -2.8284271247461890e+00 
    2964           167     -7.0710678118654657e-01 
    2964           212      1.4142135623730931e+00 
    2965            93     -9.9999999999999933e-01 
    2965           113      1.9999999999999987e+00 
    2966           163     -7.0710678118654657e-01 
    2966           193      1.4142135623730931e+00 
    2968            52      7.0710678118654691e-01 
    2968            58     -1.4142135623730938e+00 
    2970           160     -8.6602540378443715e-01 
    2970           175      1.7320508075688743e+00 
    2971            90      7.0710678118654691e-01 
    2971           100     -1.4142135623730938e+00 
    2972           160      4.9999999999999922e-01 
    2972           175     -9.9999999999999845e-01 
    2982            50     -9.9999999999999900e-01 
    2984           158      1.2247448713915867e+00 
    2985            88     -9.9999999999999911e-01 
    2986           158     -7.0710678118654635e-01 
    3002            13     -1.4142135623730945e+00 
    3002           229      1.4142135623730945e+00 
    3002           244     -2.8284271247461890e+00 
    3002           139     -1.4142135623730943e+00 
    3002            82      1.4142135623730945e+00 
    3002           112     -2.8284271247461890e+00 
    3003            20      2.0000000000000004e+00 
    3003           251      1.0000000000000000e+00 
    3003            14      1.0000000000000000e+00 
    3003           230     -1.0000000000000000e+00 
    3003           245      2.0000000000000000e+00 
    3003             9      9.9999999999999967e-01 
    3003           125      9.9999999999999956e-01 
    3003           210     -9.9999999999999967e-01 
    3003           135      9.9999999999999956e-01 
    3003           240      1.9999999999999993e+00 
    3003             0      2.0000000000000004e+00 
    3003            21      1.0000000000000000e+00 
    3003            48     -9.9999999999999967e-01 
    3003            86     -9.9999999999999978e-01 
    3003           156     -2.0000000000000000e+00 
    3003            66      1.9999999999999993e+00 
    3003           126      1.9999999999999996e+00 
    3003           231      4.0000000000000000e+00 
    3004            15     -9.9999999999999845e-01 
    3004           198      1.9999999999999960e+00 
    3004           221      9.9999999999999845e-01 
    3004           150     -9.9999999999999811e-01 
    3004           155     -1.9999999999999969e+00 
    3004           246     -9.9999999999999822e-01 
    3004           141     -9.9999999999999822e-01 
    3005           154      9.9999999999999867e-01 
    3005           217      9.9999999999999856e-01 
    3006             6     -9.9999999999999922e-01 
    3006            72     -9.9999999999999911e-01 
    3006            42     -9.9999999999999922e-01 
    3006           122      9.9999999999999889e-01 
    3006           207      1.9999999999999973e+00 
    3006           132     -1.9999999999999978e+00 
    3006           237     -9.9999999999999878e-01 
    3007           153     -1.2247448713915865e+00 
    3008            63      1.2247448713915874e+00 
    3008           189     -1.2247448713915867e+00 
    3009           105      1.2247448713915876e+00 
    3010           149     -9.9999999999999878e-01 
    3010           195      1.9999999999999976e+00 
    3011           153     -7.0710678118654657e-01 
    3011           214      1.4142135623730931e+00 
    3012             3     -1.4142135623730945e+00 
    3012            27     -1.4142135623730943e+00 
    3012            63      7.0710678118654691e-01 
    3012            69     -1.4142135623730938e+00 
    3012           109      1.4142135623730938e+00 
    3012           189      7.0710678118654680e-01 
    3012           129     -2.8284271247461876e+00 
    3012           234     -1.4142135623730936e+00 
    3014           105     -7.0710678118654668e-01 
    3014           115      1.4142135623730934e+00 
    3015           180     -9.9999999999999878e-01 
    3015           195      1.9999999999999976e+00 
    3017            60     -9.9999999999999900e-01 
    3018           102     -1.2247448713915869e+00 
    3020           102     -7.0710678118654680e-01 
    3021           177     -9.9999999999999889e-01 
    3024           152     -1.2247448713915872e+00 
    3025            55      1.2247448713915878e+00 
    3025           172     -1.2247448713915874e+00 
    3026            93      1.2247448713915883e+00 
    3029            52      1.2247448713915883e+00 
    3030            90      1.4999999999999980e+00 
    3032            90      8.6602540378443804e-01 
    3033           160      1.2247448713915881e+00 
    3039           148     -9.9999999999999900e-01 
    3039           193      1.9999999999999980e+00 
    3040           152     -7.0710678118654680e-01 
    3040           212      1.4142135623730936e+00 
    3041             1     -1.4142135623730949e+00 
    3041            22     -1.4142135623730945e+00 
    3041            55      7.0710678118654713e-01 
    3041            67     -1.4142135623730943e+00 
    3041            97      1.4142135623730940e+00 
    3041           172      7.0710678118654691e-01 
    3041           127     -2.8284271247461881e+00 
    3041           232     -1.4142135623730938e+00 
    3043            93     -7.0710678118654691e-01 
    3043           113      1.4142135623730938e+00 
    3044           163     -9.9999999999999911e-01 
    3044           193      1.9999999999999982e+00 
    3046            52      7.0710678118654691e-01 
    3046            58     -1.4142135623730938e+00 
    3047            90      8.6602540378443726e-01 
    3047           100     -1.7320508075688745e+00 
    3049            90      4.9999999999999950e-01 
    3049           100     -9.9999999999999900e-01 
    3050           160      7.0710678118654680e-01 
    3050           175     -1.4142135623730936e+00 
    3060            50     -9.9999999999999900e-01 
    3061            88     -1.2247448713915869e+00 
    3063            88     -7.0710678118654680e-01 
    3064           158     -9.9999999999999889e-01 
    3079            18     -1.4142135623730940e+00 
    3079           224      1.4142135623730940e+00 
    3079           206     -2.8284271247461881e+00 
    3079           249     -1.4142135623730938e+00 
    3079           147      1.4142135623730940e+00 
    3079           192     -2.8284271247461881e+00 
    3080            19     -9.9999999999999956e-01 
    3080           250     -9.9999999999999933e-01 
    3080           225     -9.9999999999999922e-01 
    3080           205      1.9999999999999978e+00 
    3080           220     -9.9999999999999900e-01 
    3080           151      9.9999999999999933e-01 
    3080           211     -1.9999999999999987e+00 
    3081            14      1.9999999999999996e+00 
    3081            20      1.0000000000000000e+00 
    3081           230     -9.9999999999999967e-01 
    3081           245      1.9999999999999993e+00 
    3081           140      9.9999999999999967e-01 
    3081             9      9.9999999999999967e-01 
    3081           125     -9.9999999999999933e-01 
    3081           210      9.9999999999999889e-01 
    3081           135      1.9999999999999987e+00 
    3081           240      9.9999999999999922e-01 
    3081             0      2.0000000000000004e+00 
    3081            21      1.0000000000000000e+00 
    3081            48     -9.9999999999999967e-01 
    3081            66      1.9999999999999993e+00 
    3081            86     -1.9999999999999993e+00 
    3081           156     -9.9999999999999956e-01 
    3081           126      3.9999999999999987e+00 
    3081           231      1.9999999999999991e+00 
    3082           122      1.4142135623730943e+00 
    3083            10     -1.4142135623730938e+00 
    3083           118      1.4142135623730938e+00 
    3083            85     -2.8284271247461876e+00 
    3083           226      1.4142135623730938e+00 
    3083           241     -2.8284271247461876e+00 
    3083            76     -1.4142135623730938e+00 
    3084           221      1.4142135623730927e+00 
    3085            84      1.7320508075688745e+00 
    3087           184     -1.7320508075688759e+00 
    3089            84     -9.9999999999999933e-01 
    3089           115      1.9999999999999987e+00 
    3091             3     -1.4142135623730945e+00 
    3091            27     -1.4142135623730943e+00 
    3091            63      1.4142135623730945e+00 
    3091           189      1.4142135623730945e+00 
    3091            69     -2.8284271247461890e+00 
    3091           234     -2.8284271247461890e+00 
    3092           184     -9.9999999999999878e-01 
    3092           214      1.9999999999999976e+00 
    3097            60      1.4142135623730936e+00 
    3100           177      1.4142135623730927e+00 
    3102            83      1.7320508075688752e+00 
    3104           167     -1.7320508075688767e+00 
    3109            52     -1.7320508075688761e+00 
    3112           160     -1.7320508075688750e+00 
    3118            83     -9.9999999999999956e-01 
    3118           113      1.9999999999999991e+00 
    3120             1     -1.4142135623730949e+00 
    3120            22     -1.4142135623730945e+00 
    3120            55      1.4142135623730949e+00 
    3120           172      1.4142135623730949e+00 
    3120            67     -2.8284271247461898e+00 
    3120           232     -2.8284271247461898e+00 
    3121           167     -9.9999999999999900e-01 
    3121           212      1.9999999999999980e+00 
    3126            52     -9.9999999999999900e-01 
    3126            58      1.9999999999999980e+00 
    3129           160     -9.9999999999999845e-01 
    3129           175      1.9999999999999969e+00 
    3140            50      1.4142135623730936e+00 
    3143           158      1.4142135623730927e+00 
    3157           125      1.0000000000000002e+00 
    3158            13     -1.4142135623730949e+00 
    3158           229      1.4142135623730949e+00 
    3158           244     -2.8284271247461898e+00 
    3158           121     -1.4142135623730945e+00 
    3158            82      1.4142135623730947e+00 
    3158           112     -2.8284271247461894e+00 
    3159           224      1.4142135623730940e+00 
    3160            20      2.0000000000000004e+00 
    3160           251      1.0000000000000000e+00 
    3160             9      2.0000000000000004e+00 
    3160           210     -2.0000000000000004e+00 
    3160           240      4.0000000000000009e+00 
    3160            75      1.0000000000000000e+00 
    3160             0      2.0000000000000004e+00 
    3160            21      1.0000000000000000e+00 
    3160            48     -2.0000000000000004e+00 
    3160           156     -2.0000000000000004e+00 
    3160            66      4.0000000000000009e+00 
    3160           231      4.0000000000000009e+00 
    3161           202      9.9999999999999889e-01 
    3161           154      9.9999999999999889e-01 
    3162            15     -9.9999999999999845e-01 
    3162           198      9.9999999999999845e-01 
    3162           221      1.9999999999999964e+00 
    3162           150     -1.9999999999999969e+00 
    3162           155     -9.9999999999999822e-01 
    3162           246     -9.9999999999999833e-01 
    3162           141     -9.9999999999999845e-01 
    3163            10     -9.9999999999999900e-01 
    3163           118      9.9999999999999900e-01 
    3163            85     -1.9999999999999980e+00 
    3163           226      1.9999999999999978e+00 
    3163           241     -9.9999999999999889e-01 
    3163           136     -9.9999999999999889e-01 
    3163            76     -9.9999999999999900e-01 
    3164           149      1.2247448713915863e+00 
    3165            84      1.2247448713915869e+00 
    3166           109      1.2247448713915876e+00 
    3166           189     -1.2247448713915876e+00 
    3168           149     -7.0710678118654657e-01 
    3168           195      1.4142135623730931e+00 
    3169            84     -7.0710678118654691e-01 
    3169           115      1.4142135623730938e+00 
    3170           153     -9.9999999999999900e-01 
    3170           214      1.9999999999999980e+00 
    3171             3     -1.4142135623730945e+00 
    3171            27     -1.4142135623730943e+00 
    3171            63      1.4142135623730945e+00 
    3171            69     -2.8284271247461890e+00 
    3171           109      7.0710678118654691e-01 
    3171           189      7.0710678118654702e-01 
    3171           129     -1.4142135623730938e+00 
    3171           234     -1.4142135623730940e+00 
    3172           184     -9.9999999999999900e-01 
    3172           214      1.9999999999999980e+00 
    3177            60      1.4142135623730936e+00 
    3179           102     -9.9999999999999867e-01 
    3180           177     -9.9999999999999878e-01 
    3181           148      1.2247448713915867e+00 
    3182            83      1.2247448713915876e+00 
    3183            97      1.2247448713915883e+00 
    3183           172     -1.2247448713915883e+00 
    3189            52     -1.7320508075688761e+00 
    3191            90      1.2247448713915878e+00 
    3192           160      1.2247448713915878e+00 
    3197           148     -7.0710678118654668e-01 
    3197           193      1.4142135623730934e+00 
    3198            83     -7.0710678118654713e-01 
    3198           113      1.4142135623730943e+00 
    3199           152     -9.9999999999999933e-01 
    3199           212      1.9999999999999987e+00 
    3200             1     -1.4142135623730949e+00 
    3200            22     -1.4142135623730945e+00 
    3200            55      1.4142135623730949e+00 
    3200            67     -2.8284271247461898e+00 
    3200            97      7.0710678118654713e-01 
    3200           172      7.0710678118654713e-01 
    3200           127     -1.4142135623730943e+00 
    3200           232     -1.4142135623730943e+00 
    3201           167     -9.9999999999999933e-01 
    3201           212      1.9999999999999987e+00 
    3206            52     -9.9999999999999900e-01 
    3206            58      1.9999999999999980e+00 
    3208            90      7.0710678118654668e-01 
    3208           100     -1.4142135623730934e+00 
    3209           160      7.0710678118654668e-01 
    3209           175     -1.4142135623730934e+00 
    3220            50      1.4142135623730936e+00 
    3222            88     -9.9999999999999867e-01 
    3223           158     -9.9999999999999878e-01 
    3236           205      1.4142135623730945e+00 
    3237            18     -9.9999999999999900e-01 
    3237           224      1.9999999999999973e+00 
    3237           206     -9.9999999999999889e-01 
    3237           249     -9.9999999999999900e-01 
    3237           201     -9.9999999999999889e-01 
    3237           147      9.9999999999999900e-01 
    3237           192     -1.9999999999999980e+00 
    3238            13     -9.9999999999999967e-01 
    3238           229      1.9999999999999991e+00 
    3238           244     -9.9999999999999956e-01 
    3238           139     -9.9999999999999956e-01 
    3238           121     -9.9999999999999956e-01 
    3238            82      9.9999999999999967e-01 
    3238           112     -1.9999999999999993e+00 
    3239            19     -1.4142135623730945e+00 
    3239           205      1.4142135623730945e+00 
    3239           220     -2.8284271247461890e+00 
    3239           250     -1.4142135623730943e+00 
    3239           151      1.4142135623730945e+00 
    3239           211     -2.8284271247461890e+00 
    3240            20      1.0000000000000000e+00 
    3240             9      2.0000000000000004e+00 
    3240            75      1.0000000000000000e+00 
    3240            14      9.9999999999999967e-01 
    3240           125     -9.9999999999999967e-01 
    3240           210     -9.9999999999999978e-01 
    3240           230      9.9999999999999956e-01 
    3240           135      1.9999999999999993e+00 
    3240           240      1.9999999999999996e+00 
    3240           245      9.9999999999999956e-01 
    3240             0      2.0000000000000004e+00 
    3240            21      1.0000000000000000e+00 
    3240            48     -2.0000000000000004e+00 
    3240            66      4.0000000000000009e+00 
    3240            86     -9.9999999999999967e-01 
    3240           156     -9.9999999999999978e-01 
    3240           126      1.9999999999999993e+00 
    3240           231      1.9999999999999996e+00 
    3241           207      1.4142135623730943e+00 
    3242           226      1.4142135623730938e+00 
    3243            15     -1.4142135623730936e+00 
    3243           198      1.4142135623730936e+00 
    3243           221      1.4142135623730936e+00 
    3243           150     -2.8284271247461872e+00 
    3243           155     -2.8284271247461872e+00 
    3243           141     -1.4142135623730936e+00 
    3245           149      1.7320508075688741e+00 
    3246           153      1.7320508075688750e+00 
    3249           149     -9.9999999999999911e-01 
    3249           195      1.9999999999999982e+00 
    3251           153     -9.9999999999999933e-01 
    3251           214      1.9999999999999987e+00 
    3252             3     -1.4142135623730945e+00 
    3252            27     -1.4142135623730943e+00 
    3252            63      1.4142135623730945e+00 
    3252            69     -2.8284271247461890e+00 
    3252           109      1.4142135623730945e+00 
    3252           129     -2.8284271247461890e+00 
    3258            60      1.4142135623730936e+00 
    3260           102      1.4142135623730931e+00 
    3262           148      1.7320508075688750e+00 
    3263           152      1.7320508075688756e+00 
    3270            52     -1.7320508075688761e+00 
    3272            90     -1.7320508075688754e+00 
    3278           148     -9.9999999999999933e-01 
    3278           193      1.9999999999999987e+00 
    3280           152     -9.9999999999999956e-01 
    3280           212      1.9999999999999991e+00 
    3281             1     -1.4142135623730949e+00 
    3281            22     -1.4142135623730945e+00 
    3281            55      1.4142135623730949e+00 
    3281            67     -2.8284271247461898e+00 
    3281            97      1.4142135623730949e+00 
    3281           127     -2.8284271247461898e+00 
    3287            52     -9.9999999999999900e-01 
    3287            58      1.9999999999999980e+00 
    3289            90     -9.9999999999999878e-01 
    3289           100      1.9999999999999976e+00 
    3301            50      1.4142135623730936e+00 
    3303            88      1.4142135623730931e+00 
    3316           210      1.0000000000000002e+00 
    3317           229      1.4142135623730949e+00 
    3318            18     -1.4142135623730945e+00 
    3318           224      1.4142135623730945e+00 
    3318           206     -2.8284271247461890e+00 
    3318           201     -1.4142135623730943e+00 
    3318           147      1.4142135623730945e+00 
    3318           192     -2.8284271247461890e+00 
    3319           230      1.0000000000000002e+00 
    3320            19     -1.4142135623730949e+00 
    3320           205      1.4142135623730947e+00 
    3320           220     -2.8284271247461894e+00 
    3320           225     -1.4142135623730945e+00 
    3320           151      1.4142135623730947e+00 
    3320           211     -2.8284271247461894e+00 
    3321             9      2.0000000000000004e+00 
    3321            75      1.0000000000000000e+00 
    3321            14      2.0000000000000004e+00 
    3321           125     -2.0000000000000004e+00 
    3321           135      4.0000000000000009e+00 
    3321           140      1.0000000000000000e+00 
    3321             0      2.0000000000000004e+00 
    3321            21      1.0000000000000000e+00 
    3321            48     -2.0000000000000004e+00 
    3321            66      4.0000000000000009e+00 
    3321            86     -2.0000000000000004e+00 
    3321           126      4.0000000000000009e+00 
    3322           105      1.9999999999999973e+00 
    3322            84     -9.9999999999999856e-01 
    3323            63     -9.9999999999999922e-01 
    3325             6      1.2247448713915876e+00 
    3325            47      1.2247448713915874e+00 
    3325           122     -1.2247448713915869e+00 
    3325           207     -1.2247448713915876e+00 
    3325           132      1.2247448713915874e+00 
    3325           237      2.4494897427831752e+00 
    3325            42      1.2247448713915874e+00 
    3326           217     -1.2247448713915865e+00 
    3327           198      1.2247448713915872e+00 
    3328            10     -9.9999999999999856e-01 
    3328           102      1.9999999999999964e+00 
    3328            81     -9.9999999999999845e-01 
    3328           226      9.9999999999999856e-01 
    3328           241     -1.9999999999999971e+00 
    3328           136     -9.9999999999999845e-01 
    3328            76     -9.9999999999999845e-01 
    3329             6      7.0710678118654680e-01 
    3329            60     -1.4142135623730931e+00 
    3329            47      7.0710678118654668e-01 
    3329           122      7.0710678118654680e-01 
    3329           207     -7.0710678118654680e-01 
    3329           132      7.0710678118654668e-01 
    3329           237      1.4142135623730936e+00 
    3329            42      7.0710678118654668e-01 
    3330           202      1.4142135623730929e+00 
    3330           217     -7.0710678118654657e-01 
    3331           118     -9.9999999999999922e-01 
    3332           198     -7.0710678118654646e-01 
    3334             3     -9.9999999999999956e-01 
    3334           109      1.9999999999999978e+00 
    3334           189      9.9999999999999922e-01 
    3334           129     -9.9999999999999900e-01 
    3334           234     -1.9999999999999984e+00 
    3334            39     -9.9999999999999933e-01 
    3334            27     -9.9999999999999933e-01 
    3335           184      9.9999999999999767e-01 
    3335           214      9.9999999999999845e-01 
    3336           195     -1.2247448713915865e+00 
    3337           105      1.9999999999999971e+00 
    3337           115     -9.9999999999999867e-01 
    3338           180      1.4142135623730920e+00 
    3338           195     -7.0710678118654602e-01 
    3342            46      1.2247448713915876e+00 
    3345           163      1.4142135623730945e+00 
    3346            34      1.2247448713915876e+00 
    3346            97     -1.2247448713915869e+00 
    3347           167     -1.2247448713915865e+00 
    3348           163      4.9999999999999928e-01 
    3349            93     -1.2247448713915872e+00 
    3350           163     -8.6602540378443671e-01 
    3354           160     -1.2247448713915876e+00 
    3357            80     -9.9999999999999900e-01 
    3357           100      1.9999999999999980e+00 
    3358            46      7.0710678118654713e-01 
    3358            58     -1.4142135623730943e+00 
    3363             1     -1.4142135623730949e+00 
    3363            22     -1.4142135623730945e+00 
    3363            34      7.0710678118654713e-01 
    3363            97      7.0710678118654691e-01 
    3363           172      1.4142135623730940e+00 
    3363            37     -1.4142135623730943e+00 
    3363           127     -1.4142135623730938e+00 
    3363           232     -2.8284271247461881e+00 
    3364           167     -7.0710678118654635e-01 
    3364           212      1.4142135623730927e+00 
    3365           163      8.6602540378443682e-01 
    3365           193     -1.7320508075688736e+00 
    3366            93      7.0710678118654657e-01 
    3366           113     -1.4142135623730931e+00 
    3367           163      4.9999999999999895e-01 
    3367           193     -9.9999999999999789e-01 
    3371            90     -9.9999999999999911e-01 
    3371           100      1.9999999999999982e+00 
    3372           160     -7.0710678118654635e-01 
    3372           175      1.4142135623730927e+00 
    3377            32     -9.9999999999999933e-01 
    3385           158      1.2247448713915869e+00 
    3388            88     -9.9999999999999922e-01 
    3389           158     -7.0710678118654646e-01 
    3397            12     -1.4142135623730940e+00 
    3397           228      1.4142135623730940e+00 
    3397           243     -2.8284271247461881e+00 
    3397           138     -1.4142135623730938e+00 
    3397            79      1.4142135623730940e+00 
    3397            99     -2.8284271247461881e+00 
    3398             8      9.9999999999999967e-01 
    3398           124      9.9999999999999956e-01 
    3398           209     -9.9999999999999967e-01 
    3398           134      9.9999999999999956e-01 
    3398           239      1.9999999999999993e+00 
    3398            45     -9.9999999999999967e-01 
    3398            57      1.9999999999999993e+00 
    3399           204      1.9999999999999978e+00 
    3399           219     -9.9999999999999900e-01 
    3400           120     -1.4142135623730945e+00 
    3401           200     -9.9999999999999889e-01 
    3403            20      2.0000000000000004e+00 
    3403           251      1.0000000000000000e+00 
    3403            14      1.0000000000000000e+00 
    3403           230     -1.0000000000000000e+00 
    3403           245      2.0000000000000000e+00 
    3403             5      9.9999999999999967e-01 
    3403           111      9.9999999999999889e-01 
    3403           191     -9.9999999999999933e-01 
    3403           131      9.9999999999999922e-01 
    3403           236      1.9999999999999987e+00 
    3403             0      2.0000000000000004e+00 
    3403            21      1.0000000000000000e+00 
    3403            30     -9.9999999999999967e-01 
    3403            86     -9.9999999999999956e-01 
    3403           156     -1.9999999999999993e+00 
    3403            36      1.9999999999999993e+00 
    3403           126      1.9999999999999991e+00 
    3403           231      3.9999999999999987e+00 
    3404           180      1.9999999999999969e+00 
    3404           149     -9.9999999999999822e-01 
    3406            63     -9.9999999999999922e-01 
    3407           217     -1.2247448713915867e+00 
    3408             6      1.2247448713915876e+00 
    3408            47      1.2247448713915874e+00 
    3408            42      1.2247448713915874e+00 
    3408           122     -1.2247448713915872e+00 
    3408           207     -1.2247448713915863e+00 
    3408           132      2.4494897427831743e+00 
    3408           237      1.2247448713915869e+00 
    3409           118     -1.2247448713915876e+00 
    3410            15     -9.9999999999999822e-01 
    3410           177      1.9999999999999958e+00 
    3410           221      9.9999999999999822e-01 
    3410           146     -9.9999999999999811e-01 
    3410           155     -1.9999999999999964e+00 
    3410           246     -9.9999999999999811e-01 
    3410           141     -9.9999999999999811e-01 
    3411           154      1.4142135623730923e+00 
    3411           217     -7.0710678118654635e-01 
    3412             6      7.0710678118654680e-01 
    3412            60     -1.4142135623730931e+00 
    3412            47      7.0710678118654668e-01 
    3412            42      7.0710678118654668e-01 
    3412           122     -7.0710678118654657e-01 
    3412           207      7.0710678118654613e-01 
    3412           132      1.4142135623730931e+00 
    3412           237      7.0710678118654646e-01 
    3414           118     -7.0710678118654691e-01 
    3415           198     -9.9999999999999900e-01 
    3416           153      9.9999999999999800e-01 
    3416           214      9.9999999999999856e-01 
    3417             3     -9.9999999999999956e-01 
    3417            39     -9.9999999999999933e-01 
    3417            27     -9.9999999999999933e-01 
    3417           109      9.9999999999999889e-01 
    3417           189      1.9999999999999969e+00 
    3417           129     -1.9999999999999978e+00 
    3417           234     -9.9999999999999878e-01 
    3418           115      1.2247448713915867e+00 
    3420           105      1.4142135623730929e+00 
    3420           115     -7.0710678118654646e-01 
    3421           180      1.9999999999999964e+00 
    3421           195     -9.9999999999999845e-01 
    3425            46      1.2247448713915876e+00 
    3427            93     -1.4142135623730945e+00 
    3428           152     -1.2247448713915863e+00 
    3429            34      1.2247448713915876e+00 
    3429           172     -1.2247448713915863e+00 
    3430            93     -4.9999999999999939e-01 
    3432            93     -8.6602540378443726e-01 
    3433           163     -1.2247448713915869e+00 
    3436            90      1.2247448713915878e+00 
    3439           145     -9.9999999999999878e-01 
    3439           175      1.9999999999999976e+00 
    3441            46      7.0710678118654713e-01 
    3441            58     -1.4142135623730943e+00 
    3445           152     -7.0710678118654657e-01 
    3445           212      1.4142135623730931e+00 
    3446             1     -1.4142135623730949e+00 
    3446            22     -1.4142135623730945e+00 
    3446            34      7.0710678118654713e-01 
    3446            37     -1.4142135623730943e+00 
    3446            97      1.4142135623730936e+00 
    3446           172      7.0710678118654668e-01 
    3446           127     -2.8284271247461872e+00 
    3446           232     -1.4142135623730934e+00 
    3447            93     -8.6602540378443693e-01 
    3447           113      1.7320508075688739e+00 
    3449            93      4.9999999999999928e-01 
    3449           113     -9.9999999999999856e-01 
    3450           163      7.0710678118654646e-01 
    3450           193     -1.4142135623730929e+00 
    3454            90     -7.0710678118654680e-01 
    3454           100      1.4142135623730936e+00 
    3455           160     -9.9999999999999889e-01 
    3455           175      1.9999999999999978e+00 
    3460            32     -9.9999999999999933e-01 
    3467            88     -1.2247448713915872e+00 
    3471            88     -7.0710678118654691e-01 
    3472           158     -9.9999999999999900e-01 
    3479            17     -1.4142135623730936e+00 
    3479           223      1.4142135623730936e+00 
    3479           188     -2.8284271247461872e+00 
    3479           248     -1.4142135623730934e+00 
    3479           144      1.4142135623730936e+00 
    3479           174     -2.8284271247461872e+00 
    3480           187      1.9999999999999978e+00 
    3480           219     -9.9999999999999900e-01 
    3481             8      9.9999999999999967e-01 
    3481           124     -9.9999999999999933e-01 
    3481           209      9.9999999999999889e-01 
    3481           134      1.9999999999999987e+00 
    3481           239      9.9999999999999922e-01 
    3481            45     -9.9999999999999967e-01 
    3481            57      1.9999999999999993e+00 
    3483           120     -9.9999999999999956e-01 
    3484           200     -1.4142135623730943e+00 
    3485            19     -9.9999999999999956e-01 
    3485           250     -9.9999999999999933e-01 
    3485           225     -9.9999999999999922e-01 
    3485           186      1.9999999999999969e+00 
    3485           216     -9.9999999999999878e-01 
    3485           151      9.9999999999999900e-01 
    3485           211     -1.9999999999999980e+00 
    3486            14      1.9999999999999996e+00 
    3486            20      1.0000000000000000e+00 
    3486           230     -9.9999999999999967e-01 
    3486           245      1.9999999999999993e+00 
    3486           140      9.9999999999999967e-01 
    3486             5      9.9999999999999967e-01 
    3486           111     -9.9999999999999900e-01 
    3486           191      9.9999999999999833e-01 
    3486           131      1.9999999999999980e+00 
    3486           236      9.9999999999999889e-01 
    3486             0      2.0000000000000004e+00 
    3486            21      1.0000000000000000e+00 
    3486            30     -9.9999999999999967e-01 
    3486            36      1.9999999999999993e+00 
    3486            86     -1.9999999999999987e+00 
    3486           156     -9.9999999999999922e-01 
    3486           126      3.9999999999999973e+00 
    3486           231      1.9999999999999984e+00 
    3487           184      1.2247448713915876e+00 
    3487           153     -1.2247448713915876e+00 
    3488           180      1.2247448713915869e+00 
    3489           105     -1.2247448713915872e+00 
    3490            15     -4.9999999999999939e-01 
    3490           198      1.4999999999999976e+00 
    3490           146     -4.9999999999999922e-01 
    3490           150     -4.9999999999999928e-01 
    3490           155     -4.9999999999999922e-01 
    3490           246     -4.9999999999999928e-01 
    3490           141     -4.9999999999999922e-01 
    3491            10      4.9999999999999944e-01 
    3491           118     -1.4999999999999980e+00 
    3491            81      4.9999999999999939e-01 
    3491            85      4.9999999999999944e-01 
    3491           241      4.9999999999999939e-01 
    3491           136      4.9999999999999944e-01 
    3491            76      4.9999999999999939e-01 
    3492             6      9.9999999999999900e-01 
    3492            47      9.9999999999999889e-01 
    3492           122     -1.4999999999999996e+00 
    3492           207     -1.4999999999999991e+00 
    3492           132      9.9999999999999845e-01 
    3492           237      9.9999999999999822e-01 
    3492            72      9.9999999999999878e-01 
    3492            42      9.9999999999999889e-01 
    3493           202     -1.2247448713915874e+00 
    3493           154      1.2247448713915874e+00 
    3494            15     -8.6602540378443693e-01 
    3494           177      1.7320508075688736e+00 
    3494           198      8.6602540378443771e-01 
    3494           146     -8.6602540378443682e-01 
    3494           150     -8.6602540378443693e-01 
    3494           155     -8.6602540378443682e-01 
    3494           246     -8.6602540378443693e-01 
    3494           141     -8.6602540378443682e-01 
    3495            10      8.6602540378443726e-01 
    3495           102     -1.7320508075688739e+00 
    3495           118     -8.6602540378443793e-01 
    3495            81      8.6602540378443693e-01 
    3495            85      8.6602540378443715e-01 
    3495           241      8.6602540378443704e-01 
    3495           136      8.6602540378443715e-01 
    3495            76      8.6602540378443693e-01 
    3496           154      1.2247448713915874e+00 
    3497           122     -8.6602540378443826e-01 
    3497           207      8.6602540378443738e-01 
    3498           202     -1.2247448713915865e+00 
    3499           195     -1.2247448713915865e+00 
    3500           115      1.2247448713915869e+00 
    3501             3     -9.9999999999999956e-01 
    3501            39     -9.9999999999999933e-01 
    3501            27     -9.9999999999999933e-01 
    3501           109      1.5000000000000000e+00 
    3501           189      1.4999999999999993e+00 
    3501            69     -9.9999999999999933e-01 
    3501           129     -9.9999999999999878e-01 
    3501           234     -9.9999999999999856e-01 
    3502           153     -1.2247448713915876e+00 
    3503           109      8.6602540378443837e-01 
    3503           189     -8.6602540378443760e-01 
    3504           184      1.2247448713915869e+00 
    3505           105     -1.2247448713915887e+00 
    3505           115      1.2247448713915874e+00 
    3506           180      1.2247448713915885e+00 
    3506           195     -1.2247448713915872e+00 
    3507           145     -4.9999999999999939e-01 
    3508            80      4.9999999999999944e-01 
    3509            46      9.9999999999999889e-01 
    3510            55      1.1547005383792504e+00 
    3510            97     -5.7735026918962584e-01 
    3510           172     -5.7735026918962562e-01 
    3511           148      4.9999999999999906e-01 
    3512            83     -4.9999999999999917e-01 
    3513            34      1.2247448713915876e+00 
    3513            55      4.0824829046386335e-01 
    3513            97     -8.1649658092772615e-01 
    3513           172     -8.1649658092772570e-01 
    3514           152      9.9999999999999811e-01 
    3515            97     -7.0710678118654691e-01 
    3515           172      7.0710678118654624e-01 
    3516           167     -9.9999999999999833e-01 
    3517            93      5.0000000000000044e-01 
    3518           163     -5.0000000000000033e-01 
    3519            52     -9.9999999999999989e-01 
    3520            90     -4.9999999999999983e-01 
    3521           160      4.9999999999999972e-01 
    3523           145     -8.6602540378443749e-01 
    3523           175      1.7320508075688750e+00 
    3524            80      8.6602540378443760e-01 
    3524           100     -1.7320508075688752e+00 
    3528           148      8.6602540378443715e-01 
    3528           193     -1.7320508075688743e+00 
    3529            83     -8.6602540378443726e-01 
    3529           113      1.7320508075688745e+00 
    3530             1     -1.4142135623730949e+00 
    3530            22     -1.4142135623730945e+00 
    3530            34      7.0710678118654713e-01 
    3530            37     -1.4142135623730943e+00 
    3530            55      7.0710678118654713e-01 
    3530            97      7.0710678118654668e-01 
    3530           172      7.0710678118654668e-01 
    3530            67     -1.4142135623730943e+00 
    3530           127     -1.4142135623730934e+00 
    3530           232     -1.4142135623730934e+00 
    3534            93     -8.6602540378443749e-01 
    3534           113      1.7320508075688750e+00 
    3535           163      8.6602540378443738e-01 
    3535           193     -1.7320508075688748e+00 
    3539            90      8.6602540378443738e-01 
    3539           100     -1.7320508075688748e+00 
    3540           160     -8.6602540378443726e-01 
    3540           175      1.7320508075688745e+00 
    3544            32     -9.9999999999999933e-01 
    3550            50      9.9999999999999933e-01 
    3551            88      4.9999999999999944e-01 
    3552           158     -4.9999999999999939e-01 
    3556            88      8.6602540378443749e-01 
    3557           158     -8.6602540378443738e-01 
    3562           204     -1.7320508075688761e+00 
    3562           187      1.7320508075688761e+00 
    3563            17     -1.2247448713915876e+00 
    3563           200      1.2247448713915885e+00 
    3563           183     -1.2247448713915874e+00 
    3563           188     -1.2247448713915874e+00 
    3563           248     -1.2247448713915876e+00 
    3563           144      1.2247448713915876e+00 
    3563           174     -2.4494897427831752e+00 
    3564            12      1.2247448713915881e+00 
    3564           120     -1.2247448713915889e+00 
    3564           108      1.2247448713915876e+00 
    3564           243      1.2247448713915878e+00 
    3564           138      1.2247448713915878e+00 
    3564            79     -1.2247448713915878e+00 
    3564            99      2.4494897427831757e+00 
    3565           187      1.7320508075688761e+00 
    3566           124     -1.2247448713915892e+00 
    3566           209      1.2247448713915881e+00 
    3567           204     -1.7320508075688750e+00 
    3568            18      1.2247448713915874e+00 
    3568           206      1.2247448713915872e+00 
    3568           249      1.2247448713915874e+00 
    3568           182     -1.2247448713915872e+00 
    3568           197      1.2247448713915867e+00 
    3568           147     -1.2247448713915872e+00 
    3568           192      2.4494897427831743e+00 
    3569            13     -1.2247448713915876e+00 
    3569           244     -1.2247448713915874e+00 
    3569           139     -1.2247448713915876e+00 
    3569           107      1.2247448713915874e+00 
    3569           117     -1.2247448713915869e+00 
    3569            82      1.2247448713915876e+00 
    3569           112     -2.4494897427831752e+00 
    3570            20      1.0000000000000000e+00 
    3570            14      9.9999999999999956e-01 
    3570           230     -9.9999999999999967e-01 
    3570           245      9.9999999999999933e-01 
    3570             9      1.0000000000000000e+00 
    3570           125      5.0000000000000144e-01 
    3570           210      5.0000000000000089e-01 
    3570           135      9.9999999999999933e-01 
    3570           240      9.9999999999999922e-01 
    3570             5      9.9999999999999967e-01 
    3570            65     -1.0000000000000004e+00 
    3570           111      5.0000000000000144e-01 
    3570           191      5.0000000000000089e-01 
    3570            71      9.9999999999999956e-01 
    3570           131      9.9999999999999889e-01 
    3570           236      9.9999999999999878e-01 
    3570             0      2.0000000000000004e+00 
    3570            21      1.0000000000000000e+00 
    3570            30     -9.9999999999999967e-01 
    3570            36      1.9999999999999993e+00 
    3570            48     -9.9999999999999978e-01 
    3570            86     -9.9999999999999922e-01 
    3570           156     -9.9999999999999900e-01 
    3570            66      1.9999999999999996e+00 
    3570           126      1.9999999999999984e+00 
    3570           231      1.9999999999999980e+00 
    3571           109     -9.9999999999999956e-01 
    3572           105     -9.9999999999999867e-01 
    3572            84      1.9999999999999973e+00 
    3574            10     -1.2247448713915874e+00 
    3574           118      1.2247448713915876e+00 
    3574            81     -1.2247448713915872e+00 
    3574            85     -1.2247448713915874e+00 
    3574           226      1.2247448713915874e+00 
    3574           241     -2.4494897427831748e+00 
    3574            76     -1.2247448713915872e+00 
    3575           221      1.2247448713915867e+00 
    3576           202     -1.2247448713915869e+00 
    3577           122     -9.9999999999999889e-01 
    3578            10      7.0710678118654691e-01 
    3578           102     -1.4142135623730931e+00 
    3578           118      7.0710678118654680e-01 
    3578            81      7.0710678118654668e-01 
    3578            85      7.0710678118654668e-01 
    3578           226     -7.0710678118654691e-01 
    3578           241      1.4142135623730938e+00 
    3578            76      7.0710678118654668e-01 
    3579           221     -7.0710678118654635e-01 
    3580             6     -9.9999999999999889e-01 
    3580            60      1.9999999999999973e+00 
    3580            47     -9.9999999999999878e-01 
    3580           207      9.9999999999999889e-01 
    3580           237     -1.9999999999999978e+00 
    3580            72     -9.9999999999999878e-01 
    3580            42     -9.9999999999999878e-01 
    3581           202     -7.0710678118654668e-01 
    3581           217      1.4142135623730934e+00 
    3583            84      1.9999999999999973e+00 
    3583           115     -9.9999999999999878e-01 
    3585           184     -1.2247448713915874e+00 
    3586             3     -9.9999999999999956e-01 
    3586            39     -9.9999999999999933e-01 
    3586            27     -9.9999999999999933e-01 
    3586            63      1.9999999999999987e+00 
    3586           189      9.9999999999999956e-01 
    3586            69     -9.9999999999999933e-01 
    3586           234     -1.9999999999999991e+00 
    3587           184     -7.0710678118654668e-01 
    3587           214      1.4142135623730934e+00 
    3589           180      9.9999999999999811e-01 
    3589           195      9.9999999999999845e-01 
    3591            80     -1.2247448713915874e+00 
    3594           167     -1.4142135623730938e+00 
    3595            83     -1.2247448713915867e+00 
    3597           167      9.9999999999999856e-01 
    3598            34      1.2247448713915876e+00 
    3598            55     -1.2247448713915876e+00 
    3601           163     -1.2247448713915869e+00 
    3604           160     -1.2247448713915874e+00 
    3607            80      7.0710678118654713e-01 
    3607           100     -1.4142135623730943e+00 
    3609            46     -9.9999999999999933e-01 
    3609            58      1.9999999999999987e+00 
    3612            83      7.0710678118654668e-01 
    3612           113     -1.4142135623730934e+00 
    3615             1     -1.4142135623730949e+00 
    3615            22     -1.4142135623730945e+00 
    3615            34      7.0710678118654713e-01 
    3615            37     -1.4142135623730943e+00 
    3615            55      7.0710678118654713e-01 
    3615           172      1.4142135623730945e+00 
    3615            67     -1.4142135623730943e+00 
    3615           232     -2.8284271247461890e+00 
    3616           167     -9.9999999999999889e-01 
    3616           212      1.9999999999999978e+00 
    3618           163     -7.0710678118654635e-01 
    3618           193      1.4142135623730927e+00 
    3620            52     -9.9999999999999933e-01 
    3620            58      1.9999999999999987e+00 
    3623           160     -7.0710678118654635e-01 
    3623           175      1.4142135623730927e+00 
    3629            32     -9.9999999999999933e-01 
    3635           158      1.2247448713915865e+00 
    3637            50     -9.9999999999999944e-01 
    3640           158     -7.0710678118654635e-01 
    3646           124     -1.4142135623730945e+00 
    3647            12      9.9999999999999967e-01 
    3647           120      9.9999999999999956e-01 
    3647           108      9.9999999999999956e-01 
    3647           228     -9.9999999999999967e-01 
    3647           243      1.9999999999999993e+00 
    3647            79     -9.9999999999999978e-01 
    3647            99      1.9999999999999996e+00 
    3648           223     -9.9999999999999878e-01 
    3649             8     -1.4142135623730945e+00 
    3649           209      1.4142135623730945e+00 
    3649           239     -2.8284271247461890e+00 
    3649            74     -1.4142135623730943e+00 
    3649            45      1.4142135623730945e+00 
    3649            57     -2.8284271247461890e+00 
    3650           204     -9.9999999999999933e-01 
    3650           219      1.9999999999999987e+00 
    3652            13      9.9999999999999933e-01 
    3652           229     -9.9999999999999933e-01 
    3652           244      1.9999999999999987e+00 
    3652           107      9.9999999999999878e-01 
    3652           117      9.9999999999999889e-01 
    3652            82     -9.9999999999999922e-01 
    3652           112      1.9999999999999984e+00 
    3653           224     -9.9999999999999922e-01 
    3654           205      1.2247448713915883e+00 
    3654           186     -1.2247448713915876e+00 
    3655            20      2.0000000000000004e+00 
    3655           251      1.0000000000000000e+00 
    3655             9      1.0000000000000000e+00 
    3655           210     -1.0000000000000000e+00 
    3655           240      2.0000000000000000e+00 
    3655             5      9.9999999999999967e-01 
    3655            65      9.9999999999999956e-01 
    3655           191     -9.9999999999999967e-01 
    3655            71      9.9999999999999956e-01 
    3655           236      1.9999999999999993e+00 
    3655             0      2.0000000000000004e+00 
    3655            21      1.0000000000000000e+00 
    3655            30     -9.9999999999999967e-01 
    3655            36      1.9999999999999993e+00 
    3655            48     -9.9999999999999978e-01 
    3655           156     -2.0000000000000000e+00 
    3655            66      1.9999999999999996e+00 
    3655           231      4.0000000000000000e+00 
    3656           184     -7.0710678118654680e-01 
    3656           153     -7.0710678118654680e-01 
    3657           180     -7.0710678118654591e-01 
    3657           149      1.4142135623730920e+00 
    3658           105     -7.0710678118654635e-01 
    3658            84      1.4142135623730929e+00 
    3659            15     -8.6602540378443693e-01 
    3659           198      8.6602540378443715e-01 
    3659           221      1.7320508075688736e+00 
    3659           146     -8.6602540378443682e-01 
    3659           150     -8.6602540378443693e-01 
    3659           155     -8.6602540378443682e-01 
    3659           246     -8.6602540378443693e-01 
    3659           141     -8.6602540378443682e-01 
    3660            10     -8.6602540378443738e-01 
    3660           118      8.6602540378443771e-01 
    3660            81     -8.6602540378443726e-01 
    3660            85     -8.6602540378443738e-01 
    3660           226      1.7320508075688745e+00 
    3660           241     -8.6602540378443726e-01 
    3660           136     -8.6602540378443726e-01 
    3660            76     -8.6602540378443726e-01 
    3661           122      8.6602540378443738e-01 
    3661           207     -8.6602540378443738e-01 
    3662           202     -7.0710678118654635e-01 
    3662           154     -7.0710678118654635e-01 
    3663            15      4.9999999999999922e-01 
    3663           177     -9.9999999999999800e-01 
    3663           198      4.9999999999999911e-01 
    3663           221     -9.9999999999999800e-01 
    3663           146      4.9999999999999906e-01 
    3663           150      4.9999999999999906e-01 
    3663           155      4.9999999999999906e-01 
    3663           246      4.9999999999999911e-01 
    3663           141      4.9999999999999906e-01 
    3664            10      4.9999999999999944e-01 
    3664           102     -9.9999999999999856e-01 
    3664           118      4.9999999999999933e-01 
    3664            81      4.9999999999999939e-01 
    3664            85      4.9999999999999939e-01 
    3664           226     -9.9999999999999878e-01 
    3664           241      4.9999999999999939e-01 
    3664           136      4.9999999999999939e-01 
    3664            76      4.9999999999999939e-01 
    3665           154     -7.0710678118654635e-01 
    3665           217      1.4142135623730927e+00 
    3666             6     -9.9999999999999889e-01 
    3666            60      1.9999999999999973e+00 
    3666            47     -9.9999999999999878e-01 
    3666            72     -9.9999999999999878e-01 
    3666            42     -9.9999999999999878e-01 
    3666           122      4.9999999999999922e-01 
    3666           207      4.9999999999999928e-01 
    3666           132     -9.9999999999999845e-01 
    3666           237     -9.9999999999999856e-01 
    3667           202     -7.0710678118654680e-01 
    3667           217      1.4142135623730936e+00 
    3668           149      1.4142135623730920e+00 
    3668           195     -7.0710678118654613e-01 
    3669            84      1.4142135623730929e+00 
    3669           115     -7.0710678118654657e-01 
    3670           109      8.6602540378443760e-01 
    3670           189     -8.6602540378443760e-01 
    3671           153     -7.0710678118654680e-01 
    3671           214      1.4142135623730936e+00 
    3672             3     -9.9999999999999956e-01 
    3672            39     -9.9999999999999933e-01 
    3672            27     -9.9999999999999933e-01 
    3672            63      1.9999999999999987e+00 
    3672            69     -9.9999999999999933e-01 
    3672           109      4.9999999999999950e-01 
    3672           189      4.9999999999999961e-01 
    3672           129     -9.9999999999999900e-01 
    3672           234     -9.9999999999999922e-01 
    3673           184     -7.0710678118654680e-01 
    3673           214      1.4142135623730936e+00 
    3674           105     -7.0710678118654657e-01 
    3674           115     -7.0710678118654668e-01 
    3675           180     -7.0710678118654657e-01 
    3675           195     -7.0710678118654668e-01 
    3676           145     -8.6602540378443682e-01 
    3677            80     -8.6602540378443738e-01 
    3679            97      9.9999999999999856e-01 
    3679           172     -9.9999999999999856e-01 
    3680           148     -8.6602540378443638e-01 
    3681            83     -8.6602540378443693e-01 
    3682            97     -7.0710678118654635e-01 
    3682           172      7.0710678118654646e-01 
    3684            34      1.2247448713915876e+00 
    3684            55     -1.2247448713915876e+00 
    3686            93      8.6602540378443749e-01 
    3687           163      8.6602540378443749e-01 
    3689            90      8.6602540378443771e-01 
    3690           160      8.6602540378443782e-01 
    3692           145      4.9999999999999939e-01 
    3692           175     -9.9999999999999878e-01 
    3693            80      4.9999999999999967e-01 
    3693           100     -9.9999999999999933e-01 
    3695            46     -9.9999999999999933e-01 
    3695            58      1.9999999999999987e+00 
    3697           148      4.9999999999999906e-01 
    3697           193     -9.9999999999999811e-01 
    3698            83      4.9999999999999939e-01 
    3698           113     -9.9999999999999878e-01 
    3700           152     -9.9999999999999900e-01 
    3700           212      1.9999999999999980e+00 
    3701             1     -1.4142135623730949e+00 
    3701            22     -1.4142135623730945e+00 
    3701            34      7.0710678118654713e-01 
    3701            37     -1.4142135623730943e+00 
    3701            55      7.0710678118654713e-01 
    3701            67     -1.4142135623730943e+00 
    3701            97      7.0710678118654691e-01 
    3701           172      7.0710678118654702e-01 
    3701           127     -1.4142135623730938e+00 
    3701           232     -1.4142135623730940e+00 
    3702           167     -9.9999999999999911e-01 
    3702           212      1.9999999999999982e+00 
    3703            93      4.9999999999999939e-01 
    3703           113     -9.9999999999999878e-01 
    3704           163      4.9999999999999944e-01 
    3704           193     -9.9999999999999889e-01 
    3706            52     -9.9999999999999933e-01 
    3706            58      1.9999999999999987e+00 
    3708            90      4.9999999999999933e-01 
    3708           100     -9.9999999999999867e-01 
    3709           160      4.9999999999999939e-01 
    3709           175     -9.9999999999999878e-01 
    3715            32     -9.9999999999999933e-01 
    3720            88     -8.6602540378443726e-01 
    3721           158     -8.6602540378443738e-01 
    3723            50     -9.9999999999999944e-01 
    3725            88      4.9999999999999939e-01 
    3726           158      4.9999999999999944e-01 
    3731           204     -9.9999999999999900e-01 
    3731           187     -9.9999999999999900e-01 
    3732            17      7.0710678118654680e-01 
    3732           200      7.0710678118654680e-01 
    3732           223     -1.4142135623730934e+00 
    3732           183      7.0710678118654668e-01 
    3732           188      7.0710678118654668e-01 
    3732           248      7.0710678118654668e-01 
    3732           144     -7.0710678118654680e-01 
    3732           174      1.4142135623730936e+00 
    3733            12      7.0710678118654724e-01 
    3733           120      7.0710678118654702e-01 
    3733           108      7.0710678118654713e-01 
    3733           228     -1.4142135623730943e+00 
    3733           243      7.0710678118654713e-01 
    3733           138      7.0710678118654713e-01 
    3733            79     -7.0710678118654724e-01 
    3733            99      1.4142135623730945e+00 
    3734           187     -9.9999999999999900e-01 
    3734           219      1.9999999999999980e+00 
    3735             8     -1.4142135623730945e+00 
    3735            74     -1.4142135623730943e+00 
    3735           124      7.0710678118654691e-01 
    3735           209      7.0710678118654702e-01 
    3735           134     -1.4142135623730938e+00 
    3735           239     -1.4142135623730940e+00 
    3735            45      1.4142135623730945e+00 
    3735            57     -2.8284271247461890e+00 
    3736           204     -9.9999999999999956e-01 
    3736           219      1.9999999999999991e+00 
    3737            18      7.0710678118654657e-01 
    3737           224     -1.4142135623730929e+00 
    3737           206      7.0710678118654646e-01 
    3737           249      7.0710678118654646e-01 
    3737           182      7.0710678118654635e-01 
    3737           197      7.0710678118654624e-01 
    3737           147     -7.0710678118654646e-01 
    3737           192      1.4142135623730929e+00 
    3738            13      7.0710678118654702e-01 
    3738           229     -1.4142135623730938e+00 
    3738           244      7.0710678118654691e-01 
    3738           139      7.0710678118654691e-01 
    3738           107      7.0710678118654680e-01 
    3738           117      7.0710678118654668e-01 
    3738            82     -7.0710678118654691e-01 
    3738           112      1.4142135623730938e+00 
    3739           125     -8.6602540378443893e-01 
    3739           210      8.6602540378443826e-01 
    3739           111      8.6602540378443849e-01 
    3739           191     -8.6602540378443771e-01 
    3740            19     -1.4142135623730945e+00 
    3740           250     -1.4142135623730943e+00 
    3740           205      7.0710678118654713e-01 
    3740           220     -1.4142135623730943e+00 
    3740           186      7.0710678118654691e-01 
    3740           216     -1.4142135623730938e+00 
    3740           151      1.4142135623730943e+00 
    3740           211     -2.8284271247461885e+00 
    3741            20      1.0000000000000000e+00 
    3741            14      9.9999999999999967e-01 
    3741           230      9.9999999999999956e-01 
    3741           245      9.9999999999999956e-01 
    3741             9      1.0000000000000000e+00 
    3741           125     -4.9999999999999978e-01 
    3741           210     -4.9999999999999983e-01 
    3741           135      9.9999999999999956e-01 
    3741           240      9.9999999999999967e-01 
    3741             5      9.9999999999999967e-01 
    3741            65      9.9999999999999956e-01 
    3741            71      9.9999999999999956e-01 
    3741           111     -4.9999999999999961e-01 
    3741           191     -4.9999999999999967e-01 
    3741           131      9.9999999999999922e-01 
    3741           236      9.9999999999999933e-01 
    3741             0      2.0000000000000004e+00 
    3741            21      1.0000000000000000e+00 
    3741            30     -9.9999999999999967e-01 
    3741            36      1.9999999999999993e+00 
    3741            48     -9.9999999999999978e-01 
    3741            66      1.9999999999999996e+00 
    3741            86     -9.9999999999999956e-01 
    3741           156     -9.9999999999999967e-01 
    3741           126      1.9999999999999991e+00 
    3741           231      1.9999999999999993e+00 
    3742           189     -9.9999999999999956e-01 
    3744           180     -9.9999999999999822e-01 
    3744           149      1.9999999999999969e+00 
    3745           226      1.2247448713915874e+00 
    3746            15     -1.2247448713915872e+00 
    3746           198      1.2247448713915876e+00 
    3746           221      1.2247448713915872e+00 
    3746           146     -1.2247448713915869e+00 
    3746           150     -1.2247448713915872e+00 
    3746           155     -2.4494897427831743e+00 
    3746           141     -1.2247448713915869e+00 
    3747           154      1.2247448713915867e+00 
    3748           207     -9.9999999999999889e-01 
    3749           226     -7.0710678118654691e-01 
    3750            15      7.0710678118654668e-01 
    3750           177     -1.4142135623730929e+00 
    3750           198      7.0710678118654657e-01 
    3750           221     -7.0710678118654668e-01 
    3750           146      7.0710678118654657e-01 
    3750           150      7.0710678118654657e-01 
    3750           155      1.4142135623730934e+00 
    3750           141      7.0710678118654657e-01 
    3752           154     -7.0710678118654646e-01 
    3752           217      1.4142135623730929e+00 
    3753             6     -9.9999999999999889e-01 
    3753            60      1.9999999999999973e+00 
    3753            47     -9.9999999999999878e-01 
    3753            72     -9.9999999999999878e-01 
    3753            42     -9.9999999999999878e-01 
    3753           122      9.9999999999999889e-01 
    3753           132     -1.9999999999999978e+00 
    3755           149      1.9999999999999969e+00 
    3755           195     -9.9999999999999856e-01 
    3756           153      1.2247448713915872e+00 
    3758           153     -7.0710678118654691e-01 
    3758           214      1.4142135623730938e+00 
    3759             3     -9.9999999999999956e-01 
    3759            39     -9.9999999999999933e-01 
    3759            27     -9.9999999999999933e-01 
    3759            63      1.9999999999999987e+00 
    3759            69     -9.9999999999999933e-01 
    3759           109      9.9999999999999956e-01 
    3759           129     -1.9999999999999991e+00 
    3761           105      9.9999999999999867e-01 
    3761           115      9.9999999999999878e-01 
    3763           145     -1.2247448713915872e+00 
    3765           152      1.4142135623730925e+00 
    3767           148     -1.2247448713915865e+00 
    3768           152     -9.9999999999999800e-01 
    3771            34      1.2247448713915876e+00 
    3771            55     -1.2247448713915876e+00 
    3773            93     -1.2247448713915874e+00 
    3776            90     -1.2247448713915876e+00 
    3779           145      7.0710678118654702e-01 
    3779           175     -1.4142135623730940e+00 
    3782            46     -9.9999999999999933e-01 
    3782            58      1.9999999999999987e+00 
    3784           148      7.0710678118654657e-01 
    3784           193     -1.4142135623730931e+00 
    3787           152     -9.9999999999999933e-01 
    3787           212      1.9999999999999987e+00 
    3788             1     -1.4142135623730949e+00 
    3788            22     -1.4142135623730945e+00 
    3788            34      7.0710678118654713e-01 
    3788            37     -1.4142135623730943e+00 
    3788            55      7.0710678118654713e-01 
    3788            67     -1.4142135623730943e+00 
    3788            97      1.4142135623730945e+00 
    3788           127     -2.8284271247461890e+00 
    3790            93     -7.0710678118654657e-01 
    3790           113      1.4142135623730931e+00 
    3793            52     -9.9999999999999933e-01 
    3793            58      1.9999999999999987e+00 
    3795            90     -7.0710678118654657e-01 
    3795           100      1.4142135623730931e+00 
    3802            32     -9.9999999999999933e-01 
    3807            88      1.2247448713915872e+00 
    3810            50     -9.9999999999999944e-01 
    3812            88     -7.0710678118654657e-01 
    3817           209     -1.4142135623730945e+00 
    3818           228     -9.9999999999999967e-01 
    3819            17      9.9999999999999956e-01 
    3819           200      9.9999999999999922e-01 
    3819           223     -9.9999999999999956e-01 
    3819           183      9.9999999999999933e-01 
    3819           188      1.9999999999999991e+00 
    3819           144     -9.9999999999999956e-01 
    3819           174      1.9999999999999991e+00 
    3821           187     -9.9999999999999933e-01 
    3821           219      1.9999999999999987e+00 
    3822             8     -1.4142135623730945e+00 
    3822            74     -1.4142135623730943e+00 
    3822           124      1.4142135623730945e+00 
    3822           134     -2.8284271247461890e+00 
    3822            45      1.4142135623730945e+00 
    3822            57     -2.8284271247461890e+00 
    3823           229     -9.9999999999999933e-01 
    3824            18      9.9999999999999922e-01 
    3824           224     -9.9999999999999922e-01 
    3824           206      1.9999999999999984e+00 
    3824           182      9.9999999999999867e-01 
    3824           197      9.9999999999999867e-01 
    3824           147     -9.9999999999999900e-01 
    3824           192      1.9999999999999980e+00 
    3825           205     -1.2247448713915876e+00 
    3825           186      1.2247448713915874e+00 
    3826           230      1.0000000000000002e+00 
    3827            19     -1.4142135623730949e+00 
    3827           225     -1.4142135623730945e+00 
    3827           205      7.0710678118654724e-01 
    3827           220     -1.4142135623730945e+00 
    3827           186      7.0710678118654702e-01 
    3827           216     -1.4142135623730940e+00 
    3827           151      1.4142135623730945e+00 
    3827           211     -2.8284271247461890e+00 
    3828            14      2.0000000000000004e+00 
    3828           140      1.0000000000000000e+00 
    3828             9      1.0000000000000000e+00 
    3828           125     -1.0000000000000000e+00 
    3828           135      2.0000000000000000e+00 
    3828             5      9.9999999999999967e-01 
    3828            65      9.9999999999999956e-01 
    3828            71      9.9999999999999956e-01 
    3828           111     -9.9999999999999967e-01 
    3828           131      1.9999999999999993e+00 
    3828             0      2.0000000000000004e+00 
    3828            21      1.0000000000000000e+00 
    3828            30     -9.9999999999999967e-01 
    3828            36      1.9999999999999993e+00 
    3828            48     -9.9999999999999978e-01 
    3828            66      1.9999999999999996e+00 
    3828            86     -2.0000000000000000e+00 
    3828           126      4.0000000000000000e+00 
    3830           184      1.9999999999999967e+00 
    3830           153     -9.9999999999999800e-01 
    3831           109     -9.9999999999999889e-01 
    3832           202      1.2247448713915863e+00 
    3833           122     -1.2247448713915872e+00 
    3834            10      1.2247448713915869e+00 
    3834           118     -1.2247448713915869e+00 
    3834            81      1.2247448713915867e+00 
    3834            85      2.4494897427831739e+00 
    3834           226     -1.2247448713915863e+00 
    3834           241      1.2247448713915867e+00 
    3834            76      1.2247448713915867e+00 
    3836           202     -7.0710678118654602e-01 
    3836           154      1.4142135623730923e+00 
    3837           122     -7.0710678118654657e-01 
    3838            15     -9.9999999999999822e-01 
    3838           177      1.9999999999999958e+00 
    3838           198      9.9999999999999822e-01 
    3838           146     -9.9999999999999811e-01 
    3838           150     -1.9999999999999964e+00 
    3838           246     -9.9999999999999811e-01 
    3838           141     -9.9999999999999811e-01 
    3839            10      7.0710678118654657e-01 
    3839           102     -1.4142135623730927e+00 
    3839           118     -7.0710678118654657e-01 
    3839            81      7.0710678118654646e-01 
    3839            85      1.4142135623730931e+00 
    3839           226      7.0710678118654635e-01 
    3839           241      7.0710678118654646e-01 
    3839            76      7.0710678118654646e-01 
    3840           221     -9.9999999999999911e-01 
    3843            84     -1.2247448713915889e+00 
    3843           115      1.2247448713915876e+00 
    3844           149      9.9999999999999822e-01 
    3844           195      9.9999999999999856e-01 
    3845            84     -7.0710678118654668e-01 
    3845           115     -7.0710678118654680e-01 
    3847             3     -9.9999999999999956e-01 
    3847            39     -9.9999999999999933e-01 
    3847            27     -9.9999999999999933e-01 
    3847            63      9.9999999999999922e-01 
    3847           189      1.9999999999999969e+00 
    3847            69     -1.9999999999999984e+00 
    3847           234     -9.9999999999999878e-01 
    3848           184      1.9999999999999958e+00 
    3848           214     -9.9999999999999833e-01 
    3851            80      1.2247448713915869e+00 
    3852            83      1.4142135623730931e+00 
    3855            83      5.0000000000000022e-01 
    3856           148     -1.2247448713915863e+00 
    3857            83      8.6602540378443715e-01 
    3859            34      1.2247448713915876e+00 
    3859           172     -1.2247448713915863e+00 
    3860           167     -1.2247448713915865e+00 
    3862            52      1.2247448713915881e+00 
    3867           145     -9.9999999999999878e-01 
    3867           175      1.9999999999999976e+00 
    3868            80      7.0710678118654691e-01 
    3868           100     -1.4142135623730938e+00 
    3872            83     -8.6602540378443771e-01 
    3872           113      1.7320508075688754e+00 
    3873           148     -7.0710678118654657e-01 
    3873           193      1.4142135623730931e+00 
    3874            83      4.9999999999999950e-01 
    3874           113     -9.9999999999999900e-01 
    3876             1     -1.4142135623730949e+00 
    3876            22     -1.4142135623730945e+00 
    3876            34      7.0710678118654713e-01 
    3876            37     -1.4142135623730943e+00 
    3876            55      1.4142135623730940e+00 
    3876           172      7.0710678118654668e-01 
    3876            67     -2.8284271247461881e+00 
    3876           232     -1.4142135623730934e+00 
    3877           167      7.0710678118654635e-01 
    3877           212     -1.4142135623730927e+00 
    3881            52     -7.0710678118654691e-01 
    3881            58      1.4142135623730938e+00 
    3883           160     -9.9999999999999889e-01 
    3883           175      1.9999999999999978e+00 
    3890            32     -9.9999999999999933e-01 
    3893            50     -1.2247448713915874e+00 
    3898            50     -7.0710678118654702e-01 
    3900           158     -9.9999999999999900e-01 
    3905           204     -9.9999999999999867e-01 
    3905           187      1.9999999999999978e+00 
    3906           124     -9.9999999999999933e-01 
    3907            17     -1.4142135623730936e+00 
    3907           200      1.4142135623730936e+00 
    3907           183     -2.8284271247461872e+00 
    3907           248     -1.4142135623730934e+00 
    3907           144      1.4142135623730936e+00 
    3907           174     -2.8284271247461872e+00 
    3908            12      9.9999999999999933e-01 
    3908           120     -9.9999999999999933e-01 
    3908           108      1.9999999999999987e+00 
    3908           228      9.9999999999999933e-01 
    3908           243      9.9999999999999922e-01 
    3908            79     -9.9999999999999933e-01 
    3908            99      1.9999999999999987e+00 
    3909           223     -1.4142135623730943e+00 
    3910           205     -9.9999999999999922e-01 
    3911           125      9.9999999999999956e-01 
    3912            13     -1.2247448713915883e+00 
    3912           229      1.2247448713915876e+00 
    3912           244     -1.2247448713915881e+00 
    3912           121     -1.2247448713915881e+00 
    3912           117     -1.2247448713915878e+00 
    3912            82      1.2247448713915883e+00 
    3912           112     -2.4494897427831765e+00 
    3913            18     -9.9999999999999900e-01 
    3913           249     -9.9999999999999900e-01 
    3913           201     -9.9999999999999889e-01 
    3913           182      1.9999999999999973e+00 
    3913           197     -9.9999999999999878e-01 
    3913           147      9.9999999999999900e-01 
    3913           192     -1.9999999999999980e+00 
    3914            13      7.0710678118654713e-01 
    3914           229      7.0710678118654702e-01 
    3914           244      7.0710678118654702e-01 
    3914           121      7.0710678118654702e-01 
    3914           107     -1.4142135623730936e+00 
    3914           117      7.0710678118654691e-01 
    3914            82     -7.0710678118654713e-01 
    3914           112      1.4142135623730943e+00 
    3915           224     -9.9999999999999922e-01 
    3916            20      1.0000000000000000e+00 
    3916             9      1.9999999999999996e+00 
    3916           210     -9.9999999999999933e-01 
    3916           240      1.9999999999999987e+00 
    3916            75      9.9999999999999967e-01 
    3916             5      9.9999999999999967e-01 
    3916            65     -9.9999999999999933e-01 
    3916           191      9.9999999999999833e-01 
    3916            71      1.9999999999999987e+00 
    3916           236      9.9999999999999889e-01 
    3916             0      2.0000000000000004e+00 
    3916            21      1.0000000000000000e+00 
    3916            30     -9.9999999999999967e-01 
    3916            36      1.9999999999999993e+00 
    3916            48     -1.9999999999999993e+00 
    3916           156     -9.9999999999999922e-01 
    3916            66      3.9999999999999987e+00 
    3916           231      1.9999999999999984e+00 
    3918           189     -9.9999999999999922e-01 
    3919           184     -9.9999999999999789e-01 
    3919           153      1.9999999999999964e+00 
    3920           207     -1.2247448713915876e+00 
    3921           154      1.2247448713915863e+00 
    3922            15     -1.2247448713915869e+00 
    3922           198      1.2247448713915867e+00 
    3922           221      1.2247448713915872e+00 
    3922           146     -1.2247448713915865e+00 
    3922           150     -2.4494897427831734e+00 
    3922           155     -1.2247448713915867e+00 
    3922           141     -1.2247448713915865e+00 
    3924           207     -7.0710678118654680e-01 
    3925           202      1.4142135623730923e+00 
    3925           154     -7.0710678118654613e-01 
    3926           226     -9.9999999999999856e-01 
    3927            15      7.0710678118654668e-01 
    3927           177     -1.4142135623730927e+00 
    3927           198     -7.0710678118654657e-01 
    3927           221      7.0710678118654635e-01 
    3927           146      7.0710678118654646e-01 
    3927           150      1.4142135623730931e+00 
    3927           155      7.0710678118654646e-01 
    3927           141      7.0710678118654646e-01 
    3928            10     -9.9999999999999856e-01 
    3928           102      1.9999999999999964e+00 
    3928           118      9.9999999999999856e-01 
    3928            81     -9.9999999999999845e-01 
    3928            85     -1.9999999999999971e+00 
    3928           136     -9.9999999999999845e-01 
    3928            76     -9.9999999999999845e-01 
    3931           149      1.2247448713915887e+00 
    3931           195     -1.2247448713915874e+00 
    3933           149     -7.0710678118654668e-01 
    3933           195     -7.0710678118654680e-01 
    3934            84      9.9999999999999856e-01 
    3934           115      9.9999999999999889e-01 
    3935           153      1.9999999999999964e+00 
    3935           214     -9.9999999999999845e-01 
    3936             3     -9.9999999999999956e-01 
    3936            39     -9.9999999999999933e-01 
    3936            27     -9.9999999999999933e-01 
    3936            63      9.9999999999999922e-01 
    3936            69     -1.9999999999999984e+00 
    3936           109      1.9999999999999978e+00 
    3936           129     -9.9999999999999900e-01 
    3939           145     -1.2247448713915867e+00 
    3940           148     -1.4142135623730931e+00 
    3943           148     -5.0000000000000011e-01 
    3945           148      8.6602540378443726e-01 
    3946            83     -1.2247448713915869e+00 
    3947           152     -1.2247448713915861e+00 
    3948            34      1.2247448713915876e+00 
    3948            97     -1.2247448713915869e+00 
    3951            52      1.2247448713915881e+00 
    3956           145      7.0710678118654691e-01 
    3956           175     -1.4142135623730938e+00 
    3957            80     -9.9999999999999900e-01 
    3957           100      1.9999999999999980e+00 
    3960           148      8.6602540378443760e-01 
    3960           193     -1.7320508075688752e+00 
    3962           148      4.9999999999999956e-01 
    3962           193     -9.9999999999999911e-01 
    3963            83     -7.0710678118654680e-01 
    3963           113      1.4142135623730936e+00 
    3964           152      7.0710678118654646e-01 
    3964           212     -1.4142135623730929e+00 
    3965             1     -1.4142135623730949e+00 
    3965            22     -1.4142135623730945e+00 
    3965            34      7.0710678118654713e-01 
    3965            37     -1.4142135623730943e+00 
    3965            55      1.4142135623730940e+00 
    3965            67     -2.8284271247461881e+00 
    3965            97      7.0710678118654691e-01 
    3965           127     -1.4142135623730938e+00 
    3970            52     -7.0710678118654691e-01 
    3970            58      1.4142135623730938e+00 
    3971            90     -9.9999999999999911e-01 
    3971           100      1.9999999999999982e+00 
    3979            32     -9.9999999999999933e-01 
    3982            50     -1.2247448713915874e+00 
    3987            50     -7.0710678118654702e-01 
    3988            88     -9.9999999999999922e-01 
    3993           209     -9.9999999999999967e-01 
    3994           204      1.9999999999999978e+00 
    3994           187     -9.9999999999999878e-01 
    3995           228     -1.4142135623730940e+00 
    3996            17      9.9999999999999933e-01 
    3996           200     -9.9999999999999944e-01 
    3996           223      9.9999999999999911e-01 
    3996           183      1.9999999999999989e+00 
    3996           188      9.9999999999999922e-01 
    3996           144     -9.9999999999999944e-01 
    3996           174      1.9999999999999989e+00 
    3997            12     -1.4142135623730940e+00 
    3997           120      1.4142135623730940e+00 
    3997           108     -2.8284271247461881e+00 
    3997           138     -1.4142135623730938e+00 
    3997            79      1.4142135623730940e+00 
    3997            99     -2.8284271247461881e+00 
    3998           210      9.9999999999999978e-01 
    3999           205     -9.9999999999999911e-01 
    4000            18      1.2247448713915881e+00 
    4000           224     -1.2247448713915885e+00 
    4000           206      1.2247448713915881e+00 
    4000           201      1.2247448713915878e+00 
    4000           197      1.2247448713915876e+00 
    4000           147     -1.2247448713915881e+00 
    4000           192      2.4494897427831761e+00 
    4001           229     -9.9999999999999956e-01 
    4002            18      7.0710678118654724e-01 
    4002           224      7.0710678118654702e-01 
    4002           206      7.0710678118654713e-01 
    4002           201      7.0710678118654702e-01 
    4002           182     -1.4142135623730936e+00 
    4002           197      7.0710678118654691e-01 
    4002           147     -7.0710678118654713e-01 
    4002           192      1.4142135623730943e+00 
    4003            13     -9.9999999999999956e-01 
    4003           139     -9.9999999999999933e-01 
    4003           121     -9.9999999999999922e-01 
    4003           107      1.9999999999999978e+00 
    4003           117     -9.9999999999999900e-01 
    4003            82      9.9999999999999933e-01 
    4003           112     -1.9999999999999987e+00 
    4004            19      9.9999999999999933e-01 
    4004           205     -9.9999999999999911e-01 
    4004           220      1.9999999999999982e+00 
    4004           186      9.9999999999999800e-01 
    4004           216      9.9999999999999867e-01 
    4004           151     -9.9999999999999889e-01 
    4004           211      1.9999999999999978e+00 
    4005             9      1.9999999999999996e+00 
    4005            75      9.9999999999999967e-01 
    4005            14      1.0000000000000000e+00 
    4005           125     -9.9999999999999967e-01 
    4005           135      1.9999999999999993e+00 
    4005             5      9.9999999999999967e-01 
    4005            65     -9.9999999999999933e-01 
    4005            71      1.9999999999999987e+00 
    4005           111      9.9999999999999889e-01 
    4005           131      9.9999999999999922e-01 
    4005             0      2.0000000000000004e+00 
    4005            21      1.0000000000000000e+00 
    4005            30     -9.9999999999999967e-01 
    4005            36      1.9999999999999993e+00 
    4005            48     -1.9999999999999993e+00 
    4005            66      3.9999999999999987e+00 
    4005            86     -9.9999999999999956e-01 
    4005           126      1.9999999999999991e+00 
    4009           105     -1.7320508075688745e+00 
    4009            84      1.7320508075688745e+00 
    4012           109      1.4142135623730945e+00 
    4013           105     -9.9999999999999933e-01 
    4013            84     -9.9999999999999933e-01 
    4015            63      1.4142135623730945e+00 
    4018            10     -1.4142135623730938e+00 
    4018           102      1.4142135623730940e+00 
    4018            81     -2.8284271247461881e+00 
    4018           226      1.4142135623730938e+00 
    4018           241     -2.8284271247461876e+00 
    4018            76     -1.4142135623730938e+00 
    4019           221      1.4142135623730927e+00 
    4020           202     -1.7320508075688748e+00 
    4021             6     -1.4142135623730943e+00 
    4021            60      1.4142135623730943e+00 
    4021            47     -2.8284271247461885e+00 
    4021           207      1.4142135623730943e+00 
    4021           237     -2.8284271247461885e+00 
    4021            42     -1.4142135623730940e+00 
    4022           202     -9.9999999999999845e-01 
    4022           217      1.9999999999999969e+00 
    4024           198      1.4142135623730927e+00 
    4030            80      1.7320508075688745e+00 
    4033            46      1.7320508075688750e+00 
    4038           167     -1.7320508075688767e+00 
    4039           163     -1.7320508075688759e+00 
    4047            80     -9.9999999999999933e-01 
    4047           100      1.9999999999999987e+00 
    4050            46     -9.9999999999999956e-01 
    4050            58      1.9999999999999991e+00 
    4055             1     -1.4142135623730949e+00 
    4055            22     -1.4142135623730945e+00 
    4055            34      1.4142135623730949e+00 
    4055           172      1.4142135623730949e+00 
    4055            37     -2.8284271247461898e+00 
    4055           232     -2.8284271247461898e+00 
    4056           167     -9.9999999999999900e-01 
    4056           212      1.9999999999999980e+00 
    4058           163     -9.9999999999999878e-01 
    4058           193      1.9999999999999976e+00 
    4072            32      1.4142135623730940e+00 
    4078           158      1.4142135623730927e+00 
    4081           111      1.0000000000000002e+00 
    4082           107     -1.4142135623730947e+00 
    4084            65      1.0000000000000002e+00 
    4087            12     -1.4142135623730945e+00 
    4087           228      1.4142135623730945e+00 
    4087           243     -2.8284271247461890e+00 
    4087           104     -1.4142135623730943e+00 
    4087            79      1.4142135623730945e+00 
    4087            99     -2.8284271247461890e+00 
    4088           223      1.4142135623730936e+00 
    4089           204     -1.7320508075688761e+00 
    4090             8     -1.4142135623730949e+00 
    4090           209      1.4142135623730949e+00 
    4090           239     -2.8284271247461898e+00 
    4090            62     -1.4142135623730945e+00 
    4090            45      1.4142135623730947e+00 
    4090            57     -2.8284271247461894e+00 
    4091           204     -9.9999999999999900e-01 
    4091           219      1.9999999999999980e+00 
    4093           200      1.4142135623730936e+00 
    4095            20      2.0000000000000004e+00 
    4095           251      1.0000000000000000e+00 
    4095             5      2.0000000000000004e+00 
    4095           191     -2.0000000000000004e+00 
    4095           236      4.0000000000000009e+00 
    4095            41      1.0000000000000000e+00 
    4095             0      2.0000000000000004e+00 
    4095            21      1.0000000000000000e+00 
    4095            30     -2.0000000000000004e+00 
    4095           156     -2.0000000000000004e+00 
    4095            36      4.0000000000000009e+00 
    4095           231      4.0000000000000009e+00 
    4099           180     -1.2247448713915863e+00 
    4099           149      1.2247448713915863e+00 
    4100           105     -1.2247448713915869e+00 
    4100            84      1.2247448713915869e+00 
    4102           184      9.9999999999999900e-01 
    4102           153      9.9999999999999900e-01 
    4103           180     -7.0710678118654657e-01 
    4103           149     -7.0710678118654657e-01 
    4104           105     -7.0710678118654691e-01 
    4104            84     -7.0710678118654691e-01 
    4106            63      1.4142135623730945e+00 
    4108            15     -9.9999999999999845e-01 
    4108           177      9.9999999999999856e-01 
    4108           221      1.9999999999999964e+00 
    4108           146     -1.9999999999999971e+00 
    4108           155     -9.9999999999999822e-01 
    4108           246     -9.9999999999999833e-01 
    4108           141     -9.9999999999999845e-01 
    4109            10     -9.9999999999999900e-01 
    4109           102      9.9999999999999922e-01 
    4109            81     -1.9999999999999984e+00 
    4109           226      1.9999999999999978e+00 
    4109           241     -9.9999999999999889e-01 
    4109           136     -9.9999999999999889e-01 
    4109            76     -9.9999999999999900e-01 
    4110           122      1.2247448713915872e+00 
    4110           207     -1.2247448713915872e+00 
    4111           154     -9.9999999999999889e-01 
    4111           217      1.9999999999999978e+00 
    4112             6     -1.4142135623730943e+00 
    4112            60      1.4142135623730943e+00 
    4112            47     -2.8284271247461885e+00 
    4112            42     -1.4142135623730940e+00 
    4112           122      7.0710678118654680e-01 
    4112           207      7.0710678118654680e-01 
    4112           132     -1.4142135623730936e+00 
    4112           237     -1.4142135623730936e+00 
    4113           202     -9.9999999999999867e-01 
    4113           217      1.9999999999999973e+00 
    4114           118     -9.9999999999999867e-01 
    4115           198     -9.9999999999999878e-01 
    4120           145      1.2247448713915863e+00 
    4121            80      1.2247448713915869e+00 
    4124            46      1.7320508075688750e+00 
    4128            97      1.2247448713915883e+00 
    4128           172     -1.2247448713915883e+00 
    4129            93      1.2247448713915885e+00 
    4130           163      1.2247448713915885e+00 
    4137           145     -7.0710678118654657e-01 
    4137           175      1.4142135623730931e+00 
    4138            80     -7.0710678118654691e-01 
    4138           100      1.4142135623730938e+00 
    4141            46     -9.9999999999999956e-01 
    4141            58      1.9999999999999991e+00 
    4145           152     -9.9999999999999933e-01 
    4145           212      1.9999999999999987e+00 
    4146             1     -1.4142135623730949e+00 
    4146            22     -1.4142135623730945e+00 
    4146            34      1.4142135623730949e+00 
    4146            37     -2.8284271247461898e+00 
    4146            97      7.0710678118654713e-01 
    4146           172      7.0710678118654713e-01 
    4146           127     -1.4142135623730943e+00 
    4146           232     -1.4142135623730943e+00 
    4147           167     -9.9999999999999933e-01 
    4147           212      1.9999999999999987e+00 
    4148            93      7.0710678118654691e-01 
    4148           113     -1.4142135623730938e+00 
    4149           163      7.0710678118654691e-01 
    4149           193     -1.4142135623730938e+00 
    4163            32      1.4142135623730940e+00 
    4168            88     -9.9999999999999867e-01 
    4169           158     -9.9999999999999878e-01 
    4171           186      1.4142135623730945e+00 
    4172           182     -9.9999999999999900e-01 
    4173           107     -9.9999999999999967e-01 
    4175            65      1.0000000000000002e+00 
    4177            17     -9.9999999999999889e-01 
    4177           223      1.9999999999999973e+00 
    4177           188     -9.9999999999999878e-01 
    4177           248     -9.9999999999999878e-01 
    4177           179     -9.9999999999999878e-01 
    4177           144      9.9999999999999889e-01 
    4177           174     -1.9999999999999978e+00 
    4178            12     -9.9999999999999956e-01 
    4178           228      1.9999999999999987e+00 
    4178           243     -9.9999999999999933e-01 
    4178           138     -9.9999999999999933e-01 
    4178           104     -9.9999999999999933e-01 
    4178            79      9.9999999999999956e-01 
    4178            99     -1.9999999999999991e+00 
    4179           124      1.2247448713915876e+00 
    4179           209     -1.2247448713915876e+00 
    4180           187     -9.9999999999999933e-01 
    4180           219      1.9999999999999987e+00 
    4181             8     -1.4142135623730949e+00 
    4181            62     -1.4142135623730945e+00 
    4181           124      7.0710678118654713e-01 
    4181           209      7.0710678118654713e-01 
    4181           134     -1.4142135623730943e+00 
    4181           239     -1.4142135623730943e+00 
    4181            45      1.4142135623730947e+00 
    4181            57     -2.8284271247461894e+00 
    4182           204     -9.9999999999999933e-01 
    4182           219      1.9999999999999987e+00 
    4183           120     -9.9999999999999933e-01 
    4184           200     -9.9999999999999944e-01 
    4185            19     -1.4142135623730945e+00 
    4185           250     -1.4142135623730943e+00 
    4185           186      1.4142135623730945e+00 
    4185           216     -2.8284271247461890e+00 
    4185           151      1.4142135623730945e+00 
    4185           211     -2.8284271247461890e+00 
    4186            20      1.0000000000000000e+00 
    4186            14      9.9999999999999967e-01 
    4186           230      9.9999999999999956e-01 
    4186           245      9.9999999999999956e-01 
    4186             5      2.0000000000000004e+00 
    4186            41      1.0000000000000000e+00 
    4186           111     -9.9999999999999967e-01 
    4186           191     -9.9999999999999978e-01 
    4186           131      1.9999999999999993e+00 
    4186           236      1.9999999999999996e+00 
    4186             0      2.0000000000000004e+00 
    4186            21      1.0000000000000000e+00 
    4186            30     -2.0000000000000004e+00 
    4186            36      4.0000000000000009e+00 
    4186            86     -9.9999999999999967e-01 
    4186           156     -9.9999999999999978e-01 
    4186           126      1.9999999999999993e+00 
    4186           231      1.9999999999999996e+00 
    4191           180     -1.7320508075688741e+00 
    4191           149      1.7320508075688741e+00 
    4193           189      1.4142135623730945e+00 
    4195           180     -9.9999999999999911e-01 
    4195           149     -9.9999999999999911e-01 
    4198            63      1.4142135623730945e+00 
    4199           226      1.4142135623730938e+00 
    4200            15     -1.4142135623730936e+00 
    4200           177      1.4142135623730938e+00 
    4200           221      1.4142135623730936e+00 
    4200           146     -2.8284271247461876e+00 
    4200           155     -2.8284271247461872e+00 
    4200           141     -1.4142135623730936e+00 
    4201           154      1.7320508075688741e+00 
    4203           154     -9.9999999999999911e-01 
    4203           217      1.9999999999999982e+00 
    4204             6     -1.4142135623730943e+00 
    4204            60      1.4142135623730943e+00 
    4204            47     -2.8284271247461885e+00 
    4204            42     -1.4142135623730940e+00 
    4204           122      1.4142135623730943e+00 
    4204           132     -2.8284271247461885e+00 
    4206           118      1.4142135623730931e+00 
    4212           145      1.7320508075688741e+00 
    4216            46      1.7320508075688750e+00 
    4219           152      1.7320508075688756e+00 
    4221            93     -1.7320508075688765e+00 
    4229           145     -9.9999999999999911e-01 
    4229           175      1.9999999999999982e+00 
    4233            46     -9.9999999999999956e-01 
    4233            58      1.9999999999999991e+00 
    4237           152     -9.9999999999999956e-01 
    4237           212      1.9999999999999991e+00 
    4238             1     -1.4142135623730949e+00 
    4238            22     -1.4142135623730945e+00 
    4238            34      1.4142135623730949e+00 
    4238            37     -2.8284271247461898e+00 
    4238            97      1.4142135623730949e+00 
    4238           127     -2.8284271247461898e+00 
    4240            93     -9.9999999999999900e-01 
    4240           113      1.9999999999999980e+00 
    4255            32      1.4142135623730940e+00 
    4260            88      1.4142135623730931e+00 
    4262           191      1.0000000000000002e+00 
    4264           182     -1.4142135623730945e+00 
    4267            65      1.0000000000000002e+00 
    4268           228      1.4142135623730945e+00 
    4269            17     -1.4142135623730943e+00 
    4269           223      1.4142135623730943e+00 
    4269           188     -2.8284271247461885e+00 
    4269           179     -1.4142135623730940e+00 
    4269           144      1.4142135623730943e+00 
    4269           174     -2.8284271247461885e+00 
    4270           187      1.7320508075688750e+00 
    4272           187     -9.9999999999999956e-01 
    4272           219      1.9999999999999991e+00 
    4273             8     -1.4142135623730949e+00 
    4273            62     -1.4142135623730945e+00 
    4273           124      1.4142135623730949e+00 
    4273           134     -2.8284271247461898e+00 
    4273            45      1.4142135623730947e+00 
    4273            57     -2.8284271247461894e+00 
    4275           120      1.4142135623730940e+00 
    4276           230      1.0000000000000002e+00 
    4277            19     -1.4142135623730949e+00 
    4277           225     -1.4142135623730945e+00 
    4277           186      1.4142135623730947e+00 
    4277           216     -2.8284271247461894e+00 
    4277           151      1.4142135623730947e+00 
    4277           211     -2.8284271247461894e+00 
    4278            14      2.0000000000000004e+00 
    4278           140      1.0000000000000000e+00 
    4278             5      2.0000000000000004e+00 
    4278            41      1.0000000000000000e+00 
    4278           111     -2.0000000000000004e+00 
    4278           131      4.0000000000000009e+00 
    4278             0      2.0000000000000004e+00 
    4278            21      1.0000000000000000e+00 
    4278            30     -2.0000000000000004e+00 
    4278            36      4.0000000000000009e+00 
    4278            86     -2.0000000000000004e+00 
    4278           126      4.0000000000000009e+00 
    4282           184      1.2247448713915865e+00 
    4282           153     -1.2247448713915865e+00 
    4284           105      1.2247448713915874e+00 
    4284            84     -1.2247448713915874e+00 
    4286           184     -7.0710678118654657e-01 
    4286           153     -7.0710678118654657e-01 
    4287           109      1.4142135623730938e+00 
    4288           180      9.9999999999999878e-01 
    4288           149      9.9999999999999878e-01 
    4289           105     -7.0710678118654691e-01 
    4289            84     -7.0710678118654691e-01 
    4291           202      1.9999999999999973e+00 
    4291           154     -9.9999999999999867e-01 
    4292           122     -9.9999999999999889e-01 
    4293            10      1.2247448713915874e+00 
    4293           102     -1.2247448713915874e+00 
    4293            81      2.4494897427831748e+00 
    4293            85      1.2247448713915869e+00 
    4293           226     -1.2247448713915867e+00 
    4293           241      1.2247448713915872e+00 
    4293            76      1.2247448713915872e+00 
    4294            15     -9.9999999999999845e-01 
    4294           177      9.9999999999999845e-01 
    4294           198      1.9999999999999960e+00 
    4294           146     -1.9999999999999969e+00 
    4294           150     -9.9999999999999811e-01 
    4294           246     -9.9999999999999822e-01 
    4294           141     -9.9999999999999822e-01 
    4295            10      7.0710678118654668e-01 
    4295           102     -7.0710678118654668e-01 
    4295           118     -1.4142135623730929e+00 
    4295            81      1.4142135623730934e+00 
    4295            85      7.0710678118654646e-01 
    4295           226      7.0710678118654657e-01 
    4295           241      7.0710678118654657e-01 
    4295            76      7.0710678118654657e-01 
    4296           221     -9.9999999999999889e-01 
    4297             6     -9.9999999999999922e-01 
    4297            60      9.9999999999999933e-01 
    4297            47     -1.9999999999999987e+00 
    4297           207      1.9999999999999973e+00 
    4297           237     -9.9999999999999878e-01 
    4297            72     -9.9999999999999911e-01 
    4297            42     -9.9999999999999922e-01 
    4298           202      1.9999999999999962e+00 
    4298           217     -9.9999999999999833e-01 
    4305            80     -1.4999999999999967e+00 
    4306           145      1.2247448713915861e+00 
    4307            80     -8.6602540378443682e-01 
    4309            46      1.2247448713915872e+00 
    4311            83      1.2247448713915878e+00 
    4312            55      1.2247448713915878e+00 
    4312           172     -1.2247448713915874e+00 
    4313           167     -1.2247448713915874e+00 
    4322            80      8.6602540378443760e-01 
    4322           100     -1.7320508075688752e+00 
    4323           145     -7.0710678118654646e-01 
    4323           175      1.4142135623730929e+00 
    4324            80      4.9999999999999944e-01 
    4324           100     -9.9999999999999889e-01 
    4326            46     -7.0710678118654713e-01 
    4326            58      1.4142135623730943e+00 
    4328           148     -9.9999999999999900e-01 
    4328           193      1.9999999999999980e+00 
    4329            83      7.0710678118654713e-01 
    4329           113     -1.4142135623730943e+00 
    4331             1     -1.4142135623730949e+00 
    4331            22     -1.4142135623730945e+00 
    4331            34      1.4142135623730949e+00 
    4331            37     -2.8284271247461898e+00 
    4331            55      7.0710678118654713e-01 
    4331           172      7.0710678118654691e-01 
    4331            67     -1.4142135623730943e+00 
    4331           232     -1.4142135623730938e+00 
    4332           167      7.0710678118654657e-01 
    4332           212     -1.4142135623730931e+00 
    4333           163     -9.9999999999999911e-01 
    4333           193      1.9999999999999982e+00 
    4348            32      1.4142135623730940e+00 
    4351            50     -9.9999999999999900e-01 
    4353           158     -9.9999999999999889e-01 
    4355           186     -9.9999999999999933e-01 
    4356           111      9.9999999999999967e-01 
    4357           182      1.4142135623730940e+00 
    4358           107     -9.9999999999999967e-01 
    4360           204      1.9999999999999978e+00 
    4360           187     -9.9999999999999867e-01 
    4361           124     -9.9999999999999933e-01 
    4362            12      1.2247448713915881e+00 
    4362           108      1.2247448713915876e+00 
    4362           228     -1.2247448713915872e+00 
    4362           243      1.2247448713915878e+00 
    4362           104      1.2247448713915876e+00 
    4362            79     -1.2247448713915878e+00 
    4362            99      2.4494897427831757e+00 
    4363            17     -9.9999999999999878e-01 
    4363           200      1.9999999999999969e+00 
    4363           183     -9.9999999999999856e-01 
    4363           248     -9.9999999999999867e-01 
    4363           179     -9.9999999999999856e-01 
    4363           144      9.9999999999999878e-01 
    4363           174     -1.9999999999999976e+00 
    4364            12      7.0710678118654691e-01 
    4364           120     -1.4142135623730936e+00 
    4364           108      7.0710678118654680e-01 
    4364           228      7.0710678118654691e-01 
    4364           243      7.0710678118654680e-01 
    4364           104      7.0710678118654680e-01 
    4364            79     -7.0710678118654691e-01 
    4364            99      1.4142135623730938e+00 
    4365           223     -9.9999999999999956e-01 
    4366             8     -9.9999999999999967e-01 
    4366           209      1.9999999999999980e+00 
    4366           239     -9.9999999999999922e-01 
    4366            74     -9.9999999999999956e-01 
    4366            62     -9.9999999999999956e-01 
    4366            45      9.9999999999999967e-01 
    4366            57     -1.9999999999999993e+00 
    4367           204      1.9999999999999978e+00 
    4367           219     -9.9999999999999889e-01 
    4368            18     -1.4142135623730940e+00 
    4368           182      1.4142135623730940e+00 
    4368           197     -2.8284271247461881e+00 
    4368           249     -1.4142135623730938e+00 
    4368           147      1.4142135623730940e+00 
    4368           192     -2.8284271247461881e+00 
    4369            13      9.9999999999999967e-01 
    4369           107     -9.9999999999999967e-01 
    4369           117      1.9999999999999993e+00 
    4369           229      9.9999999999999956e-01 
    4369           244      9.9999999999999956e-01 
    4369            82     -9.9999999999999967e-01 
    4369           112      1.9999999999999993e+00 
    4370           224     -1.4142135623730945e+00 
    4371            20      1.0000000000000000e+00 
    4371             5      2.0000000000000004e+00 
    4371            41      1.0000000000000000e+00 
    4371             9      9.9999999999999967e-01 
    4371            65     -9.9999999999999967e-01 
    4371           191     -9.9999999999999956e-01 
    4371           210      9.9999999999999889e-01 
    4371            71      1.9999999999999993e+00 
    4371           236      1.9999999999999991e+00 
    4371           240      9.9999999999999922e-01 
    4371             0      2.0000000000000004e+00 
    4371            21      1.0000000000000000e+00 
    4371            30     -2.0000000000000004e+00 
    4371            36      4.0000000000000009e+00 
    4371            48     -9.9999999999999967e-01 
    4371           156     -9.9999999999999956e-01 
    4371            66      1.9999999999999993e+00 
    4371           231      1.9999999999999991e+00 
    4376           184     -1.2247448713915865e+00 
    4376           153      1.2247448713915865e+00 
    4377           180     -1.2247448713915872e+00 
    4377           149      1.2247448713915872e+00 
    4379           189      1.4142135623730943e+00 
    4380           184     -7.0710678118654657e-01 
    4380           153     -7.0710678118654657e-01 
    4382           180     -7.0710678118654691e-01 
    4382           149     -7.0710678118654691e-01 
    4383           105      9.9999999999999900e-01 
    4383            84      9.9999999999999900e-01 
    4384           207     -9.9999999999999922e-01 
    4385           202     -9.9999999999999856e-01 
    4385           154      1.9999999999999969e+00 
    4386            15     -1.2247448713915872e+00 
    4386           177      1.2247448713915872e+00 
    4386           221      1.2247448713915874e+00 
    4386           146     -2.4494897427831743e+00 
    4386           150     -1.2247448713915867e+00 
    4386           155     -1.2247448713915869e+00 
    4386           141     -1.2247448713915869e+00 
    4387           226     -9.9999999999999878e-01 
    4388            15      7.0710678118654668e-01 
    4388           177     -7.0710678118654668e-01 
    4388           198     -1.4142135623730929e+00 
    4388           221      7.0710678118654635e-01 
    4388           146      1.4142135623730934e+00 
    4388           150      7.0710678118654646e-01 
    4388           155      7.0710678118654657e-01 
    4388           141      7.0710678118654657e-01 
    4389            10     -9.9999999999999878e-01 
    4389           102      9.9999999999999878e-01 
    4389           118      1.9999999999999969e+00 
    4389            81     -1.9999999999999976e+00 
    4389            85     -9.9999999999999845e-01 
    4389           136     -9.9999999999999856e-01 
    4389            76     -9.9999999999999856e-01 
    4390           154      1.9999999999999969e+00 
    4390           217     -9.9999999999999845e-01 
    4391             6     -9.9999999999999922e-01 
    4391            60      9.9999999999999933e-01 
    4391            47     -1.9999999999999987e+00 
    4391            72     -9.9999999999999911e-01 
    4391            42     -9.9999999999999922e-01 
    4391           122      1.9999999999999984e+00 
    4391           132     -9.9999999999999900e-01 
    4398           145      1.4999999999999964e+00 
    4400           145     -8.6602540378443693e-01 
    4401            80      1.2247448713915863e+00 
    4403            46      1.2247448713915872e+00 
    4404           148     -1.2247448713915876e+00 
    4405           152     -1.2247448713915869e+00 
    4406            55      1.2247448713915878e+00 
    4406            97     -1.2247448713915878e+00 
    4415           145     -8.6602540378443749e-01 
    4415           175      1.7320508075688750e+00 
    4417           145      4.9999999999999950e-01 
    4417           175     -9.9999999999999900e-01 
    4418            80     -7.0710678118654668e-01 
    4418           100      1.4142135623730934e+00 
    4420            46     -7.0710678118654713e-01 
    4420            58      1.4142135623730943e+00 
    4422           148      7.0710678118654713e-01 
    4422           193     -1.4142135623730943e+00 
    4423            83     -9.9999999999999933e-01 
    4423           113      1.9999999999999987e+00 
    4424           152      7.0710678118654668e-01 
    4424           212     -1.4142135623730934e+00 
    4425             1     -1.4142135623730949e+00 
    4425            22     -1.4142135623730945e+00 
    4425            34      1.4142135623730949e+00 
    4425            37     -2.8284271247461898e+00 
    4425            55      7.0710678118654713e-01 
    4425            67     -1.4142135623730943e+00 
    4425            97      7.0710678118654713e-01 
    4425           127     -1.4142135623730943e+00 
    4426            93     -9.9999999999999933e-01 
    4426           113      1.9999999999999987e+00 
    4442            32      1.4142135623730940e+00 
    4445            50     -9.9999999999999900e-01 
    4446            88     -9.9999999999999911e-01 
    4448           191      1.0000000000000000e+00 
    4449           186     -9.9999999999999922e-01 
    4451           182     -9.9999999999999978e-01 
    4452           107      1.4142135623730945e+00 
    4453           209     -9.9999999999999967e-01 
    4454           204     -9.9999999999999878e-01 
    4454           187      1.9999999999999978e+00 
    4455            17     -1.2247448713915878e+00 
    4455           223      1.2247448713915881e+00 
    4455           183     -1.2247448713915874e+00 
    4455           188     -1.2247448713915876e+00 
    4455           179     -1.2247448713915874e+00 
    4455           144      1.2247448713915876e+00 
    4455           174     -2.4494897427831752e+00 
    4456           228     -9.9999999999999900e-01 
    4457            17      7.0710678118654702e-01 
    4457           200     -1.4142135623730936e+00 
    4457           223      7.0710678118654668e-01 
    4457           183      7.0710678118654680e-01 
    4457           188      7.0710678118654680e-01 
    4457           179      7.0710678118654680e-01 
    4457           144     -7.0710678118654691e-01 
    4457           174      1.4142135623730938e+00 
    4458            12     -9.9999999999999900e-01 
    4458           120      1.9999999999999973e+00 
    4458           108     -9.9999999999999889e-01 
    4458           138     -9.9999999999999900e-01 
    4458           104     -9.9999999999999889e-01 
    4458            79      9.9999999999999900e-01 
    4458            99     -1.9999999999999980e+00 
    4459           187      1.9999999999999978e+00 
    4459           219     -9.9999999999999889e-01 
    4460             8     -9.9999999999999967e-01 
    4460            74     -9.9999999999999956e-01 
    4460            62     -9.9999999999999956e-01 
    4460           124      1.9999999999999991e+00 
    4460           134     -9.9999999999999956e-01 
    4460            45      9.9999999999999967e-01 
    4460            57     -1.9999999999999993e+00 
    4461           229     -1.4142135623730945e+00 
    4462            18      9.9999999999999967e-01 
    4462           224      9.9999999999999956e-01 
    4462           206      9.9999999999999956e-01 
    4462           182     -9.9999999999999978e-01 
    4462           197      1.9999999999999996e+00 
    4462           147     -9.9999999999999978e-01 
    4462           192      1.9999999999999996e+00 
    4463            13     -1.4142135623730945e+00 
    4463           107      1.4142135623730945e+00 
    4463           117     -2.8284271247461890e+00 
    4463           139     -1.4142135623730943e+00 
    4463            82      1.4142135623730945e+00 
    4463           112     -2.8284271247461890e+00 
    4464            19      9.9999999999999933e-01 
    4464           186     -9.9999999999999922e-01 
    4464           205      9.9999999999999878e-01 
    4464           216      1.9999999999999984e+00 
    4464           220      9.9999999999999889e-01 
    4464           151     -9.9999999999999922e-01 
    4464           211      1.9999999999999984e+00 
    4465            14      1.0000000000000000e+00 
    4465             5      2.0000000000000004e+00 
    4465            41      1.0000000000000000e+00 
    4465             9      9.9999999999999967e-01 
    4465            65     -9.9999999999999967e-01 
    4465            71      1.9999999999999993e+00 
    4465           111     -9.9999999999999978e-01 
    4465           125      9.9999999999999956e-01 
    4465           131      1.9999999999999996e+00 
    4465           135      9.9999999999999956e-01 
    4465             0      2.0000000000000004e+00 
    4465            21      1.0000000000000000e+00 
    4465            30     -2.0000000000000004e+00 
    4465            36      4.0000000000000009e+00 
    4465            48     -9.9999999999999967e-01 
    4465            66      1.9999999999999993e+00 
    4465            86     -9.9999999999999978e-01 
    4465           126      1.9999999999999996e+00 
    4471           184     -1.7320508075688750e+00 
    4471           153      1.7320508075688750e+00 
    4475           189      1.4142135623730945e+00 
    4476           184     -9.9999999999999933e-01 
    4476           153     -9.9999999999999933e-01 
    4477           109      1.4142135623730945e+00 
    4480           202     -1.7320508075688741e+00 
    4480           154      1.7320508075688741e+00 
    4481           207      1.4142135623730943e+00 
    4482           202     -9.9999999999999911e-01 
    4482           154     -9.9999999999999911e-01 
    4483           122      1.4142135623730943e+00 
    4484            15     -1.4142135623730936e+00 
    4484           177      1.4142135623730938e+00 
    4484           198      1.4142135623730936e+00 
    4484           146     -2.8284271247461876e+00 
    4484           150     -2.8284271247461872e+00 
    4484           141     -1.4142135623730936e+00 
    4485            10     -1.4142135623730938e+00 
    4485           102      1.4142135623730940e+00 
    4485           118      1.4142135623730938e+00 
    4485            81     -2.8284271247461881e+00 
    4485            85     -2.8284271247461876e+00 
    4485            76     -1.4142135623730938e+00 
    4496           145      1.7320508075688741e+00 
    4497            80      1.7320508075688745e+00 
    4499           148      1.7320508075688750e+00 
    4500            83      1.7320508075688752e+00 
    4513           145     -9.9999999999999911e-01 
    4513           175      1.9999999999999982e+00 
    4514            80     -9.9999999999999933e-01 
    4514           100      1.9999999999999987e+00 
    4518           148     -9.9999999999999933e-01 
    4518           193      1.9999999999999987e+00 
    4519            83     -9.9999999999999956e-01 
    4519           113      1.9999999999999991e+00 
    4520             1     -1.4142135623730949e+00 
    4520            22     -1.4142135623730945e+00 
    4520            34      1.4142135623730949e+00 
    4520            37     -2.8284271247461898e+00 
    4520            55      1.4142135623730949e+00 
    4520            67     -2.8284271247461898e+00 
    4537            32      1.4142135623730940e+00 
    4540            50      1.4142135623730936e+00 
    4544           191      1.0000000000000002e+00 
    4545           186     -1.4142135623730947e+00 
    4546           111      1.0000000000000002e+00 
    4549           204     -1.7320508075688750e+00 
    4549           187      1.7320508075688750e+00 
    4550           209      1.4142135623730949e+00 
    4551           204     -9.9999999999999956e-01 
    4551           187     -9.9999999999999956e-01 
    4552           124      1.4142135623730949e+00 
    4553            17     -1.4142135623730943e+00 
    4553           200      1.4142135623730943e+00 
    4553           183     -2.8284271247461885e+00 
    4553           179     -1.4142135623730940e+00 
    4553           144      1.4142135623730943e+00 
    4553           174     -2.8284271247461885e+00 
    4554            12     -1.4142135623730945e+00 
    4554           120      1.4142135623730945e+00 
    4554           108     -2.8284271247461890e+00 
    4554           104     -1.4142135623730943e+00 
    4554            79      1.4142135623730945e+00 
    4554            99     -2.8284271247461890e+00 
    4555           210      1.0000000000000002e+00 
    4556           205     -1.4142135623730947e+00 
    4557           125      1.0000000000000002e+00 
    4558            18     -1.4142135623730945e+00 
    4558           182      1.4142135623730945e+00 
    4558           197     -2.8284271247461890e+00 
    4558           201     -1.4142135623730943e+00 
    4558           147      1.4142135623730945e+00 
    4558           192     -2.8284271247461890e+00 
    4559            13     -1.4142135623730949e+00 
    4559           107      1.4142135623730947e+00 
    4559           117     -2.8284271247461894e+00 
    4559           121     -1.4142135623730945e+00 
    4559            82      1.4142135623730947e+00 
    4559           112     -2.8284271247461894e+00 
    4560             5      2.0000000000000004e+00 
    4560            41      1.0000000000000000e+00 
    4560             9      2.0000000000000004e+00 
    4560            65     -2.0000000000000004e+00 
    4560            71      4.0000000000000009e+00 
    4560            75      1.0000000000000000e+00 
    4560             0      2.0000000000000004e+00 
    4560            21      1.0000000000000000e+00 
    4560            30     -2.0000000000000004e+00 
    4560            36      4.0000000000000009e+00 
    4560            48     -2.0000000000000004e+00 
    4560            66      4.0000000000000009e+00 
    4561            93      1.9999999999999969e+00 
    4561            83     -9.9999999999999822e-01 
    4562            55     -9.9999999999999900e-01 
    4564            46      1.2247448713915892e+00 
    4567            90      1.9999999999999973e+00 
    4567            80     -9.9999999999999867e-01 
    4568            52     -1.4142135623730936e+00 
    4568            46      7.0710678118654657e-01 
    4573            34     -9.9999999999999933e-01 
    4581             6      1.2247448713915872e+00 
    4581            44      1.2247448713915869e+00 
    4581           122     -1.2247448713915865e+00 
    4581           207     -1.2247448713915872e+00 
    4581           132      1.2247448713915869e+00 
    4581           237      2.4494897427831743e+00 
    4581            42      1.2247448713915869e+00 
    4582           217     -1.2247448713915867e+00 
    4583           198      1.2247448713915874e+00 
    4584           180     -1.4142135623730945e+00 
    4585             3      1.2247448713915881e+00 
    4585            29      1.2247448713915876e+00 
    4585           109     -1.2247448713915867e+00 
    4585           189     -1.2247448713915874e+00 
    4585           129      1.2247448713915874e+00 
    4585           234      2.4494897427831748e+00 
    4585            27      1.2247448713915876e+00 
    4586           214     -1.2247448713915865e+00 
    4587           180     -4.9999999999999850e-01 
    4587           195      1.4999999999999964e+00 
    4588           105     -1.2247448713915872e+00 
    4588           115      1.2247448713915869e+00 
    4589           180     -8.6602540378443682e-01 
    4589           195      8.6602540378443660e-01 
    4593           177      1.2247448713915874e+00 
    4596            10     -9.9999999999999845e-01 
    4596            88      1.9999999999999960e+00 
    4596            78     -9.9999999999999822e-01 
    4596           226      9.9999999999999845e-01 
    4596           241     -1.9999999999999969e+00 
    4596           136     -9.9999999999999833e-01 
    4596            76     -9.9999999999999822e-01 
    4597             6      7.0710678118654668e-01 
    4597            50     -1.4142135623730929e+00 
    4597            44      7.0710678118654657e-01 
    4597           122      7.0710678118654657e-01 
    4597           207     -7.0710678118654668e-01 
    4597           132      7.0710678118654657e-01 
    4597           237      1.4142135623730934e+00 
    4597            42      7.0710678118654657e-01 
    4598           202      1.4142135623730931e+00 
    4598           217     -7.0710678118654657e-01 
    4599           118     -9.9999999999999944e-01 
    4600           198     -7.0710678118654657e-01 
    4602             3      7.0710678118654691e-01 
    4602            32     -1.4142135623730936e+00 
    4602            29      7.0710678118654680e-01 
    4602           109      7.0710678118654657e-01 
    4602           189     -7.0710678118654668e-01 
    4602           129      7.0710678118654657e-01 
    4602           234      1.4142135623730934e+00 
    4602            27      7.0710678118654680e-01 
    4603           184      1.4142135623730927e+00 
    4603           214     -7.0710678118654657e-01 
    4604           180     -8.6602540378443726e-01 
    4604           195      8.6602540378443715e-01 
    4605           105      7.0710678118654657e-01 
    4605           115      7.0710678118654668e-01 
    4606           180      4.9999999999999889e-01 
    4606           195      4.9999999999999906e-01 
    4610           102     -9.9999999999999933e-01 
    4611           177     -7.0710678118654657e-01 
    4616             1     -9.9999999999999967e-01 
    4616            97      1.9999999999999973e+00 
    4616           172      9.9999999999999900e-01 
    4616           127     -9.9999999999999889e-01 
    4616           232     -1.9999999999999980e+00 
    4616            25     -9.9999999999999956e-01 
    4616            22     -9.9999999999999956e-01 
    4617           167      9.9999999999999745e-01 
    4617           212      9.9999999999999845e-01 
    4618           193     -1.2247448713915865e+00 
    4619            93      1.9999999999999967e+00 
    4619           113     -9.9999999999999867e-01 
    4620           163      1.4142135623730916e+00 
    4620           193     -7.0710678118654602e-01 
    4624           175     -1.2247448713915865e+00 
    4627            90      1.9999999999999973e+00 
    4627           100     -9.9999999999999867e-01 
    4628           160      1.4142135623730920e+00 
    4628           175     -7.0710678118654602e-01 
    4636            11     -1.4142135623730936e+00 
    4636            77      1.4142135623730936e+00 
    4636            87     -2.8284271247461872e+00 
    4636           227      1.4142135623730936e+00 
    4636           242     -2.8284271247461872e+00 
    4636           137     -1.4142135623730934e+00 
    4637             7      9.9999999999999933e-01 
    4637            43     -9.9999999999999933e-01 
    4637            49      1.9999999999999987e+00 
    4637           123      9.9999999999999933e-01 
    4637           208     -9.9999999999999933e-01 
    4637           133      9.9999999999999922e-01 
    4637           238      1.9999999999999987e+00 
    4638           203      1.9999999999999973e+00 
    4638           218     -9.9999999999999889e-01 
    4639           119     -1.4142135623730943e+00 
    4640           199     -9.9999999999999878e-01 
    4642             4      9.9999999999999967e-01 
    4642            28     -9.9999999999999967e-01 
    4642            31      1.9999999999999993e+00 
    4642           110      9.9999999999999889e-01 
    4642           190     -9.9999999999999933e-01 
    4642           130      9.9999999999999922e-01 
    4642           235      1.9999999999999987e+00 
    4643           185      1.9999999999999969e+00 
    4643           215     -9.9999999999999878e-01 
    4644           181     -1.2247448713915872e+00 
    4644           196      1.2247448713915867e+00 
    4645           106      9.9999999999999878e-01 
    4645           116      9.9999999999999889e-01 
    4646           181      7.0710678118654635e-01 
    4646           196      7.0710678118654624e-01 
    4650           103     -1.4142135623730943e+00 
    4651           178     -9.9999999999999878e-01 
    4656            20      2.0000000000000004e+00 
    4656           251      1.0000000000000000e+00 
    4656            14      1.0000000000000000e+00 
    4656           230     -1.0000000000000000e+00 
    4656           245      2.0000000000000000e+00 
    4656             0      2.0000000000000004e+00 
    4656            21      1.0000000000000000e+00 
    4656             2      9.9999999999999967e-01 
    4656            23     -9.9999999999999967e-01 
    4656            86     -9.9999999999999922e-01 
    4656            98      9.9999999999999833e-01 
    4656           156     -1.9999999999999987e+00 
    4656           173     -9.9999999999999900e-01 
    4656            24      1.9999999999999993e+00 
    4656           126      1.9999999999999984e+00 
    4656           128      9.9999999999999889e-01 
    4656           231      3.9999999999999973e+00 
    4656           233      1.9999999999999980e+00 
    4657           163      1.9999999999999960e+00 
    4657           148     -9.9999999999999767e-01 
    4659            55     -9.9999999999999900e-01 
    4661            46      1.2247448713915892e+00 
    4663           160      1.9999999999999964e+00 
    4663           145     -9.9999999999999811e-01 
    4665            52     -1.4142135623730936e+00 
    4665            46      7.0710678118654657e-01 
    4670            34     -9.9999999999999933e-01 
    4677           217     -1.2247448713915863e+00 
    4678             6      1.2247448713915872e+00 
    4678            44      1.2247448713915869e+00 
    4678            42      1.2247448713915869e+00 
    4678           122     -1.2247448713915867e+00 
    4678           207     -1.2247448713915858e+00 
    4678           132      2.4494897427831734e+00 
    4678           237      1.2247448713915865e+00 
    4679           118     -1.2247448713915876e+00 
    4680           105      1.4142135623730949e+00 
    4681           214     -1.2247448713915865e+00 
    4682             3      1.2247448713915881e+00 
    4682            29      1.2247448713915876e+00 
    4682            27      1.2247448713915876e+00 
    4682           109     -1.2247448713915872e+00 
    4682           189     -1.2247448713915861e+00 
    4682           129      2.4494897427831743e+00 
    4682           234      1.2247448713915867e+00 
    4683           105      4.9999999999999861e-01 
    4683           115     -1.4999999999999969e+00 
    4685           105     -8.6602540378443738e-01 
    4685           115      8.6602540378443715e-01 
    4686           180     -1.2247448713915872e+00 
    4686           195      1.2247448713915867e+00 
    4689           102     -1.2247448713915876e+00 
    4692            15     -9.9999999999999811e-01 
    4692           158      1.9999999999999953e+00 
    4692           221      9.9999999999999811e-01 
    4692           143     -9.9999999999999789e-01 
    4692           155     -1.9999999999999962e+00 
    4692           246     -9.9999999999999800e-01 
    4692           141     -9.9999999999999789e-01 
    4693           154      1.4142135623730920e+00 
    4693           217     -7.0710678118654624e-01 
    4694             6      7.0710678118654668e-01 
    4694            50     -1.4142135623730929e+00 
    4694            44      7.0710678118654657e-01 
    4694            42      7.0710678118654657e-01 
    4694           122     -7.0710678118654646e-01 
    4694           207      7.0710678118654624e-01 
    4694           132      1.4142135623730929e+00 
    4694           237      7.0710678118654635e-01 
    4696           118     -7.0710678118654702e-01 
    4697           198     -9.9999999999999922e-01 
    4698           153      1.4142135623730920e+00 
    4698           214     -7.0710678118654624e-01 
    4699             3      7.0710678118654691e-01 
    4699            32     -1.4142135623730936e+00 
    4699            29      7.0710678118654680e-01 
    4699            27      7.0710678118654680e-01 
    4699           109     -7.0710678118654646e-01 
    4699           189      7.0710678118654602e-01 
    4699           129      1.4142135623730929e+00 
    4699           234      7.0710678118654635e-01 
    4700           105      8.6602540378443749e-01 
    4700           115     -8.6602540378443726e-01 
    4702           105      4.9999999999999922e-01 
    4702           115      4.9999999999999939e-01 
    4703           180      7.0710678118654635e-01 
    4703           195      7.0710678118654657e-01 
    4707           102     -7.0710678118654691e-01 
    4708           177     -9.9999999999999911e-01 
    4712           152      9.9999999999999745e-01 
    4712           212      9.9999999999999845e-01 
    4713             1     -9.9999999999999967e-01 
    4713            25     -9.9999999999999956e-01 
    4713            22     -9.9999999999999956e-01 
    4713            97      9.9999999999999878e-01 
    4713           172      1.9999999999999962e+00 
    4713           127     -1.9999999999999976e+00 
    4713           232     -9.9999999999999856e-01 
    4714           113      1.2247448713915867e+00 
    4716            93      1.4142135623730925e+00 
    4716           113     -7.0710678118654646e-01 
    4717           163      1.9999999999999960e+00 
    4717           193     -9.9999999999999845e-01 
    4720           100      1.2247448713915869e+00 
    4724            90      1.4142135623730929e+00 
    4724           100     -7.0710678118654646e-01 
    4725           160      1.9999999999999969e+00 
    4725           175     -9.9999999999999845e-01 
    4732            16     -1.4142135623730931e+00 
    4732           222      1.4142135623730931e+00 
    4732           171     -2.8284271247461863e+00 
    4732           142      1.4142135623730931e+00 
    4732           157     -2.8284271247461863e+00 
    4732           247     -1.4142135623730929e+00 
    4733           170      1.9999999999999973e+00 
    4733           218     -9.9999999999999878e-01 
    4734             7      9.9999999999999933e-01 
    4734            43     -9.9999999999999933e-01 
    4734            49      1.9999999999999987e+00 
    4734           123     -9.9999999999999900e-01 
    4734           208      9.9999999999999856e-01 
    4734           133      1.9999999999999980e+00 
    4734           238      9.9999999999999889e-01 
    4736           119     -9.9999999999999933e-01 
    4737           199     -1.4142135623730940e+00 
    4738           169      1.9999999999999969e+00 
    4738           215     -9.9999999999999878e-01 
    4739             4      9.9999999999999967e-01 
    4739            28     -9.9999999999999967e-01 
    4739            31      1.9999999999999993e+00 
    4739           110     -9.9999999999999900e-01 
    4739           190      9.9999999999999833e-01 
    4739           130      1.9999999999999980e+00 
    4739           235      9.9999999999999889e-01 
    4740           106      1.2247448713915874e+00 
    4740           116     -1.2247448713915869e+00 
    4742           106      7.0710678118654680e-01 
    4742           116      7.0710678118654668e-01 
    4743           181      9.9999999999999867e-01 
    4743           196      9.9999999999999867e-01 
    4747           103     -9.9999999999999933e-01 
    4748           178     -1.4142135623730940e+00 
    4752            19     -9.9999999999999956e-01 
    4752           250     -9.9999999999999933e-01 
    4752           225     -9.9999999999999922e-01 
    4752           151      9.9999999999999878e-01 
    4752           168      1.9999999999999960e+00 
    4752           211     -1.9999999999999976e+00 
    4752           213     -9.9999999999999845e-01 
    4753            14      1.9999999999999996e+00 
    4753            20      1.0000000000000000e+00 
    4753           230     -9.9999999999999967e-01 
    4753           245      1.9999999999999993e+00 
    4753           140      9.9999999999999967e-01 
    4753             0      2.0000000000000004e+00 
    4753            21      1.0000000000000000e+00 
    4753             2      9.9999999999999967e-01 
    4753            23     -9.9999999999999967e-01 
    4753            24      1.9999999999999993e+00 
    4753            86     -1.9999999999999980e+00 
    4753            98     -9.9999999999999878e-01 
    4753           156     -9.9999999999999889e-01 
    4753           173      9.9999999999999756e-01 
    4753           126      3.9999999999999960e+00 
    4753           128      1.9999999999999976e+00 
    4753           231      1.9999999999999978e+00 
    4753           233      9.9999999999999856e-01 
    4754           167      1.2247448713915869e+00 
    4754           152     -1.2247448713915869e+00 
    4755           163      1.2247448713915867e+00 
    4756            93     -1.2247448713915869e+00 
    4757           145     -5.0000000000000000e-01 
    4758            80      5.0000000000000011e-01 
    4759            46      1.0000000000000002e+00 
    4761           160      1.7320508075688739e+00 
    4761           145     -8.6602540378443682e-01 
    4762            90     -1.7320508075688745e+00 
    4762            80      8.6602540378443715e-01 
    4768            34     -9.9999999999999933e-01 
    4774            15     -4.9999999999999922e-01 
    4774           198      1.4999999999999971e+00 
    4774           143     -4.9999999999999895e-01 
    4774           150     -4.9999999999999911e-01 
    4774           155     -4.9999999999999906e-01 
    4774           246     -4.9999999999999911e-01 
    4774           141     -4.9999999999999895e-01 
    4775            10      4.9999999999999928e-01 
    4775           118     -1.4999999999999976e+00 
    4775            78      4.9999999999999911e-01 
    4775            85      4.9999999999999928e-01 
    4775           241      4.9999999999999922e-01 
    4775           136      4.9999999999999928e-01 
    4775            76      4.9999999999999911e-01 
    4776             6      9.9999999999999878e-01 
    4776            44      9.9999999999999845e-01 
    4776           122     -1.4999999999999993e+00 
    4776           207     -1.4999999999999987e+00 
    4776           132      9.9999999999999811e-01 
    4776           237      9.9999999999999789e-01 
    4776            72      9.9999999999999845e-01 
    4776            42      9.9999999999999845e-01 
    4777            63     -1.1547005383792524e+00 
    4777           109      5.7735026918962673e-01 
    4777           189      5.7735026918962651e-01 
    4778           149     -4.9999999999999889e-01 
    4778           195      1.4999999999999964e+00 
    4779            84      4.9999999999999906e-01 
    4779           115     -1.4999999999999969e+00 
    4780             3      1.2247448713915881e+00 
    4780            29      1.2247448713915876e+00 
    4780            27      1.2247448713915876e+00 
    4780            63     -4.0824829046386241e-01 
    4780           109     -1.0206207261596563e+00 
    4780           189     -1.0206207261596560e+00 
    4780            69      1.2247448713915878e+00 
    4780           129      1.2247448713915869e+00 
    4780           234      1.2247448713915869e+00 
    4781           153      4.9999999999999867e-01 
    4782           109     -3.5355339059327318e-01 
    4782           189      3.5355339059327290e-01 
    4783           184     -4.9999999999999939e-01 
    4784           105      9.9999999999999911e-01 
    4784           115     -1.4999999999999976e+00 
    4785           180     -9.9999999999999889e-01 
    4785           195      1.4999999999999973e+00 
    4786            60      9.9999999999999967e-01 
    4787           102      4.9999999999999967e-01 
    4788           177     -4.9999999999999961e-01 
    4789           202     -1.2247448713915869e+00 
    4789           154      1.2247448713915869e+00 
    4790            15     -8.6602540378443693e-01 
    4790           158      1.7320508075688732e+00 
    4790           198      8.6602540378443760e-01 
    4790           143     -8.6602540378443660e-01 
    4790           150     -8.6602540378443682e-01 
    4790           155     -8.6602540378443660e-01 
    4790           246     -8.6602540378443682e-01 
    4790           141     -8.6602540378443660e-01 
    4791            10      8.6602540378443704e-01 
    4791            88     -1.7320508075688736e+00 
    4791           118     -8.6602540378443793e-01 
    4791            78      8.6602540378443682e-01 
    4791            85      8.6602540378443693e-01 
    4791           241      8.6602540378443693e-01 
    4791           136      8.6602540378443704e-01 
    4791            76      8.6602540378443682e-01 
    4792           154      1.2247448713915869e+00 
    4793           122     -8.6602540378443804e-01 
    4793           207      8.6602540378443726e-01 
    4794           202     -1.2247448713915867e+00 
    4795           149     -8.6602540378443682e-01 
    4795           195      8.6602540378443660e-01 
    4796            84      8.6602540378443704e-01 
    4796           115     -8.6602540378443682e-01 
    4797             3      7.0710678118654691e-01 
    4797            32     -1.4142135623730936e+00 
    4797            29      7.0710678118654680e-01 
    4797            27      7.0710678118654680e-01 
    4797            63     -7.0710678118654746e-01 
    4797           109      3.5355339059327456e-01 
    4797           189      3.5355339059327417e-01 
    4797            69      7.0710678118654680e-01 
    4797           129      7.0710678118654646e-01 
    4797           234      7.0710678118654635e-01 
    4798           153     -8.6602540378443726e-01 
    4799           109      6.1237243569579403e-01 
    4799           189     -6.1237243569579347e-01 
    4800           184      8.6602540378443749e-01 
    4801           115     -8.6602540378443771e-01 
    4802           195      8.6602540378443760e-01 
    4806           102      8.6602540378443760e-01 
    4807           177     -8.6602540378443749e-01 
    4809           193     -1.2247448713915865e+00 
    4810           113      1.2247448713915867e+00 
    4811             1     -9.9999999999999967e-01 
    4811            25     -9.9999999999999956e-01 
    4811            22     -9.9999999999999956e-01 
    4811            97      1.4999999999999996e+00 
    4811           172      1.4999999999999989e+00 
    4811            67     -9.9999999999999922e-01 
    4811           127     -9.9999999999999856e-01 
    4811           232     -9.9999999999999845e-01 
    4812           152     -1.2247448713915869e+00 
    4813            97      8.6602540378443804e-01 
    4813           172     -8.6602540378443726e-01 
    4814           167      1.2247448713915867e+00 
    4815            93     -1.2247448713915885e+00 
    4815           113      1.2247448713915874e+00 
    4816           163      1.2247448713915885e+00 
    4816           193     -1.2247448713915872e+00 
    4817            58     -9.9999999999999900e-01 
    4818           100     -4.9999999999999939e-01 
    4819           175      4.9999999999999933e-01 
    4823            90     -1.7320508075688741e+00 
    4823           100      8.6602540378443704e-01 
    4824           160      1.7320508075688739e+00 
    4824           175     -8.6602540378443693e-01 
    4829           203     -1.7320508075688752e+00 
    4829           170      1.7320508075688752e+00 
    4830            16     -1.2247448713915872e+00 
    4830           199      1.2247448713915885e+00 
    4830           166     -1.2247448713915872e+00 
    4830           171     -1.2247448713915869e+00 
    4830           142      1.2247448713915872e+00 
    4830           157     -2.4494897427831743e+00 
    4830           247     -1.2247448713915872e+00 
    4831            11      1.2247448713915874e+00 
    4831           119     -1.2247448713915885e+00 
    4831            96      1.2247448713915874e+00 
    4831            77     -1.2247448713915874e+00 
    4831            87      2.4494897427831748e+00 
    4831           242      1.2247448713915874e+00 
    4831           137      1.2247448713915874e+00 
    4832           170      1.7320508075688752e+00 
    4833           123     -1.2247448713915889e+00 
    4833           208      1.2247448713915876e+00 
    4834           203     -1.7320508075688745e+00 
    4835           165     -1.2247448713915872e+00 
    4835           196      1.2247448713915867e+00 
    4836            95      1.2247448713915874e+00 
    4836           116     -1.2247448713915869e+00 
    4837             4      9.9999999999999967e-01 
    4837            28     -9.9999999999999967e-01 
    4837            31      1.9999999999999993e+00 
    4837            64     -1.0000000000000004e+00 
    4837           110      5.0000000000000144e-01 
    4837           190      5.0000000000000089e-01 
    4837            70      9.9999999999999956e-01 
    4837           130      9.9999999999999889e-01 
    4837           235      9.9999999999999878e-01 
    4838           169     -1.2247448713915876e+00 
    4839           110      8.6602540378443849e-01 
    4839           190     -8.6602540378443771e-01 
    4840           185      1.2247448713915874e+00 
    4841           116     -1.2247448713915878e+00 
    4842           196      1.2247448713915876e+00 
    4846           103      1.2247448713915876e+00 
    4847           178     -1.2247448713915874e+00 
    4849            18      1.2247448713915874e+00 
    4849           206      1.2247448713915872e+00 
    4849           249      1.2247448713915874e+00 
    4849           147     -1.2247448713915867e+00 
    4849           164     -1.2247448713915867e+00 
    4849           192      2.4494897427831734e+00 
    4849           194      1.2247448713915865e+00 
    4850            13     -1.2247448713915876e+00 
    4850           244     -1.2247448713915874e+00 
    4850           139     -1.2247448713915876e+00 
    4850            82      1.2247448713915869e+00 
    4850            94      1.2247448713915869e+00 
    4850           112     -2.4494897427831739e+00 
    4850           114     -1.2247448713915867e+00 
    4851            20      1.0000000000000000e+00 
    4851            14      9.9999999999999956e-01 
    4851           230     -9.9999999999999967e-01 
    4851           245      9.9999999999999933e-01 
    4851             9      1.0000000000000000e+00 
    4851           125      5.0000000000000144e-01 
    4851           210      5.0000000000000089e-01 
    4851           135      9.9999999999999933e-01 
    4851           240      9.9999999999999922e-01 
    4851             0      2.0000000000000004e+00 
    4851            21      1.0000000000000000e+00 
    4851             2      9.9999999999999967e-01 
    4851            23     -9.9999999999999967e-01 
    4851            24      1.9999999999999993e+00 
    4851            48     -9.9999999999999956e-01 
    4851            56     -1.0000000000000000e+00 
    4851            86     -9.9999999999999889e-01 
    4851            98      5.0000000000000089e-01 
    4851           156     -9.9999999999999878e-01 
    4851           173      5.0000000000000044e-01 
    4851            66      1.9999999999999991e+00 
    4851            68      9.9999999999999922e-01 
    4851           126      1.9999999999999978e+00 
    4851           128      9.9999999999999856e-01 
    4851           231      1.9999999999999976e+00 
    4851           233      9.9999999999999845e-01 
    4852            97     -9.9999999999999933e-01 
    4853            93     -9.9999999999999800e-01 
    4853            83      1.9999999999999967e+00 
    4855            80     -1.2247448713915889e+00 
    4859            90     -1.4142135623730936e+00 
    4859            80      7.0710678118654657e-01 
    4861            52      1.9999999999999978e+00 
    4861            46     -9.9999999999999867e-01 
    4867            34     -9.9999999999999933e-01 
    4872            10     -1.2247448713915869e+00 
    4872           118      1.2247448713915872e+00 
    4872            78     -1.2247448713915867e+00 
    4872            85     -1.2247448713915869e+00 
    4872           226      1.2247448713915869e+00 
    4872           241     -2.4494897427831739e+00 
    4872            76     -1.2247448713915867e+00 
    4873           221      1.2247448713915872e+00 
    4874           202     -1.2247448713915869e+00 
    4875           184      1.4142135623730940e+00 
    4876            84     -1.2247448713915863e+00 
    4876           115      1.2247448713915869e+00 
    4878           184      4.9999999999999944e-01 
    4879             3      1.2247448713915881e+00 
    4879            29      1.2247448713915876e+00 
    4879            27      1.2247448713915876e+00 
    4879            63     -1.2247448713915872e+00 
    4879           189     -1.2247448713915881e+00 
    4879            69      1.2247448713915878e+00 
    4879           234      2.4494897427831761e+00 
    4880           184      8.6602540378443749e-01 
    4880           214     -1.7320508075688750e+00 
    4882           195     -1.2247448713915865e+00 
    4885           177      1.2247448713915872e+00 
    4887           122     -9.9999999999999878e-01 
    4888            10      7.0710678118654680e-01 
    4888            88     -1.4142135623730929e+00 
    4888           118      7.0710678118654657e-01 
    4888            78      7.0710678118654657e-01 
    4888            85      7.0710678118654657e-01 
    4888           226     -7.0710678118654680e-01 
    4888           241      1.4142135623730936e+00 
    4888            76      7.0710678118654657e-01 
    4889           221     -7.0710678118654646e-01 
    4890             6     -9.9999999999999878e-01 
    4890            50      1.9999999999999969e+00 
    4890            44     -9.9999999999999856e-01 
    4890           207      9.9999999999999878e-01 
    4890           237     -1.9999999999999976e+00 
    4890            72     -9.9999999999999867e-01 
    4890            42     -9.9999999999999856e-01 
    4891           202     -7.0710678118654680e-01 
    4891           217      1.4142135623730936e+00 
    4893            84      7.0710678118654624e-01 
    4893           115      7.0710678118654635e-01 
    4895           184     -8.6602540378443749e-01 
    4896             3      7.0710678118654691e-01 
    4896            32     -1.4142135623730936e+00 
    4896            29      7.0710678118654680e-01 
    4896            27      7.0710678118654680e-01 
    4896            63      7.0710678118654691e-01 
    4896           189     -7.0710678118654691e-01 
    4896            69      7.0710678118654680e-01 
    4896           234      1.4142135623730938e+00 
    4897           184      4.9999999999999950e-01 
    4897           214     -9.9999999999999900e-01 
    4899           180      1.4142135623730929e+00 
    4899           195     -7.0710678118654657e-01 
    4901            60     -9.9999999999999956e-01 
    4904           177     -7.0710678118654646e-01 
    4907            83      1.9999999999999967e+00 
    4907           113     -9.9999999999999867e-01 
    4909           167     -1.2247448713915869e+00 
    4910             1     -9.9999999999999967e-01 
    4910            25     -9.9999999999999956e-01 
    4910            22     -9.9999999999999956e-01 
    4910            55      1.9999999999999980e+00 
    4910           172      9.9999999999999933e-01 
    4910            67     -9.9999999999999922e-01 
    4910           232     -1.9999999999999987e+00 
    4911           167     -7.0710678118654668e-01 
    4911           212      1.4142135623730934e+00 
    4913           163      9.9999999999999767e-01 
    4913           193      9.9999999999999845e-01 
    4916           175     -1.2247448713915863e+00 
    4918            52      1.9999999999999978e+00 
    4918            58     -9.9999999999999889e-01 
    4921           160      1.4142135623730920e+00 
    4921           175     -7.0710678118654602e-01 
    4927           123     -1.4142135623730940e+00 
    4928            11      9.9999999999999933e-01 
    4928           119      9.9999999999999911e-01 
    4928            96      9.9999999999999922e-01 
    4928            77     -9.9999999999999944e-01 
    4928            87      1.9999999999999989e+00 
    4928           227     -9.9999999999999933e-01 
    4928           242      1.9999999999999987e+00 
    4929           222     -9.9999999999999856e-01 
    4930             7     -1.4142135623730940e+00 
    4930            43      1.4142135623730940e+00 
    4930            49     -2.8284271247461881e+00 
    4930           208      1.4142135623730940e+00 
    4930           238     -2.8284271247461881e+00 
    4930            73     -1.4142135623730938e+00 
    4931           203     -9.9999999999999900e-01 
    4931           218      1.9999999999999980e+00 
    4933            95      9.9999999999999878e-01 
    4933           116      9.9999999999999889e-01 
    4935           185     -1.2247448713915876e+00 
    4936             4      9.9999999999999967e-01 
    4936            28     -9.9999999999999967e-01 
    4936            31      1.9999999999999993e+00 
    4936            64      9.9999999999999956e-01 
    4936           190     -9.9999999999999967e-01 
    4936            70      9.9999999999999956e-01 
    4936           235      1.9999999999999993e+00 
    4937           185      7.0710678118654691e-01 
    4937           215     -1.4142135623730938e+00 
    4939           181      1.9999999999999973e+00 
    4939           196     -9.9999999999999878e-01 
    4941            61     -1.4142135623730945e+00 
    4944           178     -9.9999999999999856e-01 
    4947            13      9.9999999999999933e-01 
    4947           229     -9.9999999999999933e-01 
    4947           244      1.9999999999999987e+00 
    4947            82     -9.9999999999999889e-01 
    4947            94      9.9999999999999800e-01 
    4947           112      1.9999999999999978e+00 
    4947           114      9.9999999999999867e-01 
    4948           224     -9.9999999999999922e-01 
    4949           205      1.2247448713915883e+00 
    4949           168     -1.2247448713915869e+00 
    4950            20      2.0000000000000004e+00 
    4950           251      1.0000000000000000e+00 
    4950             9      1.0000000000000000e+00 
    4950           210     -1.0000000000000000e+00 
    4950           240      2.0000000000000000e+00 
    4950             0      2.0000000000000004e+00 
    4950            21      1.0000000000000000e+00 
    4950             2      9.9999999999999967e-01 
    4950            23     -9.9999999999999967e-01 
    4950            24      1.9999999999999993e+00 
    4950            48     -9.9999999999999956e-01 
    4950            56      9.9999999999999889e-01 
    4950           156     -1.9999999999999993e+00 
    4950           173     -9.9999999999999933e-01 
    4950            66      1.9999999999999991e+00 
    4950            68      9.9999999999999922e-01 
    4950           231      3.9999999999999987e+00 
    4950           233      1.9999999999999987e+00 
    4951           167     -7.0710678118654668e-01 
    4951           152     -7.0710678118654668e-01 
    4952           163     -7.0710678118654546e-01 
    4952           148      1.4142135623730916e+00 
    4953            93     -7.0710678118654591e-01 
    4953            83      1.4142135623730925e+00 
    4954           145     -8.6602540378443793e-01 
    4955            80     -8.6602540378443849e-01 
    4958           160     -9.9999999999999845e-01 
    4958           145      4.9999999999999917e-01 
    4959            90     -9.9999999999999889e-01 
    4959            80      4.9999999999999933e-01 
    4961            52      1.9999999999999978e+00 
    4961            46     -9.9999999999999867e-01 
    4967            34     -9.9999999999999933e-01 
    4971            15     -8.6602540378443660e-01 
    4971           198      8.6602540378443682e-01 
    4971           221      1.7320508075688730e+00 
    4971           143     -8.6602540378443649e-01 
    4971           150     -8.6602540378443660e-01 
    4971           155     -8.6602540378443649e-01 
    4971           246     -8.6602540378443660e-01 
    4971           141     -8.6602540378443649e-01 
    4972            10     -8.6602540378443704e-01 
    4972           118      8.6602540378443738e-01 
    4972            78     -8.6602540378443693e-01 
    4972            85     -8.6602540378443715e-01 
    4972           226      1.7320508075688743e+00 
    4972           241     -8.6602540378443693e-01 
    4972           136     -8.6602540378443693e-01 
    4972            76     -8.6602540378443693e-01 
    4973           122      8.6602540378443704e-01 
    4973           207     -8.6602540378443704e-01 
    4974           109     -9.9999999999999989e-01 
    4974           189      1.0000000000000000e+00 
    4975           149     -8.6602540378443615e-01 
    4975           195      8.6602540378443660e-01 
    4976            84     -8.6602540378443671e-01 
    4976           115      8.6602540378443715e-01 
    4977           109     -3.5355339059327290e-01 
    4977           189      3.5355339059327290e-01 
    4978           153      8.6602540378443749e-01 
    4978           214     -1.7320508075688750e+00 
    4979             3      1.2247448713915881e+00 
    4979            29      1.2247448713915876e+00 
    4979            27      1.2247448713915876e+00 
    4979            63     -1.2247448713915872e+00 
    4979            69      1.2247448713915878e+00 
    4979           109     -6.1237243569579369e-01 
    4979           189     -6.1237243569579369e-01 
    4979           129      1.2247448713915874e+00 
    4979           234      1.2247448713915874e+00 
    4980           184      8.6602540378443760e-01 
    4980           214     -1.7320508075688752e+00 
    4981           115      8.6602540378443726e-01 
    4982           195      8.6602540378443738e-01 
    4984           102     -8.6602540378443760e-01 
    4985           177     -8.6602540378443771e-01 
    4986           202     -7.0710678118654624e-01 
    4986           154     -7.0710678118654624e-01 
    4987            15      4.9999999999999911e-01 
    4987           158     -9.9999999999999778e-01 
    4987           198      4.9999999999999900e-01 
    4987           221     -9.9999999999999789e-01 
    4987           143      4.9999999999999895e-01 
    4987           150      4.9999999999999895e-01 
    4987           155      4.9999999999999906e-01 
    4987           246      4.9999999999999906e-01 
    4987           141      4.9999999999999895e-01 
    4988            10      4.9999999999999944e-01 
    4988            88     -9.9999999999999845e-01 
    4988           118      4.9999999999999922e-01 
    4988            78      4.9999999999999928e-01 
    4988            85      4.9999999999999928e-01 
    4988           226     -9.9999999999999867e-01 
    4988           241      4.9999999999999939e-01 
    4988           136      4.9999999999999933e-01 
    4988            76      4.9999999999999928e-01 
    4989           154     -7.0710678118654624e-01 
    4989           217      1.4142135623730925e+00 
    4990             6     -9.9999999999999878e-01 
    4990            50      1.9999999999999969e+00 
    4990            44     -9.9999999999999856e-01 
    4990            72     -9.9999999999999867e-01 
    4990            42     -9.9999999999999856e-01 
    4990           122      4.9999999999999911e-01 
    4990           207      4.9999999999999922e-01 
    4990           132     -9.9999999999999822e-01 
    4990           237     -9.9999999999999845e-01 
    4991           202     -7.0710678118654691e-01 
    4991           217      1.4142135623730938e+00 
    4992           149      4.9999999999999878e-01 
    4992           195      4.9999999999999883e-01 
    4993            84      4.9999999999999911e-01 
    4993           115      4.9999999999999911e-01 
    4994           109      6.1237243569579369e-01 
    4994           189     -6.1237243569579369e-01 
    4995           153      4.9999999999999928e-01 
    4995           214     -9.9999999999999856e-01 
    4996             3      7.0710678118654691e-01 
    4996            32     -1.4142135623730936e+00 
    4996            29      7.0710678118654680e-01 
    4996            27      7.0710678118654680e-01 
    4996            63      7.0710678118654691e-01 
    4996            69      7.0710678118654680e-01 
    4996           109     -3.5355339059327329e-01 
    4996           189     -3.5355339059327334e-01 
    4996           129      7.0710678118654657e-01 
    4996           234      7.0710678118654668e-01 
    4997           184      4.9999999999999967e-01 
    4997           214     -9.9999999999999933e-01 
    4998           105     -9.9999999999999878e-01 
    4998           115      4.9999999999999950e-01 
    4999           180     -9.9999999999999889e-01 
    4999           195      4.9999999999999956e-01 
    5001            60     -9.9999999999999956e-01 
    5003           102      4.9999999999999944e-01 
    5004           177      4.9999999999999950e-01 
    5006           148      1.4142135623730916e+00 
    5006           193     -7.0710678118654602e-01 
    5007            83      1.4142135623730925e+00 
    5007           113     -7.0710678118654646e-01 
    5008            97      8.6602540378443738e-01 
    5008           172     -8.6602540378443738e-01 
    5009           152     -7.0710678118654668e-01 
    5009           212      1.4142135623730934e+00 
    5010             1     -9.9999999999999967e-01 
    5010            25     -9.9999999999999956e-01 
    5010            22     -9.9999999999999956e-01 
    5010            55      1.9999999999999980e+00 
    5010            67     -9.9999999999999922e-01 
    5010            97      4.9999999999999944e-01 
    5010           172      4.9999999999999950e-01 
    5010           127     -9.9999999999999889e-01 
    5010           232     -9.9999999999999900e-01 
    5011           167     -7.0710678118654680e-01 
    5011           212      1.4142135623730936e+00 
    5012            93     -7.0710678118654635e-01 
    5012           113     -7.0710678118654668e-01 
    5013           163     -7.0710678118654635e-01 
    5013           193     -7.0710678118654668e-01 
    5015           100      8.6602540378443704e-01 
    5016           175      8.6602540378443715e-01 
    5018            52      1.9999999999999978e+00 
    5018            58     -9.9999999999999889e-01 
    5020            90     -9.9999999999999822e-01 
    5020           100      4.9999999999999911e-01 
    5021           160     -9.9999999999999833e-01 
    5021           175      4.9999999999999917e-01 
    5026           203     -9.9999999999999878e-01 
    5026           170     -9.9999999999999878e-01 
    5027            16      7.0710678118654657e-01 
    5027           199      7.0710678118654635e-01 
    5027           222     -1.4142135623730929e+00 
    5027           166      7.0710678118654646e-01 
    5027           171      7.0710678118654646e-01 
    5027           142     -7.0710678118654657e-01 
    5027           157      1.4142135623730931e+00 
    5027           247      7.0710678118654646e-01 
    5028            11      7.0710678118654702e-01 
    5028           119      7.0710678118654657e-01 
    5028            96      7.0710678118654691e-01 
    5028            77     -7.0710678118654702e-01 
    5028            87      1.4142135623730940e+00 
    5028           227     -1.4142135623730938e+00 
    5028           242      7.0710678118654691e-01 
    5028           137      7.0710678118654691e-01 
    5029           170     -9.9999999999999878e-01 
    5029           218      1.9999999999999976e+00 
    5030             7     -1.4142135623730940e+00 
    5030            43      1.4142135623730940e+00 
    5030            49     -2.8284271247461881e+00 
    5030            73     -1.4142135623730938e+00 
    5030           123      7.0710678118654668e-01 
    5030           208      7.0710678118654680e-01 
    5030           133     -1.4142135623730934e+00 
    5030           238     -1.4142135623730936e+00 
    5031           203     -9.9999999999999933e-01 
    5031           218      1.9999999999999987e+00 
    5032           165      7.0710678118654635e-01 
    5032           196      7.0710678118654624e-01 
    5033            95      7.0710678118654680e-01 
    5033           116      7.0710678118654668e-01 
    5034           110      8.6602540378443771e-01 
    5034           190     -8.6602540378443771e-01 
    5035           169      7.0710678118654691e-01 
    5035           215     -1.4142135623730938e+00 
    5036             4      9.9999999999999967e-01 
    5036            28     -9.9999999999999967e-01 
    5036            31      1.9999999999999993e+00 
    5036            64      9.9999999999999956e-01 
    5036            70      9.9999999999999956e-01 
    5036           110     -4.9999999999999961e-01 
    5036           190     -4.9999999999999967e-01 
    5036           130      9.9999999999999922e-01 
    5036           235      9.9999999999999933e-01 
    5037           185      7.0710678118654702e-01 
    5037           215     -1.4142135623730940e+00 
    5038           106     -1.4142135623730936e+00 
    5038           116      7.0710678118654691e-01 
    5039           181     -1.4142135623730936e+00 
    5039           196      7.0710678118654691e-01 
    5041            61     -1.4142135623730945e+00 
    5043           103      7.0710678118654680e-01 
    5044           178      7.0710678118654680e-01 
    5046            18      7.0710678118654657e-01 
    5046           224     -1.4142135623730929e+00 
    5046           206      7.0710678118654646e-01 
    5046           249      7.0710678118654646e-01 
    5046           147     -7.0710678118654624e-01 
    5046           164      7.0710678118654546e-01 
    5046           192      1.4142135623730925e+00 
    5046           194      7.0710678118654602e-01 
    5047            13      7.0710678118654702e-01 
    5047           229     -1.4142135623730938e+00 
    5047           244      7.0710678118654691e-01 
    5047           139      7.0710678118654691e-01 
    5047            82     -7.0710678118654668e-01 
    5047            94      7.0710678118654591e-01 
    5047           112      1.4142135623730934e+00 
    5047           114      7.0710678118654646e-01 
    5048           125     -8.6602540378443893e-01 
    5048           210      8.6602540378443826e-01 
    5048            98      8.6602540378443804e-01 
    5048           173     -8.6602540378443726e-01 
    5049            19     -1.4142135623730945e+00 
    5049           250     -1.4142135623730943e+00 
    5049           205      7.0710678118654713e-01 
    5049           220     -1.4142135623730943e+00 
    5049           151      1.4142135623730938e+00 
    5049           168      7.0710678118654668e-01 
    5049           211     -2.8284271247461876e+00 
    5049           213     -1.4142135623730934e+00 
    5050            20      1.0000000000000000e+00 
    5050            14      9.9999999999999967e-01 
    5050           230      9.9999999999999956e-01 
    5050           245      9.9999999999999956e-01 
    5050             9      1.0000000000000000e+00 
    5050           125     -4.9999999999999978e-01 
    5050           210     -4.9999999999999983e-01 
    5050           135      9.9999999999999956e-01 
    5050           240      9.9999999999999967e-01 
    5050             0      2.0000000000000004e+00 
    5050            21      1.0000000000000000e+00 
    5050             2      9.9999999999999967e-01 
    5050            23     -9.9999999999999967e-01 
    5050            24      1.9999999999999993e+00 
    5050            48     -9.9999999999999956e-01 
    5050            56      9.9999999999999889e-01 
    5050            66      1.9999999999999991e+00 
    5050            68      9.9999999999999922e-01 
    5050            86     -9.9999999999999922e-01 
    5050            98     -4.9999999999999944e-01 
    5050           156     -9.9999999999999933e-01 
    5050           173     -4.9999999999999950e-01 
    5050           126      1.9999999999999984e+00 
    5050           128      9.9999999999999889e-01 
    5050           231      1.9999999999999987e+00 
    5050           233      9.9999999999999900e-01 
    5051           172     -9.9999999999999933e-01 
    5053           163     -9.9999999999999767e-01 
    5053           148      1.9999999999999960e+00 
    5055           145     -1.2247448713915887e+00 
    5059           160     -1.4142135623730936e+00 
    5059           145      7.0710678118654668e-01 
    5062            52      1.9999999999999978e+00 
    5062            46     -9.9999999999999867e-01 
    5068            34     -9.9999999999999933e-01 
    5071           226      1.2247448713915869e+00 
    5072            15     -1.2247448713915867e+00 
    5072           198      1.2247448713915872e+00 
    5072           221      1.2247448713915867e+00 
    5072           143     -1.2247448713915865e+00 
    5072           150     -1.2247448713915867e+00 
    5072           155     -2.4494897427831734e+00 
    5072           141     -1.2247448713915865e+00 
    5073           154      1.2247448713915863e+00 
    5074           153     -1.4142135623730945e+00 
    5076           149     -1.2247448713915863e+00 
    5076           195      1.2247448713915867e+00 
    5077           153     -4.9999999999999861e-01 
    5079           153      8.6602540378443760e-01 
    5079           214     -1.7320508075688752e+00 
    5080             3      1.2247448713915881e+00 
    5080            29      1.2247448713915876e+00 
    5080            27      1.2247448713915876e+00 
    5080            63     -1.2247448713915872e+00 
    5080            69      1.2247448713915878e+00 
    5080           109     -1.2247448713915881e+00 
    5080           129      2.4494897427831761e+00 
    5082           115     -1.2247448713915872e+00 
    5085           102      1.2247448713915876e+00 
    5086           207     -9.9999999999999878e-01 
    5087           226     -7.0710678118654680e-01 
    5088            15      7.0710678118654668e-01 
    5088           158     -1.4142135623730927e+00 
    5088           198      7.0710678118654635e-01 
    5088           221     -7.0710678118654668e-01 
    5088           143      7.0710678118654646e-01 
    5088           150      7.0710678118654646e-01 
    5088           155      1.4142135623730934e+00 
    5088           141      7.0710678118654646e-01 
    5090           154     -7.0710678118654635e-01 
    5090           217      1.4142135623730927e+00 
    5091             6     -9.9999999999999878e-01 
    5091            50      1.9999999999999969e+00 
    5091            44     -9.9999999999999856e-01 
    5091            72     -9.9999999999999867e-01 
    5091            42     -9.9999999999999856e-01 
    5091           122      9.9999999999999878e-01 
    5091           132     -1.9999999999999976e+00 
    5093           149      7.0710678118654613e-01 
    5093           195      7.0710678118654624e-01 
    5094           153      8.6602540378443715e-01 
    5096           153      4.9999999999999944e-01 
    5096           214     -9.9999999999999889e-01 
    5097             3      7.0710678118654691e-01 
    5097            32     -1.4142135623730936e+00 
    5097            29      7.0710678118654680e-01 
    5097            27      7.0710678118654680e-01 
    5097            63      7.0710678118654691e-01 
    5097            69      7.0710678118654680e-01 
    5097           109     -7.0710678118654691e-01 
    5097           129      1.4142135623730938e+00 
    5099           105      1.4142135623730936e+00 
    5099           115     -7.0710678118654680e-01 
    5102            60     -9.9999999999999956e-01 
    5104           102     -7.0710678118654668e-01 
    5107           148      1.9999999999999960e+00 
    5107           193     -9.9999999999999845e-01 
    5108           152      1.2247448713915867e+00 
    5110           152     -7.0710678118654680e-01 
    5110           212      1.4142135623730936e+00 
    5111             1     -9.9999999999999967e-01 
    5111            25     -9.9999999999999956e-01 
    5111            22     -9.9999999999999956e-01 
    5111            55      1.9999999999999980e+00 
    5111            67     -9.9999999999999922e-01 
    5111            97      9.9999999999999933e-01 
    5111           127     -1.9999999999999987e+00 
    5113            93      9.9999999999999822e-01 
    5113           113      9.9999999999999878e-01 
    5116           100     -1.2247448713915867e+00 
    5119            52      1.9999999999999978e+00 
    5119            58     -9.9999999999999889e-01 
    5121            90      1.4142135623730925e+00 
    5121           100     -7.0710678118654624e-01 
    5126           208     -1.4142135623730940e+00 
    5127           227     -9.9999999999999933e-01 
    5128            16      9.9999999999999922e-01 
    5128           199      9.9999999999999867e-01 
    5128           222     -9.9999999999999922e-01 
    5128           166      9.9999999999999900e-01 
    5128           171      1.9999999999999984e+00 
    5128           142     -9.9999999999999922e-01 
    5128           157      1.9999999999999984e+00 
    5130           170     -9.9999999999999900e-01 
    5130           218      1.9999999999999980e+00 
    5131             7     -1.4142135623730940e+00 
    5131            43      1.4142135623730940e+00 
    5131            49     -2.8284271247461881e+00 
    5131            73     -1.4142135623730938e+00 
    5131           123      1.4142135623730940e+00 
    5131           133     -2.8284271247461881e+00 
    5133           165      9.9999999999999867e-01 
    5133           196      9.9999999999999867e-01 
    5134           169      1.2247448713915874e+00 
    5136           169      7.0710678118654702e-01 
    5136           215     -1.4142135623730940e+00 
    5137             4      9.9999999999999967e-01 
    5137            28     -9.9999999999999967e-01 
    5137            31      1.9999999999999993e+00 
    5137            64      9.9999999999999956e-01 
    5137            70      9.9999999999999956e-01 
    5137           110     -9.9999999999999967e-01 
    5137           130      1.9999999999999993e+00 
    5139           106      1.9999999999999978e+00 
    5139           116     -9.9999999999999900e-01 
    5142            61     -1.4142135623730945e+00 
    5144           103     -9.9999999999999889e-01 
    5146           229     -9.9999999999999933e-01 
    5147            18      9.9999999999999922e-01 
    5147           224     -9.9999999999999922e-01 
    5147           206      1.9999999999999984e+00 
    5147           147     -9.9999999999999867e-01 
    5147           164      9.9999999999999767e-01 
    5147           192      1.9999999999999973e+00 
    5147           194      9.9999999999999845e-01 
    5148           205     -1.2247448713915876e+00 
    5148           168      1.2247448713915867e+00 
    5149           230      1.0000000000000002e+00 
    5150            19     -1.4142135623730949e+00 
    5150           225     -1.4142135623730945e+00 
    5150           205      7.0710678118654724e-01 
    5150           220     -1.4142135623730945e+00 
    5150           151      1.4142135623730940e+00 
    5150           168      7.0710678118654680e-01 
    5150           211     -2.8284271247461881e+00 
    5150           213     -1.4142135623730936e+00 
    5151            14      2.0000000000000004e+00 
    5151           140      1.0000000000000000e+00 
    5151             9      1.0000000000000000e+00 
    5151           125     -1.0000000000000000e+00 
    5151           135      2.0000000000000000e+00 
    5151             0      2.0000000000000004e+00 
    5151            21      1.0000000000000000e+00 
    5151             2      9.9999999999999967e-01 
    5151            23     -9.9999999999999967e-01 
    5151            24      1.9999999999999993e+00 
    5151            48     -9.9999999999999956e-01 
    5151            56      9.9999999999999889e-01 
    5151            66      1.9999999999999991e+00 
    5151            68      9.9999999999999922e-01 
    5151            86     -1.9999999999999993e+00 
    5151            98     -9.9999999999999933e-01 
    5151           126      3.9999999999999987e+00 
    5151           128      1.9999999999999987e+00 
    5153           167      1.9999999999999960e+00 
    5153           152     -9.9999999999999745e-01 
    5154            97     -9.9999999999999878e-01 
    5157            80      1.2247448713915885e+00 
    5161           160      1.9999999999999964e+00 
    5161           145     -9.9999999999999811e-01 
    5162            90     -1.4142135623730931e+00 
    5162            80      7.0710678118654657e-01 
    5170            34     -9.9999999999999933e-01 
    5172           202      1.2247448713915858e+00 
    5173           122     -1.2247448713915867e+00 
    5174            10      1.2247448713915865e+00 
    5174           118     -1.2247448713915867e+00 
    5174            78      1.2247448713915861e+00 
    5174            85      2.4494897427831734e+00 
    5174           226     -1.2247448713915858e+00 
    5174           241      1.2247448713915863e+00 
    5174            76      1.2247448713915861e+00 
    5175            84     -1.4142135623730956e+00 
    5178            84      9.9999999999999867e-01 
    5178           115     -1.4999999999999976e+00 
    5179           195     -1.2247448713915865e+00 
    5180           115      8.6602540378443726e-01 
    5182             3      1.2247448713915881e+00 
    5182            29      1.2247448713915876e+00 
    5182            27      1.2247448713915876e+00 
    5182            63     -1.2247448713915876e+00 
    5182           189     -1.2247448713915861e+00 
    5182            69      2.4494897427831752e+00 
    5182           234      1.2247448713915867e+00 
    5183           184     -1.2247448713915867e+00 
    5183           214      1.2247448713915865e+00 
    5185            60     -1.2247448713915878e+00 
    5188           202     -7.0710678118654591e-01 
    5188           154      1.4142135623730920e+00 
    5189           122     -7.0710678118654646e-01 
    5190            15     -9.9999999999999811e-01 
    5190           158      1.9999999999999953e+00 
    5190           198      9.9999999999999811e-01 
    5190           143     -9.9999999999999789e-01 
    5190           150     -1.9999999999999962e+00 
    5190           246     -9.9999999999999800e-01 
    5190           141     -9.9999999999999789e-01 
    5191            10      7.0710678118654646e-01 
    5191            88     -1.4142135623730923e+00 
    5191           118     -7.0710678118654646e-01 
    5191            78      7.0710678118654635e-01 
    5191            85      1.4142135623730929e+00 
    5191           226      7.0710678118654624e-01 
    5191           241      7.0710678118654635e-01 
    5191            76      7.0710678118654635e-01 
    5192           221     -9.9999999999999922e-01 
    5195           115     -8.6602540378443726e-01 
    5196           149      1.4142135623730920e+00 
    5196           195     -7.0710678118654624e-01 
    5197            84     -9.9999999999999845e-01 
    5197           115      4.9999999999999928e-01 
    5199             3      7.0710678118654691e-01 
    5199            32     -1.4142135623730936e+00 
    5199            29      7.0710678118654680e-01 
    5199            27      7.0710678118654680e-01 
    5199            63     -7.0710678118654668e-01 
    5199           189      7.0710678118654602e-01 
    5199            69      1.4142135623730934e+00 
    5199           234      7.0710678118654635e-01 
    5200           184      7.0710678118654591e-01 
    5200           214      7.0710678118654646e-01 
    5204            60     -7.0710678118654713e-01 
    5206           177     -9.9999999999999911e-01 
    5209            83     -1.2247448713915885e+00 
    5209           113      1.2247448713915874e+00 
    5210           148      9.9999999999999767e-01 
    5210           193      9.9999999999999845e-01 
    5211            83     -7.0710678118654635e-01 
    5211           113     -7.0710678118654668e-01 
    5213             1     -9.9999999999999967e-01 
    5213            25     -9.9999999999999956e-01 
    5213            22     -9.9999999999999956e-01 
    5213            55      9.9999999999999900e-01 
    5213           172      1.9999999999999962e+00 
    5213            67     -1.9999999999999980e+00 
    5213           232     -9.9999999999999856e-01 
    5214           167      1.9999999999999956e+00 
    5214           212     -9.9999999999999833e-01 
    5216            58      1.2247448713915869e+00 
    5221            52      1.4142135623730934e+00 
    5221            58     -7.0710678118654668e-01 
    5223           160      1.9999999999999969e+00 
    5223           175     -9.9999999999999845e-01 
    5228           203     -9.9999999999999867e-01 
    5228           170      1.9999999999999973e+00 
    5229           123     -9.9999999999999900e-01 
    5230            16     -1.4142135623730931e+00 
    5230           199      1.4142135623730931e+00 
    5230           166     -2.8284271247461863e+00 
    5230           142      1.4142135623730931e+00 
    5230           157     -2.8284271247461863e+00 
    5230           247     -1.4142135623730929e+00 
    5231            11      9.9999999999999900e-01 
    5231           119     -9.9999999999999900e-01 
    5231            96      1.9999999999999980e+00 
    5231            77     -9.9999999999999900e-01 
    5231            87      1.9999999999999980e+00 
    5231           227      9.9999999999999878e-01 
    5231           242      9.9999999999999889e-01 
    5232           222     -1.4142135623730938e+00 
    5235           116     -1.2247448713915878e+00 
    5236           165      1.9999999999999973e+00 
    5236           196     -9.9999999999999878e-01 
    5237            95     -1.4142135623730936e+00 
    5237           116      7.0710678118654691e-01 
    5239             4      9.9999999999999967e-01 
    5239            28     -9.9999999999999967e-01 
    5239            31      1.9999999999999993e+00 
    5239            64     -9.9999999999999933e-01 
    5239           190      9.9999999999999833e-01 
    5239            70      1.9999999999999987e+00 
    5239           235      9.9999999999999889e-01 
    5240           185      9.9999999999999800e-01 
    5240           215      9.9999999999999867e-01 
    5244            61     -9.9999999999999956e-01 
    5246           178     -1.4142135623730940e+00 
    5247           205     -9.9999999999999922e-01 
    5248           125      9.9999999999999956e-01 
    5249            13     -1.2247448713915883e+00 
    5249           229      1.2247448713915876e+00 
    5249           244     -1.2247448713915881e+00 
    5249           121     -1.2247448713915881e+00 
    5249            82      1.2247448713915878e+00 
    5249           112     -2.4494897427831757e+00 
    5249           114     -1.2247448713915874e+00 
    5250            18     -9.9999999999999900e-01 
    5250           249     -9.9999999999999900e-01 
    5250           201     -9.9999999999999889e-01 
    5250           147      9.9999999999999878e-01 
    5250           164      1.9999999999999960e+00 
    5250           192     -1.9999999999999976e+00 
    5250           194     -9.9999999999999845e-01 
    5251            13      7.0710678118654713e-01 
    5251           229      7.0710678118654702e-01 
    5251           244      7.0710678118654702e-01 
    5251           121      7.0710678118654702e-01 
    5251            82     -7.0710678118654691e-01 
    5251            94     -1.4142135623730929e+00 
    5251           112      1.4142135623730938e+00 
    5251           114      7.0710678118654668e-01 
    5252           224     -9.9999999999999922e-01 
    5253            20      1.0000000000000000e+00 
    5253             9      1.9999999999999996e+00 
    5253           210     -9.9999999999999933e-01 
    5253           240      1.9999999999999987e+00 
    5253            75      9.9999999999999967e-01 
    5253             0      2.0000000000000004e+00 
    5253            21      1.0000000000000000e+00 
    5253             2      9.9999999999999967e-01 
    5253            23     -9.9999999999999967e-01 
    5253            24      1.9999999999999993e+00 
    5253            48     -1.9999999999999987e+00 
    5253            56     -9.9999999999999900e-01 
    5253           156     -9.9999999999999889e-01 
    5253           173      9.9999999999999756e-01 
    5253            66      3.9999999999999973e+00 
    5253            68      1.9999999999999980e+00 
    5253           231      1.9999999999999978e+00 
    5253           233      9.9999999999999856e-01 
    5255           172     -9.9999999999999900e-01 
    5256           167     -9.9999999999999734e-01 
    5256           152      1.9999999999999956e+00 
    5259           145     -1.2247448713915881e+00 
    5264           160     -1.4142135623730931e+00 
    5264           145      7.0710678118654657e-01 
    5265            90      1.9999999999999973e+00 
    5265            80     -9.9999999999999867e-01 
    5273            34     -9.9999999999999933e-01 
    5274           207     -1.2247448713915872e+00 
    5275           154      1.2247448713915856e+00 
    5276            15     -1.2247448713915865e+00 
    5276           198      1.2247448713915865e+00 
    5276           221      1.2247448713915867e+00 
    5276           143     -1.2247448713915858e+00 
    5276           150     -2.4494897427831730e+00 
    5276           155     -1.2247448713915863e+00 
    5276           141     -1.2247448713915858e+00 
    5277           149      1.4142135623730954e+00 
    5280           149     -9.9999999999999856e-01 
    5280           195      1.4999999999999973e+00 
    5282           195      8.6602540378443738e-01 
    5283           115     -1.2247448713915872e+00 
    5284           153     -1.2247448713915858e+00 
    5284           214      1.2247448713915865e+00 
    5285             3      1.2247448713915881e+00 
    5285            29      1.2247448713915876e+00 
    5285            27      1.2247448713915876e+00 
    5285            63     -1.2247448713915876e+00 
    5285            69      2.4494897427831752e+00 
    5285           109     -1.2247448713915867e+00 
    5285           129      1.2247448713915874e+00 
    5288            60     -1.2247448713915878e+00 
    5290           207     -7.0710678118654668e-01 
    5291           202      1.4142135623730920e+00 
    5291           154     -7.0710678118654591e-01 
    5292           226     -9.9999999999999845e-01 
    5293            15      7.0710678118654657e-01 
    5293           158     -1.4142135623730923e+00 
    5293           198     -7.0710678118654646e-01 
    5293           221      7.0710678118654624e-01 
    5293           143      7.0710678118654635e-01 
    5293           150      1.4142135623730929e+00 
    5293           155      7.0710678118654635e-01 
    5293           141      7.0710678118654635e-01 
    5294            10     -9.9999999999999845e-01 
    5294            88      1.9999999999999960e+00 
    5294           118      9.9999999999999845e-01 
    5294            78     -9.9999999999999822e-01 
    5294            85     -1.9999999999999969e+00 
    5294           136     -9.9999999999999833e-01 
    5294            76     -9.9999999999999822e-01 
    5297           195      8.6602540378443715e-01 
    5299           149     -9.9999999999999856e-01 
    5299           195      4.9999999999999933e-01 
    5300            84      1.4142135623730929e+00 
    5300           115     -7.0710678118654646e-01 
    5301           153      7.0710678118654569e-01 
    5301           214      7.0710678118654613e-01 
    5302             3      7.0710678118654691e-01 
    5302            32     -1.4142135623730936e+00 
    5302            29      7.0710678118654680e-01 
    5302            27      7.0710678118654680e-01 
    5302            63     -7.0710678118654668e-01 
    5302            69      1.4142135623730934e+00 
    5302           109      7.0710678118654657e-01 
    5302           129      7.0710678118654657e-01 
    5307            60     -7.0710678118654713e-01 
    5308           102     -9.9999999999999933e-01 
    5311           148      1.2247448713915885e+00 
    5311           193     -1.2247448713915872e+00 
    5313           148     -7.0710678118654635e-01 
    5313           193     -7.0710678118654668e-01 
    5314            83      9.9999999999999822e-01 
    5314           113      9.9999999999999878e-01 
    5315           152      1.9999999999999956e+00 
    5315           212     -9.9999999999999833e-01 
    5316             1     -9.9999999999999967e-01 
    5316            25     -9.9999999999999956e-01 
    5316            22     -9.9999999999999956e-01 
    5316            55      9.9999999999999900e-01 
    5316            67     -1.9999999999999980e+00 
    5316            97      1.9999999999999973e+00 
    5316           127     -9.9999999999999889e-01 
    5319            58      1.2247448713915869e+00 
    5324            52      1.4142135623730934e+00 
    5324            58     -7.0710678118654668e-01 
    5325            90      1.9999999999999973e+00 
    5325           100     -9.9999999999999867e-01 
    5330           208     -9.9999999999999933e-01 
    5331           203      1.9999999999999971e+00 
    5331           170     -9.9999999999999845e-01 
    5332           227     -1.4142135623730936e+00 
    5333            16      9.9999999999999900e-01 
    5333           199     -9.9999999999999911e-01 
    5333           222      9.9999999999999878e-01 
    5333           166      1.9999999999999982e+00 
    5333           171      9.9999999999999889e-01 
    5333           142     -9.9999999999999911e-01 
    5333           157      1.9999999999999982e+00 
    5334            11     -1.4142135623730936e+00 
    5334           119      1.4142135623730936e+00 
    5334            96     -2.8284271247461872e+00 
    5334            77      1.4142135623730936e+00 
    5334            87     -2.8284271247461872e+00 
    5334           137     -1.4142135623730934e+00 
    5337           196      1.2247448713915876e+00 
    5339           165     -1.4142135623730936e+00 
    5339           196      7.0710678118654691e-01 
    5340            95      1.9999999999999978e+00 
    5340           116     -9.9999999999999900e-01 
    5341           169      9.9999999999999800e-01 
    5341           215      9.9999999999999867e-01 
    5342             4      9.9999999999999967e-01 
    5342            28     -9.9999999999999967e-01 
    5342            31      1.9999999999999993e+00 
    5342            64     -9.9999999999999933e-01 
    5342            70      1.9999999999999987e+00 
    5342           110      9.9999999999999889e-01 
    5342           130      9.9999999999999922e-01 
    5347            61     -9.9999999999999956e-01 
    5348           103     -1.4142135623730943e+00 
    5349           210      9.9999999999999978e-01 
    5350           205     -9.9999999999999911e-01 
    5351            18      1.2247448713915881e+00 
    5351           224     -1.2247448713915885e+00 
    5351           206      1.2247448713915881e+00 
    5351           201      1.2247448713915878e+00 
    5351           147     -1.2247448713915876e+00 
    5351           192      2.4494897427831752e+00 
    5351           194      1.2247448713915872e+00 
    5352           229     -9.9999999999999956e-01 
    5353            18      7.0710678118654724e-01 
    5353           224      7.0710678118654702e-01 
    5353           206      7.0710678118654713e-01 
    5353           201      7.0710678118654702e-01 
    5353           147     -7.0710678118654691e-01 
    5353           164     -1.4142135623730929e+00 
    5353           192      1.4142135623730938e+00 
    5353           194      7.0710678118654668e-01 
    5354            13     -9.9999999999999956e-01 
    5354           139     -9.9999999999999933e-01 
    5354           121     -9.9999999999999922e-01 
    5354            82      9.9999999999999900e-01 
    5354            94      1.9999999999999969e+00 
    5354           112     -1.9999999999999980e+00 
    5354           114     -9.9999999999999878e-01 
    5355            19      9.9999999999999933e-01 
    5355           205     -9.9999999999999911e-01 
    5355           220      1.9999999999999982e+00 
    5355           151     -9.9999999999999867e-01 
    5355           168      9.9999999999999734e-01 
    5355           211      1.9999999999999973e+00 
    5355           213      9.9999999999999833e-01 
    5356             9      1.9999999999999996e+00 
    5356            75      9.9999999999999967e-01 
    5356            14      1.0000000000000000e+00 
    5356           125     -9.9999999999999967e-01 
    5356           135      1.9999999999999993e+00 
    5356             0      2.0000000000000004e+00 
    5356            21      1.0000000000000000e+00 
    5356             2      9.9999999999999967e-01 
    5356            23     -9.9999999999999967e-01 
    5356            24      1.9999999999999993e+00 
    5356            48     -1.9999999999999987e+00 
    5356            56     -9.9999999999999900e-01 
    5356            66      3.9999999999999973e+00 
    5356            68      1.9999999999999980e+00 
    5356            86     -9.9999999999999922e-01 
    5356            98      9.9999999999999833e-01 
    5356           126      1.9999999999999984e+00 
    5356           128      9.9999999999999889e-01 
    5360           163     -1.4999999999999991e+00 
    5360           148      5.0000000000000133e-01 
    5361            93      1.4999999999999996e+00 
    5361            83     -5.0000000000000133e-01 
    5362            55     -1.0000000000000000e+00 
    5363           167      1.2247448713915878e+00 
    5363           152     -1.2247448713915878e+00 
    5364           163     -8.6602540378443738e-01 
    5364           148      8.6602540378443738e-01 
    5365            93      8.6602540378443760e-01 
    5365            83     -8.6602540378443760e-01 
    5369           160      1.2247448713915869e+00 
    5370            90     -1.2247448713915872e+00 
    5371            52      9.9999999999999933e-01 
    5377           180      1.4999999999999989e+00 
    5377           149     -5.0000000000000111e-01 
    5378           105     -1.4999999999999991e+00 
    5378            84      5.0000000000000133e-01 
    5379            63      9.9999999999999967e-01 
    5380             6     -1.1547005383792519e+00 
    5380            44     -1.1547005383792517e+00 
    5380            47     -1.1547005383792517e+00 
    5380           122      1.1547005383792524e+00 
    5380           207      1.1547005383792519e+00 
    5380           132     -1.1547005383792512e+00 
    5380           237     -1.1547005383792510e+00 
    5380            42     -1.1547005383792517e+00 
    5381            15     -4.9999999999999939e-01 
    5381           177      1.4999999999999976e+00 
    5381           143     -4.9999999999999922e-01 
    5381           146     -4.9999999999999928e-01 
    5381           155     -4.9999999999999928e-01 
    5381           246     -4.9999999999999933e-01 
    5381           141     -4.9999999999999922e-01 
    5382            10      4.9999999999999950e-01 
    5382           102     -1.4999999999999980e+00 
    5382            78      4.9999999999999939e-01 
    5382            81      4.9999999999999944e-01 
    5382           241      4.9999999999999944e-01 
    5382           136      4.9999999999999950e-01 
    5382            76      4.9999999999999939e-01 
    5383             6     -4.0824829046386296e-01 
    5383            60      1.2247448713915885e+00 
    5383            44     -4.0824829046386285e-01 
    5383            47     -4.0824829046386291e-01 
    5383           122     -2.0412414523193234e-01 
    5383           207     -2.0412414523193215e-01 
    5383           132     -4.0824829046386268e-01 
    5383           237     -4.0824829046386263e-01 
    5383            42     -4.0824829046386285e-01 
    5384           154     -4.9999999999999928e-01 
    5385           122      3.5355339059327362e-01 
    5385           207     -3.5355339059327329e-01 
    5386           202      4.9999999999999939e-01 
    5387           118      4.9999999999999956e-01 
    5388           198     -4.9999999999999950e-01 
    5389             3      9.9999999999999922e-01 
    5389            29      9.9999999999999900e-01 
    5389           109     -1.5000000000000004e+00 
    5389           189     -1.4999999999999996e+00 
    5389           129      9.9999999999999900e-01 
    5389           234      9.9999999999999889e-01 
    5389            39      9.9999999999999900e-01 
    5389            27      9.9999999999999900e-01 
    5390           105     -1.5000000000000004e+00 
    5390           115      9.9999999999999933e-01 
    5391           180      1.5000000000000000e+00 
    5391           195     -9.9999999999999922e-01 
    5392           184     -1.2247448713915876e+00 
    5392           153      1.2247448713915876e+00 
    5393           180      8.6602540378443726e-01 
    5393           149     -8.6602540378443726e-01 
    5394           105     -8.6602540378443749e-01 
    5394            84      8.6602540378443749e-01 
    5398            15     -8.6602540378443704e-01 
    5398           158      1.7320508075688732e+00 
    5398           177      8.6602540378443771e-01 
    5398           143     -8.6602540378443682e-01 
    5398           146     -8.6602540378443693e-01 
    5398           155     -8.6602540378443682e-01 
    5398           246     -8.6602540378443704e-01 
    5398           141     -8.6602540378443682e-01 
    5399            10      8.6602540378443726e-01 
    5399            88     -1.7320508075688736e+00 
    5399           102     -8.6602540378443793e-01 
    5399            78      8.6602540378443693e-01 
    5399            81      8.6602540378443715e-01 
    5399           241      8.6602540378443704e-01 
    5399           136      8.6602540378443726e-01 
    5399            76      8.6602540378443693e-01 
    5400             6     -7.0710678118654702e-01 
    5400            50      1.4142135623730936e+00 
    5400            60      7.0710678118654757e-01 
    5400            44     -7.0710678118654680e-01 
    5400            47     -7.0710678118654691e-01 
    5400           122     -3.5355339059327484e-01 
    5400           207     -3.5355339059327451e-01 
    5400           132     -7.0710678118654657e-01 
    5400           237     -7.0710678118654657e-01 
    5400            42     -7.0710678118654680e-01 
    5401           154     -8.6602540378443693e-01 
    5402           122      6.1237243569579392e-01 
    5402           207     -6.1237243569579336e-01 
    5403           202      8.6602540378443715e-01 
    5404           118      8.6602540378443726e-01 
    5405           198     -8.6602540378443715e-01 
    5406           153      1.2247448713915876e+00 
    5407           109     -8.6602540378443849e-01 
    5407           189      8.6602540378443771e-01 
    5408           184     -1.2247448713915872e+00 
    5409           105     -8.6602540378443749e-01 
    5410           180      8.6602540378443749e-01 
    5412           175     -1.2247448713915865e+00 
    5413           100      1.2247448713915869e+00 
    5414            58     -9.9999999999999900e-01 
    5420             1     -9.9999999999999967e-01 
    5420            25     -9.9999999999999956e-01 
    5420            22     -9.9999999999999956e-01 
    5420            97      1.5000000000000009e+00 
    5420           172      1.5000000000000000e+00 
    5420            37     -9.9999999999999956e-01 
    5420           127     -9.9999999999999933e-01 
    5420           232     -9.9999999999999922e-01 
    5421            93      1.4999999999999993e+00 
    5421           113     -9.9999999999999889e-01 
    5422           163     -1.4999999999999991e+00 
    5422           193      9.9999999999999878e-01 
    5423           152     -1.2247448713915878e+00 
    5424            97      8.6602540378443860e-01 
    5424           172     -8.6602540378443793e-01 
    5425           167      1.2247448713915876e+00 
    5426            93      8.6602540378443760e-01 
    5427           163     -8.6602540378443749e-01 
    5429            90     -1.2247448713915885e+00 
    5429           100      1.2247448713915869e+00 
    5430           160      1.2247448713915881e+00 
    5430           175     -1.2247448713915867e+00 
    5432           185     -1.7320508075688765e+00 
    5432           169      1.7320508075688765e+00 
    5433           181      1.2247448713915876e+00 
    5433           165     -1.2247448713915876e+00 
    5434           106     -1.2247448713915881e+00 
    5434            95      1.2247448713915881e+00 
    5438            16     -1.2247448713915874e+00 
    5438           178      1.2247448713915885e+00 
    5438           162     -1.2247448713915872e+00 
    5438           171     -1.2247448713915872e+00 
    5438           142      1.2247448713915874e+00 
    5438           157     -2.4494897427831748e+00 
    5438           247     -1.2247448713915874e+00 
    5439            11      1.2247448713915876e+00 
    5439           103     -1.2247448713915887e+00 
    5439            92      1.2247448713915876e+00 
    5439            77     -1.2247448713915876e+00 
    5439            87      2.4494897427831752e+00 
    5439           242      1.2247448713915874e+00 
    5439           137      1.2247448713915876e+00 
    5440             7     -9.9999999999999978e-01 
    5440            61      1.0000000000000004e+00 
    5440            54     -9.9999999999999956e-01 
    5440            43      9.9999999999999967e-01 
    5440            49     -1.9999999999999993e+00 
    5440           123     -5.0000000000000178e-01 
    5440           208     -5.0000000000000155e-01 
    5440           133     -9.9999999999999922e-01 
    5440           238     -9.9999999999999900e-01 
    5441           170     -1.2247448713915874e+00 
    5442           123      8.6602540378443826e-01 
    5442           208     -8.6602540378443738e-01 
    5443           203      1.2247448713915869e+00 
    5444           119      1.2247448713915872e+00 
    5445           199     -1.2247448713915869e+00 
    5446           169      1.7320508075688765e+00 
    5447           110     -1.2247448713915896e+00 
    5447           190      1.2247448713915883e+00 
    5448           185     -1.7320508075688752e+00 
    5449           106     -1.2247448713915876e+00 
    5450           181      1.2247448713915874e+00 
    5452            17      1.2247448713915872e+00 
    5452           188      1.2247448713915869e+00 
    5452           248      1.2247448713915872e+00 
    5452           144     -1.2247448713915872e+00 
    5452           161     -1.2247448713915869e+00 
    5452           174      2.4494897427831743e+00 
    5452           176      1.2247448713915865e+00 
    5453            12     -1.2247448713915874e+00 
    5453           243     -1.2247448713915874e+00 
    5453           138     -1.2247448713915874e+00 
    5453            79      1.2247448713915874e+00 
    5453            91      1.2247448713915872e+00 
    5453            99     -2.4494897427831748e+00 
    5453           101     -1.2247448713915869e+00 
    5454             8      9.9999999999999956e-01 
    5454           124      5.0000000000000189e-01 
    5454           209      5.0000000000000133e-01 
    5454           134      9.9999999999999889e-01 
    5454           239      9.9999999999999878e-01 
    5454            45     -9.9999999999999944e-01 
    5454            53     -9.9999999999999933e-01 
    5454            57      1.9999999999999989e+00 
    5454            59      9.9999999999999900e-01 
    5455           187      1.2247448713915869e+00 
    5456           124     -8.6602540378443804e-01 
    5456           209      8.6602540378443726e-01 
    5457           204     -1.2247448713915876e+00 
    5458           120     -1.2247448713915878e+00 
    5459           200      1.2247448713915876e+00 
    5460            20      1.0000000000000000e+00 
    5460            14      9.9999999999999956e-01 
    5460           230     -9.9999999999999967e-01 
    5460           245      9.9999999999999933e-01 
    5460             5      1.0000000000000000e+00 
    5460           111      5.0000000000000144e-01 
    5460           191      5.0000000000000089e-01 
    5460           131      9.9999999999999978e-01 
    5460           236      9.9999999999999967e-01 
    5460             0      2.0000000000000004e+00 
    5460            21      1.0000000000000000e+00 
    5460             2      9.9999999999999967e-01 
    5460            23     -9.9999999999999967e-01 
    5460            24      1.9999999999999993e+00 
    5460            30     -9.9999999999999978e-01 
    5460            35     -1.0000000000000004e+00 
    5460            86     -9.9999999999999967e-01 
    5460            98      5.0000000000000144e-01 
    5460           156     -9.9999999999999956e-01 
    5460           173      5.0000000000000089e-01 
    5460            36      1.9999999999999996e+00 
    5460            38      9.9999999999999956e-01 
    5460           126      1.9999999999999993e+00 
    5460           128      9.9999999999999933e-01 
    5460           231      1.9999999999999991e+00 
    5460           233      9.9999999999999922e-01 
    5464           167      1.4999999999999987e+00 
    5464           152     -5.0000000000000033e-01 
    5465            97     -9.9999999999999856e-01 
    5466            93     -5.0000000000000044e-01 
    5466            83      1.4999999999999993e+00 
    5468           167     -8.6602540378443726e-01 
    5468           152      8.6602540378443726e-01 
    5470           163      1.2247448713915874e+00 
    5470           148     -1.2247448713915874e+00 
    5471            93     -8.6602540378443771e-01 
    5471            83      8.6602540378443771e-01 
    5475            90      4.9999999999999956e-01 
    5476           160      1.2247448713915867e+00 
    5477            90     -8.6602540378443726e-01 
    5479            52     -1.2247448713915874e+00 
    5481           184     -1.4999999999999984e+00 
    5481           153      5.0000000000000044e-01 
    5482           109      9.9999999999999822e-01 
    5483           105      5.0000000000000022e-01 
    5483            84     -1.4999999999999991e+00 
    5484            10      1.1547005383792512e+00 
    5484           118     -1.1547005383792519e+00 
    5484            78      1.1547005383792512e+00 
    5484            81      1.1547005383792512e+00 
    5484            85      1.1547005383792512e+00 
    5484           226     -1.1547005383792506e+00 
    5484           241      1.1547005383792510e+00 
    5484            76      1.1547005383792512e+00 
    5485           154     -4.9999999999999944e-01 
    5486           122      4.9999999999999944e-01 
    5487            10     -2.0412414523193143e-01 
    5487           102      6.1237243569579403e-01 
    5487           118     -4.0824829046386368e-01 
    5487            78     -2.0412414523193137e-01 
    5487            81     -2.0412414523193140e-01 
    5487            85     -2.0412414523193140e-01 
    5487           226      2.0412414523193131e-01 
    5487           241     -2.0412414523193140e-01 
    5487            76     -2.0412414523193137e-01 
    5488            15     -4.9999999999999928e-01 
    5488           177      1.4999999999999971e+00 
    5488           143     -4.9999999999999911e-01 
    5488           146     -4.9999999999999922e-01 
    5488           150     -4.9999999999999922e-01 
    5488           246     -4.9999999999999922e-01 
    5488           141     -4.9999999999999911e-01 
    5489            10      3.5355339059327340e-01 
    5489           102     -1.0606601717798199e+00 
    5489            78      3.5355339059327329e-01 
    5489            81      3.5355339059327334e-01 
    5489            85      3.5355339059327334e-01 
    5489           226      3.5355339059327340e-01 
    5489           241      3.5355339059327334e-01 
    5489            76      3.5355339059327329e-01 
    5490           221     -4.9999999999999961e-01 
    5491             6      4.9999999999999961e-01 
    5491            60     -1.4999999999999982e+00 
    5491            44      4.9999999999999944e-01 
    5491            47      4.9999999999999950e-01 
    5491           237      4.9999999999999939e-01 
    5491            72      4.9999999999999956e-01 
    5491            42      4.9999999999999944e-01 
    5492           217      4.9999999999999939e-01 
    5493            84     -1.4999999999999991e+00 
    5493           115      9.9999999999999878e-01 
    5494             3      9.9999999999999922e-01 
    5494            29      9.9999999999999900e-01 
    5494            39      9.9999999999999900e-01 
    5494            27      9.9999999999999900e-01 
    5494            63     -1.5000000000000000e+00 
    5494           189     -1.4999999999999987e+00 
    5494            69      9.9999999999999856e-01 
    5494           234      9.9999999999999811e-01 
    5495           184     -1.4999999999999991e+00 
    5495           214      9.9999999999999845e-01 
    5497           184      8.6602540378443704e-01 
    5497           153     -8.6602540378443704e-01 
    5499           180     -1.2247448713915872e+00 
    5499           149      1.2247448713915872e+00 
    5500           105      8.6602540378443760e-01 
    5500            84     -8.6602540378443760e-01 
    5502           154     -8.6602540378443704e-01 
    5503           122      8.6602540378443715e-01 
    5504            10     -3.5355339059327340e-01 
    5504            88      7.0710678118654646e-01 
    5504           102      3.5355339059327368e-01 
    5504           118     -7.0710678118654813e-01 
    5504            78     -3.5355339059327329e-01 
    5504            81     -3.5355339059327334e-01 
    5504            85     -3.5355339059327334e-01 
    5504           226      3.5355339059327318e-01 
    5504           241     -3.5355339059327334e-01 
    5504            76     -3.5355339059327329e-01 
    5505            15     -8.6602540378443693e-01 
    5505           158      1.7320508075688730e+00 
    5505           177      8.6602540378443760e-01 
    5505           143     -8.6602540378443660e-01 
    5505           146     -8.6602540378443682e-01 
    5505           150     -8.6602540378443660e-01 
    5505           246     -8.6602540378443682e-01 
    5505           141     -8.6602540378443660e-01 
    5506            10      6.1237243569579347e-01 
    5506            88     -1.2247448713915863e+00 
    5506           102     -6.1237243569579403e-01 
    5506            78      6.1237243569579336e-01 
    5506            81      6.1237243569579347e-01 
    5506            85      6.1237243569579336e-01 
    5506           226      6.1237243569579347e-01 
    5506           241      6.1237243569579336e-01 
    5506            76      6.1237243569579336e-01 
    5507           221     -8.6602540378443749e-01 
    5508             6      8.6602540378443738e-01 
    5508            50     -1.7320508075688739e+00 
    5508            60     -8.6602540378443815e-01 
    5508            44      8.6602540378443715e-01 
    5508            47      8.6602540378443726e-01 
    5508           237      8.6602540378443693e-01 
    5508            72      8.6602540378443738e-01 
    5508            42      8.6602540378443715e-01 
    5509           217      8.6602540378443704e-01 
    5510           149      1.2247448713915872e+00 
    5511            84     -8.6602540378443760e-01 
    5513            63     -8.6602540378443837e-01 
    5513           189      8.6602540378443704e-01 
    5514           184      8.6602540378443682e-01 
    5515           180     -1.2247448713915867e+00 
    5518           100     -4.9999999999999939e-01 
    5519           175     -1.2247448713915863e+00 
    5520           100      8.6602540378443704e-01 
    5522            58      1.2247448713915869e+00 
    5524            83      1.4999999999999993e+00 
    5524           113     -9.9999999999999889e-01 
    5525             1     -9.9999999999999967e-01 
    5525            25     -9.9999999999999956e-01 
    5525            22     -9.9999999999999956e-01 
    5525            37     -9.9999999999999956e-01 
    5525            55      1.5000000000000004e+00 
    5525           172      1.4999999999999989e+00 
    5525            67     -9.9999999999999889e-01 
    5525           232     -9.9999999999999845e-01 
    5526           167      1.4999999999999984e+00 
    5526           212     -9.9999999999999811e-01 
    5527           148     -1.2247448713915874e+00 
    5528            83      8.6602540378443771e-01 
    5530            55      8.6602540378443849e-01 
    5530           172     -8.6602540378443726e-01 
    5531           167     -8.6602540378443715e-01 
    5532           163      1.2247448713915872e+00 
    5533            52     -1.2247448713915892e+00 
    5533            58      1.2247448713915878e+00 
    5535           160      1.2247448713915887e+00 
    5535           175     -1.2247448713915874e+00 
    5537           185      1.2247448713915874e+00 
    5537           169     -1.2247448713915874e+00 
    5539           181     -1.7320508075688754e+00 
    5539           165      1.7320508075688754e+00 
    5540           106      1.2247448713915883e+00 
    5540            95     -1.2247448713915883e+00 
    5542           170     -1.2247448713915874e+00 
    5543           123      1.2247448713915876e+00 
    5544            11     -4.9999999999999978e-01 
    5544           103      5.0000000000000022e-01 
    5544           119     -1.0000000000000013e+00 
    5544            92     -4.9999999999999967e-01 
    5544            96     -4.9999999999999967e-01 
    5544            77      4.9999999999999967e-01 
    5544            87     -9.9999999999999933e-01 
    5544           227      4.9999999999999944e-01 
    5544           242     -4.9999999999999967e-01 
    5545            16     -1.2247448713915872e+00 
    5545           178      1.2247448713915881e+00 
    5545           162     -1.2247448713915869e+00 
    5545           166     -1.2247448713915869e+00 
    5545           142      1.2247448713915872e+00 
    5545           157     -2.4494897427831743e+00 
    5545           247     -1.2247448713915872e+00 
    5546            11      8.6602540378443771e-01 
    5546           103     -8.6602540378443837e-01 
    5546            92      8.6602540378443749e-01 
    5546            96      8.6602540378443749e-01 
    5546            77     -8.6602540378443760e-01 
    5546            87      1.7320508075688752e+00 
    5546           227      8.6602540378443749e-01 
    5546           242      8.6602540378443760e-01 
    5547           222     -1.2247448713915876e+00 
    5548             7      1.2247448713915881e+00 
    5548            61     -1.2247448713915889e+00 
    5548            54      1.2247448713915876e+00 
    5548            43     -1.2247448713915878e+00 
    5548            49      2.4494897427831757e+00 
    5548           238      1.2247448713915874e+00 
    5548            73      1.2247448713915878e+00 
    5549           218      1.2247448713915869e+00 
    5550           165      1.7320508075688754e+00 
    5551            95     -1.2247448713915883e+00 
    5553            64     -1.2247448713915892e+00 
    5553           190      1.2247448713915876e+00 
    5554           185      1.2247448713915867e+00 
    5555           181     -1.7320508075688745e+00 
    5556           187      1.2247448713915872e+00 
    5557           124     -1.2247448713915872e+00 
    5558            12      4.9999999999999961e-01 
    5558           120      1.0000000000000013e+00 
    5558           108      4.9999999999999956e-01 
    5558           228     -4.9999999999999928e-01 
    5558           243      4.9999999999999950e-01 
    5558            79     -4.9999999999999956e-01 
    5558            91     -4.9999999999999956e-01 
    5558            99      9.9999999999999911e-01 
    5558           101      4.9999999999999939e-01 
    5559            17      1.2247448713915869e+00 
    5559           183      1.2247448713915865e+00 
    5559           248      1.2247448713915869e+00 
    5559           144     -1.2247448713915867e+00 
    5559           161     -1.2247448713915867e+00 
    5559           174      2.4494897427831734e+00 
    5559           176      1.2247448713915863e+00 
    5560            12     -8.6602540378443749e-01 
    5560           108     -8.6602540378443726e-01 
    5560           228     -8.6602540378443749e-01 
    5560           243     -8.6602540378443738e-01 
    5560            79      8.6602540378443738e-01 
    5560            91      8.6602540378443726e-01 
    5560            99     -1.7320508075688748e+00 
    5560           101     -8.6602540378443704e-01 
    5561           223      1.2247448713915878e+00 
    5562             8     -1.2247448713915876e+00 
    5562           239     -1.2247448713915869e+00 
    5562            74     -1.2247448713915876e+00 
    5562            45      1.2247448713915876e+00 
    5562            53      1.2247448713915874e+00 
    5562            57     -2.4494897427831752e+00 
    5562            59     -1.2247448713915869e+00 
    5563           219     -1.2247448713915874e+00 
    5564            13      9.9999999999999967e-01 
    5564           229     -9.9999999999999911e-01 
    5564           244      9.9999999999999956e-01 
    5564           107      5.0000000000000022e-01 
    5564           117      9.9999999999999944e-01 
    5564            82     -9.9999999999999933e-01 
    5564            94      5.0000000000000044e-01 
    5564           112      1.9999999999999987e+00 
    5564           114      9.9999999999999889e-01 
    5565            20      1.0000000000000000e+00 
    5565             9      9.9999999999999956e-01 
    5565           210     -9.9999999999999933e-01 
    5565           240      9.9999999999999900e-01 
    5565             5      1.0000000000000000e+00 
    5565            65      5.0000000000000144e-01 
    5565           191      5.0000000000000056e-01 
    5565            71      9.9999999999999933e-01 
    5565           236      9.9999999999999889e-01 
    5565             0      2.0000000000000004e+00 
    5565            21      1.0000000000000000e+00 
    5565             2      9.9999999999999967e-01 
    5565            23     -9.9999999999999967e-01 
    5565            24      1.9999999999999993e+00 
    5565            30     -9.9999999999999978e-01 
    5565            35     -1.0000000000000004e+00 
    5565            36      1.9999999999999996e+00 
    5565            38      9.9999999999999956e-01 
    5565            48     -9.9999999999999922e-01 
    5565            56      5.0000000000000144e-01 
    5565           156     -9.9999999999999878e-01 
    5565           173      5.0000000000000044e-01 
    5565            66      1.9999999999999984e+00 
    5565            68      9.9999999999999889e-01 
    5565           231      1.9999999999999976e+00 
    5565           233      9.9999999999999845e-01 
    5569           172     -9.9999999999999889e-01 
    5570           167     -5.0000000000000044e-01 
    5570           152      1.4999999999999984e+00 
    5571           163      5.0000000000000022e-01 
    5571           148     -1.4999999999999991e+00 
    5574           167      8.6602540378443715e-01 
    5574           152     -8.6602540378443715e-01 
    5576           163     -8.6602540378443782e-01 
    5576           148      8.6602540378443782e-01 
    5577            93      1.2247448713915876e+00 
    5577            83     -1.2247448713915876e+00 
    5580           160     -4.9999999999999950e-01 
    5582           160     -8.6602540378443749e-01 
    5583            90      1.2247448713915872e+00 
    5585            52     -1.2247448713915874e+00 
    5586           189      9.9999999999999856e-01 
    5587           184      5.0000000000000044e-01 
    5587           153     -1.4999999999999982e+00 
    5588           180     -5.0000000000000011e-01 
    5588           149      1.4999999999999987e+00 
    5589            15     -1.1547005383792512e+00 
    5589           198      1.1547005383792519e+00 
    5589           221      1.1547005383792515e+00 
    5589           143     -1.1547005383792510e+00 
    5589           146     -1.1547005383792510e+00 
    5589           150     -1.1547005383792510e+00 
    5589           155     -1.1547005383792510e+00 
    5589           141     -1.1547005383792510e+00 
    5590           207      4.9999999999999961e-01 
    5591           202     -4.9999999999999939e-01 
    5592            15      2.0412414523193140e-01 
    5592           177     -6.1237243569579392e-01 
    5592           198      4.0824829046386357e-01 
    5592           221     -2.0412414523193145e-01 
    5592           143      2.0412414523193134e-01 
    5592           146      2.0412414523193137e-01 
    5592           150      2.0412414523193137e-01 
    5592           155      2.0412414523193137e-01 
    5592           141      2.0412414523193134e-01 
    5593           226     -4.9999999999999944e-01 
    5594            15      3.5355339059327345e-01 
    5594           177     -1.0606601717798199e+00 
    5594           221      3.5355339059327340e-01 
    5594           143      3.5355339059327329e-01 
    5594           146      3.5355339059327334e-01 
    5594           150      3.5355339059327334e-01 
    5594           155      3.5355339059327334e-01 
    5594           141      3.5355339059327329e-01 
    5595            10     -4.9999999999999944e-01 
    5595           102      1.4999999999999980e+00 
    5595            78     -4.9999999999999928e-01 
    5595            81     -4.9999999999999939e-01 
    5595            85     -4.9999999999999939e-01 
    5595           136     -4.9999999999999939e-01 
    5595            76     -4.9999999999999928e-01 
    5596           217      4.9999999999999922e-01 
    5597             6      4.9999999999999961e-01 
    5597            60     -1.4999999999999982e+00 
    5597            44      4.9999999999999944e-01 
    5597            47      4.9999999999999950e-01 
    5597            72      4.9999999999999956e-01 
    5597            42      4.9999999999999944e-01 
    5597           132      4.9999999999999950e-01 
    5598           149      1.4999999999999987e+00 
    5598           195     -9.9999999999999867e-01 
    5599           153     -1.4999999999999982e+00 
    5599           214      9.9999999999999778e-01 
    5600             3      9.9999999999999922e-01 
    5600            29      9.9999999999999900e-01 
    5600            39      9.9999999999999900e-01 
    5600            27      9.9999999999999900e-01 
    5600            63     -1.5000000000000000e+00 
    5600            69      9.9999999999999856e-01 
    5600           109     -1.4999999999999991e+00 
    5600           129      9.9999999999999845e-01 
    5603           184     -8.6602540378443693e-01 
    5603           153      8.6602540378443693e-01 
    5605           180      8.6602540378443771e-01 
    5605           149     -8.6602540378443771e-01 
    5606           105     -1.2247448713915876e+00 
    5606            84      1.2247448713915876e+00 
    5607           207      8.6602540378443738e-01 
    5608           202     -8.6602540378443704e-01 
    5609            15      3.5355339059327334e-01 
    5609           158     -7.0710678118654635e-01 
    5609           177     -3.5355339059327362e-01 
    5609           198      7.0710678118654791e-01 
    5609           221     -3.5355339059327345e-01 
    5609           143      3.5355339059327323e-01 
    5609           146      3.5355339059327329e-01 
    5609           150      3.5355339059327329e-01 
    5609           155      3.5355339059327334e-01 
    5609           141      3.5355339059327323e-01 
    5610           226     -8.6602540378443726e-01 
    5611            15      6.1237243569579358e-01 
    5611           158     -1.2247448713915863e+00 
    5611           177     -6.1237243569579403e-01 
    5611           221      6.1237243569579336e-01 
    5611           143      6.1237243569579336e-01 
    5611           146      6.1237243569579347e-01 
    5611           150      6.1237243569579336e-01 
    5611           155      6.1237243569579347e-01 
    5611           141      6.1237243569579336e-01 
    5612            10     -8.6602540378443726e-01 
    5612            88      1.7320508075688736e+00 
    5612           102      8.6602540378443793e-01 
    5612            78     -8.6602540378443693e-01 
    5612            81     -8.6602540378443715e-01 
    5612            85     -8.6602540378443693e-01 
    5612           136     -8.6602540378443715e-01 
    5612            76     -8.6602540378443693e-01 
    5613           217      8.6602540378443671e-01 
    5614             6      8.6602540378443738e-01 
    5614            50     -1.7320508075688739e+00 
    5614            60     -8.6602540378443815e-01 
    5614            44      8.6602540378443715e-01 
    5614            47      8.6602540378443726e-01 
    5614            72      8.6602540378443738e-01 
    5614            42      8.6602540378443715e-01 
    5614           132      8.6602540378443726e-01 
    5616           149     -8.6602540378443771e-01 
    5617            84      1.2247448713915876e+00 
    5618           153      8.6602540378443693e-01 
    5619            63     -8.6602540378443837e-01 
    5619           109      8.6602540378443760e-01 
    5620           105     -1.2247448713915869e+00 
    5623           175      4.9999999999999933e-01 
    5625           175      8.6602540378443715e-01 
    5626           100     -1.2247448713915867e+00 
    5628            58      1.2247448713915869e+00 
    5629           148     -1.4999999999999991e+00 
    5629           193      9.9999999999999878e-01 
    5630           152      1.4999999999999984e+00 
    5630           212     -9.9999999999999811e-01 
    5631             1     -9.9999999999999967e-01 
    5631            25     -9.9999999999999956e-01 
    5631            22     -9.9999999999999956e-01 
    5631            37     -9.9999999999999956e-01 
    5631            55      1.5000000000000004e+00 
    5631            67     -9.9999999999999889e-01 
    5631            97      1.4999999999999996e+00 
    5631           127     -9.9999999999999878e-01 
    5633           148      8.6602540378443782e-01 
    5634            83     -1.2247448713915876e+00 
    5635           152     -8.6602540378443715e-01 
    5636            55      8.6602540378443849e-01 
    5636            97     -8.6602540378443771e-01 
    5637            93      1.2247448713915874e+00 
    5639            52     -1.2247448713915892e+00 
    5639            58      1.2247448713915878e+00 
    5640            90      1.2247448713915889e+00 
    5640           100     -1.2247448713915876e+00 
    5643           185     -1.2247448713915872e+00 
    5643           169      1.2247448713915872e+00 
    5645           181      1.2247448713915883e+00 
    5645           165     -1.2247448713915883e+00 
    5646           106     -1.7320508075688761e+00 
    5646            95      1.7320508075688761e+00 
    5647           208      1.2247448713915881e+00 
    5648           203     -1.2247448713915872e+00 
    5649            16      4.9999999999999967e-01 
    5649           178     -5.0000000000000011e-01 
    5649           199      1.0000000000000013e+00 
    5649           222     -4.9999999999999978e-01 
    5649           162      4.9999999999999961e-01 
    5649           166      4.9999999999999961e-01 
    5649           171      4.9999999999999967e-01 
    5649           142     -4.9999999999999961e-01 
    5649           157      9.9999999999999922e-01 
    5650           227     -1.2247448713915876e+00 
    5651            16      8.6602540378443771e-01 
    5651           178     -8.6602540378443837e-01 
    5651           222      8.6602540378443771e-01 
    5651           162      8.6602540378443760e-01 
    5651           166      8.6602540378443760e-01 
    5651           171      8.6602540378443760e-01 
    5651           142     -8.6602540378443771e-01 
    5651           157      1.7320508075688754e+00 
    5652            11     -1.2247448713915876e+00 
    5652           103      1.2247448713915885e+00 
    5652            92     -1.2247448713915874e+00 
    5652            96     -1.2247448713915874e+00 
    5652            77      1.2247448713915876e+00 
    5652            87     -2.4494897427831752e+00 
    5652           137     -1.2247448713915876e+00 
    5653           218      1.2247448713915869e+00 
    5654             7      1.2247448713915881e+00 
    5654            61     -1.2247448713915889e+00 
    5654            54      1.2247448713915876e+00 
    5654            43     -1.2247448713915878e+00 
    5654            49      2.4494897427831757e+00 
    5654            73      1.2247448713915878e+00 
    5654           133      1.2247448713915878e+00 
    5656           165     -1.2247448713915883e+00 
    5657            95      1.7320508075688761e+00 
    5658           169      1.2247448713915872e+00 
    5659            64     -1.2247448713915892e+00 
    5659           110      1.2247448713915881e+00 
    5660           106     -1.7320508075688750e+00 
    5661           209     -1.2247448713915876e+00 
    5662           204      1.2247448713915872e+00 
    5663            17     -4.9999999999999950e-01 
    5663           200     -1.0000000000000011e+00 
    5663           223      4.9999999999999961e-01 
    5663           183     -4.9999999999999950e-01 
    5663           188     -4.9999999999999950e-01 
    5663           144      4.9999999999999950e-01 
    5663           161      4.9999999999999950e-01 
    5663           174     -9.9999999999999900e-01 
    5663           176     -4.9999999999999933e-01 
    5664           228      1.2247448713915874e+00 
    5665            17     -8.6602540378443749e-01 
    5665           223     -8.6602540378443726e-01 
    5665           183     -8.6602540378443738e-01 
    5665           188     -8.6602540378443749e-01 
    5665           144      8.6602540378443749e-01 
    5665           161      8.6602540378443749e-01 
    5665           174     -1.7320508075688750e+00 
    5665           176     -8.6602540378443715e-01 
    5666            12      1.2247448713915874e+00 
    5666           108      1.2247448713915872e+00 
    5666           138      1.2247448713915874e+00 
    5666            79     -1.2247448713915872e+00 
    5666            91     -1.2247448713915872e+00 
    5666            99      2.4494897427831743e+00 
    5666           101      1.2247448713915867e+00 
    5667           219     -1.2247448713915867e+00 
    5668             8     -1.2247448713915876e+00 
    5668            74     -1.2247448713915876e+00 
    5668           134     -1.2247448713915874e+00 
    5668            45      1.2247448713915876e+00 
    5668            53      1.2247448713915874e+00 
    5668            57     -2.4494897427831752e+00 
    5668            59     -1.2247448713915869e+00 
    5669            18     -9.9999999999999956e-01 
    5669           224      9.9999999999999967e-01 
    5669           206     -9.9999999999999944e-01 
    5669           182     -5.0000000000000022e-01 
    5669           197     -9.9999999999999933e-01 
    5669           147      9.9999999999999922e-01 
    5669           164     -5.0000000000000022e-01 
    5669           192     -1.9999999999999984e+00 
    5669           194     -9.9999999999999878e-01 
    5670            19      9.9999999999999933e-01 
    5670           205     -9.9999999999999911e-01 
    5670           220      9.9999999999999878e-01 
    5670           186      5.0000000000000033e-01 
    5670           216      9.9999999999999867e-01 
    5670           151     -9.9999999999999845e-01 
    5670           168      5.0000000000000044e-01 
    5670           211      1.9999999999999969e+00 
    5670           213      9.9999999999999811e-01 
    5671            14      1.0000000000000000e+00 
    5671             9      9.9999999999999956e-01 
    5671           125     -9.9999999999999967e-01 
    5671           135      9.9999999999999933e-01 
    5671             5      1.0000000000000000e+00 
    5671            65      5.0000000000000144e-01 
    5671            71      9.9999999999999933e-01 
    5671           111      5.0000000000000089e-01 
    5671           131      9.9999999999999922e-01 
    5671             0      2.0000000000000004e+00 
    5671            21      1.0000000000000000e+00 
    5671             2      9.9999999999999967e-01 
    5671            23     -9.9999999999999967e-01 
    5671            24      1.9999999999999993e+00 
    5671            30     -9.9999999999999978e-01 
    5671            35     -1.0000000000000004e+00 
    5671            36      1.9999999999999996e+00 
    5671            38      9.9999999999999956e-01 
    5671            48     -9.9999999999999922e-01 
    5671            56      5.0000000000000144e-01 
    5671            66      1.9999999999999984e+00 
    5671            68      9.9999999999999889e-01 
    5671            86     -9.9999999999999900e-01 
    5671            98      5.0000000000000089e-01 
    5671           126      1.9999999999999980e+00 
    5671           128      9.9999999999999878e-01 
    5675            93      1.2247448713915874e+00 
    5675            83     -1.2247448713915874e+00 
    5678            97     -9.9999999999999967e-01 
    5679            93      7.0710678118654702e-01 
    5679            83      7.0710678118654702e-01 
    5681            55     -9.9999999999999967e-01 
    5684            90     -9.9999999999999867e-01 
    5684            80      1.9999999999999973e+00 
    5687            52     -9.9999999999999878e-01 
    5687            46      1.9999999999999978e+00 
    5692           105      1.2247448713915869e+00 
    5692            84     -1.2247448713915869e+00 
    5696            10     -1.2247448713915874e+00 
    5696           102      1.2247448713915876e+00 
    5696            78     -1.2247448713915872e+00 
    5696            81     -1.2247448713915874e+00 
    5696           226      1.2247448713915874e+00 
    5696           241     -2.4494897427831748e+00 
    5696            76     -1.2247448713915872e+00 
    5697           221      1.2247448713915867e+00 
    5698           202     -1.4999999999999980e+00 
    5699             6     -1.2247448713915878e+00 
    5699            60      1.2247448713915881e+00 
    5699            44     -1.2247448713915874e+00 
    5699            47     -1.2247448713915876e+00 
    5699           207      1.2247448713915878e+00 
    5699           237     -2.4494897427831757e+00 
    5699            42     -1.2247448713915874e+00 
    5700           202     -8.6602540378443715e-01 
    5700           217      1.7320508075688743e+00 
    5702           198      1.2247448713915867e+00 
    5704           184     -1.2247448713915876e+00 
    5705           180     -1.2247448713915869e+00 
    5707           109     -9.9999999999999900e-01 
    5708           105      7.0710678118654657e-01 
    5708            84      7.0710678118654657e-01 
    5710            63     -9.9999999999999900e-01 
    5713            10      7.0710678118654691e-01 
    5713            88     -1.4142135623730931e+00 
    5713           102      7.0710678118654680e-01 
    5713            78      7.0710678118654668e-01 
    5713            81      7.0710678118654668e-01 
    5713           226     -7.0710678118654691e-01 
    5713           241      1.4142135623730938e+00 
    5713            76      7.0710678118654668e-01 
    5714           221     -7.0710678118654635e-01 
    5715           202      8.6602540378443738e-01 
    5716             6      7.0710678118654702e-01 
    5716            50     -1.4142135623730936e+00 
    5716            60      7.0710678118654668e-01 
    5716            44      7.0710678118654680e-01 
    5716            47      7.0710678118654680e-01 
    5716           207     -7.0710678118654702e-01 
    5716           237      1.4142135623730940e+00 
    5716            42      7.0710678118654680e-01 
    5717           202      4.9999999999999922e-01 
    5717           217     -9.9999999999999845e-01 
    5719           198     -7.0710678118654635e-01 
    5721             3     -9.9999999999999900e-01 
    5721            32      1.9999999999999973e+00 
    5721            29     -9.9999999999999889e-01 
    5721           189      9.9999999999999900e-01 
    5721           234     -1.9999999999999980e+00 
    5721            39     -9.9999999999999900e-01 
    5721            27     -9.9999999999999889e-01 
    5722           184     -7.0710678118654691e-01 
    5722           214      1.4142135623730938e+00 
    5724           180     -7.0710678118654668e-01 
    5724           195      1.4142135623730934e+00 
    5727            80      1.9999999999999973e+00 
    5727           100     -9.9999999999999867e-01 
    5730            46      1.9999999999999978e+00 
    5730            58     -9.9999999999999889e-01 
    5735           167     -1.2247448713915878e+00 
    5736           163     -1.2247448713915874e+00 
    5738             1     -9.9999999999999967e-01 
    5738            25     -9.9999999999999956e-01 
    5738            22     -9.9999999999999956e-01 
    5738            34      1.9999999999999991e+00 
    5738           172      9.9999999999999967e-01 
    5738            37     -9.9999999999999956e-01 
    5738           232     -1.9999999999999993e+00 
    5739           167     -7.0710678118654691e-01 
    5739           212      1.4142135623730938e+00 
    5741           163     -7.0710678118654668e-01 
    5741           193      1.4142135623730934e+00 
    5744           160      9.9999999999999811e-01 
    5744           175      9.9999999999999845e-01 
    5747           110     -1.4142135623730945e+00 
    5748           106      9.9999999999999933e-01 
    5748            95      9.9999999999999933e-01 
    5750            64     -1.4142135623730945e+00 
    5753            11      9.9999999999999956e-01 
    5753           103      9.9999999999999922e-01 
    5753            92      9.9999999999999933e-01 
    5753            77     -9.9999999999999956e-01 
    5753            87      1.9999999999999991e+00 
    5753           227     -9.9999999999999956e-01 
    5753           242      1.9999999999999991e+00 
    5754           222     -9.9999999999999845e-01 
    5755           203      1.2247448713915876e+00 
    5756             7      9.9999999999999967e-01 
    5756            61      9.9999999999999956e-01 
    5756            54      9.9999999999999956e-01 
    5756            43     -9.9999999999999978e-01 
    5756            49      1.9999999999999996e+00 
    5756           208     -9.9999999999999967e-01 
    5756           238      1.9999999999999993e+00 
    5757           203      7.0710678118654646e-01 
    5757           218     -1.4142135623730929e+00 
    5759           199     -9.9999999999999845e-01 
    5761             4     -1.4142135623730945e+00 
    5761            28      1.4142135623730945e+00 
    5761            31     -2.8284271247461890e+00 
    5761           190      1.4142135623730945e+00 
    5761           235     -2.8284271247461890e+00 
    5761            40     -1.4142135623730943e+00 
    5762           185     -9.9999999999999933e-01 
    5762           215      1.9999999999999987e+00 
    5764           181     -9.9999999999999900e-01 
    5764           196      1.9999999999999980e+00 
    5767            12      9.9999999999999922e-01 
    5767           228     -9.9999999999999922e-01 
    5767           243      1.9999999999999984e+00 
    5767            79     -9.9999999999999900e-01 
    5767            91      9.9999999999999867e-01 
    5767            99      1.9999999999999980e+00 
    5767           101      9.9999999999999867e-01 
    5768           223     -9.9999999999999878e-01 
    5769           204      1.2247448713915878e+00 
    5770             8      9.9999999999999933e-01 
    5770           209     -9.9999999999999933e-01 
    5770           239      1.9999999999999987e+00 
    5770            45     -9.9999999999999922e-01 
    5770            53      9.9999999999999878e-01 
    5770            57      1.9999999999999984e+00 
    5770            59      9.9999999999999889e-01 
    5771           204      7.0710678118654680e-01 
    5771           219     -1.4142135623730936e+00 
    5773           200     -9.9999999999999889e-01 
    5775           186      1.2247448713915885e+00 
    5775           168     -1.2247448713915878e+00 
    5776           182      1.2247448713915878e+00 
    5776           164     -1.2247448713915874e+00 
    5778            20      2.0000000000000004e+00 
    5778           251      1.0000000000000000e+00 
    5778             5      1.0000000000000000e+00 
    5778           191     -1.0000000000000000e+00 
    5778           236      2.0000000000000000e+00 
    5778             0      2.0000000000000004e+00 
    5778            21      1.0000000000000000e+00 
    5778             2      9.9999999999999967e-01 
    5778            23     -9.9999999999999967e-01 
    5778            24      1.9999999999999993e+00 
    5778            30     -9.9999999999999978e-01 
    5778            35      9.9999999999999956e-01 
    5778           156     -2.0000000000000000e+00 
    5778           173     -9.9999999999999967e-01 
    5778            36      1.9999999999999996e+00 
    5778            38      9.9999999999999956e-01 
    5778           231      4.0000000000000000e+00 
    5778           233      1.9999999999999993e+00 
    5782           163      8.6602540378443682e-01 
    5782           148     -8.6602540378443682e-01 
    5783            93      8.6602540378443738e-01 
    5783            83     -8.6602540378443738e-01 
    5785           167     -7.0710678118654691e-01 
    5785           152     -7.0710678118654691e-01 
    5786           163      4.9999999999999928e-01 
    5786           148      4.9999999999999928e-01 
    5787            93      4.9999999999999961e-01 
    5787            83      4.9999999999999961e-01 
    5789            55     -9.9999999999999967e-01 
    5791           160     -7.0710678118654591e-01 
    5791           145      1.4142135623730920e+00 
    5792            90     -7.0710678118654635e-01 
    5792            80      1.4142135623730929e+00 
    5795            52     -9.9999999999999878e-01 
    5795            46      1.9999999999999978e+00 
    5799           180      8.6602540378443660e-01 
    5799           149     -8.6602540378443660e-01 
    5800           105      8.6602540378443704e-01 
    5800            84     -8.6602540378443704e-01 
    5803            15     -8.6602540378443693e-01 
    5803           177      8.6602540378443715e-01 
    5803           221      1.7320508075688736e+00 
    5803           143     -8.6602540378443682e-01 
    5803           146     -8.6602540378443693e-01 
    5803           155     -8.6602540378443682e-01 
    5803           246     -8.6602540378443693e-01 
    5803           141     -8.6602540378443682e-01 
    5804            10     -8.6602540378443738e-01 
    5804           102      8.6602540378443771e-01 
    5804            78     -8.6602540378443726e-01 
    5804            81     -8.6602540378443738e-01 
    5804           226      1.7320508075688745e+00 
    5804           241     -8.6602540378443726e-01 
    5804           136     -8.6602540378443726e-01 
    5804            76     -8.6602540378443726e-01 
    5805           122      1.0606601717798192e+00 
    5805           207     -1.0606601717798194e+00 
    5806           154     -8.6602540378443726e-01 
    5806           217      1.7320508075688745e+00 
    5807             6     -1.2247448713915878e+00 
    5807            60      1.2247448713915881e+00 
    5807            44     -1.2247448713915874e+00 
    5807            47     -1.2247448713915876e+00 
    5807            42     -1.2247448713915874e+00 
    5807           122      6.1237243569579358e-01 
    5807           207      6.1237243569579369e-01 
    5807           132     -1.2247448713915872e+00 
    5807           237     -1.2247448713915874e+00 
    5808           202     -8.6602540378443738e-01 
    5808           217      1.7320508075688748e+00 
    5809           118     -8.6602540378443738e-01 
    5810           198     -8.6602540378443749e-01 
    5811           109      8.6602540378443760e-01 
    5811           189     -8.6602540378443760e-01 
    5812           105      8.6602540378443749e-01 
    5813           180      8.6602540378443749e-01 
    5814           184     -7.0710678118654646e-01 
    5814           153     -7.0710678118654646e-01 
    5815           180      4.9999999999999895e-01 
    5815           149      4.9999999999999895e-01 
    5816           105      4.9999999999999928e-01 
    5816            84      4.9999999999999928e-01 
    5818            63     -9.9999999999999900e-01 
    5820            15      4.9999999999999922e-01 
    5820           158     -9.9999999999999800e-01 
    5820           177      4.9999999999999911e-01 
    5820           221     -9.9999999999999800e-01 
    5820           143      4.9999999999999906e-01 
    5820           146      4.9999999999999906e-01 
    5820           155      4.9999999999999906e-01 
    5820           246      4.9999999999999911e-01 
    5820           141      4.9999999999999906e-01 
    5821            10      4.9999999999999944e-01 
    5821            88     -9.9999999999999856e-01 
    5821           102      4.9999999999999933e-01 
    5821            78      4.9999999999999939e-01 
    5821            81      4.9999999999999939e-01 
    5821           226     -9.9999999999999878e-01 
    5821           241      4.9999999999999939e-01 
    5821           136      4.9999999999999939e-01 
    5821            76      4.9999999999999939e-01 
    5822           122     -6.1237243569579347e-01 
    5822           207      6.1237243569579347e-01 
    5823           154      4.9999999999999939e-01 
    5823           217     -9.9999999999999878e-01 
    5824             6      7.0710678118654702e-01 
    5824            50     -1.4142135623730936e+00 
    5824            60      7.0710678118654668e-01 
    5824            44      7.0710678118654680e-01 
    5824            47      7.0710678118654680e-01 
    5824            42      7.0710678118654680e-01 
    5824           122     -3.5355339059327334e-01 
    5824           207     -3.5355339059327340e-01 
    5824           132      7.0710678118654668e-01 
    5824           237      7.0710678118654680e-01 
    5825           202      4.9999999999999933e-01 
    5825           217     -9.9999999999999867e-01 
    5826           118      4.9999999999999933e-01 
    5827           198      4.9999999999999939e-01 
    5828           153     -7.0710678118654646e-01 
    5828           214      1.4142135623730929e+00 
    5829             3     -9.9999999999999900e-01 
    5829            32      1.9999999999999973e+00 
    5829            29     -9.9999999999999889e-01 
    5829            39     -9.9999999999999900e-01 
    5829            27     -9.9999999999999889e-01 
    5829           109      4.9999999999999928e-01 
    5829           189      4.9999999999999939e-01 
    5829           129     -9.9999999999999856e-01 
    5829           234     -9.9999999999999878e-01 
    5830           184     -7.0710678118654702e-01 
    5830           214      1.4142135623730940e+00 
    5831           105      4.9999999999999961e-01 
    5831           115     -9.9999999999999922e-01 
    5832           180      4.9999999999999967e-01 
    5832           195     -9.9999999999999933e-01 
    5834           145      1.4142135623730920e+00 
    5834           175     -7.0710678118654602e-01 
    5835            80      1.4142135623730929e+00 
    5835           100     -7.0710678118654646e-01 
    5838            46      1.9999999999999978e+00 
    5838            58     -9.9999999999999889e-01 
    5842            97      8.6602540378443793e-01 
    5842           172     -8.6602540378443793e-01 
    5843            93      8.6602540378443771e-01 
    5844           163      8.6602540378443782e-01 
    5845           152     -7.0710678118654691e-01 
    5845           212      1.4142135623730938e+00 
    5846             1     -9.9999999999999967e-01 
    5846            25     -9.9999999999999956e-01 
    5846            22     -9.9999999999999956e-01 
    5846            34      1.9999999999999991e+00 
    5846            37     -9.9999999999999956e-01 
    5846            97      4.9999999999999961e-01 
    5846           172      4.9999999999999967e-01 
    5846           127     -9.9999999999999922e-01 
    5846           232     -9.9999999999999933e-01 
    5847           167     -7.0710678118654702e-01 
    5847           212      1.4142135623730940e+00 
    5848            93      4.9999999999999961e-01 
    5848           113     -9.9999999999999922e-01 
    5849           163      4.9999999999999967e-01 
    5849           193     -9.9999999999999933e-01 
    5851            90     -7.0710678118654657e-01 
    5851           100     -7.0710678118654668e-01 
    5852           160     -7.0710678118654657e-01 
    5852           175     -7.0710678118654668e-01 
    5854           185     -9.9999999999999900e-01 
    5854           169     -9.9999999999999900e-01 
    5855           181      7.0710678118654657e-01 
    5855           165      7.0710678118654657e-01 
    5856           106      7.0710678118654691e-01 
    5856            95      7.0710678118654691e-01 
    5858            64     -1.4142135623730945e+00 
    5860            16      7.0710678118654668e-01 
    5860           178      7.0710678118654657e-01 
    5860           222     -1.4142135623730929e+00 
    5860           162      7.0710678118654657e-01 
    5860           171      7.0710678118654657e-01 
    5860           142     -7.0710678118654668e-01 
    5860           157      1.4142135623730934e+00 
    5860           247      7.0710678118654657e-01 
    5861            11      7.0710678118654713e-01 
    5861           103      7.0710678118654680e-01 
    5861            92      7.0710678118654691e-01 
    5861            77     -7.0710678118654713e-01 
    5861            87      1.4142135623730943e+00 
    5861           227     -1.4142135623730940e+00 
    5861           242      7.0710678118654702e-01 
    5861           137      7.0710678118654702e-01 
    5862           123     -8.6602540378443749e-01 
    5862           208      8.6602540378443749e-01 
    5863           170      7.0710678118654691e-01 
    5863           218     -1.4142135623730938e+00 
    5864             7      9.9999999999999967e-01 
    5864            61      9.9999999999999956e-01 
    5864            54      9.9999999999999956e-01 
    5864            43     -9.9999999999999978e-01 
    5864            49      1.9999999999999996e+00 
    5864           123     -4.9999999999999961e-01 
    5864           208     -4.9999999999999967e-01 
    5864           133      9.9999999999999922e-01 
    5864           238      9.9999999999999933e-01 
    5865           203      7.0710678118654657e-01 
    5865           218     -1.4142135623730931e+00 
    5866           119      7.0710678118654668e-01 
    5867           199      7.0710678118654668e-01 
    5868           169     -9.9999999999999900e-01 
    5868           215      1.9999999999999980e+00 
    5869             4     -1.4142135623730945e+00 
    5869            28      1.4142135623730945e+00 
    5869            31     -2.8284271247461890e+00 
    5869            40     -1.4142135623730943e+00 
    5869           110      7.0710678118654691e-01 
    5869           190      7.0710678118654702e-01 
    5869           130     -1.4142135623730938e+00 
    5869           235     -1.4142135623730940e+00 
    5870           185     -9.9999999999999956e-01 
    5870           215      1.9999999999999991e+00 
    5871           106      7.0710678118654713e-01 
    5871           116     -1.4142135623730943e+00 
    5872           181      7.0710678118654713e-01 
    5872           196     -1.4142135623730943e+00 
    5874            17      7.0710678118654646e-01 
    5874           223     -1.4142135623730927e+00 
    5874           188      7.0710678118654635e-01 
    5874           248      7.0710678118654635e-01 
    5874           144     -7.0710678118654635e-01 
    5874           161      7.0710678118654591e-01 
    5874           174      1.4142135623730927e+00 
    5874           176      7.0710678118654602e-01 
    5875            12      7.0710678118654691e-01 
    5875           228     -1.4142135623730936e+00 
    5875           243      7.0710678118654680e-01 
    5875           138      7.0710678118654680e-01 
    5875            79     -7.0710678118654668e-01 
    5875            91      7.0710678118654635e-01 
    5875            99      1.4142135623730934e+00 
    5875           101      7.0710678118654646e-01 
    5876           124     -8.6602540378443726e-01 
    5876           209      8.6602540378443726e-01 
    5877           187      7.0710678118654668e-01 
    5877           219     -1.4142135623730934e+00 
    5878             8      9.9999999999999933e-01 
    5878           124     -4.9999999999999944e-01 
    5878           209     -4.9999999999999950e-01 
    5878           134      9.9999999999999889e-01 
    5878           239      9.9999999999999900e-01 
    5878            45     -9.9999999999999922e-01 
    5878            53      9.9999999999999878e-01 
    5878            57      1.9999999999999984e+00 
    5878            59      9.9999999999999889e-01 
    5879           204      7.0710678118654691e-01 
    5879           219     -1.4142135623730938e+00 
    5880           120      7.0710678118654702e-01 
    5881           200      7.0710678118654702e-01 
    5882           111     -8.6602540378443915e-01 
    5882           191      8.6602540378443826e-01 
    5882            98      8.6602540378443860e-01 
    5882           173     -8.6602540378443793e-01 
    5883           107     -8.6602540378443826e-01 
    5883            94      8.6602540378443771e-01 
    5884           182     -8.6602540378443826e-01 
    5884           164      8.6602540378443782e-01 
    5885            19     -1.4142135623730945e+00 
    5885           250     -1.4142135623730943e+00 
    5885           186      7.0710678118654713e-01 
    5885           216     -1.4142135623730943e+00 
    5885           151      1.4142135623730943e+00 
    5885           168      7.0710678118654691e-01 
    5885           211     -2.8284271247461885e+00 
    5885           213     -1.4142135623730938e+00 
    5886            20      1.0000000000000000e+00 
    5886            14      9.9999999999999967e-01 
    5886           230      9.9999999999999956e-01 
    5886           245      9.9999999999999956e-01 
    5886             5      1.0000000000000000e+00 
    5886           111     -4.9999999999999978e-01 
    5886           191     -4.9999999999999983e-01 
    5886           131      9.9999999999999956e-01 
    5886           236      9.9999999999999967e-01 
    5886             0      2.0000000000000004e+00 
    5886            21      1.0000000000000000e+00 
    5886             2      9.9999999999999967e-01 
    5886            23     -9.9999999999999967e-01 
    5886            24      1.9999999999999993e+00 
    5886            30     -9.9999999999999978e-01 
    5886            35      9.9999999999999956e-01 
    5886            36      1.9999999999999996e+00 
    5886            38      9.9999999999999956e-01 
    5886            86     -9.9999999999999956e-01 
    5886            98     -4.9999999999999961e-01 
    5886           156     -9.9999999999999967e-01 
    5886           173     -4.9999999999999967e-01 
    5886           126      1.9999999999999991e+00 
    5886           128      9.9999999999999922e-01 
    5886           231      1.9999999999999993e+00 
    5886           233      9.9999999999999933e-01 
    5891           163      1.2247448713915872e+00 
    5891           148     -1.2247448713915872e+00 
    5893           172     -9.9999999999999967e-01 
    5895           163      7.0710678118654691e-01 
    5895           148      7.0710678118654691e-01 
    5898            55     -9.9999999999999967e-01 
    5900           160     -9.9999999999999833e-01 
    5900           145      1.9999999999999969e+00 
    5904            52     -9.9999999999999878e-01 
    5904            46      1.9999999999999978e+00 
    5908           180      1.2247448713915867e+00 
    5908           149     -1.2247448713915867e+00 
    5911           226      1.2247448713915874e+00 
    5912            15     -1.2247448713915872e+00 
    5912           177      1.2247448713915876e+00 
    5912           221      1.2247448713915872e+00 
    5912           143     -1.2247448713915869e+00 
    5912           146     -1.2247448713915872e+00 
    5912           155     -2.4494897427831743e+00 
    5912           141     -1.2247448713915869e+00 
    5913           154      1.4999999999999967e+00 
    5915           154     -8.6602540378443749e-01 
    5915           217      1.7320508075688750e+00 
    5916             6     -1.2247448713915878e+00 
    5916            60      1.2247448713915881e+00 
    5916            44     -1.2247448713915874e+00 
    5916            47     -1.2247448713915876e+00 
    5916            42     -1.2247448713915874e+00 
    5916           122      1.2247448713915878e+00 
    5916           132     -2.4494897427831757e+00 
    5918           118      1.2247448713915872e+00 
    5919           153      1.2247448713915872e+00 
    5921           105     -1.2247448713915874e+00 
    5922           189     -9.9999999999999900e-01 
    5924           180      7.0710678118654646e-01 
    5924           149      7.0710678118654646e-01 
    5927            63     -9.9999999999999900e-01 
    5928           226     -7.0710678118654691e-01 
    5929            15      7.0710678118654668e-01 
    5929           158     -1.4142135623730929e+00 
    5929           177      7.0710678118654657e-01 
    5929           221     -7.0710678118654668e-01 
    5929           143      7.0710678118654657e-01 
    5929           146      7.0710678118654657e-01 
    5929           155      1.4142135623730934e+00 
    5929           141      7.0710678118654657e-01 
    5930           154     -8.6602540378443693e-01 
    5932           154      4.9999999999999950e-01 
    5932           217     -9.9999999999999900e-01 
    5933             6      7.0710678118654702e-01 
    5933            50     -1.4142135623730936e+00 
    5933            60      7.0710678118654668e-01 
    5933            44      7.0710678118654680e-01 
    5933            47      7.0710678118654680e-01 
    5933            42      7.0710678118654680e-01 
    5933           122     -7.0710678118654702e-01 
    5933           132      1.4142135623730940e+00 
    5935           118     -7.0710678118654657e-01 
    5937           153     -7.0710678118654657e-01 
    5937           214      1.4142135623730931e+00 
    5938             3     -9.9999999999999900e-01 
    5938            32      1.9999999999999973e+00 
    5938            29     -9.9999999999999889e-01 
    5938            39     -9.9999999999999900e-01 
    5938            27     -9.9999999999999889e-01 
    5938           109      9.9999999999999900e-01 
    5938           129     -1.9999999999999980e+00 
    5940           105     -7.0710678118654691e-01 
    5940           115      1.4142135623730938e+00 
    5943           145      1.9999999999999969e+00 
    5943           175     -9.9999999999999845e-01 
    5947            46      1.9999999999999978e+00 
    5947            58     -9.9999999999999889e-01 
    5950           152      1.2247448713915876e+00 
    5952            93     -1.2247448713915876e+00 
    5954           152     -7.0710678118654702e-01 
    5954           212      1.4142135623730940e+00 
    5955             1     -9.9999999999999967e-01 
    5955            25     -9.9999999999999956e-01 
    5955            22     -9.9999999999999956e-01 
    5955            34      1.9999999999999991e+00 
    5955            37     -9.9999999999999956e-01 
    5955            97      9.9999999999999967e-01 
    5955           127     -1.9999999999999993e+00 
    5957            93     -7.0710678118654691e-01 
    5957           113      1.4142135623730938e+00 
    5960            90      9.9999999999999867e-01 
    5960           100      9.9999999999999878e-01 
    5962           190     -1.4142135623730945e+00 
    5964           181      9.9999999999999911e-01 
    5964           165      9.9999999999999911e-01 
    5967            64     -1.4142135623730945e+00 
    5968           227     -9.9999999999999956e-01 
    5969            16      9.9999999999999933e-01 
    5969           178      9.9999999999999889e-01 
    5969           222     -9.9999999999999944e-01 
    5969           162      9.9999999999999911e-01 
    5969           171      1.9999999999999989e+00 
    5969           142     -9.9999999999999933e-01 
    5969           157      1.9999999999999987e+00 
    5970           170     -1.2247448713915869e+00 
    5972           170      7.0710678118654702e-01 
    5972           218     -1.4142135623730940e+00 
    5973             7      9.9999999999999967e-01 
    5973            61      9.9999999999999956e-01 
    5973            54      9.9999999999999956e-01 
    5973            43     -9.9999999999999978e-01 
    5973            49      1.9999999999999996e+00 
    5973           123     -9.9999999999999967e-01 
    5973           133      1.9999999999999993e+00 
    5975           119     -9.9999999999999878e-01 
    5977           169     -9.9999999999999933e-01 
    5977           215      1.9999999999999987e+00 
    5978             4     -1.4142135623730945e+00 
    5978            28      1.4142135623730945e+00 
    5978            31     -2.8284271247461890e+00 
    5978            40     -1.4142135623730943e+00 
    5978           110      1.4142135623730945e+00 
    5978           130     -2.8284271247461890e+00 
    5980           106     -9.9999999999999933e-01 
    5980           116      1.9999999999999987e+00 
    5982           228     -9.9999999999999922e-01 
    5983            17      9.9999999999999900e-01 
    5983           223     -9.9999999999999911e-01 
    5983           188      1.9999999999999982e+00 
    5983           144     -9.9999999999999878e-01 
    5983           161      9.9999999999999833e-01 
    5983           174      1.9999999999999976e+00 
    5983           176      9.9999999999999845e-01 
    5984           187     -1.2247448713915865e+00 
    5986           187      7.0710678118654680e-01 
    5986           219     -1.4142135623730936e+00 
    5987             8      9.9999999999999933e-01 
    5987           124     -9.9999999999999933e-01 
    5987           134      1.9999999999999987e+00 
    5987            45     -9.9999999999999922e-01 
    5987            53      9.9999999999999878e-01 
    5987            57      1.9999999999999984e+00 
    5987            59      9.9999999999999889e-01 
    5989           120     -9.9999999999999922e-01 
    5990           186     -1.2247448713915878e+00 
    5990           168      1.2247448713915876e+00 
    5992           107      1.2247448713915883e+00 
    5992            94     -1.2247448713915876e+00 
    5993           230      1.0000000000000002e+00 
    5994            19     -1.4142135623730949e+00 
    5994           225     -1.4142135623730945e+00 
    5994           186      7.0710678118654724e-01 
    5994           216     -1.4142135623730945e+00 
    5994           151      1.4142135623730945e+00 
    5994           168      7.0710678118654702e-01 
    5994           211     -2.8284271247461890e+00 
    5994           213     -1.4142135623730940e+00 
    5995            14      2.0000000000000004e+00 
    5995           140      1.0000000000000000e+00 
    5995             5      1.0000000000000000e+00 
    5995           111     -1.0000000000000000e+00 
    5995           131      2.0000000000000000e+00 
    5995             0      2.0000000000000004e+00 
    5995            21      1.0000000000000000e+00 
    5995             2      9.9999999999999967e-01 
    5995            23     -9.9999999999999967e-01 
    5995            24      1.9999999999999993e+00 
    5995            30     -9.9999999999999978e-01 
    5995            35      9.9999999999999956e-01 
    5995            36      1.9999999999999996e+00 
    5995            38      9.9999999999999956e-01 
    5995            86     -2.0000000000000000e+00 
    5995            98     -9.9999999999999967e-01 
    5995           126      4.0000000000000000e+00 
    5995           128      1.9999999999999993e+00 
    5999           167     -8.6602540378443726e-01 
    5999           152      8.6602540378443726e-01 
    6001            93     -8.6602540378443760e-01 
    6001            83      8.6602540378443760e-01 
    6003           167      4.9999999999999944e-01 
    6003           152      4.9999999999999944e-01 
    6004            97     -9.9999999999999922e-01 
    6005           163     -7.0710678118654668e-01 
    6005           148     -7.0710678118654668e-01 
    6006            93      4.9999999999999961e-01 
    6006            83      4.9999999999999961e-01 
    6010            90      8.6602540378443704e-01 
    6010            80     -1.7320508075688741e+00 
    6011           160     -7.0710678118654591e-01 
    6011           145      1.4142135623730920e+00 
    6012            90      4.9999999999999911e-01 
    6012            80     -9.9999999999999822e-01 
    6014            52     -7.0710678118654680e-01 
    6014            46      1.4142135623730934e+00 
    6016           184     -8.6602540378443693e-01 
    6016           153      8.6602540378443693e-01 
    6018           105     -8.6602540378443749e-01 
    6018            84      8.6602540378443749e-01 
    6020           202      1.7320508075688741e+00 
    6020           154     -8.6602540378443704e-01 
    6021           122     -8.6602540378443738e-01 
    6022            10      1.0606601717798194e+00 
    6022           102     -1.0606601717798196e+00 
    6022            78      1.0606601717798192e+00 
    6022            81      1.0606601717798194e+00 
    6022            85      1.0606601717798192e+00 
    6022           226     -1.0606601717798190e+00 
    6022           241      1.0606601717798194e+00 
    6022            76      1.0606601717798192e+00 
    6023            15     -8.6602540378443693e-01 
    6023           177      8.6602540378443704e-01 
    6023           198      1.7320508075688732e+00 
    6023           143     -8.6602540378443660e-01 
    6023           146     -8.6602540378443682e-01 
    6023           150     -8.6602540378443660e-01 
    6023           246     -8.6602540378443682e-01 
    6023           141     -8.6602540378443660e-01 
    6024            10      6.1237243569579347e-01 
    6024           102     -6.1237243569579358e-01 
    6024           118     -1.2247448713915867e+00 
    6024            78      6.1237243569579336e-01 
    6024            81      6.1237243569579347e-01 
    6024            85      6.1237243569579336e-01 
    6024           226      6.1237243569579347e-01 
    6024           241      6.1237243569579336e-01 
    6024            76      6.1237243569579336e-01 
    6025           221     -8.6602540378443760e-01 
    6026             6     -8.6602540378443771e-01 
    6026            60      8.6602540378443782e-01 
    6026            44     -8.6602540378443738e-01 
    6026            47     -8.6602540378443760e-01 
    6026           207      1.7320508075688745e+00 
    6026           237     -8.6602540378443726e-01 
    6026            72     -8.6602540378443749e-01 
    6026            42     -8.6602540378443738e-01 
    6027           202      1.7320508075688736e+00 
    6027           217     -8.6602540378443704e-01 
    6028            84      8.6602540378443749e-01 
    6029            63      8.6602540378443749e-01 
    6029           189     -8.6602540378443693e-01 
    6030           184     -8.6602540378443671e-01 
    6032           184      4.9999999999999911e-01 
    6032           153      4.9999999999999911e-01 
    6033           109     -9.9999999999999856e-01 
    6034           180     -7.0710678118654624e-01 
    6034           149     -7.0710678118654624e-01 
    6035           105      4.9999999999999928e-01 
    6035            84      4.9999999999999928e-01 
    6037           202     -9.9999999999999845e-01 
    6037           154      4.9999999999999911e-01 
    6038           122      4.9999999999999944e-01 
    6039            10     -6.1237243569579358e-01 
    6039            88      1.2247448713915869e+00 
    6039           102     -6.1237243569579358e-01 
    6039            78     -6.1237243569579347e-01 
    6039            81     -6.1237243569579347e-01 
    6039            85     -6.1237243569579347e-01 
    6039           226      6.1237243569579325e-01 
    6039           241     -6.1237243569579347e-01 
    6039            76     -6.1237243569579347e-01 
    6040            15      4.9999999999999911e-01 
    6040           158     -9.9999999999999778e-01 
    6040           177      4.9999999999999900e-01 
    6040           198     -9.9999999999999789e-01 
    6040           143      4.9999999999999895e-01 
    6040           146      4.9999999999999895e-01 
    6040           150      4.9999999999999906e-01 
    6040           246      4.9999999999999906e-01 
    6040           141      4.9999999999999895e-01 
    6041            10     -3.5355339059327329e-01 
    6041            88      7.0710678118654635e-01 
    6041           102     -3.5355339059327323e-01 
    6041           118      7.0710678118654635e-01 
    6041            78     -3.5355339059327318e-01 
    6041            81     -3.5355339059327318e-01 
    6041            85     -3.5355339059327323e-01 
    6041           226     -3.5355339059327318e-01 
    6041           241     -3.5355339059327323e-01 
    6041            76     -3.5355339059327318e-01 
    6042           221      4.9999999999999944e-01 
    6043             6      4.9999999999999961e-01 
    6043            50     -9.9999999999999867e-01 
    6043            60      4.9999999999999939e-01 
    6043            44      4.9999999999999944e-01 
    6043            47      4.9999999999999944e-01 
    6043           207     -9.9999999999999856e-01 
    6043           237      4.9999999999999939e-01 
    6043            72      4.9999999999999950e-01 
    6043            42      4.9999999999999944e-01 
    6044           202     -9.9999999999999811e-01 
    6044           217      4.9999999999999917e-01 
    6045           149     -7.0710678118654624e-01 
    6045           195      1.4142135623730925e+00 
    6046            84      4.9999999999999928e-01 
    6046           115     -9.9999999999999856e-01 
    6048             3     -9.9999999999999900e-01 
    6048            32      1.9999999999999973e+00 
    6048            29     -9.9999999999999889e-01 
    6048            39     -9.9999999999999900e-01 
    6048            27     -9.9999999999999889e-01 
    6048            63      4.9999999999999928e-01 
    6048           189      4.9999999999999922e-01 
    6048            69     -9.9999999999999856e-01 
    6048           234     -9.9999999999999845e-01 
    6049           184      4.9999999999999939e-01 
    6049           214     -9.9999999999999878e-01 
    6050           180     -7.0710678118654691e-01 
    6050           195      1.4142135623730938e+00 
    6053            80     -1.7320508075688741e+00 
    6053           100      8.6602540378443704e-01 
    6054           145      1.4142135623730920e+00 
    6054           175     -7.0710678118654602e-01 
    6055            80     -9.9999999999999822e-01 
    6055           100      4.9999999999999911e-01 
    6057            46      1.4142135623730934e+00 
    6057            58     -7.0710678118654668e-01 
    6059            83      8.6602540378443760e-01 
    6060            55      8.6602540378443771e-01 
    6060           172     -8.6602540378443726e-01 
    6061           167     -8.6602540378443715e-01 
    6062           148     -7.0710678118654668e-01 
    6062           193      1.4142135623730934e+00 
    6063            83      4.9999999999999961e-01 
    6063           113     -9.9999999999999922e-01 
    6065             1     -9.9999999999999967e-01 
    6065            25     -9.9999999999999956e-01 
    6065            22     -9.9999999999999956e-01 
    6065            34      1.9999999999999991e+00 
    6065            37     -9.9999999999999956e-01 
    6065            55      4.9999999999999961e-01 
    6065           172      4.9999999999999950e-01 
    6065            67     -9.9999999999999922e-01 
    6065           232     -9.9999999999999900e-01 
    6066           167      4.9999999999999939e-01 
    6066           212     -9.9999999999999878e-01 
    6067           163     -7.0710678118654691e-01 
    6067           193      1.4142135623730938e+00 
    6068            52     -7.0710678118654657e-01 
    6068            58     -7.0710678118654691e-01 
    6070           160     -7.0710678118654668e-01 
    6070           175     -7.0710678118654680e-01 
    6072           185      7.0710678118654657e-01 
    6072           169      7.0710678118654657e-01 
    6073           110     -1.4142135623730938e+00 
    6074           181     -9.9999999999999878e-01 
    6074           165     -9.9999999999999878e-01 
    6075           106      7.0710678118654691e-01 
    6075            95      7.0710678118654691e-01 
    6077           203     -1.4142135623730936e+00 
    6077           170      7.0710678118654668e-01 
    6078           123      7.0710678118654702e-01 
    6079            11     -8.6602540378443771e-01 
    6079           103     -8.6602540378443771e-01 
    6079            92     -8.6602540378443760e-01 
    6079            96     -8.6602540378443760e-01 
    6079            77      8.6602540378443782e-01 
    6079            87     -1.7320508075688756e+00 
    6079           227      8.6602540378443726e-01 
    6079           242     -8.6602540378443760e-01 
    6080            16      7.0710678118654657e-01 
    6080           178      7.0710678118654635e-01 
    6080           199     -1.4142135623730929e+00 
    6080           162      7.0710678118654646e-01 
    6080           166      7.0710678118654646e-01 
    6080           142     -7.0710678118654657e-01 
    6080           157      1.4142135623730931e+00 
    6080           247      7.0710678118654646e-01 
    6081            11     -4.9999999999999950e-01 
    6081           103     -4.9999999999999939e-01 
    6081           119      9.9999999999999867e-01 
    6081            92     -4.9999999999999944e-01 
    6081            96     -4.9999999999999944e-01 
    6081            77      4.9999999999999956e-01 
    6081            87     -9.9999999999999911e-01 
    6081           227     -4.9999999999999939e-01 
    6081           242     -4.9999999999999944e-01 
    6082           222      7.0710678118654691e-01 
    6083             7      7.0710678118654724e-01 
    6083            61      7.0710678118654702e-01 
    6083            54      7.0710678118654713e-01 
    6083            43     -7.0710678118654724e-01 
    6083            49      1.4142135623730945e+00 
    6083           208     -1.4142135623730936e+00 
    6083           238      7.0710678118654691e-01 
    6083            73      7.0710678118654713e-01 
    6084           203     -1.4142135623730927e+00 
    6084           218      7.0710678118654635e-01 
    6085           165     -9.9999999999999878e-01 
    6085           196      1.9999999999999976e+00 
    6086            95      7.0710678118654691e-01 
    6086           116     -1.4142135623730938e+00 
    6088             4     -1.4142135623730945e+00 
    6088            28      1.4142135623730945e+00 
    6088            31     -2.8284271247461890e+00 
    6088            40     -1.4142135623730943e+00 
    6088            64      7.0710678118654691e-01 
    6088           190      7.0710678118654680e-01 
    6088            70     -1.4142135623730938e+00 
    6088           235     -1.4142135623730936e+00 
    6089           185      7.0710678118654668e-01 
    6089           215     -1.4142135623730934e+00 
    6090           181     -9.9999999999999933e-01 
    6090           196      1.9999999999999987e+00 
    6091           204     -1.4142135623730929e+00 
    6091           187      7.0710678118654635e-01 
    6092           124      7.0710678118654680e-01 
    6093            12     -8.6602540378443738e-01 
    6093           108     -8.6602540378443726e-01 
    6093           228      8.6602540378443704e-01 
    6093           243     -8.6602540378443726e-01 
    6093            79      8.6602540378443726e-01 
    6093            91     -8.6602540378443704e-01 
    6093            99     -1.7320508075688745e+00 
    6093           101     -8.6602540378443704e-01 
    6094            17      7.0710678118654635e-01 
    6094           200     -1.4142135623730920e+00 
    6094           183      7.0710678118654624e-01 
    6094           248      7.0710678118654624e-01 
    6094           144     -7.0710678118654624e-01 
    6094           161      7.0710678118654591e-01 
    6094           174      1.4142135623730925e+00 
    6094           176      7.0710678118654602e-01 
    6095            12     -4.9999999999999939e-01 
    6095           120      9.9999999999999845e-01 
    6095           108     -4.9999999999999928e-01 
    6095           228     -4.9999999999999922e-01 
    6095           243     -4.9999999999999928e-01 
    6095            79      4.9999999999999928e-01 
    6095            91     -4.9999999999999911e-01 
    6095            99     -9.9999999999999856e-01 
    6095           101     -4.9999999999999911e-01 
    6096           223      7.0710678118654713e-01 
    6097             8      7.0710678118654702e-01 
    6097           209     -1.4142135623730931e+00 
    6097           239      7.0710678118654668e-01 
    6097            74      7.0710678118654691e-01 
    6097            45     -7.0710678118654691e-01 
    6097            53      7.0710678118654680e-01 
    6097            57      1.4142135623730938e+00 
    6097            59      7.0710678118654668e-01 
    6098           204     -1.4142135623730931e+00 
    6098           219      7.0710678118654657e-01 
    6099           107     -8.6602540378443804e-01 
    6099            94      8.6602540378443760e-01 
    6100            65     -8.6602540378443893e-01 
    6100           191      8.6602540378443760e-01 
    6100            56      8.6602540378443849e-01 
    6100           173     -8.6602540378443726e-01 
    6101           186      8.6602540378443749e-01 
    6101           168     -8.6602540378443715e-01 
    6102            18     -1.4142135623730940e+00 
    6102           249     -1.4142135623730938e+00 
    6102           182      7.0710678118654680e-01 
    6102           197     -1.4142135623730936e+00 
    6102           147      1.4142135623730936e+00 
    6102           164      7.0710678118654668e-01 
    6102           192     -2.8284271247461872e+00 
    6102           194     -1.4142135623730934e+00 
    6103            13      9.9999999999999967e-01 
    6103           229      9.9999999999999956e-01 
    6103           244      9.9999999999999956e-01 
    6103           107     -4.9999999999999972e-01 
    6103           117      9.9999999999999944e-01 
    6103            82     -9.9999999999999944e-01 
    6103            94     -4.9999999999999961e-01 
    6103           112      1.9999999999999989e+00 
    6103           114      9.9999999999999922e-01 
    6104           224     -1.4142135623730945e+00 
    6105            20      1.0000000000000000e+00 
    6105             9      9.9999999999999967e-01 
    6105           210      9.9999999999999889e-01 
    6105           240      9.9999999999999922e-01 
    6105             5      1.0000000000000000e+00 
    6105            65     -4.9999999999999978e-01 
    6105           191     -4.9999999999999967e-01 
    6105            71      9.9999999999999956e-01 
    6105           236      9.9999999999999933e-01 
    6105             0      2.0000000000000004e+00 
    6105            21      1.0000000000000000e+00 
    6105             2      9.9999999999999967e-01 
    6105            23     -9.9999999999999967e-01 
    6105            24      1.9999999999999993e+00 
    6105            30     -9.9999999999999978e-01 
    6105            35      9.9999999999999956e-01 
    6105            36      1.9999999999999996e+00 
    6105            38      9.9999999999999956e-01 
    6105            48     -9.9999999999999956e-01 
    6105            56     -4.9999999999999961e-01 
    6105           156     -9.9999999999999933e-01 
    6105           173     -4.9999999999999950e-01 
    6105            66      1.9999999999999991e+00 
    6105            68      9.9999999999999922e-01 
    6105           231      1.9999999999999987e+00 
    6105           233      9.9999999999999900e-01 
    6110           167      8.6602540378443715e-01 
    6110           152     -8.6602540378443715e-01 
    6111           163      8.6602540378443749e-01 
    6111           148     -8.6602540378443749e-01 
    6113           172     -9.9999999999999956e-01 
    6114           167      4.9999999999999939e-01 
    6114           152      4.9999999999999939e-01 
    6116           163      4.9999999999999967e-01 
    6116           148      4.9999999999999967e-01 
    6117            93     -7.0710678118654691e-01 
    6117            83     -7.0710678118654691e-01 
    6120           160     -8.6602540378443682e-01 
    6120           145      1.7320508075688739e+00 
    6122           160      4.9999999999999922e-01 
    6122           145     -9.9999999999999833e-01 
    6123            90     -7.0710678118654635e-01 
    6123            80      1.4142135623730925e+00 
    6125            52     -7.0710678118654680e-01 
    6125            46      1.4142135623730934e+00 
    6127           184      8.6602540378443682e-01 
    6127           153     -8.6602540378443682e-01 
    6128           180      8.6602540378443749e-01 
    6128           149     -8.6602540378443749e-01 
    6130           207     -8.6602540378443771e-01 
    6131           202     -8.6602540378443704e-01 
    6131           154      1.7320508075688741e+00 
    6132            15     -1.0606601717798194e+00 
    6132           177      1.0606601717798194e+00 
    6132           221      1.0606601717798196e+00 
    6132           143     -1.0606601717798190e+00 
    6132           146     -1.0606601717798192e+00 
    6132           150     -1.0606601717798190e+00 
    6132           155     -1.0606601717798192e+00 
    6132           141     -1.0606601717798190e+00 
    6133           226     -8.6602540378443726e-01 
    6134            15      6.1237243569579358e-01 
    6134           177     -6.1237243569579358e-01 
    6134           198     -1.2247448713915867e+00 
    6134           221      6.1237243569579336e-01 
    6134           143      6.1237243569579336e-01 
    6134           146      6.1237243569579347e-01 
    6134           150      6.1237243569579336e-01 
    6134           155      6.1237243569579347e-01 
    6134           141      6.1237243569579336e-01 
    6135            10     -8.6602540378443726e-01 
    6135           102      8.6602540378443726e-01 
    6135           118      1.7320508075688739e+00 
    6135            78     -8.6602540378443693e-01 
    6135            81     -8.6602540378443715e-01 
    6135            85     -8.6602540378443693e-01 
    6135           136     -8.6602540378443715e-01 
    6135            76     -8.6602540378443693e-01 
    6136           154      1.7320508075688741e+00 
    6136           217     -8.6602540378443704e-01 
    6137             6     -8.6602540378443771e-01 
    6137            60      8.6602540378443782e-01 
    6137            44     -8.6602540378443738e-01 
    6137            47     -8.6602540378443760e-01 
    6137            72     -8.6602540378443749e-01 
    6137            42     -8.6602540378443738e-01 
    6137           122      1.7320508075688752e+00 
    6137           132     -8.6602540378443760e-01 
    6138           149     -8.6602540378443749e-01 
    6139           153     -8.6602540378443682e-01 
    6140            63      8.6602540378443749e-01 
    6140           109     -8.6602540378443749e-01 
    6142           189     -9.9999999999999889e-01 
    6143           184      4.9999999999999906e-01 
    6143           153      4.9999999999999906e-01 
    6145           180      4.9999999999999933e-01 
    6145           149      4.9999999999999933e-01 
    6146           105     -7.0710678118654646e-01 
    6146            84     -7.0710678118654646e-01 
    6147           207      4.9999999999999961e-01 
    6148           202      4.9999999999999906e-01 
    6148           154     -9.9999999999999822e-01 
    6149            15      6.1237243569579347e-01 
    6149           158     -1.2247448713915867e+00 
    6149           177      6.1237243569579347e-01 
    6149           221     -6.1237243569579358e-01 
    6149           143      6.1237243569579336e-01 
    6149           146      6.1237243569579336e-01 
    6149           150      6.1237243569579336e-01 
    6149           155      6.1237243569579347e-01 
    6149           141      6.1237243569579336e-01 
    6150           226      4.9999999999999928e-01 
    6151            15     -3.5355339059327334e-01 
    6151           158      7.0710678118654635e-01 
    6151           177     -3.5355339059327323e-01 
    6151           198      7.0710678118654635e-01 
    6151           221     -3.5355339059327318e-01 
    6151           143     -3.5355339059327318e-01 
    6151           146     -3.5355339059327318e-01 
    6151           150     -3.5355339059327323e-01 
    6151           155     -3.5355339059327323e-01 
    6151           141     -3.5355339059327318e-01 
    6152            10      4.9999999999999928e-01 
    6152            88     -9.9999999999999822e-01 
    6152           102      4.9999999999999922e-01 
    6152           118     -9.9999999999999822e-01 
    6152            78      4.9999999999999911e-01 
    6152            81      4.9999999999999911e-01 
    6152            85      4.9999999999999922e-01 
    6152           136      4.9999999999999922e-01 
    6152            76      4.9999999999999911e-01 
    6153           154     -9.9999999999999822e-01 
    6153           217      4.9999999999999922e-01 
    6154             6      4.9999999999999961e-01 
    6154            50     -9.9999999999999867e-01 
    6154            60      4.9999999999999939e-01 
    6154            44      4.9999999999999944e-01 
    6154            47      4.9999999999999944e-01 
    6154            72      4.9999999999999950e-01 
    6154            42      4.9999999999999944e-01 
    6154           122     -9.9999999999999900e-01 
    6154           132      4.9999999999999950e-01 
    6156           149      4.9999999999999933e-01 
    6156           195     -9.9999999999999867e-01 
    6157            84     -7.0710678118654646e-01 
    6157           115      1.4142135623730929e+00 
    6158           153      4.9999999999999906e-01 
    6158           214     -9.9999999999999811e-01 
    6159             3     -9.9999999999999900e-01 
    6159            32      1.9999999999999973e+00 
    6159            29     -9.9999999999999889e-01 
    6159            39     -9.9999999999999900e-01 
    6159            27     -9.9999999999999889e-01 
    6159            63      4.9999999999999928e-01 
    6159            69     -9.9999999999999856e-01 
    6159           109      4.9999999999999939e-01 
    6159           129     -9.9999999999999878e-01 
    6160           105     -7.0710678118654702e-01 
    6160           115      1.4142135623730940e+00 
    6163           145      1.7320508075688739e+00 
    6163           175     -8.6602540378443693e-01 
    6165           145     -9.9999999999999833e-01 
    6165           175      4.9999999999999917e-01 
    6166            80      1.4142135623730925e+00 
    6166           100     -7.0710678118654624e-01 
    6168            46      1.4142135623730934e+00 
    6168            58     -7.0710678118654668e-01 
    6169           148     -8.6602540378443749e-01 
    6170           152     -8.6602540378443715e-01 
    6171            55      8.6602540378443771e-01 
    6171            97     -8.6602540378443771e-01 
    6173           148      4.9999999999999967e-01 
    6173           193     -9.9999999999999933e-01 
    6174            83     -7.0710678118654691e-01 
    6174           113      1.4142135623730938e+00 
    6175           152      4.9999999999999939e-01 
    6175           212     -9.9999999999999878e-01 
    6176             1     -9.9999999999999967e-01 
    6176            25     -9.9999999999999956e-01 
    6176            22     -9.9999999999999956e-01 
    6176            34      1.9999999999999991e+00 
    6176            37     -9.9999999999999956e-01 
    6176            55      4.9999999999999961e-01 
    6176            67     -9.9999999999999922e-01 
    6176            97      4.9999999999999967e-01 
    6176           127     -9.9999999999999933e-01 
    6177            93     -7.0710678118654702e-01 
    6177           113      1.4142135623730940e+00 
    6179            52     -7.0710678118654657e-01 
    6179            58     -7.0710678118654691e-01 
    6180            90     -7.0710678118654657e-01 
    6180           100     -7.0710678118654691e-01 
    6182           190     -1.4142135623730943e+00 
    6183           185      7.0710678118654657e-01 
    6183           169      7.0710678118654657e-01 
    6185           181      7.0710678118654691e-01 
    6185           165      7.0710678118654691e-01 
    6186           106     -9.9999999999999900e-01 
    6186            95     -9.9999999999999900e-01 
    6187           208      7.0710678118654724e-01 
    6188           203      7.0710678118654657e-01 
    6188           170     -1.4142135623730931e+00 
    6189            16      8.6602540378443749e-01 
    6189           178      8.6602540378443749e-01 
    6189           222     -8.6602540378443782e-01 
    6189           162      8.6602540378443749e-01 
    6189           166      8.6602540378443749e-01 
    6189           171      8.6602540378443749e-01 
    6189           142     -8.6602540378443771e-01 
    6189           157      1.7320508075688754e+00 
    6190           227      7.0710678118654680e-01 
    6191            16     -4.9999999999999950e-01 
    6191           178     -4.9999999999999944e-01 
    6191           199      9.9999999999999889e-01 
    6191           222     -4.9999999999999939e-01 
    6191           162     -4.9999999999999950e-01 
    6191           166     -4.9999999999999950e-01 
    6191           171     -4.9999999999999944e-01 
    6191           142      4.9999999999999961e-01 
    6191           157     -9.9999999999999922e-01 
    6192            11      7.0710678118654680e-01 
    6192           103      7.0710678118654680e-01 
    6192           119     -1.4142135623730934e+00 
    6192            92      7.0710678118654668e-01 
    6192            96      7.0710678118654668e-01 
    6192            77     -7.0710678118654680e-01 
    6192            87      1.4142135623730936e+00 
    6192           137      7.0710678118654668e-01 
    6193           170     -1.4142135623730931e+00 
    6193           218      7.0710678118654668e-01 
    6194             7      7.0710678118654724e-01 
    6194            61      7.0710678118654702e-01 
    6194            54      7.0710678118654713e-01 
    6194            43     -7.0710678118654724e-01 
    6194            49      1.4142135623730945e+00 
    6194            73      7.0710678118654713e-01 
    6194           123     -1.4142135623730943e+00 
    6194           133      7.0710678118654713e-01 
    6196           165      7.0710678118654691e-01 
    6196           196     -1.4142135623730938e+00 
    6197            95     -9.9999999999999900e-01 
    6197           116      1.9999999999999980e+00 
    6198           169      7.0710678118654657e-01 
    6198           215     -1.4142135623730931e+00 
    6199             4     -1.4142135623730945e+00 
    6199            28      1.4142135623730945e+00 
    6199            31     -2.8284271247461890e+00 
    6199            40     -1.4142135623730943e+00 
    6199            64      7.0710678118654691e-01 
    6199            70     -1.4142135623730938e+00 
    6199           110      7.0710678118654702e-01 
    6199           130     -1.4142135623730940e+00 
    6200           106     -9.9999999999999956e-01 
    6200           116      1.9999999999999991e+00 
    6201           209      7.0710678118654702e-01 
    6202           204      7.0710678118654635e-01 
    6202           187     -1.4142135623730929e+00 
    6203            17      8.6602540378443726e-01 
    6203           223     -8.6602540378443749e-01 
    6203           183      8.6602540378443715e-01 
    6203           188      8.6602540378443726e-01 
    6203           144     -8.6602540378443715e-01 
    6203           161      8.6602540378443682e-01 
    6203           174      1.7320508075688743e+00 
    6203           176      8.6602540378443693e-01 
    6204           228      7.0710678118654657e-01 
    6205            17     -4.9999999999999939e-01 
    6205           200      9.9999999999999856e-01 
    6205           223     -4.9999999999999922e-01 
    6205           183     -4.9999999999999933e-01 
    6205           188     -4.9999999999999933e-01 
    6205           144      4.9999999999999933e-01 
    6205           161     -4.9999999999999922e-01 
    6205           174     -9.9999999999999867e-01 
    6205           176     -4.9999999999999917e-01 
    6206            12      7.0710678118654657e-01 
    6206           120     -1.4142135623730929e+00 
    6206           108      7.0710678118654646e-01 
    6206           138      7.0710678118654646e-01 
    6206            79     -7.0710678118654646e-01 
    6206            91      7.0710678118654635e-01 
    6206            99      1.4142135623730929e+00 
    6206           101      7.0710678118654624e-01 
    6207           187     -1.4142135623730929e+00 
    6207           219      7.0710678118654646e-01 
    6208             8      7.0710678118654702e-01 
    6208            74      7.0710678118654691e-01 
    6208           124     -1.4142135623730938e+00 
    6208           134      7.0710678118654691e-01 
    6208            45     -7.0710678118654691e-01 
    6208            53      7.0710678118654680e-01 
    6208            57      1.4142135623730938e+00 
    6208            59      7.0710678118654668e-01 
    6209           182      8.6602540378443793e-01 
    6209           164     -8.6602540378443749e-01 
    6210           186      8.6602540378443749e-01 
    6210           168     -8.6602540378443715e-01 
    6211            65     -8.6602540378443893e-01 
    6211           111      8.6602540378443826e-01 
    6211            56      8.6602540378443849e-01 
    6211            98     -8.6602540378443771e-01 
    6212           229     -1.4142135623730945e+00 
    6213            18      9.9999999999999967e-01 
    6213           224      9.9999999999999956e-01 
    6213           206      9.9999999999999956e-01 
    6213           182     -4.9999999999999978e-01 
    6213           197      9.9999999999999956e-01 
    6213           147     -9.9999999999999956e-01 
    6213           164     -4.9999999999999967e-01 
    6213           192      1.9999999999999991e+00 
    6213           194      9.9999999999999933e-01 
    6214            13     -1.4142135623730945e+00 
    6214           139     -1.4142135623730943e+00 
    6214           107      7.0710678118654713e-01 
    6214           117     -1.4142135623730943e+00 
    6214            82      1.4142135623730943e+00 
    6214            94      7.0710678118654691e-01 
    6214           112     -2.8284271247461885e+00 
    6214           114     -1.4142135623730938e+00 
    6215            19      9.9999999999999933e-01 
    6215           205      9.9999999999999878e-01 
    6215           220      9.9999999999999889e-01 
    6215           186     -4.9999999999999956e-01 
    6215           216      9.9999999999999911e-01 
    6215           151     -9.9999999999999911e-01 
    6215           168     -4.9999999999999939e-01 
    6215           211      1.9999999999999982e+00 
    6215           213      9.9999999999999878e-01 
    6216            14      1.0000000000000000e+00 
    6216             9      9.9999999999999967e-01 
    6216           125      9.9999999999999956e-01 
    6216           135      9.9999999999999956e-01 
    6216             5      1.0000000000000000e+00 
    6216            65     -4.9999999999999978e-01 
    6216            71      9.9999999999999956e-01 
    6216           111     -4.9999999999999983e-01 
    6216           131      9.9999999999999967e-01 
    6216             0      2.0000000000000004e+00 
    6216            21      1.0000000000000000e+00 
    6216             2      9.9999999999999967e-01 
    6216            23     -9.9999999999999967e-01 
    6216            24      1.9999999999999993e+00 
    6216            30     -9.9999999999999978e-01 
    6216            35      9.9999999999999956e-01 
    6216            36      1.9999999999999996e+00 
    6216            38      9.9999999999999956e-01 
    6216            48     -9.9999999999999956e-01 
    6216            56     -4.9999999999999961e-01 
    6216            66      1.9999999999999991e+00 
    6216            68      9.9999999999999922e-01 
    6216            86     -9.9999999999999967e-01 
    6216            98     -4.9999999999999967e-01 
    6216           126      1.9999999999999993e+00 
    6216           128      9.9999999999999933e-01 
    6222           167      1.2247448713915876e+00 
    6222           152     -1.2247448713915876e+00 
    6226           172     -9.9999999999999967e-01 
    6227           167      7.0710678118654702e-01 
    6227           152      7.0710678118654702e-01 
    6228            97     -9.9999999999999967e-01 
    6235           160     -9.9999999999999833e-01 
    6235           145      1.9999999999999969e+00 
    6236            90     -9.9999999999999867e-01 
    6236            80      1.9999999999999973e+00 
    6239           184      1.2247448713915872e+00 
    6239           153     -1.2247448713915872e+00 
    6243           202     -1.4999999999999967e+00 
    6243           154      1.4999999999999967e+00 
    6244           207      1.2247448713915878e+00 
    6245           202     -8.6602540378443749e-01 
    6245           154     -8.6602540378443749e-01 
    6246           122      1.2247448713915878e+00 
    6247            15     -1.2247448713915872e+00 
    6247           177      1.2247448713915876e+00 
    6247           198      1.2247448713915874e+00 
    6247           143     -1.2247448713915869e+00 
    6247           146     -1.2247448713915872e+00 
    6247           150     -2.4494897427831748e+00 
    6247           141     -1.2247448713915869e+00 
    6248            10     -1.2247448713915874e+00 
    6248           102      1.2247448713915876e+00 
    6248           118      1.2247448713915876e+00 
    6248            78     -1.2247448713915872e+00 
    6248            81     -1.2247448713915874e+00 
    6248            85     -2.4494897427831752e+00 
    6248            76     -1.2247448713915872e+00 
    6250           149      1.2247448713915867e+00 
    6251            84      1.2247448713915869e+00 
    6255           189     -9.9999999999999900e-01 
    6256           184      7.0710678118654657e-01 
    6256           153      7.0710678118654657e-01 
    6257           109     -9.9999999999999900e-01 
    6260           202      8.6602540378443693e-01 
    6260           154     -8.6602540378443693e-01 
    6261           207     -7.0710678118654702e-01 
    6262           202      4.9999999999999950e-01 
    6262           154      4.9999999999999950e-01 
    6263           122     -7.0710678118654702e-01 
    6264            15      7.0710678118654668e-01 
    6264           158     -1.4142135623730929e+00 
    6264           177      7.0710678118654657e-01 
    6264           198     -7.0710678118654680e-01 
    6264           143      7.0710678118654657e-01 
    6264           146      7.0710678118654657e-01 
    6264           150      1.4142135623730936e+00 
    6264           141      7.0710678118654657e-01 
    6265            10      7.0710678118654691e-01 
    6265            88     -1.4142135623730931e+00 
    6265           102      7.0710678118654680e-01 
    6265           118     -7.0710678118654691e-01 
    6265            78      7.0710678118654668e-01 
    6265            81      7.0710678118654668e-01 
    6265            85      1.4142135623730938e+00 
    6265            76      7.0710678118654668e-01 
    6269           149     -7.0710678118654646e-01 
    6269           195      1.4142135623730929e+00 
    6270            84     -7.0710678118654657e-01 
    6270           115      1.4142135623730931e+00 
    6271             3     -9.9999999999999900e-01 
    6271            32      1.9999999999999973e+00 
    6271            29     -9.9999999999999889e-01 
    6271            39     -9.9999999999999900e-01 
    6271            27     -9.9999999999999889e-01 
    6271            63      9.9999999999999900e-01 
    6271            69     -1.9999999999999980e+00 
    6278           145      1.9999999999999969e+00 
    6278           175     -9.9999999999999845e-01 
    6279            80      1.9999999999999973e+00 
    6279           100     -9.9999999999999867e-01 
    6281           148      1.2247448713915872e+00 
    6282            83      1.2247448713915874e+00 
    6286           148     -7.0710678118654691e-01 
    6286           193      1.4142135623730938e+00 
    6287            83     -7.0710678118654702e-01 
    6287           113      1.4142135623730940e+00 
    6288             1     -9.9999999999999967e-01 
    6288            25     -9.9999999999999956e-01 
    6288            22     -9.9999999999999956e-01 
    6288            34      1.9999999999999991e+00 
    6288            37     -9.9999999999999956e-01 
    6288            55      9.9999999999999967e-01 
    6288            67     -1.9999999999999993e+00 
    6291            52      9.9999999999999867e-01 
    6291            58      9.9999999999999900e-01 
    6295           190     -1.4142135623730945e+00 
    6296           185      9.9999999999999933e-01 
    6296           169      9.9999999999999933e-01 
    6297           110     -1.4142135623730945e+00 
    6300           203      1.2247448713915869e+00 
    6300           170     -1.2247448713915869e+00 
    6301           208     -9.9999999999999967e-01 
    6302           203      7.0710678118654702e-01 
    6302           170      7.0710678118654702e-01 
    6303           123     -9.9999999999999967e-01 
    6304            16      9.9999999999999933e-01 
    6304           178      9.9999999999999889e-01 
    6304           199     -9.9999999999999933e-01 
    6304           162      9.9999999999999911e-01 
    6304           166      1.9999999999999987e+00 
    6304           142     -9.9999999999999933e-01 
    6304           157      1.9999999999999987e+00 
    6305            11      9.9999999999999956e-01 
    6305           103      9.9999999999999922e-01 
    6305           119     -9.9999999999999956e-01 
    6305            92      9.9999999999999933e-01 
    6305            96      1.9999999999999991e+00 
    6305            77     -9.9999999999999956e-01 
    6305            87      1.9999999999999991e+00 
    6309           165     -9.9999999999999911e-01 
    6309           196      1.9999999999999982e+00 
    6310            95     -9.9999999999999933e-01 
    6310           116      1.9999999999999987e+00 
    6311             4     -1.4142135623730945e+00 
    6311            28      1.4142135623730945e+00 
    6311            31     -2.8284271247461890e+00 
    6311            40     -1.4142135623730943e+00 
    6311            64      1.4142135623730945e+00 
    6311            70     -2.8284271247461890e+00 
    6314           204      1.2247448713915865e+00 
    6314           187     -1.2247448713915865e+00 
    6315           209     -9.9999999999999933e-01 
    6316           204      7.0710678118654680e-01 
    6316           187      7.0710678118654680e-01 
    6317           124     -9.9999999999999933e-01 
    6318            17      9.9999999999999900e-01 
    6318           200     -9.9999999999999900e-01 
    6318           183      1.9999999999999980e+00 
    6318           144     -9.9999999999999878e-01 
    6318           161      9.9999999999999833e-01 
    6318           174      1.9999999999999976e+00 
    6318           176      9.9999999999999845e-01 
    6319            12      9.9999999999999922e-01 
    6319           120     -9.9999999999999922e-01 
    6319           108      1.9999999999999984e+00 
    6319            79     -9.9999999999999900e-01 
    6319            91      9.9999999999999867e-01 
    6319            99      1.9999999999999980e+00 
    6319           101      9.9999999999999867e-01 
    6321           182     -1.2247448713915876e+00 
    6321           164      1.2247448713915872e+00 
    6322           107     -1.2247448713915876e+00 
    6322            94      1.2247448713915874e+00 
    6323           210      1.0000000000000002e+00 
    6324           205     -1.4142135623730947e+00 
    6325           125      1.0000000000000002e+00 
    6326            18     -1.4142135623730945e+00 
    6326           201     -1.4142135623730943e+00 
    6326           182      7.0710678118654713e-01 
    6326           197     -1.4142135623730943e+00 
    6326           147      1.4142135623730943e+00 
    6326           164      7.0710678118654691e-01 
    6326           192     -2.8284271247461885e+00 
    6326           194     -1.4142135623730938e+00 
    6327            13     -1.4142135623730949e+00 
    6327           121     -1.4142135623730945e+00 
    6327           107      7.0710678118654724e-01 
    6327           117     -1.4142135623730945e+00 
    6327            82      1.4142135623730945e+00 
    6327            94      7.0710678118654702e-01 
    6327           112     -2.8284271247461890e+00 
    6327           114     -1.4142135623730940e+00 
    6328             9      2.0000000000000004e+00 
    6328            75      1.0000000000000000e+00 
    6328             5      1.0000000000000000e+00 
    6328            65     -1.0000000000000000e+00 
    6328            71      2.0000000000000000e+00 
    6328             0      2.0000000000000004e+00 
    6328            21      1.0000000000000000e+00 
    6328             2      9.9999999999999967e-01 
    6328            23     -9.9999999999999967e-01 
    6328            24      1.9999999999999993e+00 
    6328            30     -9.9999999999999978e-01 
    6328            35      9.9999999999999956e-01 
    6328            36      1.9999999999999996e+00 
    6328            38      9.9999999999999956e-01 
    6328            48     -2.0000000000000000e+00 
    6328            56     -9.9999999999999967e-01 
    6328            66      4.0000000000000000e+00 
    6328            68      1.9999999999999993e+00 
    6341           167      1.9999999999999960e+00 
    6341           152     -9.9999999999999745e-01 
    6342            97     -9.9999999999999878e-01 
    6343            83      1.2247448713915885e+00 
    6344           163      1.9999999999999960e+00 
    6344           148     -9.9999999999999767e-01 
    6345            93     -1.4142135623730929e+00 
    6345            83      7.0710678118654635e-01 
    6347            55     -9.9999999999999900e-01 
    6352           105      1.4142135623730956e+00 
    6352            84     -1.4142135623730956e+00 
    6353           184      1.2247448713915858e+00 
    6354           109     -1.2247448713915872e+00 
    6355           105      4.9999999999999889e-01 
    6355            84      9.9999999999999867e-01 
    6356           180      1.2247448713915858e+00 
    6357           105     -8.6602540378443682e-01 
    6359            63     -1.2247448713915876e+00 
    6361            10      1.2247448713915865e+00 
    6361           102     -1.2247448713915865e+00 
    6361            78      1.2247448713915861e+00 
    6361            81      2.4494897427831730e+00 
    6361           226     -1.2247448713915858e+00 
    6361           241      1.2247448713915863e+00 
    6361            76      1.2247448713915861e+00 
    6362             6      1.2247448713915872e+00 
    6362            60     -1.2247448713915872e+00 
    6362            44      1.2247448713915869e+00 
    6362            47      2.4494897427831743e+00 
    6362           207     -1.2247448713915858e+00 
    6362           237      1.2247448713915865e+00 
    6362            42      1.2247448713915869e+00 
    6363           202     -1.2247448713915872e+00 
    6363           217      1.2247448713915867e+00 
    6370           184     -7.0710678118654591e-01 
    6370           153      1.4142135623730920e+00 
    6371           109     -7.0710678118654646e-01 
    6372           105      8.6602540378443815e-01 
    6373           180     -7.0710678118654591e-01 
    6373           149      1.4142135623730920e+00 
    6374           105      4.9999999999999911e-01 
    6374            84     -9.9999999999999845e-01 
    6376            63     -7.0710678118654668e-01 
    6378            15     -9.9999999999999811e-01 
    6378           158      1.9999999999999953e+00 
    6378           177      9.9999999999999811e-01 
    6378           143     -9.9999999999999789e-01 
    6378           146     -1.9999999999999962e+00 
    6378           246     -9.9999999999999800e-01 
    6378           141     -9.9999999999999789e-01 
    6379            10      7.0710678118654646e-01 
    6379            88     -1.4142135623730923e+00 
    6379           102     -7.0710678118654646e-01 
    6379            78      7.0710678118654635e-01 
    6379            81      1.4142135623730929e+00 
    6379           226      7.0710678118654624e-01 
    6379           241      7.0710678118654635e-01 
    6379            76      7.0710678118654635e-01 
    6380           221     -9.9999999999999922e-01 
    6381             6      7.0710678118654668e-01 
    6381            50     -1.4142135623730929e+00 
    6381            60     -7.0710678118654668e-01 
    6381            44      7.0710678118654657e-01 
    6381            47      1.4142135623730934e+00 
    6381           207      7.0710678118654624e-01 
    6381           237      7.0710678118654635e-01 
    6381            42      7.0710678118654657e-01 
    6382           202      7.0710678118654657e-01 
    6382           217      7.0710678118654657e-01 
    6383           198     -9.9999999999999922e-01 
    6392            80     -1.2247448713915885e+00 
    6392           100      1.2247448713915869e+00 
    6393            46     -1.2247448713915892e+00 
    6393            58      1.2247448713915878e+00 
    6395           145      9.9999999999999811e-01 
    6395           175      9.9999999999999845e-01 
    6396            80     -7.0710678118654657e-01 
    6396           100     -7.0710678118654668e-01 
    6398            46     -7.0710678118654657e-01 
    6398            58     -7.0710678118654691e-01 
    6401             1     -9.9999999999999967e-01 
    6401            25     -9.9999999999999956e-01 
    6401            22     -9.9999999999999956e-01 
    6401            34      9.9999999999999933e-01 
    6401           172      1.9999999999999962e+00 
    6401            37     -1.9999999999999987e+00 
    6401           232     -9.9999999999999856e-01 
    6402           167      1.9999999999999956e+00 
    6402           212     -9.9999999999999833e-01 
    6403           163      1.9999999999999960e+00 
    6403           193     -9.9999999999999845e-01 
    6410           185     -9.9999999999999822e-01 
    6410           169      1.9999999999999969e+00 
    6411           110     -9.9999999999999900e-01 
    6412           106      1.2247448713915892e+00 
    6413           181     -9.9999999999999867e-01 
    6413           165      1.9999999999999973e+00 
    6414           106      7.0710678118654657e-01 
    6414            95     -1.4142135623730936e+00 
    6416            64     -9.9999999999999933e-01 
    6418            16     -1.4142135623730931e+00 
    6418           178      1.4142135623730931e+00 
    6418           162     -2.8284271247461863e+00 
    6418           142      1.4142135623730931e+00 
    6418           157     -2.8284271247461863e+00 
    6418           247     -1.4142135623730929e+00 
    6419            11      9.9999999999999900e-01 
    6419           103     -9.9999999999999900e-01 
    6419            92      1.9999999999999980e+00 
    6419            77     -9.9999999999999900e-01 
    6419            87      1.9999999999999980e+00 
    6419           227      9.9999999999999878e-01 
    6419           242      9.9999999999999889e-01 
    6420           222     -1.4142135623730938e+00 
    6421             7      9.9999999999999933e-01 
    6421            61     -9.9999999999999933e-01 
    6421            54      1.9999999999999987e+00 
    6421            43     -9.9999999999999933e-01 
    6421            49      1.9999999999999987e+00 
    6421           208      9.9999999999999856e-01 
    6421           238      9.9999999999999889e-01 
    6422           203      9.9999999999999867e-01 
    6422           218      9.9999999999999878e-01 
    6423           199     -1.4142135623730940e+00 
    6424           186     -9.9999999999999889e-01 
    6425           111      9.9999999999999922e-01 
    6426           107     -1.2247448713915881e+00 
    6427           182     -9.9999999999999889e-01 
    6428           107      7.0710678118654702e-01 
    6430            65      9.9999999999999956e-01 
    6432            12     -1.2247448713915876e+00 
    6432           228      1.2247448713915869e+00 
    6432           243     -1.2247448713915874e+00 
    6432           104     -1.2247448713915872e+00 
    6432            79      1.2247448713915874e+00 
    6432            99     -2.4494897427831748e+00 
    6432           101     -1.2247448713915869e+00 
    6433             8     -1.2247448713915883e+00 
    6433           209      1.2247448713915872e+00 
    6433           239     -1.2247448713915876e+00 
    6433            62     -1.2247448713915881e+00 
    6433            45      1.2247448713915883e+00 
    6433            57     -2.4494897427831765e+00 
    6433            59     -1.2247448713915878e+00 
    6434           204      1.2247448713915872e+00 
    6434           219     -1.2247448713915867e+00 
    6435            17     -9.9999999999999878e-01 
    6435           248     -9.9999999999999867e-01 
    6435           179     -9.9999999999999856e-01 
    6435           144      9.9999999999999878e-01 
    6435           161      1.9999999999999964e+00 
    6435           174     -1.9999999999999976e+00 
    6435           176     -9.9999999999999845e-01 
    6436            12      7.0710678118654691e-01 
    6436           228      7.0710678118654691e-01 
    6436           243      7.0710678118654680e-01 
    6436           104      7.0710678118654680e-01 
    6436            79     -7.0710678118654691e-01 
    6436            91     -1.4142135623730931e+00 
    6436            99      1.4142135623730938e+00 
    6436           101      7.0710678118654668e-01 
    6437           223     -9.9999999999999911e-01 
    6438             8      7.0710678118654713e-01 
    6438           209      7.0710678118654668e-01 
    6438           239      7.0710678118654680e-01 
    6438            62      7.0710678118654702e-01 
    6438            45     -7.0710678118654713e-01 
    6438            53     -1.4142135623730936e+00 
    6438            57      1.4142135623730943e+00 
    6438            59      7.0710678118654691e-01 
    6439           204      7.0710678118654635e-01 
    6439           219      7.0710678118654646e-01 
    6440           200     -9.9999999999999900e-01 
    6441            20      1.0000000000000000e+00 
    6441             5      1.9999999999999996e+00 
    6441           191     -9.9999999999999900e-01 
    6441           236      1.9999999999999980e+00 
    6441            41      9.9999999999999967e-01 
    6441             0      2.0000000000000004e+00 
    6441            21      1.0000000000000000e+00 
    6441             2      9.9999999999999967e-01 
    6441            23     -9.9999999999999967e-01 
    6441            24      1.9999999999999993e+00 
    6441            30     -1.9999999999999993e+00 
    6441            35     -9.9999999999999933e-01 
    6441           156     -9.9999999999999889e-01 
    6441           173      9.9999999999999756e-01 
    6441            36      3.9999999999999987e+00 
    6441            38      1.9999999999999987e+00 
    6441           231      1.9999999999999978e+00 
    6441           233      9.9999999999999856e-01 
    6454           172     -9.9999999999999900e-01 
    6455           167     -9.9999999999999734e-01 
    6455           152      1.9999999999999956e+00 
    6456           148     -1.2247448713915885e+00 
    6458           163     -1.4142135623730929e+00 
    6458           148      7.0710678118654635e-01 
    6459            93      1.9999999999999969e+00 
    6459            83     -9.9999999999999822e-01 
    6461            55     -9.9999999999999900e-01 
    6465           180     -1.4142135623730954e+00 
    6465           149      1.4142135623730954e+00 
    6466           189     -1.2247448713915874e+00 
    6467           153      1.2247448713915858e+00 
    6468           180     -4.9999999999999878e-01 
    6468           149     -9.9999999999999856e-01 
    6470           180     -8.6602540378443704e-01 
    6471           105      1.2247448713915867e+00 
    6473            63     -1.2247448713915876e+00 
    6474            15     -1.2247448713915865e+00 
    6474           177      1.2247448713915863e+00 
    6474           221      1.2247448713915867e+00 
    6474           143     -1.2247448713915858e+00 
    6474           146     -2.4494897427831726e+00 
    6474           155     -1.2247448713915863e+00 
    6474           141     -1.2247448713915858e+00 
    6475           154     -1.2247448713915856e+00 
    6475           217      1.2247448713915863e+00 
    6476             6      1.2247448713915872e+00 
    6476            60     -1.2247448713915872e+00 
    6476            44      1.2247448713915869e+00 
    6476            47      2.4494897427831743e+00 
    6476            42      1.2247448713915869e+00 
    6476           122     -1.2247448713915865e+00 
    6476           132      1.2247448713915869e+00 
    6483           189     -7.0710678118654668e-01 
    6484           184      1.4142135623730918e+00 
    6484           153     -7.0710678118654569e-01 
    6485           180     -8.6602540378443804e-01 
    6487           180      4.9999999999999922e-01 
    6487           149     -9.9999999999999856e-01 
    6488           105     -7.0710678118654635e-01 
    6488            84      1.4142135623730929e+00 
    6490            63     -7.0710678118654668e-01 
    6491           226     -9.9999999999999845e-01 
    6492            15      7.0710678118654657e-01 
    6492           158     -1.4142135623730923e+00 
    6492           177     -7.0710678118654646e-01 
    6492           221      7.0710678118654624e-01 
    6492           143      7.0710678118654635e-01 
    6492           146      1.4142135623730929e+00 
    6492           155      7.0710678118654635e-01 
    6492           141      7.0710678118654635e-01 
    6493            10     -9.9999999999999845e-01 
    6493            88      1.9999999999999960e+00 
    6493           102      9.9999999999999845e-01 
    6493            78     -9.9999999999999822e-01 
    6493            81     -1.9999999999999969e+00 
    6493           136     -9.9999999999999833e-01 
    6493            76     -9.9999999999999822e-01 
    6494           154      7.0710678118654591e-01 
    6494           217      7.0710678118654613e-01 
    6495             6      7.0710678118654668e-01 
    6495            50     -1.4142135623730929e+00 
    6495            60     -7.0710678118654668e-01 
    6495            44      7.0710678118654657e-01 
    6495            47      1.4142135623730934e+00 
    6495            42      7.0710678118654657e-01 
    6495           122      7.0710678118654657e-01 
    6495           132      7.0710678118654657e-01 
    6496           118     -9.9999999999999944e-01 
    6505           145      1.2247448713915881e+00 
    6505           175     -1.2247448713915867e+00 
    6507            46     -1.2247448713915892e+00 
    6507            58      1.2247448713915878e+00 
    6509           145     -7.0710678118654657e-01 
    6509           175     -7.0710678118654668e-01 
    6510            80      9.9999999999999867e-01 
    6510           100      9.9999999999999878e-01 
    6512            46     -7.0710678118654657e-01 
    6512            58     -7.0710678118654691e-01 
    6514           152      1.9999999999999956e+00 
    6514           212     -9.9999999999999833e-01 
    6515             1     -9.9999999999999967e-01 
    6515            25     -9.9999999999999956e-01 
    6515            22     -9.9999999999999956e-01 
    6515            34      9.9999999999999933e-01 
    6515            37     -1.9999999999999987e+00 
    6515            97      1.9999999999999973e+00 
    6515           127     -9.9999999999999889e-01 
    6516            93      1.9999999999999967e+00 
    6516           113     -9.9999999999999867e-01 
    6523           190     -9.9999999999999933e-01 
    6524           185      1.9999999999999967e+00 
    6524           169     -9.9999999999999800e-01 
    6525           181     -1.2247448713915889e+00 
    6527           181      7.0710678118654657e-01 
    6527           165     -1.4142135623730936e+00 
    6528           106     -9.9999999999999867e-01 
    6528            95      1.9999999999999978e+00 
    6530            64     -9.9999999999999933e-01 
    6531           227     -1.4142135623730936e+00 
    6532            16      9.9999999999999900e-01 
    6532           178     -9.9999999999999911e-01 
    6532           222      9.9999999999999878e-01 
    6532           162      1.9999999999999982e+00 
    6532           171      9.9999999999999889e-01 
    6532           142     -9.9999999999999911e-01 
    6532           157      1.9999999999999982e+00 
    6533            11     -1.4142135623730936e+00 
    6533           103      1.4142135623730936e+00 
    6533            92     -2.8284271247461872e+00 
    6533            77      1.4142135623730936e+00 
    6533            87     -2.8284271247461872e+00 
    6533           137     -1.4142135623730934e+00 
    6534           170      9.9999999999999845e-01 
    6534           218      9.9999999999999867e-01 
    6535             7      9.9999999999999933e-01 
    6535            61     -9.9999999999999933e-01 
    6535            54      1.9999999999999987e+00 
    6535            43     -9.9999999999999933e-01 
    6535            49      1.9999999999999987e+00 
    6535           123      9.9999999999999933e-01 
    6535           133      9.9999999999999922e-01 
    6536           119     -1.4142135623730943e+00 
    6537           191      9.9999999999999956e-01 
    6538           186     -9.9999999999999878e-01 
    6539           182      1.2247448713915878e+00 
    6541           182      7.0710678118654702e-01 
    6542           107     -9.9999999999999922e-01 
    6544            65      9.9999999999999956e-01 
    6545            17      1.2247448713915874e+00 
    6545           223     -1.2247448713915876e+00 
    6545           188      1.2247448713915874e+00 
    6545           179      1.2247448713915869e+00 
    6545           144     -1.2247448713915872e+00 
    6545           174      2.4494897427831743e+00 
    6545           176      1.2247448713915867e+00 
    6546           187      1.2247448713915867e+00 
    6546           219     -1.2247448713915874e+00 
    6547             8     -1.2247448713915883e+00 
    6547            62     -1.2247448713915881e+00 
    6547           124      1.2247448713915876e+00 
    6547           134     -1.2247448713915881e+00 
    6547            45      1.2247448713915883e+00 
    6547            57     -2.4494897427831765e+00 
    6547            59     -1.2247448713915878e+00 
    6548           228     -9.9999999999999900e-01 
    6549            17      7.0710678118654702e-01 
    6549           223      7.0710678118654668e-01 
    6549           188      7.0710678118654680e-01 
    6549           179      7.0710678118654680e-01 
    6549           144     -7.0710678118654691e-01 
    6549           161     -1.4142135623730931e+00 
    6549           174      1.4142135623730938e+00 
    6549           176      7.0710678118654668e-01 
    6550            12     -9.9999999999999900e-01 
    6550           138     -9.9999999999999900e-01 
    6550           104     -9.9999999999999889e-01 
    6550            79      9.9999999999999900e-01 
    6550            91      1.9999999999999973e+00 
    6550            99     -1.9999999999999980e+00 
    6550           101     -9.9999999999999878e-01 
    6551           187      7.0710678118654657e-01 
    6551           219      7.0710678118654657e-01 
    6552             8      7.0710678118654713e-01 
    6552            62      7.0710678118654702e-01 
    6552           124      7.0710678118654702e-01 
    6552           134      7.0710678118654702e-01 
    6552            45     -7.0710678118654713e-01 
    6552            53     -1.4142135623730936e+00 
    6552            57      1.4142135623730943e+00 
    6552            59      7.0710678118654691e-01 
    6553           120     -9.9999999999999922e-01 
    6554            19      9.9999999999999933e-01 
    6554           186     -9.9999999999999878e-01 
    6554           216      1.9999999999999976e+00 
    6554           151     -9.9999999999999867e-01 
    6554           168      9.9999999999999734e-01 
    6554           211      1.9999999999999973e+00 
    6554           213      9.9999999999999833e-01 
    6555            14      1.0000000000000000e+00 
    6555             5      1.9999999999999996e+00 
    6555            41      9.9999999999999967e-01 
    6555           111     -9.9999999999999933e-01 
    6555           131      1.9999999999999987e+00 
    6555             0      2.0000000000000004e+00 
    6555            21      1.0000000000000000e+00 
    6555             2      9.9999999999999967e-01 
    6555            23     -9.9999999999999967e-01 
    6555            24      1.9999999999999993e+00 
    6555            30     -1.9999999999999993e+00 
    6555            35     -9.9999999999999933e-01 
    6555            36      3.9999999999999987e+00 
    6555            38      1.9999999999999987e+00 
    6555            86     -9.9999999999999922e-01 
    6555            98      9.9999999999999833e-01 
    6555           126      1.9999999999999984e+00 
    6555           128      9.9999999999999889e-01 
    6570           167      1.2247448713915867e+00 
    6570           152     -1.2247448713915867e+00 
    6571           172     -9.9999999999999933e-01 
    6572           167      7.0710678118654680e-01 
    6572           152      7.0710678118654680e-01 
    6573            97     -9.9999999999999933e-01 
    6574           163     -9.9999999999999767e-01 
    6574           148      1.9999999999999960e+00 
    6575            93     -9.9999999999999800e-01 
    6575            83      1.9999999999999967e+00 
    6579           184      1.4142135623730945e+00 
    6579           153     -1.4142135623730945e+00 
    6582           184      4.9999999999999861e-01 
    6582           153     -4.9999999999999861e-01 
    6583           189     -1.2247448713915881e+00 
    6584           184      8.6602540378443760e-01 
    6584           153      8.6602540378443760e-01 
    6585           109     -1.2247448713915881e+00 
    6586           149      1.2247448713915863e+00 
    6587            84      1.2247448713915863e+00 
    6588           202      1.2247448713915863e+00 
    6588           154     -1.2247448713915863e+00 
    6589            15     -1.2247448713915867e+00 
    6589           177      1.2247448713915867e+00 
    6589           198      1.2247448713915872e+00 
    6589           143     -1.2247448713915865e+00 
    6589           146     -2.4494897427831734e+00 
    6589           150     -1.2247448713915867e+00 
    6589           141     -1.2247448713915865e+00 
    6590            10     -1.2247448713915869e+00 
    6590           102      1.2247448713915869e+00 
    6590           118      1.2247448713915872e+00 
    6590            78     -1.2247448713915867e+00 
    6590            81     -2.4494897427831739e+00 
    6590            85     -1.2247448713915869e+00 
    6590            76     -1.2247448713915867e+00 
    6599           184     -8.6602540378443715e-01 
    6599           153      8.6602540378443715e-01 
    6600           189     -7.0710678118654691e-01 
    6601           184      4.9999999999999944e-01 
    6601           153      4.9999999999999944e-01 
    6602           109     -7.0710678118654691e-01 
    6603           180      1.4142135623730923e+00 
    6603           149     -7.0710678118654613e-01 
    6604           105      1.4142135623730927e+00 
    6604            84     -7.0710678118654624e-01 
    6605           207     -9.9999999999999878e-01 
    6606           202      7.0710678118654635e-01 
    6606           154      7.0710678118654635e-01 
    6607           122     -9.9999999999999878e-01 
    6608            15      7.0710678118654668e-01 
    6608           158     -1.4142135623730927e+00 
    6608           177     -7.0710678118654657e-01 
    6608           198      7.0710678118654635e-01 
    6608           143      7.0710678118654646e-01 
    6608           146      1.4142135623730931e+00 
    6608           150      7.0710678118654646e-01 
    6608           141      7.0710678118654646e-01 
    6609            10      7.0710678118654680e-01 
    6609            88     -1.4142135623730929e+00 
    6609           102     -7.0710678118654668e-01 
    6609           118      7.0710678118654657e-01 
    6609            78      7.0710678118654657e-01 
    6609            81      1.4142135623730934e+00 
    6609            85      7.0710678118654657e-01 
    6609            76      7.0710678118654657e-01 
    6610             6     -9.9999999999999878e-01 
    6610            50      1.9999999999999969e+00 
    6610            60      9.9999999999999878e-01 
    6610            44     -9.9999999999999856e-01 
    6610            47     -1.9999999999999976e+00 
    6610            72     -9.9999999999999867e-01 
    6610            42     -9.9999999999999856e-01 
    6620           145      1.2247448713915887e+00 
    6620           175     -1.2247448713915874e+00 
    6621            80      1.2247448713915889e+00 
    6621           100     -1.2247448713915876e+00 
    6625           145     -7.0710678118654668e-01 
    6625           175     -7.0710678118654680e-01 
    6626            80     -7.0710678118654657e-01 
    6626           100     -7.0710678118654691e-01 
    6627            46      9.9999999999999867e-01 
    6627            58      9.9999999999999900e-01 
    6628           148      1.9999999999999960e+00 
    6628           193     -9.9999999999999845e-01 
    6629            83      1.9999999999999967e+00 
    6629           113     -9.9999999999999867e-01 
    6630             1     -9.9999999999999967e-01 
    6630            25     -9.9999999999999956e-01 
    6630            22     -9.9999999999999956e-01 
    6630            34      9.9999999999999933e-01 
    6630            37     -1.9999999999999987e+00 
    6630            55      1.9999999999999980e+00 
    6630            67     -9.9999999999999922e-01 
    6639           185     -1.2247448713915874e+00 
    6639           169      1.2247448713915874e+00 
    6640           190     -9.9999999999999967e-01 
    6641           185      7.0710678118654702e-01 
    6641           169      7.0710678118654702e-01 
    6642           110     -9.9999999999999967e-01 
    6643           181      1.9999999999999973e+00 
    6643           165     -9.9999999999999867e-01 
    6644           106      1.9999999999999978e+00 
    6644            95     -9.9999999999999878e-01 
    6645           208     -1.4142135623730940e+00 
    6646           203      9.9999999999999900e-01 
    6646           170      9.9999999999999900e-01 
    6647           123     -1.4142135623730940e+00 
    6648            16      9.9999999999999922e-01 
    6648           178     -9.9999999999999922e-01 
    6648           199      9.9999999999999867e-01 
    6648           162      1.9999999999999984e+00 
    6648           166      9.9999999999999900e-01 
    6648           142     -9.9999999999999922e-01 
    6648           157      1.9999999999999984e+00 
    6649            11      9.9999999999999933e-01 
    6649           103     -9.9999999999999944e-01 
    6649           119      9.9999999999999911e-01 
    6649            92      1.9999999999999989e+00 
    6649            96      9.9999999999999922e-01 
    6649            77     -9.9999999999999944e-01 
    6649            87      1.9999999999999989e+00 
    6650             7     -1.4142135623730940e+00 
    6650            61      1.4142135623730940e+00 
    6650            54     -2.8284271247461881e+00 
    6650            43      1.4142135623730940e+00 
    6650            49     -2.8284271247461881e+00 
    6650            73     -1.4142135623730938e+00 
    6654           191      9.9999999999999978e-01 
    6655           186     -1.4142135623730943e+00 
    6656           111      9.9999999999999978e-01 
    6657           182     -9.9999999999999889e-01 
    6658           107     -9.9999999999999911e-01 
    6659           204     -1.2247448713915876e+00 
    6659           187      1.2247448713915876e+00 
    6660            17      1.2247448713915878e+00 
    6660           200     -1.2247448713915883e+00 
    6660           183      1.2247448713915878e+00 
    6660           179      1.2247448713915876e+00 
    6660           144     -1.2247448713915878e+00 
    6660           174      2.4494897427831757e+00 
    6660           176      1.2247448713915874e+00 
    6661            12      1.2247448713915881e+00 
    6661           120     -1.2247448713915885e+00 
    6661           108      1.2247448713915881e+00 
    6661           104      1.2247448713915878e+00 
    6661            79     -1.2247448713915881e+00 
    6661            99      2.4494897427831761e+00 
    6661           101      1.2247448713915876e+00 
    6662           209     -9.9999999999999956e-01 
    6663           204      7.0710678118654691e-01 
    6663           187      7.0710678118654691e-01 
    6664           124     -9.9999999999999956e-01 
    6665            17      7.0710678118654713e-01 
    6665           200      7.0710678118654680e-01 
    6665           183      7.0710678118654702e-01 
    6665           179      7.0710678118654691e-01 
    6665           144     -7.0710678118654702e-01 
    6665           161     -1.4142135623730936e+00 
    6665           174      1.4142135623730940e+00 
    6665           176      7.0710678118654680e-01 
    6666            12      7.0710678118654724e-01 
    6666           120      7.0710678118654702e-01 
    6666           108      7.0710678118654713e-01 
    6666           104      7.0710678118654702e-01 
    6666            79     -7.0710678118654713e-01 
    6666            91     -1.4142135623730936e+00 
    6666            99      1.4142135623730943e+00 
    6666           101      7.0710678118654691e-01 
    6667             8     -9.9999999999999956e-01 
    6667            74     -9.9999999999999933e-01 
    6667            62     -9.9999999999999922e-01 
    6667            45      9.9999999999999933e-01 
    6667            53      1.9999999999999978e+00 
    6667            57     -1.9999999999999987e+00 
    6667            59     -9.9999999999999900e-01 
    6668            18      9.9999999999999922e-01 
    6668           182     -9.9999999999999889e-01 
    6668           197      1.9999999999999978e+00 
    6668           147     -9.9999999999999867e-01 
    6668           164      9.9999999999999767e-01 
    6668           192      1.9999999999999973e+00 
    6668           194      9.9999999999999845e-01 
    6669            13      9.9999999999999933e-01 
    6669           107     -9.9999999999999911e-01 
    6669           117      1.9999999999999982e+00 
    6669            82     -9.9999999999999889e-01 
    6669            94      9.9999999999999800e-01 
    6669           112      1.9999999999999978e+00 
    6669           114      9.9999999999999867e-01 
    6670             5      1.9999999999999996e+00 
    6670            41      9.9999999999999967e-01 
    6670             9      1.0000000000000000e+00 
    6670            65     -9.9999999999999967e-01 
    6670            71      1.9999999999999993e+00 
    6670             0      2.0000000000000004e+00 
    6670            21      1.0000000000000000e+00 
    6670             2      9.9999999999999967e-01 
    6670            23     -9.9999999999999967e-01 
    6670            24      1.9999999999999993e+00 
    6670            30     -1.9999999999999993e+00 
    6670            35     -9.9999999999999933e-01 
    6670            36      3.9999999999999987e+00 
    6670            38      1.9999999999999987e+00 
    6670            48     -9.9999999999999956e-01 
    6670            56      9.9999999999999889e-01 
    6670            66      1.9999999999999991e+00 
    6670            68      9.9999999999999922e-01 
    6691            93     -1.7320508075688752e+00 
    6691            83      1.7320508075688752e+00 
    6695            90     -1.7320508075688745e+00 
    6695            80      1.7320508075688745e+00 
    6698            52     -1.7320508075688750e+00 
    6698            46      1.7320508075688750e+00 
    6706            97      1.4142135623730949e+00 
    6707            93     -9.9999999999999956e-01 
    6707            83     -9.9999999999999956e-01 
    6709            55      1.4142135623730949e+00 
    6712            90     -9.9999999999999933e-01 
    6712            80     -9.9999999999999933e-01 
    6715            52     -9.9999999999999956e-01 
    6715            46     -9.9999999999999956e-01 
    6720            34      1.4142135623730949e+00 
    6726            10     -1.4142135623730938e+00 
    6726            88      1.4142135623730940e+00 
    6726            78     -2.8284271247461881e+00 
    6726           226      1.4142135623730938e+00 
    6726           241     -2.8284271247461876e+00 
    6726            76     -1.4142135623730938e+00 
    6727           221      1.4142135623730927e+00 
    6728           202     -1.7320508075688748e+00 
    6729             6     -1.4142135623730943e+00 
    6729            50      1.4142135623730943e+00 
    6729            44     -2.8284271247461885e+00 
    6729           207      1.4142135623730943e+00 
    6729           237     -2.8284271247461885e+00 
    6729            42     -1.4142135623730940e+00 
    6730           202     -9.9999999999999845e-01 
    6730           217      1.9999999999999969e+00 
    6732           198      1.4142135623730927e+00 
    6734           184     -1.7320508075688759e+00 
    6735           180     -1.7320508075688748e+00 
    6737             3     -1.4142135623730945e+00 
    6737            32      1.4142135623730945e+00 
    6737            29     -2.8284271247461890e+00 
    6737           189      1.4142135623730945e+00 
    6737           234     -2.8284271247461890e+00 
    6737            27     -1.4142135623730943e+00 
    6738           184     -9.9999999999999878e-01 
    6738           214      1.9999999999999976e+00 
    6740           180     -9.9999999999999845e-01 
    6740           195      1.9999999999999969e+00 
    6743           177      1.4142135623730927e+00 
    6746            98      1.0000000000000002e+00 
    6747            94     -1.4142135623730947e+00 
    6749            56      1.0000000000000002e+00 
    6752            91     -1.4142135623730945e+00 
    6755            53     -1.4142135623730947e+00 
    6760            35      1.0000000000000002e+00 
    6766            11     -1.4142135623730943e+00 
    6766            77      1.4142135623730943e+00 
    6766            87     -2.8284271247461885e+00 
    6766           227      1.4142135623730943e+00 
    6766           242     -2.8284271247461885e+00 
    6766            89     -1.4142135623730940e+00 
    6767           222      1.4142135623730931e+00 
    6768           203     -1.7320508075688752e+00 
    6769             7     -1.4142135623730945e+00 
    6769            43      1.4142135623730945e+00 
    6769            49     -2.8284271247461890e+00 
    6769           208      1.4142135623730945e+00 
    6769           238     -2.8284271247461890e+00 
    6769            51     -1.4142135623730943e+00 
    6770           203     -9.9999999999999878e-01 
    6770           218      1.9999999999999976e+00 
    6772           199      1.4142135623730931e+00 
    6774           185     -1.7320508075688765e+00 
    6775           181     -1.7320508075688754e+00 
    6777             4     -1.4142135623730949e+00 
    6777            28      1.4142135623730947e+00 
    6777            31     -2.8284271247461894e+00 
    6777           190      1.4142135623730949e+00 
    6777           235     -2.8284271247461898e+00 
    6777            33     -1.4142135623730945e+00 
    6778           185     -9.9999999999999900e-01 
    6778           215      1.9999999999999980e+00 
    6780           181     -9.9999999999999878e-01 
    6780           196      1.9999999999999976e+00 
    6783           178      1.4142135623730931e+00 
    6786            20      2.0000000000000004e+00 
    6786           251      1.0000000000000000e+00 
    6786             0      2.0000000000000004e+00 
    6786            21      1.0000000000000000e+00 
    6786             2      2.0000000000000004e+00 
    6786            23     -2.0000000000000004e+00 
    6786           156     -2.0000000000000004e+00 
    6786           173     -2.0000000000000004e+00 
    6786            24      4.0000000000000009e+00 
    6786           231      4.0000000000000009e+00 
    6786           233      4.0000000000000009e+00 
    6786            26      1.0000000000000000e+00 
    6807           163     -1.2247448713915867e+00 
    6807           148      1.2247448713915867e+00 
    6808            93     -1.2247448713915876e+00 
    6808            83      1.2247448713915876e+00 
    6811           160     -1.2247448713915863e+00 
    6811           145      1.2247448713915863e+00 
    6812            90     -1.2247448713915869e+00 
    6812            80      1.2247448713915869e+00 
    6815            52     -1.7320508075688750e+00 
    6815            46      1.7320508075688750e+00 
    6822           167      9.9999999999999933e-01 
    6822           152      9.9999999999999933e-01 
    6823           163     -7.0710678118654668e-01 
    6823           148     -7.0710678118654668e-01 
    6824            93     -7.0710678118654713e-01 
    6824            83     -7.0710678118654713e-01 
    6826            55      1.4142135623730949e+00 
    6828           160     -7.0710678118654657e-01 
    6828           145     -7.0710678118654657e-01 
    6829            90     -7.0710678118654691e-01 
    6829            80     -7.0710678118654691e-01 
    6832            52     -9.9999999999999956e-01 
    6832            46     -9.9999999999999956e-01 
    6837            34      1.4142135623730949e+00 
    6842            15     -9.9999999999999845e-01 
    6842           158      9.9999999999999856e-01 
    6842           221      1.9999999999999964e+00 
    6842           143     -1.9999999999999971e+00 
    6842           155     -9.9999999999999822e-01 
    6842           246     -9.9999999999999833e-01 
    6842           141     -9.9999999999999845e-01 
    6843            10     -9.9999999999999900e-01 
    6843            88      9.9999999999999922e-01 
    6843            78     -1.9999999999999984e+00 
    6843           226      1.9999999999999978e+00 
    6843           241     -9.9999999999999889e-01 
    6843           136     -9.9999999999999889e-01 
    6843            76     -9.9999999999999900e-01 
    6844           122      1.2247448713915872e+00 
    6844           207     -1.2247448713915872e+00 
    6845           154     -9.9999999999999889e-01 
    6845           217      1.9999999999999978e+00 
    6846             6     -1.4142135623730943e+00 
    6846            50      1.4142135623730943e+00 
    6846            44     -2.8284271247461885e+00 
    6846            42     -1.4142135623730940e+00 
    6846           122      7.0710678118654680e-01 
    6846           207      7.0710678118654680e-01 
    6846           132     -1.4142135623730936e+00 
    6846           237     -1.4142135623730936e+00 
    6847           202     -9.9999999999999867e-01 
    6847           217      1.9999999999999973e+00 
    6848           118     -9.9999999999999867e-01 
    6849           198     -9.9999999999999878e-01 
    6850           109      1.2247448713915876e+00 
    6850           189     -1.2247448713915876e+00 
    6851           105      1.2247448713915876e+00 
    6852           180      1.2247448713915876e+00 
    6853           153     -9.9999999999999900e-01 
    6853           214      1.9999999999999980e+00 
    6854             3     -1.4142135623730945e+00 
    6854            32      1.4142135623730945e+00 
    6854            29     -2.8284271247461890e+00 
    6854            27     -1.4142135623730943e+00 
    6854           109      7.0710678118654691e-01 
    6854           189      7.0710678118654702e-01 
    6854           129     -1.4142135623730938e+00 
    6854           234     -1.4142135623730940e+00 
    6855           184     -9.9999999999999900e-01 
    6855           214      1.9999999999999980e+00 
    6856           105      7.0710678118654668e-01 
    6856           115     -1.4142135623730934e+00 
    6857           180      7.0710678118654668e-01 
    6857           195     -1.4142135623730934e+00 
    6859           102     -9.9999999999999867e-01 
    6860           177     -9.9999999999999878e-01 
    6862           168      1.4142135623730945e+00 
    6863           164     -9.9999999999999900e-01 
    6864            94     -9.9999999999999967e-01 
    6866            56      1.0000000000000002e+00 
    6868           161     -9.9999999999999889e-01 
    6869            91     -9.9999999999999956e-01 
    6872            53     -1.4142135623730947e+00 
    6877            35      1.0000000000000002e+00 
    6882            16     -9.9999999999999878e-01 
    6882           222      1.9999999999999969e+00 
    6882           171     -9.9999999999999845e-01 
    6882           142      9.9999999999999878e-01 
    6882           157     -1.9999999999999976e+00 
    6882           247     -9.9999999999999856e-01 
    6882           159     -9.9999999999999856e-01 
    6883            11     -9.9999999999999922e-01 
    6883            77      9.9999999999999933e-01 
    6883            87     -1.9999999999999987e+00 
    6883           227      1.9999999999999984e+00 
    6883           242     -9.9999999999999900e-01 
    6883           137     -9.9999999999999911e-01 
    6883            89     -9.9999999999999922e-01 
    6884           123      1.2247448713915874e+00 
    6884           208     -1.2247448713915876e+00 
    6885           170     -9.9999999999999900e-01 
    6885           218      1.9999999999999980e+00 
    6886             7     -1.4142135623730945e+00 
    6886            43      1.4142135623730945e+00 
    6886            49     -2.8284271247461890e+00 
    6886            51     -1.4142135623730943e+00 
    6886           123      7.0710678118654691e-01 
    6886           208      7.0710678118654702e-01 
    6886           133     -1.4142135623730938e+00 
    6886           238     -1.4142135623730940e+00 
    6887           203     -9.9999999999999900e-01 
    6887           218      1.9999999999999980e+00 
    6888           119     -9.9999999999999900e-01 
    6889           199     -9.9999999999999911e-01 
    6890           110      1.2247448713915878e+00 
    6890           190     -1.2247448713915878e+00 
    6891           106      1.2247448713915883e+00 
    6892           181      1.2247448713915883e+00 
    6893           169     -9.9999999999999933e-01 
    6893           215      1.9999999999999987e+00 
    6894             4     -1.4142135623730949e+00 
    6894            28      1.4142135623730947e+00 
    6894            31     -2.8284271247461894e+00 
    6894            33     -1.4142135623730945e+00 
    6894           110      7.0710678118654713e-01 
    6894           190      7.0710678118654713e-01 
    6894           130     -1.4142135623730943e+00 
    6894           235     -1.4142135623730943e+00 
    6895           185     -9.9999999999999933e-01 
    6895           215      1.9999999999999987e+00 
    6896           106      7.0710678118654691e-01 
    6896           116     -1.4142135623730938e+00 
    6897           181      7.0710678118654691e-01 
    6897           196     -1.4142135623730938e+00 
    6899           103     -9.9999999999999900e-01 
    6900           178     -9.9999999999999911e-01 
    6902            19     -1.4142135623730945e+00 
    6902           250     -1.4142135623730943e+00 
    6902           151      1.4142135623730945e+00 
    6902           168      1.4142135623730945e+00 
    6902           211     -2.8284271247461890e+00 
    6902           213     -2.8284271247461890e+00 
    6903            20      1.0000000000000000e+00 
    6903            14      9.9999999999999967e-01 
    6903           230      9.9999999999999956e-01 
    6903           245      9.9999999999999956e-01 
    6903             0      2.0000000000000004e+00 
    6903            21      1.0000000000000000e+00 
    6903             2      2.0000000000000004e+00 
    6903            23     -2.0000000000000004e+00 
    6903            24      4.0000000000000009e+00 
    6903            26      1.0000000000000000e+00 
    6903            86     -9.9999999999999967e-01 
    6903            98     -9.9999999999999967e-01 
    6903           156     -9.9999999999999978e-01 
    6903           173     -9.9999999999999978e-01 
    6903           126      1.9999999999999993e+00 
    6903           128      1.9999999999999993e+00 
    6903           231      1.9999999999999996e+00 
    6903           233      1.9999999999999996e+00 
    6925           163     -1.7320508075688750e+00 
    6925           148      1.7320508075688750e+00 
    6929           160     -1.7320508075688741e+00 
    6929           145      1.7320508075688741e+00 
    6933            52     -1.7320508075688750e+00 
    6933            46      1.7320508075688750e+00 
    6939           172      1.4142135623730949e+00 
    6941           163     -9.9999999999999933e-01 
    6941           148     -9.9999999999999933e-01 
    6944            55      1.4142135623730949e+00 
    6946           160     -9.9999999999999911e-01 
    6946           145     -9.9999999999999911e-01 
    6950            52     -9.9999999999999956e-01 
    6950            46     -9.9999999999999956e-01 
    6955            34      1.4142135623730949e+00 
    6959           226      1.4142135623730938e+00 
    6960            15     -1.4142135623730936e+00 
    6960           158      1.4142135623730938e+00 
    6960           221      1.4142135623730936e+00 
    6960           143     -2.8284271247461876e+00 
    6960           155     -2.8284271247461872e+00 
    6960           141     -1.4142135623730936e+00 
    6961           154      1.7320508075688741e+00 
    6963           154     -9.9999999999999911e-01 
    6963           217      1.9999999999999982e+00 
    6964             6     -1.4142135623730943e+00 
    6964            50      1.4142135623730943e+00 
    6964            44     -2.8284271247461885e+00 
    6964            42     -1.4142135623730940e+00 
    6964           122      1.4142135623730943e+00 
    6964           132     -2.8284271247461885e+00 
    6966           118      1.4142135623730931e+00 
    6967           153      1.7320508075688750e+00 
    6969           105     -1.7320508075688752e+00 
    6971           153     -9.9999999999999933e-01 
    6971           214      1.9999999999999987e+00 
    6972             3     -1.4142135623730945e+00 
    6972            32      1.4142135623730945e+00 
    6972            29     -2.8284271247461890e+00 
    6972            27     -1.4142135623730943e+00 
    6972           109      1.4142135623730945e+00 
    6972           129     -2.8284271247461890e+00 
    6974           105     -9.9999999999999878e-01 
    6974           115      1.9999999999999976e+00 
    6977           102      1.4142135623730931e+00 
    6979           173      1.0000000000000002e+00 
    6981           164     -1.4142135623730945e+00 
    6984            56      1.0000000000000002e+00 
    6986           161     -1.4142135623730943e+00 
    6990            53     -1.4142135623730947e+00 
    6995            35      1.0000000000000002e+00 
    6999           227      1.4142135623730943e+00 
    7000            16     -1.4142135623730938e+00 
    7000           222      1.4142135623730938e+00 
    7000           171     -2.8284271247461876e+00 
    7000           142      1.4142135623730940e+00 
    7000           157     -2.8284271247461881e+00 
    7000           159     -1.4142135623730938e+00 
    7001           170      1.7320508075688745e+00 
    7003           170     -9.9999999999999933e-01 
    7003           218      1.9999999999999987e+00 
    7004             7     -1.4142135623730945e+00 
    7004            43      1.4142135623730945e+00 
    7004            49     -2.8284271247461890e+00 
    7004            51     -1.4142135623730943e+00 
    7004           123      1.4142135623730945e+00 
    7004           133     -2.8284271247461890e+00 
    7006           119      1.4142135623730936e+00 
    7007           169      1.7320508075688752e+00 
    7009           106     -1.7320508075688761e+00 
    7011           169     -9.9999999999999956e-01 
    7011           215      1.9999999999999991e+00 
    7012             4     -1.4142135623730949e+00 
    7012            28      1.4142135623730947e+00 
    7012            31     -2.8284271247461894e+00 
    7012            33     -1.4142135623730945e+00 
    7012           110      1.4142135623730949e+00 
    7012           130     -2.8284271247461898e+00 
    7014           106     -9.9999999999999900e-01 
    7014           116      1.9999999999999980e+00 
    7017           103      1.4142135623730936e+00 
    7019           230      1.0000000000000002e+00 
    7020            19     -1.4142135623730949e+00 
    7020           225     -1.4142135623730945e+00 
    7020           151      1.4142135623730947e+00 
    7020           168      1.4142135623730947e+00 
    7020           211     -2.8284271247461894e+00 
    7020           213     -2.8284271247461894e+00 
    7021            14      2.0000000000000004e+00 
    7021           140      1.0000000000000000e+00 
    7021             0      2.0000000000000004e+00 
    7021            21      1.0000000000000000e+00 
    7021             2      2.0000000000000004e+00 
    7021            23     -2.0000000000000004e+00 
    7021            24      4.0000000000000009e+00 
    7021            26      1.0000000000000000e+00 
    7021            86     -2.0000000000000004e+00 
    7021            98     -2.0000000000000004e+00 
    7021           126      4.0000000000000009e+00 
    7021           128      4.0000000000000009e+00 
    7042           167      1.2247448713915872e+00 
    7042           152     -1.2247448713915872e+00 
    7044            93      1.2247448713915878e+00 
    7044            83     -1.2247448713915878e+00 
    7048            90      1.4999999999999967e+00 
    7048            80     -1.4999999999999967e+00 
    7049           160     -1.2247448713915861e+00 
    7049           145      1.2247448713915861e+00 
    7050            90      8.6602540378443682e-01 
    7050            80     -8.6602540378443682e-01 
    7052            52     -1.2247448713915872e+00 
    7052            46      1.2247448713915872e+00 
    7058           167     -7.0710678118654680e-01 
    7058           152     -7.0710678118654680e-01 
    7059            97      1.4142135623730940e+00 
    7060           163      9.9999999999999900e-01 
    7060           148      9.9999999999999900e-01 
    7061            93     -7.0710678118654713e-01 
    7061            83     -7.0710678118654713e-01 
    7065            90      8.6602540378443760e-01 
    7065            80      8.6602540378443760e-01 
    7066           160     -7.0710678118654646e-01 
    7066           145     -7.0710678118654646e-01 
    7067            90      4.9999999999999944e-01 
    7067            80      4.9999999999999944e-01 
    7069            52     -7.0710678118654713e-01 
    7069            46     -7.0710678118654713e-01 
    7074            34      1.4142135623730949e+00 
    7077           202      1.9999999999999973e+00 
    7077           154     -9.9999999999999867e-01 
    7078           122     -9.9999999999999889e-01 
    7079            10      1.2247448713915874e+00 
    7079            88     -1.2247448713915874e+00 
    7079            78      2.4494897427831748e+00 
    7079            85      1.2247448713915869e+00 
    7079           226     -1.2247448713915867e+00 
    7079           241      1.2247448713915872e+00 
    7079            76      1.2247448713915872e+00 
    7080            15     -9.9999999999999845e-01 
    7080           158      9.9999999999999845e-01 
    7080           198      1.9999999999999960e+00 
    7080           143     -1.9999999999999969e+00 
    7080           150     -9.9999999999999811e-01 
    7080           246     -9.9999999999999822e-01 
    7080           141     -9.9999999999999822e-01 
    7081            10      7.0710678118654668e-01 
    7081            88     -7.0710678118654668e-01 
    7081           118     -1.4142135623730929e+00 
    7081            78      1.4142135623730934e+00 
    7081            85      7.0710678118654646e-01 
    7081           226      7.0710678118654657e-01 
    7081           241      7.0710678118654657e-01 
    7081            76      7.0710678118654657e-01 
    7082           221     -9.9999999999999889e-01 
    7083             6     -9.9999999999999922e-01 
    7083            50      9.9999999999999933e-01 
    7083            44     -1.9999999999999987e+00 
    7083           207      1.9999999999999973e+00 
    7083           237     -9.9999999999999878e-01 
    7083            72     -9.9999999999999911e-01 
    7083            42     -9.9999999999999922e-01 
    7084           202      1.9999999999999962e+00 
    7084           217     -9.9999999999999833e-01 
    7085            84      1.2247448713915874e+00 
    7086            63      1.2247448713915874e+00 
    7086           189     -1.2247448713915867e+00 
    7087           184     -1.2247448713915867e+00 
    7088           149     -9.9999999999999878e-01 
    7088           195      1.9999999999999976e+00 
    7089            84      7.0710678118654691e-01 
    7089           115     -1.4142135623730938e+00 
    7091             3     -1.4142135623730945e+00 
    7091            32      1.4142135623730945e+00 
    7091            29     -2.8284271247461890e+00 
    7091            27     -1.4142135623730943e+00 
    7091            63      7.0710678118654691e-01 
    7091           189      7.0710678118654680e-01 
    7091            69     -1.4142135623730938e+00 
    7091           234     -1.4142135623730936e+00 
    7092           184      7.0710678118654635e-01 
    7092           214     -1.4142135623730927e+00 
    7093           180     -9.9999999999999878e-01 
    7093           195      1.9999999999999976e+00 
    7094            60     -9.9999999999999900e-01 
    7096           177     -9.9999999999999889e-01 
    7098           168     -9.9999999999999933e-01 
    7099            98      9.9999999999999967e-01 
    7100           164      1.4142135623730940e+00 
    7101            94     -9.9999999999999967e-01 
    7105            91      1.2247448713915878e+00 
    7106           161     -9.9999999999999878e-01 
    7107            91      7.0710678118654691e-01 
    7109            53     -9.9999999999999967e-01 
    7114            35      1.0000000000000002e+00 
    7117           203      1.9999999999999973e+00 
    7117           170     -9.9999999999999856e-01 
    7118           123     -9.9999999999999922e-01 
    7119            11      1.2247448713915876e+00 
    7119            96      1.2247448713915874e+00 
    7119            77     -1.2247448713915876e+00 
    7119            87      2.4494897427831752e+00 
    7119           227     -1.2247448713915869e+00 
    7119           242      1.2247448713915874e+00 
    7119            89      1.2247448713915874e+00 
    7120            16     -9.9999999999999856e-01 
    7120           199      1.9999999999999964e+00 
    7120           166     -9.9999999999999845e-01 
    7120           142      9.9999999999999856e-01 
    7120           157     -1.9999999999999971e+00 
    7120           247     -9.9999999999999845e-01 
    7120           159     -9.9999999999999845e-01 
    7121            11      7.0710678118654680e-01 
    7121           119     -1.4142135623730931e+00 
    7121            96      7.0710678118654668e-01 
    7121            77     -7.0710678118654680e-01 
    7121            87      1.4142135623730936e+00 
    7121           227      7.0710678118654680e-01 
    7121           242      7.0710678118654668e-01 
    7121            89      7.0710678118654668e-01 
    7122           222     -9.9999999999999922e-01 
    7123             7     -9.9999999999999956e-01 
    7123            43      9.9999999999999956e-01 
    7123            49     -1.9999999999999991e+00 
    7123           208      1.9999999999999978e+00 
    7123           238     -9.9999999999999900e-01 
    7123            73     -9.9999999999999933e-01 
    7123            51     -9.9999999999999933e-01 
    7124           203      1.9999999999999971e+00 
    7124           218     -9.9999999999999867e-01 
    7125            95      1.2247448713915876e+00 
    7126            64      1.2247448713915876e+00 
    7126           190     -1.2247448713915869e+00 
    7127           185     -1.2247448713915872e+00 
    7128           165     -9.9999999999999900e-01 
    7128           196      1.9999999999999980e+00 
    7129            95      7.0710678118654713e-01 
    7129           116     -1.4142135623730943e+00 
    7131             4     -1.4142135623730949e+00 
    7131            28      1.4142135623730947e+00 
    7131            31     -2.8284271247461894e+00 
    7131            33     -1.4142135623730945e+00 
    7131            64      7.0710678118654713e-01 
    7131           190      7.0710678118654691e-01 
    7131            70     -1.4142135623730943e+00 
    7131           235     -1.4142135623730938e+00 
    7132           185      7.0710678118654657e-01 
    7132           215     -1.4142135623730931e+00 
    7133           181     -9.9999999999999911e-01 
    7133           196      1.9999999999999982e+00 
    7134            61     -9.9999999999999933e-01 
    7136           178     -9.9999999999999922e-01 
    7137            18     -1.4142135623730940e+00 
    7137           249     -1.4142135623730938e+00 
    7137           147      1.4142135623730940e+00 
    7137           164      1.4142135623730940e+00 
    7137           192     -2.8284271247461881e+00 
    7137           194     -2.8284271247461881e+00 
    7138            13      9.9999999999999967e-01 
    7138           229      9.9999999999999956e-01 
    7138           244      9.9999999999999956e-01 
    7138            82     -9.9999999999999967e-01 
    7138            94     -9.9999999999999967e-01 
    7138           112      1.9999999999999993e+00 
    7138           114      1.9999999999999993e+00 
    7139           224     -1.4142135623730945e+00 
    7140            20      1.0000000000000000e+00 
    7140             9      9.9999999999999967e-01 
    7140           210      9.9999999999999889e-01 
    7140           240      9.9999999999999922e-01 
    7140             0      2.0000000000000004e+00 
    7140            21      1.0000000000000000e+00 
    7140             2      2.0000000000000004e+00 
    7140            23     -2.0000000000000004e+00 
    7140            24      4.0000000000000009e+00 
    7140            26      1.0000000000000000e+00 
    7140            48     -9.9999999999999967e-01 
    7140            56     -9.9999999999999967e-01 
    7140           156     -9.9999999999999956e-01 
    7140           173     -9.9999999999999956e-01 
    7140            66      1.9999999999999993e+00 
    7140            68      1.9999999999999993e+00 
    7140           231      1.9999999999999991e+00 
    7140           233      1.9999999999999991e+00 
    7162           167     -1.2247448713915869e+00 
    7162           152      1.2247448713915869e+00 
    7163           163     -1.2247448713915876e+00 
    7163           148      1.2247448713915876e+00 
    7167           160     -1.4999999999999964e+00 
    7167           145      1.4999999999999964e+00 
    7169           160      8.6602540378443693e-01 
    7169           145     -8.6602540378443693e-01 
    7170            90     -1.2247448713915863e+00 
    7170            80      1.2247448713915863e+00 
    7172            52     -1.2247448713915872e+00 
    7172            46      1.2247448713915872e+00 
    7177           172      1.4142135623730945e+00 
    7178           167     -7.0710678118654668e-01 
    7178           152     -7.0710678118654668e-01 
    7180           163     -7.0710678118654713e-01 
    7180           148     -7.0710678118654713e-01 
    7181            93      9.9999999999999933e-01 
    7181            83      9.9999999999999933e-01 
    7184           160     -8.6602540378443749e-01 
    7184           145     -8.6602540378443749e-01 
    7186           160      4.9999999999999950e-01 
    7186           145      4.9999999999999950e-01 
    7187            90     -7.0710678118654668e-01 
    7187            80     -7.0710678118654668e-01 
    7189            52     -7.0710678118654713e-01 
    7189            46     -7.0710678118654713e-01 
    7194            34      1.4142135623730949e+00 
    7196           207     -9.9999999999999922e-01 
    7197           202     -9.9999999999999856e-01 
    7197           154      1.9999999999999969e+00 
    7198            15     -1.2247448713915872e+00 
    7198           158      1.2247448713915872e+00 
    7198           221      1.2247448713915874e+00 
    7198           143     -2.4494897427831743e+00 
    7198           150     -1.2247448713915867e+00 
    7198           155     -1.2247448713915869e+00 
    7198           141     -1.2247448713915869e+00 
    7199           226     -9.9999999999999878e-01 
    7200            15      7.0710678118654668e-01 
    7200           158     -7.0710678118654668e-01 
    7200           198     -1.4142135623730929e+00 
    7200           221      7.0710678118654635e-01 
    7200           143      1.4142135623730934e+00 
    7200           150      7.0710678118654646e-01 
    7200           155      7.0710678118654657e-01 
    7200           141      7.0710678118654657e-01 
    7201            10     -9.9999999999999878e-01 
    7201            88      9.9999999999999878e-01 
    7201           118      1.9999999999999969e+00 
    7201            78     -1.9999999999999976e+00 
    7201            85     -9.9999999999999845e-01 
    7201           136     -9.9999999999999856e-01 
    7201            76     -9.9999999999999856e-01 
    7202           154      1.9999999999999969e+00 
    7202           217     -9.9999999999999845e-01 
    7203             6     -9.9999999999999922e-01 
    7203            50      9.9999999999999933e-01 
    7203            44     -1.9999999999999987e+00 
    7203            72     -9.9999999999999911e-01 
    7203            42     -9.9999999999999922e-01 
    7203           122      1.9999999999999984e+00 
    7203           132     -9.9999999999999900e-01 
    7204           149     -1.2247448713915872e+00 
    7205           153     -1.2247448713915865e+00 
    7206            63      1.2247448713915874e+00 
    7206           109     -1.2247448713915876e+00 
    7208           149      7.0710678118654691e-01 
    7208           195     -1.4142135623730938e+00 
    7209            84     -9.9999999999999900e-01 
    7209           115      1.9999999999999980e+00 
    7210           153      7.0710678118654657e-01 
    7210           214     -1.4142135623730931e+00 
    7211             3     -1.4142135623730945e+00 
    7211            32      1.4142135623730945e+00 
    7211            29     -2.8284271247461890e+00 
    7211            27     -1.4142135623730943e+00 
    7211            63      7.0710678118654691e-01 
    7211            69     -1.4142135623730938e+00 
    7211           109      7.0710678118654702e-01 
    7211           129     -1.4142135623730940e+00 
    7212           105     -9.9999999999999900e-01 
    7212           115      1.9999999999999980e+00 
    7214            60     -9.9999999999999900e-01 
    7215           102     -9.9999999999999911e-01 
    7217           173      1.0000000000000000e+00 
    7218           168     -9.9999999999999922e-01 
    7220           164     -9.9999999999999978e-01 
    7221            94      1.4142135623730945e+00 
    7224           161     -1.2247448713915876e+00 
    7226           161      7.0710678118654691e-01 
    7227            91     -9.9999999999999900e-01 
    7229            53     -9.9999999999999967e-01 
    7234            35      1.0000000000000002e+00 
    7236           208     -9.9999999999999956e-01 
    7237           203     -9.9999999999999867e-01 
    7237           170      1.9999999999999973e+00 
    7238            16     -1.2247448713915874e+00 
    7238           222      1.2247448713915876e+00 
    7238           166     -1.2247448713915872e+00 
    7238           171     -1.2247448713915874e+00 
    7238           142      1.2247448713915874e+00 
    7238           157     -2.4494897427831748e+00 
    7238           159     -1.2247448713915872e+00 
    7239           227     -9.9999999999999889e-01 
    7240            16      7.0710678118654691e-01 
    7240           199     -1.4142135623730931e+00 
    7240           222      7.0710678118654680e-01 
    7240           166      7.0710678118654668e-01 
    7240           171      7.0710678118654668e-01 
    7240           142     -7.0710678118654680e-01 
    7240           157      1.4142135623730936e+00 
    7240           159      7.0710678118654668e-01 
    7241            11     -9.9999999999999889e-01 
    7241           119      1.9999999999999973e+00 
    7241            96     -9.9999999999999878e-01 
    7241            77      9.9999999999999889e-01 
    7241            87     -1.9999999999999978e+00 
    7241           137     -9.9999999999999878e-01 
    7241            89     -9.9999999999999878e-01 
    7242           170      1.9999999999999973e+00 
    7242           218     -9.9999999999999878e-01 
    7243             7     -9.9999999999999956e-01 
    7243            43      9.9999999999999956e-01 
    7243            49     -1.9999999999999991e+00 
    7243            73     -9.9999999999999933e-01 
    7243            51     -9.9999999999999933e-01 
    7243           123      1.9999999999999987e+00 
    7243           133     -9.9999999999999933e-01 
    7244           165     -1.2247448713915874e+00 
    7245           169     -1.2247448713915867e+00 
    7246            64      1.2247448713915876e+00 
    7246           110     -1.2247448713915876e+00 
    7248           165      7.0710678118654713e-01 
    7248           196     -1.4142135623730943e+00 
    7249            95     -9.9999999999999933e-01 
    7249           116      1.9999999999999987e+00 
    7250           169      7.0710678118654668e-01 
    7250           215     -1.4142135623730934e+00 
    7251             4     -1.4142135623730949e+00 
    7251            28      1.4142135623730947e+00 
    7251            31     -2.8284271247461894e+00 
    7251            33     -1.4142135623730945e+00 
    7251            64      7.0710678118654713e-01 
    7251            70     -1.4142135623730943e+00 
    7251           110      7.0710678118654713e-01 
    7251           130     -1.4142135623730943e+00 
    7252           106     -9.9999999999999933e-01 
    7252           116      1.9999999999999987e+00 
    7254            61     -9.9999999999999933e-01 
    7255           103     -9.9999999999999944e-01 
    7256           229     -1.4142135623730945e+00 
    7257            18      9.9999999999999967e-01 
    7257           224      9.9999999999999956e-01 
    7257           206      9.9999999999999956e-01 
    7257           147     -9.9999999999999978e-01 
    7257           164     -9.9999999999999978e-01 
    7257           192      1.9999999999999996e+00 
    7257           194      1.9999999999999996e+00 
    7258            13     -1.4142135623730945e+00 
    7258           139     -1.4142135623730943e+00 
    7258            82      1.4142135623730945e+00 
    7258            94      1.4142135623730945e+00 
    7258           112     -2.8284271247461890e+00 
    7258           114     -2.8284271247461890e+00 
    7259            19      9.9999999999999933e-01 
    7259           205      9.9999999999999878e-01 
    7259           220      9.9999999999999889e-01 
    7259           151     -9.9999999999999922e-01 
    7259           168     -9.9999999999999922e-01 
    7259           211      1.9999999999999984e+00 
    7259           213      1.9999999999999984e+00 
    7260            14      1.0000000000000000e+00 
    7260             9      9.9999999999999967e-01 
    7260           125      9.9999999999999956e-01 
    7260           135      9.9999999999999956e-01 
    7260             0      2.0000000000000004e+00 
    7260            21      1.0000000000000000e+00 
    7260             2      2.0000000000000004e+00 
    7260            23     -2.0000000000000004e+00 
    7260            24      4.0000000000000009e+00 
    7260            26      1.0000000000000000e+00 
    7260            48     -9.9999999999999967e-01 
    7260            56     -9.9999999999999967e-01 
    7260            66      1.9999999999999993e+00 
    7260            68      1.9999999999999993e+00 
    7260            86     -9.9999999999999978e-01 
    7260            98     -9.9999999999999978e-01 
    7260           126      1.9999999999999996e+00 
    7260           128      1.9999999999999996e+00 
    7283           167     -1.7320508075688756e+00 
    7283           152      1.7320508075688756e+00 
    7291           160     -1.7320508075688741e+00 
    7291           145      1.7320508075688741e+00 
    7292            90     -1.7320508075688745e+00 
    7292            80      1.7320508075688745e+00 
    7299           172      1.4142135623730949e+00 
    7300           167     -9.9999999999999956e-01 
    7300           152     -9.9999999999999956e-01 
    7301            97      1.4142135623730949e+00 
    7308           160     -9.9999999999999911e-01 
    7308           145     -9.9999999999999911e-01 
    7309            90     -9.9999999999999933e-01 
    7309            80     -9.9999999999999933e-01 
    7315            34      1.4142135623730949e+00 
    7318           202     -1.7320508075688741e+00 
    7318           154      1.7320508075688741e+00 
    7319           207      1.4142135623730943e+00 
    7320           202     -9.9999999999999911e-01 
    7320           154     -9.9999999999999911e-01 
    7321           122      1.4142135623730943e+00 
    7322            15     -1.4142135623730936e+00 
    7322           158      1.4142135623730938e+00 
    7322           198      1.4142135623730936e+00 
    7322           143     -2.8284271247461876e+00 
    7322           150     -2.8284271247461872e+00 
    7322           141     -1.4142135623730936e+00 
    7323            10     -1.4142135623730938e+00 
    7323            88      1.4142135623730940e+00 
    7323           118      1.4142135623730938e+00 
    7323            78     -2.8284271247461881e+00 
    7323            85     -2.8284271247461876e+00 
    7323            76     -1.4142135623730938e+00 
    7325           149      1.7320508075688741e+00 
    7326            84      1.7320508075688745e+00 
    7330           149     -9.9999999999999911e-01 
    7330           195      1.9999999999999982e+00 
    7331            84     -9.9999999999999933e-01 
    7331           115      1.9999999999999987e+00 
    7332             3     -1.4142135623730945e+00 
    7332            32      1.4142135623730945e+00 
    7332            29     -2.8284271247461890e+00 
    7332            27     -1.4142135623730943e+00 
    7332            63      1.4142135623730945e+00 
    7332            69     -2.8284271247461890e+00 
    7335            60      1.4142135623730936e+00 
    7339           173      1.0000000000000002e+00 
    7340           168     -1.4142135623730947e+00 
    7341            98      1.0000000000000002e+00 
    7348           161     -1.4142135623730943e+00 
    7349            91     -1.4142135623730945e+00 
    7355            35      1.0000000000000002e+00 
    7358           203     -1.7320508075688745e+00 
    7358           170      1.7320508075688745e+00 
    7359           208      1.4142135623730945e+00 
    7360           203     -9.9999999999999933e-01 
    7360           170     -9.9999999999999933e-01 
    7361           123      1.4142135623730945e+00 
    7362            16     -1.4142135623730938e+00 
    7362           199      1.4142135623730940e+00 
    7362           166     -2.8284271247461881e+00 
    7362           142      1.4142135623730940e+00 
    7362           157     -2.8284271247461881e+00 
    7362           159     -1.4142135623730938e+00 
    7363            11     -1.4142135623730943e+00 
    7363           119      1.4142135623730943e+00 
    7363            96     -2.8284271247461885e+00 
    7363            77      1.4142135623730943e+00 
    7363            87     -2.8284271247461885e+00 
    7363            89     -1.4142135623730940e+00 
    7365           165      1.7320508075688745e+00 
    7366            95      1.7320508075688750e+00 
    7370           165     -9.9999999999999933e-01 
    7370           196      1.9999999999999987e+00 
    7371            95     -9.9999999999999956e-01 
    7371           116      1.9999999999999991e+00 
    7372             4     -1.4142135623730949e+00 
    7372            28      1.4142135623730947e+00 
    7372            31     -2.8284271247461894e+00 
    7372            33     -1.4142135623730945e+00 
    7372            64      1.4142135623730949e+00 
    7372            70     -2.8284271247461898e+00 
    7375            61      1.4142135623730940e+00 
    7376           210      1.0000000000000002e+00 
    7377           205     -1.4142135623730947e+00 
    7378           125      1.0000000000000002e+00 
    7379            18     -1.4142135623730945e+00 
    7379           201     -1.4142135623730943e+00 
    7379           147      1.4142135623730945e+00 
    7379           164      1.4142135623730945e+00 
    7379           192     -2.8284271247461890e+00 
    7379           194     -2.8284271247461890e+00 
    7380            13     -1.4142135623730949e+00 
    7380           121     -1.4142135623730945e+00 
    7380            82      1.4142135623730947e+00 
    7380            94      1.4142135623730947e+00 
    7380           112     -2.8284271247461894e+00 
    7380           114     -2.8284271247461894e+00 
    7381             9      2.0000000000000004e+00 
    7381            75      1.0000000000000000e+00 
    7381             0      2.0000000000000004e+00 
    7381            21      1.0000000000000000e+00 
    7381             2      2.0000000000000004e+00 
    7381            23     -2.0000000000000004e+00 
    7381            24      4.0000000000000009e+00 
    7381            26      1.0000000000000000e+00 
    7381            48     -2.0000000000000004e+00 
    7381            56     -2.0000000000000004e+00 
    7381            66      4.0000000000000009e+00 
    7381            68      4.0000000000000009e+00 
    7405            93     -1.4142135623730931e+00 
    7405            83      1.4142135623730931e+00 
    7406           167      1.2247448713915863e+00 
    7406           152     -1.2247448713915863e+00 
    7408            93     -5.0000000000000022e-01 
    7408            83      5.0000000000000022e-01 
    7409           163      1.2247448713915863e+00 
    7409           148     -1.2247448713915863e+00 
    7410            93     -8.6602540378443715e-01 
    7410            83      8.6602540378443715e-01 
    7414            90      1.2247448713915869e+00 
    7414            80     -1.2247448713915869e+00 
    7415            52      1.2247448713915876e+00 
    7415            46     -1.2247448713915876e+00 
    7423           167     -7.0710678118654657e-01 
    7423           152     -7.0710678118654657e-01 
    7424            97      1.4142135623730936e+00 
    7425            93     -8.6602540378443771e-01 
    7425            83     -8.6602540378443771e-01 
    7426           163     -7.0710678118654657e-01 
    7426           148     -7.0710678118654657e-01 
    7427            93      4.9999999999999950e-01 
    7427            83      4.9999999999999950e-01 
    7429            55      1.4142135623730940e+00 
    7431           160      9.9999999999999878e-01 
    7431           145      9.9999999999999878e-01 
    7432            90     -7.0710678118654691e-01 
    7432            80     -7.0710678118654691e-01 
    7434            52     -7.0710678118654713e-01 
    7434            46     -7.0710678118654713e-01 
    7437           184      1.9999999999999967e+00 
    7437           153     -9.9999999999999800e-01 
    7438           109     -9.9999999999999889e-01 
    7439            84      1.2247448713915889e+00 
    7440           180      1.9999999999999969e+00 
    7440           149     -9.9999999999999822e-01 
    7441           105     -1.4142135623730936e+00 
    7441            84      7.0710678118654668e-01 
    7443            63     -9.9999999999999922e-01 
    7445            10      1.2247448713915869e+00 
    7445            88     -1.2247448713915869e+00 
    7445            78      2.4494897427831739e+00 
    7445            81      1.2247448713915867e+00 
    7445           226     -1.2247448713915863e+00 
    7445           241      1.2247448713915867e+00 
    7445            76      1.2247448713915867e+00 
    7446             6      1.2247448713915876e+00 
    7446            50     -1.2247448713915876e+00 
    7446            44      2.4494897427831752e+00 
    7446            47      1.2247448713915874e+00 
    7446           207     -1.2247448713915863e+00 
    7446           237      1.2247448713915869e+00 
    7446            42      1.2247448713915874e+00 
    7447           202     -1.2247448713915869e+00 
    7447           217      1.2247448713915865e+00 
    7448            15     -9.9999999999999822e-01 
    7448           158      9.9999999999999822e-01 
    7448           177      1.9999999999999958e+00 
    7448           143     -1.9999999999999964e+00 
    7448           146     -9.9999999999999811e-01 
    7448           246     -9.9999999999999811e-01 
    7448           141     -9.9999999999999811e-01 
    7449            10      7.0710678118654657e-01 
    7449            88     -7.0710678118654657e-01 
    7449           102     -1.4142135623730927e+00 
    7449            78      1.4142135623730931e+00 
    7449            81      7.0710678118654646e-01 
    7449           226      7.0710678118654635e-01 
    7449           241      7.0710678118654646e-01 
    7449            76      7.0710678118654646e-01 
    7450           221     -9.9999999999999911e-01 
    7451             6      7.0710678118654680e-01 
    7451            50     -7.0710678118654680e-01 
    7451            60     -1.4142135623730931e+00 
    7451            44      1.4142135623730936e+00 
    7451            47      7.0710678118654668e-01 
    7451           207      7.0710678118654613e-01 
    7451           237      7.0710678118654646e-01 
    7451            42      7.0710678118654668e-01 
    7452           202      7.0710678118654635e-01 
    7452           217      7.0710678118654646e-01 
    7453           198     -9.9999999999999900e-01 
    7454             3     -9.9999999999999956e-01 
    7454            32      9.9999999999999956e-01 
    7454            29     -1.9999999999999991e+00 
    7454           189      1.9999999999999969e+00 
    7454           234     -9.9999999999999878e-01 
    7454            39     -9.9999999999999933e-01 
    7454            27     -9.9999999999999933e-01 
    7455           184      1.9999999999999958e+00 
    7455           214     -9.9999999999999833e-01 
    7456           180      1.9999999999999964e+00 
    7456           195     -9.9999999999999845e-01 
    7463           168     -9.9999999999999900e-01 
    7464            98      9.9999999999999933e-01 
    7465            94     -1.2247448713915883e+00 
    7466           164     -9.9999999999999900e-01 
    7467            94      7.0710678118654713e-01 
    7469            56      9.9999999999999967e-01 
    7471           161      1.4142135623730936e+00 
    7472            91     -9.9999999999999933e-01 
    7474            53     -9.9999999999999967e-01 
    7477           185      1.9999999999999969e+00 
    7477           169     -9.9999999999999822e-01 
    7478           110     -9.9999999999999900e-01 
    7479            95      1.2247448713915892e+00 
    7480           181      1.9999999999999973e+00 
    7480           165     -9.9999999999999867e-01 
    7481           106     -1.4142135623730936e+00 
    7481            95      7.0710678118654657e-01 
    7483            64     -9.9999999999999933e-01 
    7485            11      1.2247448713915872e+00 
    7485            92      1.2247448713915869e+00 
    7485            77     -1.2247448713915869e+00 
    7485            87      2.4494897427831739e+00 
    7485           227     -1.2247448713915865e+00 
    7485           242      1.2247448713915869e+00 
    7485            89      1.2247448713915869e+00 
    7486             7      1.2247448713915881e+00 
    7486            54      1.2247448713915876e+00 
    7486            43     -1.2247448713915878e+00 
    7486            49      2.4494897427831757e+00 
    7486           208     -1.2247448713915867e+00 
    7486           238      1.2247448713915874e+00 
    7486            51      1.2247448713915876e+00 
    7487           203     -1.2247448713915872e+00 
    7487           218      1.2247448713915869e+00 
    7488            16     -9.9999999999999845e-01 
    7488           178      1.9999999999999960e+00 
    7488           162     -9.9999999999999822e-01 
    7488           142      9.9999999999999845e-01 
    7488           157     -1.9999999999999969e+00 
    7488           247     -9.9999999999999833e-01 
    7488           159     -9.9999999999999822e-01 
    7489            11      7.0710678118654668e-01 
    7489           103     -1.4142135623730929e+00 
    7489            92      7.0710678118654657e-01 
    7489            77     -7.0710678118654668e-01 
    7489            87      1.4142135623730934e+00 
    7489           227      7.0710678118654657e-01 
    7489           242      7.0710678118654657e-01 
    7489            89      7.0710678118654657e-01 
    7490           222     -9.9999999999999944e-01 
    7491             7      7.0710678118654691e-01 
    7491            61     -1.4142135623730936e+00 
    7491            54      7.0710678118654680e-01 
    7491            43     -7.0710678118654691e-01 
    7491            49      1.4142135623730938e+00 
    7491           208      7.0710678118654657e-01 
    7491           238      7.0710678118654657e-01 
    7491            51      7.0710678118654680e-01 
    7492           203      7.0710678118654657e-01 
    7492           218      7.0710678118654668e-01 
    7493           199     -9.9999999999999933e-01 
    7494             4     -9.9999999999999967e-01 
    7494            28      9.9999999999999967e-01 
    7494            31     -1.9999999999999993e+00 
    7494           190      1.9999999999999973e+00 
    7494           235     -9.9999999999999889e-01 
    7494            40     -9.9999999999999956e-01 
    7494            33     -9.9999999999999956e-01 
    7495           185      1.9999999999999967e+00 
    7495           215     -9.9999999999999867e-01 
    7496           181      1.9999999999999973e+00 
    7496           196     -9.9999999999999867e-01 
    7497            17     -1.4142135623730936e+00 
    7497           144      1.4142135623730936e+00 
    7497           161      1.4142135623730936e+00 
    7497           174     -2.8284271247461872e+00 
    7497           176     -2.8284271247461872e+00 
    7497           248     -1.4142135623730934e+00 
    7498            12      9.9999999999999933e-01 
    7498            79     -9.9999999999999933e-01 
    7498            91     -9.9999999999999933e-01 
    7498            99      1.9999999999999987e+00 
    7498           101      1.9999999999999987e+00 
    7498           228      9.9999999999999933e-01 
    7498           243      9.9999999999999922e-01 
    7499           223     -1.4142135623730943e+00 
    7500             8      9.9999999999999967e-01 
    7500            45     -9.9999999999999967e-01 
    7500            53     -9.9999999999999967e-01 
    7500            57      1.9999999999999993e+00 
    7500            59      1.9999999999999993e+00 
    7500           209      9.9999999999999889e-01 
    7500           239      9.9999999999999922e-01 
    7501           204      9.9999999999999878e-01 
    7501           219      9.9999999999999889e-01 
    7502           200     -1.4142135623730943e+00 
    7503            20      1.0000000000000000e+00 
    7503             0      2.0000000000000004e+00 
    7503            21      1.0000000000000000e+00 
    7503             2      2.0000000000000004e+00 
    7503            23     -2.0000000000000004e+00 
    7503            24      4.0000000000000009e+00 
    7503            26      1.0000000000000000e+00 
    7503             5      9.9999999999999967e-01 
    7503            30     -9.9999999999999967e-01 
    7503            35     -9.9999999999999967e-01 
    7503           156     -9.9999999999999922e-01 
    7503           173     -9.9999999999999922e-01 
    7503           191      9.9999999999999833e-01 
    7503            36      1.9999999999999993e+00 
    7503            38      1.9999999999999993e+00 
    7503           231      1.9999999999999984e+00 
    7503           233      1.9999999999999984e+00 
    7503           236      9.9999999999999889e-01 
    7527           163      1.4142135623730931e+00 
    7527           148     -1.4142135623730931e+00 
    7529           167     -1.2247448713915861e+00 
    7529           152      1.2247448713915861e+00 
    7530           163      5.0000000000000011e-01 
    7530           148     -5.0000000000000011e-01 
    7532           163     -8.6602540378443726e-01 
    7532           148      8.6602540378443726e-01 
    7533            93      1.2247448713915869e+00 
    7533            83     -1.2247448713915869e+00 
    7536           160     -1.2247448713915867e+00 
    7536           145      1.2247448713915867e+00 
    7538            52      1.2247448713915876e+00 
    7538            46     -1.2247448713915876e+00 
    7545           172      1.4142135623730940e+00 
    7546           167     -7.0710678118654646e-01 
    7546           152     -7.0710678118654646e-01 
    7547           163      8.6602540378443760e-01 
    7547           148      8.6602540378443760e-01 
    7549           163      4.9999999999999956e-01 
    7549           148      4.9999999999999956e-01 
    7550            93     -7.0710678118654680e-01 
    7550            83     -7.0710678118654680e-01 
    7552            55      1.4142135623730940e+00 
    7554           160     -7.0710678118654691e-01 
    7554           145     -7.0710678118654691e-01 
    7555            90      9.9999999999999900e-01 
    7555            80      9.9999999999999900e-01 
    7557            52     -7.0710678118654713e-01 
    7557            46     -7.0710678118654713e-01 
    7559           189     -9.9999999999999922e-01 
    7560           184     -9.9999999999999789e-01 
    7560           153      1.9999999999999964e+00 
    7561           149     -1.2247448713915887e+00 
    7563           180     -1.4142135623730936e+00 
    7563           149      7.0710678118654668e-01 
    7564           105      1.9999999999999973e+00 
    7564            84     -9.9999999999999856e-01 
    7566            63     -9.9999999999999922e-01 
    7567            15     -1.2247448713915869e+00 
    7567           158      1.2247448713915867e+00 
    7567           221      1.2247448713915872e+00 
    7567           143     -2.4494897427831734e+00 
    7567           146     -1.2247448713915865e+00 
    7567           155     -1.2247448713915867e+00 
    7567           141     -1.2247448713915865e+00 
    7568           154     -1.2247448713915863e+00 
    7568           217      1.2247448713915867e+00 
    7569             6      1.2247448713915876e+00 
    7569            50     -1.2247448713915876e+00 
    7569            44      2.4494897427831752e+00 
    7569            47      1.2247448713915874e+00 
    7569            42      1.2247448713915874e+00 
    7569           122     -1.2247448713915869e+00 
    7569           132      1.2247448713915874e+00 
    7570           226     -9.9999999999999856e-01 
    7571            15      7.0710678118654668e-01 
    7571           158     -7.0710678118654657e-01 
    7571           177     -1.4142135623730927e+00 
    7571           221      7.0710678118654635e-01 
    7571           143      1.4142135623730931e+00 
    7571           146      7.0710678118654646e-01 
    7571           155      7.0710678118654646e-01 
    7571           141      7.0710678118654646e-01 
    7572            10     -9.9999999999999856e-01 
    7572            88      9.9999999999999856e-01 
    7572           102      1.9999999999999964e+00 
    7572            78     -1.9999999999999971e+00 
    7572            81     -9.9999999999999845e-01 
    7572           136     -9.9999999999999845e-01 
    7572            76     -9.9999999999999845e-01 
    7573           154      7.0710678118654613e-01 
    7573           217      7.0710678118654624e-01 
    7574             6      7.0710678118654680e-01 
    7574            50     -7.0710678118654680e-01 
    7574            60     -1.4142135623730931e+00 
    7574            44      1.4142135623730936e+00 
    7574            47      7.0710678118654668e-01 
    7574            42      7.0710678118654668e-01 
    7574           122      7.0710678118654680e-01 
    7574           132      7.0710678118654668e-01 
    7575           118     -9.9999999999999922e-01 
    7576           153      1.9999999999999964e+00 
    7576           214     -9.9999999999999845e-01 
    7577             3     -9.9999999999999956e-01 
    7577            32      9.9999999999999956e-01 
    7577            29     -1.9999999999999991e+00 
    7577            39     -9.9999999999999933e-01 
    7577            27     -9.9999999999999933e-01 
    7577           109      1.9999999999999978e+00 
    7577           129     -9.9999999999999900e-01 
    7578           105      1.9999999999999971e+00 
    7578           115     -9.9999999999999867e-01 
    7585           173      9.9999999999999967e-01 
    7586           168     -9.9999999999999889e-01 
    7587           164      1.2247448713915881e+00 
    7589           164      7.0710678118654713e-01 
    7590            94     -9.9999999999999933e-01 
    7592            56      9.9999999999999967e-01 
    7594           161     -9.9999999999999944e-01 
    7595            91      1.4142135623730940e+00 
    7597            53     -9.9999999999999967e-01 
    7599           190     -9.9999999999999933e-01 
    7600           185     -9.9999999999999800e-01 
    7600           169      1.9999999999999967e+00 
    7601           165     -1.2247448713915889e+00 
    7603           181     -1.4142135623730936e+00 
    7603           165      7.0710678118654657e-01 
    7604           106      1.9999999999999978e+00 
    7604            95     -9.9999999999999867e-01 
    7606            64     -9.9999999999999933e-01 
    7607            16     -1.2247448713915869e+00 
    7607           222      1.2247448713915872e+00 
    7607           162     -1.2247448713915867e+00 
    7607           171     -1.2247448713915869e+00 
    7607           142      1.2247448713915867e+00 
    7607           157     -2.4494897427831734e+00 
    7607           159     -1.2247448713915867e+00 
    7608           170     -1.2247448713915863e+00 
    7608           218      1.2247448713915869e+00 
    7609             7      1.2247448713915881e+00 
    7609            54      1.2247448713915876e+00 
    7609            43     -1.2247448713915878e+00 
    7609            49      2.4494897427831757e+00 
    7609            51      1.2247448713915876e+00 
    7609           123     -1.2247448713915872e+00 
    7609           133      1.2247448713915878e+00 
    7610           227     -9.9999999999999878e-01 
    7611            16      7.0710678118654680e-01 
    7611           178     -1.4142135623730929e+00 
    7611           222      7.0710678118654657e-01 
    7611           162      7.0710678118654657e-01 
    7611           171      7.0710678118654657e-01 
    7611           142     -7.0710678118654668e-01 
    7611           157      1.4142135623730934e+00 
    7611           159      7.0710678118654657e-01 
    7612            11     -9.9999999999999878e-01 
    7612           103      1.9999999999999969e+00 
    7612            92     -9.9999999999999856e-01 
    7612            77      9.9999999999999878e-01 
    7612            87     -1.9999999999999976e+00 
    7612           137     -9.9999999999999867e-01 
    7612            89     -9.9999999999999856e-01 
    7613           170      7.0710678118654624e-01 
    7613           218      7.0710678118654635e-01 
    7614             7      7.0710678118654691e-01 
    7614            61     -1.4142135623730936e+00 
    7614            54      7.0710678118654680e-01 
    7614            43     -7.0710678118654691e-01 
    7614            49      1.4142135623730938e+00 
    7614            51      7.0710678118654680e-01 
    7614           123      7.0710678118654691e-01 
    7614           133      7.0710678118654680e-01 
    7615           119     -9.9999999999999956e-01 
    7616           169      1.9999999999999967e+00 
    7616           215     -9.9999999999999867e-01 
    7617             4     -9.9999999999999967e-01 
    7617            28      9.9999999999999967e-01 
    7617            31     -1.9999999999999993e+00 
    7617            40     -9.9999999999999956e-01 
    7617            33     -9.9999999999999956e-01 
    7617           110      1.9999999999999980e+00 
    7617           130     -9.9999999999999922e-01 
    7618           106      1.9999999999999978e+00 
    7618           116     -9.9999999999999889e-01 
    7619           228     -1.4142135623730940e+00 
    7620            17      9.9999999999999933e-01 
    7620           223      9.9999999999999911e-01 
    7620           188      9.9999999999999922e-01 
    7620           144     -9.9999999999999944e-01 
    7620           161     -9.9999999999999944e-01 
    7620           174      1.9999999999999989e+00 
    7620           176      1.9999999999999989e+00 
    7621            12     -1.4142135623730940e+00 
    7621            79      1.4142135623730940e+00 
    7621            91      1.4142135623730940e+00 
    7621            99     -2.8284271247461881e+00 
    7621           101     -2.8284271247461881e+00 
    7621           138     -1.4142135623730938e+00 
    7622           187      9.9999999999999878e-01 
    7622           219      9.9999999999999889e-01 
    7623             8      9.9999999999999967e-01 
    7623            45     -9.9999999999999967e-01 
    7623            53     -9.9999999999999967e-01 
    7623            57      1.9999999999999993e+00 
    7623            59      1.9999999999999993e+00 
    7623           124      9.9999999999999956e-01 
    7623           134      9.9999999999999956e-01 
    7624           120     -1.4142135623730945e+00 
    7625            19      9.9999999999999933e-01 
    7625           151     -9.9999999999999889e-01 
    7625           168     -9.9999999999999889e-01 
    7625           186      9.9999999999999800e-01 
    7625           211      1.9999999999999978e+00 
    7625           213      1.9999999999999978e+00 
    7625           216      9.9999999999999867e-01 
    7626            14      1.0000000000000000e+00 
    7626             0      2.0000000000000004e+00 
    7626            21      1.0000000000000000e+00 
    7626             2      2.0000000000000004e+00 
    7626            23     -2.0000000000000004e+00 
    7626            24      4.0000000000000009e+00 
    7626            26      1.0000000000000000e+00 
    7626             5      9.9999999999999967e-01 
    7626            30     -9.9999999999999967e-01 
    7626            35     -9.9999999999999967e-01 
    7626            36      1.9999999999999993e+00 
    7626            38      1.9999999999999993e+00 
    7626            86     -9.9999999999999956e-01 
    7626            98     -9.9999999999999956e-01 
    7626           111      9.9999999999999889e-01 
    7626           126      1.9999999999999991e+00 
    7626           128      1.9999999999999991e+00 
    7626           131      9.9999999999999922e-01 
    7650           167     -1.4142135623730925e+00 
    7650           152      1.4142135623730925e+00 
    7653           167      9.9999999999999800e-01 
    7653           152     -9.9999999999999800e-01 
    7657           163     -1.2247448713915865e+00 
    7657           148      1.2247448713915865e+00 
    7658            93     -1.2247448713915867e+00 
    7658            83      1.2247448713915867e+00 
    7660           160     -1.2247448713915872e+00 
    7660           145      1.2247448713915872e+00 
    7661            90     -1.2247448713915874e+00 
    7661            80      1.2247448713915874e+00 
    7671           172      1.4142135623730945e+00 
    7672           167     -9.9999999999999933e-01 
    7672           152     -9.9999999999999933e-01 
    7673            97      1.4142135623730945e+00 
    7674           163     -7.0710678118654657e-01 
    7674           148     -7.0710678118654657e-01 
    7675            93     -7.0710678118654668e-01 
    7675            83     -7.0710678118654668e-01 
    7679           160     -7.0710678118654702e-01 
    7679           145     -7.0710678118654702e-01 
    7680            90     -7.0710678118654713e-01 
    7680            80     -7.0710678118654713e-01 
    7681            52      9.9999999999999933e-01 
    7681            46      9.9999999999999933e-01 
    7684           184      1.2247448713915872e+00 
    7684           153     -1.2247448713915872e+00 
    7685           189     -9.9999999999999956e-01 
    7686           184      7.0710678118654691e-01 
    7686           153      7.0710678118654691e-01 
    7687           109     -9.9999999999999956e-01 
    7688           180     -9.9999999999999822e-01 
    7688           149      1.9999999999999969e+00 
    7689           105     -9.9999999999999867e-01 
    7689            84      1.9999999999999973e+00 
    7690           202      1.2247448713915867e+00 
    7690           154     -1.2247448713915867e+00 
    7691            15     -1.2247448713915872e+00 
    7691           158      1.2247448713915872e+00 
    7691           198      1.2247448713915876e+00 
    7691           143     -2.4494897427831743e+00 
    7691           146     -1.2247448713915869e+00 
    7691           150     -1.2247448713915872e+00 
    7691           141     -1.2247448713915869e+00 
    7692            10     -1.2247448713915874e+00 
    7692            88      1.2247448713915874e+00 
    7692           118      1.2247448713915876e+00 
    7692            78     -2.4494897427831748e+00 
    7692            81     -1.2247448713915872e+00 
    7692            85     -1.2247448713915874e+00 
    7692            76     -1.2247448713915872e+00 
    7693           207     -9.9999999999999889e-01 
    7694           202      7.0710678118654646e-01 
    7694           154      7.0710678118654646e-01 
    7695           122     -9.9999999999999889e-01 
    7696            15      7.0710678118654668e-01 
    7696           158     -7.0710678118654668e-01 
    7696           177     -1.4142135623730929e+00 
    7696           198      7.0710678118654657e-01 
    7696           143      1.4142135623730934e+00 
    7696           146      7.0710678118654657e-01 
    7696           150      7.0710678118654657e-01 
    7696           141      7.0710678118654657e-01 
    7697            10      7.0710678118654691e-01 
    7697            88     -7.0710678118654680e-01 
    7697           102     -1.4142135623730931e+00 
    7697           118      7.0710678118654680e-01 
    7697            78      1.4142135623730936e+00 
    7697            81      7.0710678118654668e-01 
    7697            85      7.0710678118654668e-01 
    7697            76      7.0710678118654668e-01 
    7698             6     -9.9999999999999889e-01 
    7698            50      9.9999999999999889e-01 
    7698            60      1.9999999999999973e+00 
    7698            44     -1.9999999999999978e+00 
    7698            47     -9.9999999999999878e-01 
    7698            72     -9.9999999999999878e-01 
    7698            42     -9.9999999999999878e-01 
    7699           149      1.9999999999999969e+00 
    7699           195     -9.9999999999999856e-01 
    7700            84      1.9999999999999973e+00 
    7700           115     -9.9999999999999878e-01 
    7701             3     -9.9999999999999956e-01 
    7701            32      9.9999999999999956e-01 
    7701            29     -1.9999999999999991e+00 
    7701            39     -9.9999999999999933e-01 
    7701            27     -9.9999999999999933e-01 
    7701            63      1.9999999999999987e+00 
    7701            69     -9.9999999999999933e-01 
    7711           173      1.0000000000000000e+00 
    7712           168     -1.4142135623730945e+00 
    7713            98      1.0000000000000000e+00 
    7714           164     -9.9999999999999900e-01 
    7715            94     -9.9999999999999922e-01 
    7719           161     -9.9999999999999956e-01 
    7720            91     -9.9999999999999978e-01 
    7721            53      1.4142135623730945e+00 
    7724           185      1.2247448713915874e+00 
    7724           169     -1.2247448713915874e+00 
    7725           190     -9.9999999999999967e-01 
    7726           185      7.0710678118654702e-01 
    7726           169      7.0710678118654702e-01 
    7727           110     -9.9999999999999967e-01 
    7728           181     -9.9999999999999867e-01 
    7728           165      1.9999999999999973e+00 
    7729           106     -9.9999999999999878e-01 
    7729            95      1.9999999999999978e+00 
    7730           203      1.2247448713915869e+00 
    7730           170     -1.2247448713915869e+00 
    7731            16     -1.2247448713915874e+00 
    7731           199      1.2247448713915876e+00 
    7731           162     -1.2247448713915872e+00 
    7731           166     -1.2247448713915874e+00 
    7731           142      1.2247448713915874e+00 
    7731           157     -2.4494897427831748e+00 
    7731           159     -1.2247448713915872e+00 
    7732            11     -1.2247448713915878e+00 
    7732           119      1.2247448713915881e+00 
    7732            92     -1.2247448713915874e+00 
    7732            96     -1.2247448713915876e+00 
    7732            77      1.2247448713915876e+00 
    7732            87     -2.4494897427831752e+00 
    7732            89     -1.2247448713915874e+00 
    7733           208     -9.9999999999999900e-01 
    7734           203      7.0710678118654657e-01 
    7734           170      7.0710678118654657e-01 
    7735           123     -9.9999999999999900e-01 
    7736            16      7.0710678118654691e-01 
    7736           178     -1.4142135623730931e+00 
    7736           199      7.0710678118654680e-01 
    7736           162      7.0710678118654668e-01 
    7736           166      7.0710678118654668e-01 
    7736           142     -7.0710678118654680e-01 
    7736           157      1.4142135623730936e+00 
    7736           159      7.0710678118654668e-01 
    7737            11      7.0710678118654702e-01 
    7737           103     -1.4142135623730936e+00 
    7737           119      7.0710678118654668e-01 
    7737            92      7.0710678118654680e-01 
    7737            96      7.0710678118654680e-01 
    7737            77     -7.0710678118654691e-01 
    7737            87      1.4142135623730938e+00 
    7737            89      7.0710678118654680e-01 
    7738             7     -9.9999999999999900e-01 
    7738            61      1.9999999999999973e+00 
    7738            54     -9.9999999999999889e-01 
    7738            43      9.9999999999999900e-01 
    7738            49     -1.9999999999999980e+00 
    7738            73     -9.9999999999999900e-01 
    7738            51     -9.9999999999999889e-01 
    7739           165      1.9999999999999973e+00 
    7739           196     -9.9999999999999867e-01 
    7740            95      1.9999999999999978e+00 
    7740           116     -9.9999999999999889e-01 
    7741             4     -9.9999999999999967e-01 
    7741            28      9.9999999999999967e-01 
    7741            31     -1.9999999999999993e+00 
    7741            40     -9.9999999999999956e-01 
    7741            33     -9.9999999999999956e-01 
    7741            64      1.9999999999999991e+00 
    7741            70     -9.9999999999999956e-01 
    7742           209     -1.4142135623730945e+00 
    7743           204      9.9999999999999933e-01 
    7743           187      9.9999999999999933e-01 
    7744           124     -1.4142135623730945e+00 
    7745            17      9.9999999999999956e-01 
    7745           200      9.9999999999999922e-01 
    7745           183      9.9999999999999933e-01 
    7745           144     -9.9999999999999956e-01 
    7745           161     -9.9999999999999956e-01 
    7745           174      1.9999999999999991e+00 
    7745           176      1.9999999999999991e+00 
    7746            12      9.9999999999999967e-01 
    7746           120      9.9999999999999956e-01 
    7746           108      9.9999999999999956e-01 
    7746            79     -9.9999999999999978e-01 
    7746            91     -9.9999999999999978e-01 
    7746            99      1.9999999999999996e+00 
    7746           101      1.9999999999999996e+00 
    7747             8     -1.4142135623730945e+00 
    7747            45      1.4142135623730945e+00 
    7747            53      1.4142135623730945e+00 
    7747            57     -2.8284271247461890e+00 
    7747            59     -2.8284271247461890e+00 
    7747            74     -1.4142135623730943e+00 
    7748            18      9.9999999999999922e-01 
    7748           147     -9.9999999999999900e-01 
    7748           164     -9.9999999999999900e-01 
    7748           182      9.9999999999999867e-01 
    7748           192      1.9999999999999980e+00 
    7748           194      1.9999999999999980e+00 
    7748           197      9.9999999999999867e-01 
    7749            13      9.9999999999999933e-01 
    7749            82     -9.9999999999999922e-01 
    7749            94     -9.9999999999999922e-01 
    7749           107      9.9999999999999878e-01 
    7749           112      1.9999999999999984e+00 
    7749           114      1.9999999999999984e+00 
    7749           117      9.9999999999999889e-01 
    7750             9      1.0000000000000000e+00 
    7750             0      2.0000000000000004e+00 
    7750            21      1.0000000000000000e+00 
    7750             2      2.0000000000000004e+00 
    7750            23     -2.0000000000000004e+00 
    7750            24      4.0000000000000009e+00 
    7750            26      1.0000000000000000e+00 
    7750             5      9.9999999999999967e-01 
    7750            30     -9.9999999999999967e-01 
    7750            35     -9.9999999999999967e-01 
    7750            36      1.9999999999999993e+00 
    7750            38      1.9999999999999993e+00 
    7750            48     -9.9999999999999978e-01 
    7750            56     -9.9999999999999978e-01 
    7750            65      9.9999999999999956e-01 
    7750            66      1.9999999999999996e+00 
    7750            68      1.9999999999999996e+00 
    7750            71      9.9999999999999956e-01 
    7783           167     -1.7320508075688756e+00 
    7783           152      1.7320508075688756e+00 
    7784           163     -1.7320508075688750e+00 
    7784           148      1.7320508075688750e+00 
    7785            93     -1.7320508075688752e+00 
    7785            83      1.7320508075688752e+00 
    7800           172      1.4142135623730949e+00 
    7801           167     -9.9999999999999956e-01 
    7801           152     -9.9999999999999956e-01 
    7802            97      1.4142135623730949e+00 
    7803           163     -9.9999999999999933e-01 
    7803           148     -9.9999999999999933e-01 
    7804            93     -9.9999999999999956e-01 
    7804            83     -9.9999999999999956e-01 
    7805            55      1.4142135623730949e+00 
    7814           184     -1.7320508075688750e+00 
    7814           153      1.7320508075688750e+00 
    7815           180     -1.7320508075688741e+00 
    7815           149      1.7320508075688741e+00 
    7816           105     -1.7320508075688745e+00 
    7816            84      1.7320508075688745e+00 
    7817           189      1.4142135623730945e+00 
    7818           184     -9.9999999999999933e-01 
    7818           153     -9.9999999999999933e-01 
    7819           109      1.4142135623730945e+00 
    7820           180     -9.9999999999999911e-01 
    7820           149     -9.9999999999999911e-01 
    7821           105     -9.9999999999999933e-01 
    7821            84     -9.9999999999999933e-01 
    7822            63      1.4142135623730945e+00 
    7823            15     -1.4142135623730936e+00 
    7823           158      1.4142135623730938e+00 
    7823           177      1.4142135623730938e+00 
    7823           143     -2.8284271247461876e+00 
    7823           146     -2.8284271247461876e+00 
    7823           141     -1.4142135623730936e+00 
    7824            10     -1.4142135623730938e+00 
    7824            88      1.4142135623730940e+00 
    7824           102      1.4142135623730940e+00 
    7824            78     -2.8284271247461881e+00 
    7824            81     -2.8284271247461881e+00 
    7824            76     -1.4142135623730938e+00 
    7825             6     -1.4142135623730943e+00 
    7825            50      1.4142135623730943e+00 
    7825            60      1.4142135623730943e+00 
    7825            44     -2.8284271247461885e+00 
    7825            47     -2.8284271247461885e+00 
    7825            42     -1.4142135623730940e+00 
    7840           173      1.0000000000000002e+00 
    7841           168     -1.4142135623730947e+00 
    7842            98      1.0000000000000002e+00 
    7843           164     -1.4142135623730945e+00 
    7844            94     -1.4142135623730947e+00 
    7845            56      1.0000000000000002e+00 
    7854           185     -1.7320508075688752e+00 
    7854           169      1.7320508075688752e+00 
    7855           181     -1.7320508075688745e+00 
    7855           165      1.7320508075688745e+00 
    7856           106     -1.7320508075688750e+00 
    7856            95      1.7320508075688750e+00 
    7857           190      1.4142135623730949e+00 
    7858           185     -9.9999999999999956e-01 
    7858           169     -9.9999999999999956e-01 
    7859           110      1.4142135623730949e+00 
    7860           181     -9.9999999999999933e-01 
    7860           165     -9.9999999999999933e-01 
    7861           106     -9.9999999999999956e-01 
    7861            95     -9.9999999999999956e-01 
    7862            64      1.4142135623730949e+00 
    7863            16     -1.4142135623730938e+00 
    7863           178      1.4142135623730940e+00 
    7863           162     -2.8284271247461881e+00 
    7863           142      1.4142135623730940e+00 
    7863           157     -2.8284271247461881e+00 
    7863           159     -1.4142135623730938e+00 
    7864            11     -1.4142135623730943e+00 
    7864           103      1.4142135623730943e+00 
    7864            92     -2.8284271247461885e+00 
    7864            77      1.4142135623730943e+00 
    7864            87     -2.8284271247461885e+00 
    7864            89     -1.4142135623730940e+00 
    7865             7     -1.4142135623730945e+00 
    7865            61      1.4142135623730945e+00 
    7865            54     -2.8284271247461890e+00 
    7865            43      1.4142135623730945e+00 
    7865            49     -2.8284271247461890e+00 
    7865            51     -1.4142135623730943e+00 
    7866           191      1.0000000000000002e+00 
    7867           186     -1.4142135623730947e+00 
    7868           111      1.0000000000000002e+00 
    7869           182     -1.4142135623730945e+00 
    7870           107     -1.4142135623730947e+00 
    7871            65      1.0000000000000002e+00 
    7872            17     -1.4142135623730943e+00 
    7872           144      1.4142135623730943e+00 
    7872           161      1.4142135623730943e+00 
    7872           174     -2.8284271247461885e+00 
    7872           176     -2.8284271247461885e+00 
    7872           179     -1.4142135623730940e+00 
    7873            12     -1.4142135623730945e+00 
    7873            79      1.4142135623730945e+00 
    7873            91      1.4142135623730945e+00 
    7873            99     -2.8284271247461890e+00 
    7873           101     -2.8284271247461890e+00 
    7873           104     -1.4142135623730943e+00 
    7874             8     -1.4142135623730949e+00 
    7874            45      1.4142135623730947e+00 
    7874            53      1.4142135623730947e+00 
    7874            57     -2.8284271247461894e+00 
    7874            59     -2.8284271247461894e+00 
    7874            62     -1.4142135623730945e+00 
    7875             0      2.0000000000000004e+00 
    7875            21      1.0000000000000000e+00 
    7875             2      2.0000000000000004e+00 
    7875            23     -2.0000000000000004e+00 
    7875            24      4.0000000000000009e+00 
    7875            26      1.0000000000000000e+00 
    7875             5      2.0000000000000004e+00 
    7875            30     -2.0000000000000004e+00 
    7875            35     -2.0000000000000004e+00 
    7875            36      4.0000000000000009e+00 
    7875            38      4.0000000000000009e+00 
    7875            41      1.0000000000000000e+00 
