 CSF List 
["u", "f", "e", "u", "d", "d"]
["u", "f", "e", "d", "u", "d"]
["u", "f", "e", "d", "f", "e"]
["u", "f", "e", "f", "e", "d"]
["u", "f", "e", "f", "d", "e"]
["u", "f", "u", "e", "d", "d"]
["u", "f", "u", "d", "e", "d"]
["u", "f", "u", "d", "d", "e"]
["u", "f", "d", "e", "u", "d"]
["u", "f", "d", "e", "f", "e"]
["u", "f", "d", "u", "e", "d"]
["u", "f", "d", "u", "d", "e"]
["u", "f", "d", "f", "e", "e"]
["u", "f", "f", "e", "e", "d"]
["u", "f", "f", "e", "d", "e"]
["u", "f", "f", "d", "e", "e"]
["f", "u", "e", "u", "d", "d"]
["f", "u", "e", "d", "u", "d"]
["f", "u", "e", "d", "f", "e"]
["f", "u", "e", "f", "e", "d"]
["f", "u", "e", "f", "d", "e"]
["f", "u", "u", "e", "d", "d"]
["f", "u", "u", "d", "e", "d"]
["f", "u", "u", "d", "d", "e"]
["f", "u", "d", "e", "u", "d"]
["f", "u", "d", "e", "f", "e"]
["f", "u", "d", "u", "e", "d"]
["f", "u", "d", "u", "d", "e"]
["f", "u", "d", "f", "e", "e"]
["f", "u", "f", "e", "e", "d"]
["f", "u", "f", "e", "d", "e"]
["f", "u", "f", "d", "e", "e"]
["f", "f", "e", "e", "u", "d"]
["f", "f", "e", "e", "f", "e"]
["f", "f", "e", "u", "e", "d"]
["f", "f", "e", "u", "d", "e"]
["f", "f", "e", "f", "e", "e"]
["f", "f", "u", "e", "e", "d"]
["f", "f", "u", "e", "d", "e"]
["f", "f", "u", "d", "e", "e"]
["f", "f", "f", "e", "e", "e"]
 Energy Expression 
      IJ       pqrs     Coef 
       1             0      9.9999999999999967e-01 
       1             2      1.9999999999999996e+00 
       1             9      1.0000000000000000e+00 
       1            14      9.9999999999999956e-01 
       1            20      1.0000000000000000e+00 
       1            23     -9.9999999999999933e-01 
       1            48     -9.9999999999999967e-01 
       1            56     -9.9999999999999933e-01 
       1            86      5.0000000000000056e-01 
       1            98     -9.9999999999999878e-01 
       1           125      5.0000000000000144e-01 
       1           156      5.0000000000000000e-01 
       1           173     -9.9999999999999856e-01 
       1           210      5.0000000000000089e-01 
       1           230     -9.9999999999999967e-01 
       1            24      1.9999999999999987e+00 
       1            66      9.9999999999999889e-01 
       1            68      1.9999999999999987e+00 
       1           126      9.9999999999999822e-01 
       1           128      1.9999999999999976e+00 
       1           135      9.9999999999999933e-01 
       1           231      9.9999999999999811e-01 
       1           233      1.9999999999999971e+00 
       1           240      9.9999999999999922e-01 
       1           245      9.9999999999999933e-01 
       1            26      9.9999999999999967e-01 
       2            86      8.6602540378443749e-01 
       2           125     -8.6602540378443893e-01 
       2           156     -8.6602540378443682e-01 
       2           210      8.6602540378443826e-01 
       3             0      9.9999999999999967e-01 
       3             2      1.9999999999999996e+00 
       3            20      1.0000000000000000e+00 
       3            23     -9.9999999999999933e-01 
       3            24      1.9999999999999987e+00 
       3            26      9.9999999999999967e-01 
       3             9      1.0000000000000000e+00 
       3            14      9.9999999999999967e-01 
       3            48      9.9999999999999833e-01 
       3            56     -9.9999999999999933e-01 
       3            86     -4.9999999999999928e-01 
       3            98     -9.9999999999999900e-01 
       3           125     -4.9999999999999978e-01 
       3           156     -4.9999999999999939e-01 
       3           173     -9.9999999999999922e-01 
       3           210     -4.9999999999999983e-01 
       3           230      9.9999999999999956e-01 
       3            66      9.9999999999999889e-01 
       3            68      1.9999999999999987e+00 
       3           126      9.9999999999999856e-01 
       3           128      1.9999999999999980e+00 
       3           135      9.9999999999999956e-01 
       3           231      9.9999999999999878e-01 
       3           233      1.9999999999999984e+00 
       3           240      9.9999999999999967e-01 
       3           245      9.9999999999999956e-01 
       4           151      1.2247448713915861e+00 
       4           205     -1.2247448713915876e+00 
       5            19     -1.4142135623730949e+00 
       5           151      7.0710678118654657e-01 
       5           168      1.4142135623730938e+00 
       5           205      7.0710678118654724e-01 
       5           211     -1.4142135623730931e+00 
       5           213     -2.8284271247461876e+00 
       5           220     -1.4142135623730945e+00 
       5           225     -1.4142135623730945e+00 
       6             0      9.9999999999999967e-01 
       6             2      1.9999999999999996e+00 
       6            23     -9.9999999999999933e-01 
       6            24      1.9999999999999987e+00 
       6            26      9.9999999999999967e-01 
       6             9      1.0000000000000000e+00 
       6            48      9.9999999999999833e-01 
       6            56     -9.9999999999999933e-01 
       6            66      9.9999999999999889e-01 
       6            68      1.9999999999999987e+00 
       6            14      2.0000000000000004e+00 
       6            86     -9.9999999999999900e-01 
       6            98     -1.9999999999999991e+00 
       6           125     -1.0000000000000000e+00 
       6           126      1.9999999999999980e+00 
       6           128      3.9999999999999982e+00 
       6           135      2.0000000000000000e+00 
       6           140      1.0000000000000000e+00 
       7            13     -1.2247448713915883e+00 
       7            94      1.2247448713915876e+00 
       7           112     -1.2247448713915869e+00 
       7           114     -2.4494897427831752e+00 
       7           229      1.2247448713915876e+00 
       7           244     -1.2247448713915881e+00 
       7           121     -1.2247448713915881e+00 
       8            13      7.0710678118654713e-01 
       8            82     -1.4142135623730923e+00 
       8            94     -7.0710678118654680e-01 
       8           112      7.0710678118654646e-01 
       8           114      1.4142135623730936e+00 
       8           229      7.0710678118654702e-01 
       8           244      7.0710678118654702e-01 
       8           121      7.0710678118654702e-01 
       9           224     -9.9999999999999922e-01 
      10             0      9.9999999999999967e-01 
      10             2      1.9999999999999996e+00 
      10            20      1.0000000000000000e+00 
      10            23     -9.9999999999999933e-01 
      10            24      1.9999999999999987e+00 
      10            26      9.9999999999999967e-01 
      10             9      1.9999999999999996e+00 
      10            48     -9.9999999999999878e-01 
      10            56     -1.9999999999999984e+00 
      10           156      9.9999999999999689e-01 
      10           173     -9.9999999999999878e-01 
      10           210     -9.9999999999999933e-01 
      10            66      1.9999999999999976e+00 
      10            68      3.9999999999999969e+00 
      10           231      9.9999999999999822e-01 
      10           233      1.9999999999999976e+00 
      10           240      1.9999999999999987e+00 
      10            75      9.9999999999999967e-01 
      11            18      1.2247448713915881e+00 
      11           224     -1.2247448713915885e+00 
      11           206      1.2247448713915881e+00 
      11           164     -1.2247448713915874e+00 
      11           192      1.2247448713915867e+00 
      11           194      2.4494897427831748e+00 
      11           201      1.2247448713915878e+00 
      12            18      7.0710678118654724e-01 
      12           224      7.0710678118654702e-01 
      12           206      7.0710678118654713e-01 
      12           147     -1.4142135623730923e+00 
      12           164     -7.0710678118654680e-01 
      12           192      7.0710678118654646e-01 
      12           194      1.4142135623730936e+00 
      12           201      7.0710678118654702e-01 
      13            13     -9.9999999999999956e-01 
      13            82      1.9999999999999960e+00 
      13            94      9.9999999999999889e-01 
      13           112     -9.9999999999999845e-01 
      13           114     -1.9999999999999978e+00 
      13           139     -9.9999999999999933e-01 
      13           121     -9.9999999999999922e-01 
      14            19      9.9999999999999933e-01 
      14           151      9.9999999999999678e-01 
      14           168     -9.9999999999999845e-01 
      14           205     -9.9999999999999911e-01 
      14           211      9.9999999999999800e-01 
      14           213      1.9999999999999969e+00 
      14           220      1.9999999999999982e+00 
      15             0      9.9999999999999967e-01 
      15             2      1.9999999999999996e+00 
      15            23     -9.9999999999999933e-01 
      15            24      1.9999999999999987e+00 
      15            26      9.9999999999999967e-01 
      15             9      1.9999999999999996e+00 
      15            48     -9.9999999999999878e-01 
      15            56     -1.9999999999999984e+00 
      15            66      1.9999999999999976e+00 
      15            68      3.9999999999999969e+00 
      15            75      9.9999999999999967e-01 
      15            14      1.0000000000000000e+00 
      15            86      9.9999999999999756e-01 
      15            98     -9.9999999999999900e-01 
      15           125     -9.9999999999999967e-01 
      15           126      9.9999999999999856e-01 
      15           128      1.9999999999999980e+00 
      15           135      1.9999999999999993e+00 
      16             8      9.9999999999999956e-01 
      16            45     -9.9999999999999889e-01 
      16            53     -9.9999999999999933e-01 
      16            57      9.9999999999999878e-01 
      16            59      1.9999999999999987e+00 
      16           124      5.0000000000000189e-01 
      16           209      5.0000000000000133e-01 
      16           134      9.9999999999999889e-01 
      16           239      9.9999999999999878e-01 
      17           124     -8.6602540378443804e-01 
      17           209      8.6602540378443726e-01 
      18           204     -1.2247448713915876e+00 
      19           120     -1.2247448713915878e+00 
      20           200      1.2247448713915876e+00 
      21             0      9.9999999999999967e-01 
      21             2      1.9999999999999996e+00 
      21            14      9.9999999999999956e-01 
      21            20      1.0000000000000000e+00 
      21            23     -9.9999999999999933e-01 
      21           230     -9.9999999999999967e-01 
      21            24      1.9999999999999987e+00 
      21           245      9.9999999999999933e-01 
      21            26      9.9999999999999967e-01 
      21             5      1.0000000000000000e+00 
      21            30     -1.0000000000000000e+00 
      21            35     -9.9999999999999967e-01 
      21            86      5.0000000000000089e-01 
      21            98     -9.9999999999999956e-01 
      21           111      5.0000000000000144e-01 
      21           156      5.0000000000000056e-01 
      21           173     -9.9999999999999933e-01 
      21           191      5.0000000000000089e-01 
      21            36      9.9999999999999922e-01 
      21            38      1.9999999999999993e+00 
      21           126      9.9999999999999900e-01 
      21           128      1.9999999999999991e+00 
      21           131      9.9999999999999978e-01 
      21           231      9.9999999999999889e-01 
      21           233      1.9999999999999987e+00 
      21           236      9.9999999999999967e-01 
      22            12      4.9999999999999961e-01 
      22           120      1.0000000000000013e+00 
      22           108      4.9999999999999956e-01 
      22            79     -4.9999999999999933e-01 
      22            91     -4.9999999999999944e-01 
      22            99      4.9999999999999928e-01 
      22           101      9.9999999999999889e-01 
      22           228     -4.9999999999999928e-01 
      22           243      4.9999999999999950e-01 
      23            12     -8.6602540378443749e-01 
      23           108     -8.6602540378443726e-01 
      23            79      8.6602540378443704e-01 
      23            91      8.6602540378443726e-01 
      23            99     -8.6602540378443682e-01 
      23           101     -1.7320508075688745e+00 
      23           228     -8.6602540378443749e-01 
      23           243     -8.6602540378443738e-01 
      24           223      1.2247448713915878e+00 
      25             8     -1.2247448713915876e+00 
      25            45      1.2247448713915869e+00 
      25            53      1.2247448713915874e+00 
      25            57     -1.2247448713915867e+00 
      25            59     -2.4494897427831748e+00 
      25           239     -1.2247448713915869e+00 
      25            74     -1.2247448713915876e+00 
      26           219     -1.2247448713915874e+00 
      27            13      9.9999999999999967e-01 
      27            82      5.0000000000000000e-01 
      27            94     -9.9999999999999911e-01 
      27           107      5.0000000000000022e-01 
      27           112      9.9999999999999878e-01 
      27           114      1.9999999999999982e+00 
      27           117      9.9999999999999944e-01 
      27           229     -9.9999999999999911e-01 
      27           244      9.9999999999999956e-01 
      28             0      9.9999999999999967e-01 
      28             2      1.9999999999999996e+00 
      28            20      1.0000000000000000e+00 
      28            23     -9.9999999999999933e-01 
      28            24      1.9999999999999987e+00 
      28            26      9.9999999999999967e-01 
      28             5      1.0000000000000000e+00 
      28            30     -1.0000000000000000e+00 
      28            35     -9.9999999999999967e-01 
      28            36      9.9999999999999922e-01 
      28            38      1.9999999999999993e+00 
      28             9      9.9999999999999956e-01 
      28            48      5.0000000000000089e-01 
      28            56     -9.9999999999999900e-01 
      28            65      5.0000000000000144e-01 
      28           156      5.0000000000000000e-01 
      28           173     -9.9999999999999856e-01 
      28           191      5.0000000000000056e-01 
      28           210     -9.9999999999999933e-01 
      28            66      9.9999999999999856e-01 
      28            68      1.9999999999999980e+00 
      28            71      9.9999999999999933e-01 
      28           231      9.9999999999999811e-01 
      28           233      1.9999999999999971e+00 
      28           236      9.9999999999999889e-01 
      28           240      9.9999999999999900e-01 
      29            17     -4.9999999999999950e-01 
      29           200     -1.0000000000000011e+00 
      29           223      4.9999999999999961e-01 
      29           183     -4.9999999999999950e-01 
      29           188     -4.9999999999999950e-01 
      29           144      4.9999999999999933e-01 
      29           161      4.9999999999999939e-01 
      29           174     -4.9999999999999922e-01 
      29           176     -9.9999999999999878e-01 
      30            17     -8.6602540378443749e-01 
      30           223     -8.6602540378443726e-01 
      30           183     -8.6602540378443738e-01 
      30           188     -8.6602540378443749e-01 
      30           144      8.6602540378443704e-01 
      30           161      8.6602540378443738e-01 
      30           174     -8.6602540378443693e-01 
      30           176     -1.7320508075688748e+00 
      31            12      1.2247448713915874e+00 
      31           108      1.2247448713915872e+00 
      31            79     -1.2247448713915867e+00 
      31            91     -1.2247448713915872e+00 
      31            99      1.2247448713915865e+00 
      31           101      2.4494897427831743e+00 
      31           138      1.2247448713915874e+00 
      32           219     -1.2247448713915867e+00 
      33             8     -1.2247448713915876e+00 
      33            45      1.2247448713915869e+00 
      33            53      1.2247448713915874e+00 
      33            57     -1.2247448713915867e+00 
      33            59     -2.4494897427831748e+00 
      33            74     -1.2247448713915876e+00 
      33           134     -1.2247448713915874e+00 
      34            18     -9.9999999999999956e-01 
      34           224      9.9999999999999967e-01 
      34           206     -9.9999999999999944e-01 
      34           147     -5.0000000000000000e-01 
      34           164      9.9999999999999900e-01 
      34           182     -5.0000000000000022e-01 
      34           192     -9.9999999999999867e-01 
      34           194     -1.9999999999999980e+00 
      34           197     -9.9999999999999933e-01 
      35            19      9.9999999999999933e-01 
      35           151      5.0000000000000000e-01 
      35           168     -9.9999999999999833e-01 
      35           186      5.0000000000000033e-01 
      35           205     -9.9999999999999911e-01 
      35           211      9.9999999999999778e-01 
      35           213      1.9999999999999967e+00 
      35           216      9.9999999999999867e-01 
      35           220      9.9999999999999878e-01 
      36             0      9.9999999999999967e-01 
      36             2      1.9999999999999996e+00 
      36            23     -9.9999999999999933e-01 
      36            24      1.9999999999999987e+00 
      36            26      9.9999999999999967e-01 
      36            14      1.0000000000000000e+00 
      36             5      1.0000000000000000e+00 
      36            30     -1.0000000000000000e+00 
      36            35     -9.9999999999999967e-01 
      36            36      9.9999999999999922e-01 
      36            38      1.9999999999999993e+00 
      36             9      9.9999999999999956e-01 
      36            48      5.0000000000000089e-01 
      36            56     -9.9999999999999900e-01 
      36            65      5.0000000000000144e-01 
      36            66      9.9999999999999856e-01 
      36            68      1.9999999999999980e+00 
      36            71      9.9999999999999933e-01 
      36            86      5.0000000000000044e-01 
      36            98     -9.9999999999999889e-01 
      36           111      5.0000000000000089e-01 
      36           125     -9.9999999999999967e-01 
      36           126      9.9999999999999845e-01 
      36           128      1.9999999999999978e+00 
      36           131      9.9999999999999922e-01 
      36           135      9.9999999999999933e-01 
      37           124     -8.6602540378443726e-01 
      37           209      8.6602540378443726e-01 
      38             8      9.9999999999999933e-01 
      38            45      9.9999999999999800e-01 
      38            53     -9.9999999999999911e-01 
      38            57      9.9999999999999867e-01 
      38            59      1.9999999999999982e+00 
      38           124     -4.9999999999999944e-01 
      38           209     -4.9999999999999950e-01 
      38           134      9.9999999999999889e-01 
      38           239      9.9999999999999900e-01 
      39           204      7.0710678118654691e-01 
      39           219     -1.4142135623730938e+00 
      40           120      7.0710678118654702e-01 
      41           200      7.0710678118654702e-01 
      42            86      8.6602540378443826e-01 
      42           111     -8.6602540378443915e-01 
      42           156     -8.6602540378443738e-01 
      42           191      8.6602540378443826e-01 
      43            82      8.6602540378443726e-01 
      43           107     -8.6602540378443826e-01 
      44           147      8.6602540378443738e-01 
      44           182     -8.6602540378443826e-01 
      45             0      9.9999999999999967e-01 
      45             2      1.9999999999999996e+00 
      45            20      1.0000000000000000e+00 
      45            23     -9.9999999999999933e-01 
      45            24      1.9999999999999987e+00 
      45            26      9.9999999999999967e-01 
      45            14      9.9999999999999967e-01 
      45           230      9.9999999999999956e-01 
      45           245      9.9999999999999956e-01 
      45             5      1.0000000000000000e+00 
      45            30      9.9999999999999889e-01 
      45            35     -9.9999999999999967e-01 
      45            86     -4.9999999999999944e-01 
      45            98     -9.9999999999999933e-01 
      45           111     -4.9999999999999978e-01 
      45           156     -4.9999999999999950e-01 
      45           173     -9.9999999999999956e-01 
      45           191     -4.9999999999999983e-01 
      45            36      9.9999999999999922e-01 
      45            38      1.9999999999999993e+00 
      45           126      9.9999999999999889e-01 
      45           128      1.9999999999999987e+00 
      45           131      9.9999999999999956e-01 
      45           231      9.9999999999999900e-01 
      45           233      1.9999999999999991e+00 
      45           236      9.9999999999999967e-01 
      46           187     -1.2247448713915865e+00 
      47           187      7.0710678118654680e-01 
      47           219     -1.4142135623730936e+00 
      48             8      9.9999999999999933e-01 
      48            45      9.9999999999999800e-01 
      48            53     -9.9999999999999911e-01 
      48            57      9.9999999999999867e-01 
      48            59      1.9999999999999982e+00 
      48           124     -9.9999999999999933e-01 
      48           134      1.9999999999999987e+00 
      50           120     -9.9999999999999922e-01 
      51           151      1.2247448713915869e+00 
      51           186     -1.2247448713915878e+00 
      53            82     -1.2247448713915869e+00 
      53           107      1.2247448713915883e+00 
      54            19     -1.4142135623730949e+00 
      54           225     -1.4142135623730945e+00 
      54           151      7.0710678118654680e-01 
      54           168      1.4142135623730943e+00 
      54           186      7.0710678118654724e-01 
      54           211     -1.4142135623730936e+00 
      54           213     -2.8284271247461885e+00 
      54           216     -1.4142135623730945e+00 
      55             0      9.9999999999999967e-01 
      55             2      1.9999999999999996e+00 
      55            23     -9.9999999999999933e-01 
      55            24      1.9999999999999987e+00 
      55            26      9.9999999999999967e-01 
      55            14      2.0000000000000004e+00 
      55           140      1.0000000000000000e+00 
      55             5      1.0000000000000000e+00 
      55            30      9.9999999999999889e-01 
      55            35     -9.9999999999999967e-01 
      55            36      9.9999999999999922e-01 
      55            38      1.9999999999999993e+00 
      55            86     -9.9999999999999933e-01 
      55            98     -1.9999999999999996e+00 
      55           111     -1.0000000000000000e+00 
      55           126      1.9999999999999987e+00 
      55           128      3.9999999999999991e+00 
      55           131      2.0000000000000000e+00 
      56            12     -8.6602540378443738e-01 
      56           108     -8.6602540378443726e-01 
      56            79     -8.6602540378443649e-01 
      56            91      8.6602540378443715e-01 
      56            99     -8.6602540378443682e-01 
      56           101     -1.7320508075688743e+00 
      56           228      8.6602540378443704e-01 
      56           243     -8.6602540378443726e-01 
      57            12     -4.9999999999999939e-01 
      57           120      9.9999999999999845e-01 
      57           108     -4.9999999999999928e-01 
      57            79     -4.9999999999999872e-01 
      57            91      4.9999999999999922e-01 
      57            99     -4.9999999999999900e-01 
      57           101     -9.9999999999999845e-01 
      57           228     -4.9999999999999922e-01 
      57           243     -4.9999999999999928e-01 
      58           223      7.0710678118654713e-01 
      59             8      7.0710678118654702e-01 
      59            45      7.0710678118654591e-01 
      59            53     -7.0710678118654680e-01 
      59            57      7.0710678118654646e-01 
      59            59      1.4142135623730936e+00 
      59           209     -1.4142135623730931e+00 
      59           239      7.0710678118654668e-01 
      59            74      7.0710678118654691e-01 
      60           204     -1.4142135623730931e+00 
      60           219      7.0710678118654657e-01 
      61            82      8.6602540378443738e-01 
      61           107     -8.6602540378443804e-01 
      62            48      8.6602540378443804e-01 
      62            65     -8.6602540378443893e-01 
      62           156     -8.6602540378443671e-01 
      62           191      8.6602540378443760e-01 
      63           151     -8.6602540378443660e-01 
      63           186      8.6602540378443749e-01 
      64            13      9.9999999999999967e-01 
      64            82     -4.9999999999999944e-01 
      64            94     -9.9999999999999933e-01 
      64           107     -4.9999999999999972e-01 
      64           112      9.9999999999999889e-01 
      64           114      1.9999999999999987e+00 
      64           117      9.9999999999999944e-01 
      64           229      9.9999999999999956e-01 
      64           244      9.9999999999999956e-01 
      65           224     -1.4142135623730945e+00 
      66             0      9.9999999999999967e-01 
      66             2      1.9999999999999996e+00 
      66            20      1.0000000000000000e+00 
      66            23     -9.9999999999999933e-01 
      66            24      1.9999999999999987e+00 
      66            26      9.9999999999999967e-01 
      66             5      1.0000000000000000e+00 
      66            30      9.9999999999999889e-01 
      66            35     -9.9999999999999967e-01 
      66            36      9.9999999999999922e-01 
      66            38      1.9999999999999993e+00 
      66             9      9.9999999999999967e-01 
      66            48     -4.9999999999999944e-01 
      66            56     -9.9999999999999933e-01 
      66            65     -4.9999999999999978e-01 
      66           156     -4.9999999999999939e-01 
      66           173     -9.9999999999999922e-01 
      66           191     -4.9999999999999967e-01 
      66           210      9.9999999999999889e-01 
      66            66      9.9999999999999889e-01 
      66            68      1.9999999999999987e+00 
      66            71      9.9999999999999956e-01 
      66           231      9.9999999999999878e-01 
      66           233      1.9999999999999984e+00 
      66           236      9.9999999999999933e-01 
      66           240      9.9999999999999922e-01 
      67            17      8.6602540378443726e-01 
      67           223     -8.6602540378443749e-01 
      67           183      8.6602540378443715e-01 
      67           188      8.6602540378443726e-01 
      67           144      8.6602540378443638e-01 
      67           161     -8.6602540378443704e-01 
      67           174      8.6602540378443671e-01 
      67           176      1.7320508075688741e+00 
      68            17     -4.9999999999999939e-01 
      68           200      9.9999999999999856e-01 
      68           223     -4.9999999999999922e-01 
      68           183     -4.9999999999999933e-01 
      68           188     -4.9999999999999933e-01 
      68           144     -4.9999999999999867e-01 
      68           161      4.9999999999999928e-01 
      68           174     -4.9999999999999906e-01 
      68           176     -9.9999999999999856e-01 
      69            12      7.0710678118654657e-01 
      69           120     -1.4142135623730929e+00 
      69           108      7.0710678118654646e-01 
      69            79      7.0710678118654546e-01 
      69            91     -7.0710678118654635e-01 
      69            99      7.0710678118654602e-01 
      69           101      1.4142135623730927e+00 
      69           138      7.0710678118654646e-01 
      70           187     -1.4142135623730929e+00 
      70           219      7.0710678118654646e-01 
      71             8      7.0710678118654702e-01 
      71            45      7.0710678118654591e-01 
      71            53     -7.0710678118654680e-01 
      71            57      7.0710678118654646e-01 
      71            59      1.4142135623730936e+00 
      71            74      7.0710678118654691e-01 
      71           124     -1.4142135623730938e+00 
      71           134      7.0710678118654691e-01 
      72           147     -8.6602540378443726e-01 
      72           182      8.6602540378443793e-01 
      73           151     -8.6602540378443671e-01 
      73           186      8.6602540378443749e-01 
      74            48      8.6602540378443804e-01 
      74            65     -8.6602540378443893e-01 
      74            86     -8.6602540378443726e-01 
      74           111      8.6602540378443826e-01 
      75            18      9.9999999999999967e-01 
      75           224      9.9999999999999956e-01 
      75           206      9.9999999999999956e-01 
      75           147     -4.9999999999999950e-01 
      75           164     -9.9999999999999944e-01 
      75           182     -4.9999999999999978e-01 
      75           192      9.9999999999999900e-01 
      75           194      1.9999999999999989e+00 
      75           197      9.9999999999999956e-01 
      76            13     -1.4142135623730945e+00 
      76            82      7.0710678118654668e-01 
      76            94      1.4142135623730940e+00 
      76           107      7.0710678118654713e-01 
      76           112     -1.4142135623730934e+00 
      76           114     -2.8284271247461881e+00 
      76           117     -1.4142135623730943e+00 
      76           139     -1.4142135623730943e+00 
      77            19      9.9999999999999933e-01 
      77           151     -4.9999999999999922e-01 
      77           168     -9.9999999999999889e-01 
      77           186     -4.9999999999999956e-01 
      77           205      9.9999999999999878e-01 
      77           211      9.9999999999999845e-01 
      77           213      1.9999999999999978e+00 
      77           216      9.9999999999999911e-01 
      77           220      9.9999999999999889e-01 
      78             0      9.9999999999999967e-01 
      78             2      1.9999999999999996e+00 
      78            23     -9.9999999999999933e-01 
      78            24      1.9999999999999987e+00 
      78            26      9.9999999999999967e-01 
      78            14      1.0000000000000000e+00 
      78             5      1.0000000000000000e+00 
      78            30      9.9999999999999889e-01 
      78            35     -9.9999999999999967e-01 
      78            36      9.9999999999999922e-01 
      78            38      1.9999999999999993e+00 
      78             9      9.9999999999999967e-01 
      78            48     -4.9999999999999944e-01 
      78            56     -9.9999999999999933e-01 
      78            65     -4.9999999999999978e-01 
      78            66      9.9999999999999889e-01 
      78            68      1.9999999999999987e+00 
      78            71      9.9999999999999956e-01 
      78            86     -4.9999999999999950e-01 
      78            98     -9.9999999999999956e-01 
      78           111     -4.9999999999999983e-01 
      78           125      9.9999999999999956e-01 
      78           126      9.9999999999999900e-01 
      78           128      1.9999999999999991e+00 
      78           131      9.9999999999999967e-01 
      78           135      9.9999999999999956e-01 
      79           204      1.2247448713915865e+00 
      79           187     -1.2247448713915865e+00 
      80           204      7.0710678118654680e-01 
      80           187      7.0710678118654680e-01 
      81           124     -9.9999999999999933e-01 
      82            17      9.9999999999999900e-01 
      82           200     -9.9999999999999900e-01 
      82           183      1.9999999999999980e+00 
      82           144      9.9999999999999734e-01 
      82           161     -9.9999999999999867e-01 
      82           174      9.9999999999999822e-01 
      82           176      1.9999999999999973e+00 
      83            12      9.9999999999999922e-01 
      83           120     -9.9999999999999922e-01 
      83           108      1.9999999999999984e+00 
      83            79      9.9999999999999767e-01 
      83            91     -9.9999999999999889e-01 
      83            99      9.9999999999999845e-01 
      83           101      1.9999999999999978e+00 
      85           147      1.2247448713915865e+00 
      85           182     -1.2247448713915876e+00 
      86            82      1.2247448713915867e+00 
      86           107     -1.2247448713915876e+00 
      87           205     -1.4142135623730947e+00 
      88           125      1.0000000000000002e+00 
      89            18     -1.4142135623730945e+00 
      89           147      7.0710678118654668e-01 
      89           164      1.4142135623730940e+00 
      89           182      7.0710678118654713e-01 
      89           192     -1.4142135623730934e+00 
      89           194     -2.8284271247461881e+00 
      89           197     -1.4142135623730943e+00 
      89           201     -1.4142135623730943e+00 
      90            13     -1.4142135623730949e+00 
      90            82      7.0710678118654680e-01 
      90            94      1.4142135623730943e+00 
      90           107      7.0710678118654724e-01 
      90           112     -1.4142135623730936e+00 
      90           114     -2.8284271247461885e+00 
      90           117     -1.4142135623730945e+00 
      90           121     -1.4142135623730945e+00 
      91             0      9.9999999999999967e-01 
      91             2      1.9999999999999996e+00 
      91            23     -9.9999999999999933e-01 
      91            24      1.9999999999999987e+00 
      91            26      9.9999999999999967e-01 
      91             5      1.0000000000000000e+00 
      91            30      9.9999999999999889e-01 
      91            35     -9.9999999999999967e-01 
      91            36      9.9999999999999922e-01 
      91            38      1.9999999999999993e+00 
      91             9      2.0000000000000004e+00 
      91            48     -9.9999999999999933e-01 
      91            56     -1.9999999999999996e+00 
      91            65     -1.0000000000000000e+00 
      91            66      1.9999999999999987e+00 
      91            68      3.9999999999999991e+00 
      91            71      2.0000000000000000e+00 
      91            75      1.0000000000000000e+00 
      92           107     -1.2247448713915881e+00 
      93           107      7.0710678118654702e-01 
      95            65      9.9999999999999956e-01 
      97            12     -1.2247448713915876e+00 
      97            91      1.2247448713915872e+00 
      97            99     -1.2247448713915867e+00 
      97           101     -2.4494897427831743e+00 
      97           228      1.2247448713915869e+00 
      97           243     -1.2247448713915874e+00 
      97           104     -1.2247448713915872e+00 
      98             8     -1.2247448713915883e+00 
      98            53      1.2247448713915881e+00 
      98            57     -1.2247448713915874e+00 
      98            59     -2.4494897427831761e+00 
      98           209      1.2247448713915872e+00 
      98           239     -1.2247448713915876e+00 
      98            62     -1.2247448713915881e+00 
      99           204      1.2247448713915872e+00 
      99           219     -1.2247448713915867e+00 
     100            12      7.0710678118654691e-01 
     100            79     -1.4142135623730925e+00 
     100            91     -7.0710678118654680e-01 
     100            99      7.0710678118654646e-01 
     100           101      1.4142135623730936e+00 
     100           228      7.0710678118654691e-01 
     100           243      7.0710678118654680e-01 
     100           104      7.0710678118654680e-01 
     101           223     -9.9999999999999911e-01 
     102             8      7.0710678118654713e-01 
     102            45     -1.4142135623730929e+00 
     102            53     -7.0710678118654702e-01 
     102            57      7.0710678118654668e-01 
     102            59      1.4142135623730940e+00 
     102           209      7.0710678118654668e-01 
     102           239      7.0710678118654680e-01 
     102            62      7.0710678118654702e-01 
     103           204      7.0710678118654635e-01 
     103           219      7.0710678118654646e-01 
     104           200     -9.9999999999999900e-01 
     105             0      9.9999999999999967e-01 
     105             2      1.9999999999999996e+00 
     105            20      1.0000000000000000e+00 
     105            23     -9.9999999999999933e-01 
     105            24      1.9999999999999987e+00 
     105            26      9.9999999999999967e-01 
     105             5      1.9999999999999996e+00 
     105            30     -9.9999999999999900e-01 
     105            35     -1.9999999999999991e+00 
     105           156      9.9999999999999689e-01 
     105           173     -9.9999999999999878e-01 
     105           191     -9.9999999999999900e-01 
     105            36      1.9999999999999980e+00 
     105            38      3.9999999999999982e+00 
     105           231      9.9999999999999822e-01 
     105           233      1.9999999999999976e+00 
     105           236      1.9999999999999980e+00 
     105            41      9.9999999999999967e-01 
     106           182      1.2247448713915878e+00 
     107           182      7.0710678118654702e-01 
     108           107     -9.9999999999999922e-01 
     110            65      9.9999999999999956e-01 
     111            17      1.2247448713915874e+00 
     111           223     -1.2247448713915876e+00 
     111           188      1.2247448713915874e+00 
     111           161     -1.2247448713915869e+00 
     111           174      1.2247448713915865e+00 
     111           176      2.4494897427831739e+00 
     111           179      1.2247448713915869e+00 
     112           187      1.2247448713915867e+00 
     112           219     -1.2247448713915874e+00 
     113             8     -1.2247448713915883e+00 
     113            53      1.2247448713915881e+00 
     113            57     -1.2247448713915874e+00 
     113            59     -2.4494897427831761e+00 
     113            62     -1.2247448713915881e+00 
     113           124      1.2247448713915876e+00 
     113           134     -1.2247448713915881e+00 
     114            17      7.0710678118654702e-01 
     114           223      7.0710678118654668e-01 
     114           188      7.0710678118654680e-01 
     114           144     -1.4142135623730925e+00 
     114           161     -7.0710678118654680e-01 
     114           174      7.0710678118654646e-01 
     114           176      1.4142135623730936e+00 
     114           179      7.0710678118654680e-01 
     115            12     -9.9999999999999900e-01 
     115            79      1.9999999999999960e+00 
     115            91      9.9999999999999889e-01 
     115            99     -9.9999999999999845e-01 
     115           101     -1.9999999999999978e+00 
     115           138     -9.9999999999999900e-01 
     115           104     -9.9999999999999889e-01 
     116           187      7.0710678118654657e-01 
     116           219      7.0710678118654657e-01 
     117             8      7.0710678118654713e-01 
     117            45     -1.4142135623730929e+00 
     117            53     -7.0710678118654702e-01 
     117            57      7.0710678118654668e-01 
     117            59      1.4142135623730940e+00 
     117            62      7.0710678118654702e-01 
     117           124      7.0710678118654702e-01 
     117           134      7.0710678118654702e-01 
     118           120     -9.9999999999999922e-01 
     119            19      9.9999999999999933e-01 
     119           151      9.9999999999999678e-01 
     119           168     -9.9999999999999845e-01 
     119           186     -9.9999999999999878e-01 
     119           211      9.9999999999999800e-01 
     119           213      1.9999999999999969e+00 
     119           216      1.9999999999999976e+00 
     120             0      9.9999999999999967e-01 
     120             2      1.9999999999999996e+00 
     120            23     -9.9999999999999933e-01 
     120            24      1.9999999999999987e+00 
     120            26      9.9999999999999967e-01 
     120            14      1.0000000000000000e+00 
     120             5      1.9999999999999996e+00 
     120            30     -9.9999999999999900e-01 
     120            35     -1.9999999999999991e+00 
     120            36      1.9999999999999980e+00 
     120            38      3.9999999999999982e+00 
     120            41      9.9999999999999967e-01 
     120            86      9.9999999999999756e-01 
     120            98     -9.9999999999999900e-01 
     120           111     -9.9999999999999933e-01 
     120           126      9.9999999999999856e-01 
     120           128      1.9999999999999980e+00 
     120           131      1.9999999999999987e+00 
     122           186     -1.4142135623730943e+00 
     123           111      9.9999999999999978e-01 
     124           182     -9.9999999999999889e-01 
     125           107     -9.9999999999999911e-01 
     126           204     -1.2247448713915876e+00 
     126           187      1.2247448713915876e+00 
     127            17      1.2247448713915878e+00 
     127           200     -1.2247448713915883e+00 
     127           183      1.2247448713915878e+00 
     127           161     -1.2247448713915876e+00 
     127           174      1.2247448713915869e+00 
     127           176      2.4494897427831752e+00 
     127           179      1.2247448713915876e+00 
     128            12      1.2247448713915881e+00 
     128           120     -1.2247448713915885e+00 
     128           108      1.2247448713915881e+00 
     128            91     -1.2247448713915878e+00 
     128            99      1.2247448713915872e+00 
     128           101      2.4494897427831757e+00 
     128           104      1.2247448713915878e+00 
     129           204      7.0710678118654691e-01 
     129           187      7.0710678118654691e-01 
     130           124     -9.9999999999999956e-01 
     131            17      7.0710678118654713e-01 
     131           200      7.0710678118654680e-01 
     131           183      7.0710678118654702e-01 
     131           144     -1.4142135623730927e+00 
     131           161     -7.0710678118654691e-01 
     131           174      7.0710678118654657e-01 
     131           176      1.4142135623730938e+00 
     131           179      7.0710678118654691e-01 
     132            12      7.0710678118654724e-01 
     132           120      7.0710678118654702e-01 
     132           108      7.0710678118654713e-01 
     132            79     -1.4142135623730929e+00 
     132            91     -7.0710678118654702e-01 
     132            99      7.0710678118654668e-01 
     132           101      1.4142135623730940e+00 
     132           104      7.0710678118654702e-01 
     133             8     -9.9999999999999956e-01 
     133            45      1.9999999999999969e+00 
     133            53      9.9999999999999922e-01 
     133            57     -9.9999999999999878e-01 
     133            59     -1.9999999999999984e+00 
     133            74     -9.9999999999999933e-01 
     133            62     -9.9999999999999922e-01 
     134            18      9.9999999999999922e-01 
     134           147      9.9999999999999711e-01 
     134           164     -9.9999999999999856e-01 
     134           182     -9.9999999999999889e-01 
     134           192      9.9999999999999811e-01 
     134           194      1.9999999999999971e+00 
     134           197      1.9999999999999978e+00 
     135            13      9.9999999999999933e-01 
     135            82      9.9999999999999734e-01 
     135            94     -9.9999999999999878e-01 
     135           107     -9.9999999999999911e-01 
     135           112      9.9999999999999833e-01 
     135           114      1.9999999999999976e+00 
     135           117      1.9999999999999982e+00 
     136             0      9.9999999999999967e-01 
     136             2      1.9999999999999996e+00 
     136            23     -9.9999999999999933e-01 
     136            24      1.9999999999999987e+00 
     136            26      9.9999999999999967e-01 
     136             5      1.9999999999999996e+00 
     136            30     -9.9999999999999900e-01 
     136            35     -1.9999999999999991e+00 
     136            36      1.9999999999999980e+00 
     136            38      3.9999999999999982e+00 
     136            41      9.9999999999999967e-01 
     136             9      1.0000000000000000e+00 
     136            48      9.9999999999999833e-01 
     136            56     -9.9999999999999933e-01 
     136            65     -9.9999999999999967e-01 
     136            66      9.9999999999999889e-01 
     136            68      1.9999999999999987e+00 
     136            71      1.9999999999999993e+00 
     137             1     -9.9999999999999967e-01 
     137            97      1.4999999999999996e+00 
     137           172      1.4999999999999989e+00 
     137            67     -9.9999999999999922e-01 
     137           127     -9.9999999999999856e-01 
     137           232     -9.9999999999999845e-01 
     137            25     -9.9999999999999956e-01 
     137            22     -9.9999999999999956e-01 
     138            97      8.6602540378443804e-01 
     138           172     -8.6602540378443726e-01 
     139           167      1.2247448713915867e+00 
     140            93     -1.2247448713915885e+00 
     140           113      1.2247448713915874e+00 
     141           163      1.2247448713915885e+00 
     141           193     -1.2247448713915872e+00 
     142            58     -9.9999999999999900e-01 
     143           100     -4.9999999999999939e-01 
     144           175      4.9999999999999933e-01 
     147            90     -1.7320508075688741e+00 
     147           100      8.6602540378443704e-01 
     148           160      1.7320508075688739e+00 
     148           175     -8.6602540378443693e-01 
     153             9      1.0000000000000000e+00 
     153            14      9.9999999999999956e-01 
     153            20      1.0000000000000000e+00 
     153           125      5.0000000000000144e-01 
     153           210      5.0000000000000089e-01 
     153           230     -9.9999999999999967e-01 
     153           135      9.9999999999999933e-01 
     153           240      9.9999999999999922e-01 
     153           245      9.9999999999999933e-01 
     153             0      2.0000000000000004e+00 
     153             2      9.9999999999999967e-01 
     153            23     -9.9999999999999967e-01 
     153            48     -9.9999999999999956e-01 
     153            56     -1.0000000000000000e+00 
     153            86     -9.9999999999999889e-01 
     153            98      5.0000000000000089e-01 
     153           156     -9.9999999999999878e-01 
     153           173      5.0000000000000044e-01 
     153            24      1.9999999999999993e+00 
     153            66      1.9999999999999991e+00 
     153            68      9.9999999999999922e-01 
     153           126      1.9999999999999978e+00 
     153           128      9.9999999999999856e-01 
     153           231      1.9999999999999976e+00 
     153           233      9.9999999999999845e-01 
     153            21      1.0000000000000000e+00 
     154            97      8.6602540378443738e-01 
     154           172     -8.6602540378443738e-01 
     155             1     -9.9999999999999967e-01 
     155            25     -9.9999999999999956e-01 
     155            22     -9.9999999999999956e-01 
     155            55      1.9999999999999980e+00 
     155            97      4.9999999999999944e-01 
     155           172      4.9999999999999950e-01 
     155            67     -9.9999999999999922e-01 
     155           127     -9.9999999999999889e-01 
     155           232     -9.9999999999999900e-01 
     156           167     -7.0710678118654680e-01 
     156           212      1.4142135623730936e+00 
     157            93     -7.0710678118654635e-01 
     157           113     -7.0710678118654668e-01 
     158           163     -7.0710678118654635e-01 
     158           193     -7.0710678118654668e-01 
     160           100      8.6602540378443704e-01 
     161           175      8.6602540378443715e-01 
     162            52      1.9999999999999978e+00 
     162            58     -9.9999999999999889e-01 
     164            90     -9.9999999999999822e-01 
     164           100      4.9999999999999911e-01 
     165           160     -9.9999999999999833e-01 
     165           175      4.9999999999999917e-01 
     170           125     -8.6602540378443893e-01 
     170           210      8.6602540378443826e-01 
     170            98      8.6602540378443804e-01 
     170           173     -8.6602540378443726e-01 
     171            20      1.0000000000000000e+00 
     171             9      1.0000000000000000e+00 
     171            14      9.9999999999999967e-01 
     171           125     -4.9999999999999978e-01 
     171           210     -4.9999999999999983e-01 
     171           230      9.9999999999999956e-01 
     171           135      9.9999999999999956e-01 
     171           240      9.9999999999999967e-01 
     171           245      9.9999999999999956e-01 
     171             0      2.0000000000000004e+00 
     171             2      9.9999999999999967e-01 
     171            23     -9.9999999999999967e-01 
     171            24      1.9999999999999993e+00 
     171            21      1.0000000000000000e+00 
     171            48     -9.9999999999999956e-01 
     171            56      9.9999999999999889e-01 
     171            86     -9.9999999999999922e-01 
     171            98     -4.9999999999999944e-01 
     171           156     -9.9999999999999933e-01 
     171           173     -4.9999999999999950e-01 
     171            66      1.9999999999999991e+00 
     171            68      9.9999999999999922e-01 
     171           126      1.9999999999999984e+00 
     171           128      9.9999999999999889e-01 
     171           231      1.9999999999999987e+00 
     171           233      9.9999999999999900e-01 
     172           152      1.2247448713915867e+00 
     173           152     -7.0710678118654680e-01 
     173           212      1.4142135623730936e+00 
     174             1     -9.9999999999999967e-01 
     174            25     -9.9999999999999956e-01 
     174            22     -9.9999999999999956e-01 
     174            55      1.9999999999999980e+00 
     174            67     -9.9999999999999922e-01 
     174            97      9.9999999999999933e-01 
     174           127     -1.9999999999999987e+00 
     176            93      9.9999999999999822e-01 
     176           113      9.9999999999999878e-01 
     179           100     -1.2247448713915867e+00 
     181            52      1.9999999999999978e+00 
     181            58     -9.9999999999999889e-01 
     183            90      1.4142135623730925e+00 
     183           100     -7.0710678118654624e-01 
     188           205     -1.2247448713915876e+00 
     188           168      1.2247448713915867e+00 
     189            19     -1.4142135623730949e+00 
     189           205      7.0710678118654724e-01 
     189           220     -1.4142135623730945e+00 
     189           225     -1.4142135623730945e+00 
     189           151      1.4142135623730940e+00 
     189           168      7.0710678118654680e-01 
     189           211     -2.8284271247461881e+00 
     189           213     -1.4142135623730936e+00 
     190             9      1.0000000000000000e+00 
     190            14      2.0000000000000004e+00 
     190           125     -1.0000000000000000e+00 
     190           135      2.0000000000000000e+00 
     190           140      1.0000000000000000e+00 
     190             0      2.0000000000000004e+00 
     190             2      9.9999999999999967e-01 
     190            23     -9.9999999999999967e-01 
     190            24      1.9999999999999993e+00 
     190            21      1.0000000000000000e+00 
     190            48     -9.9999999999999956e-01 
     190            56      9.9999999999999889e-01 
     190            66      1.9999999999999991e+00 
     190            68      9.9999999999999922e-01 
     190            86     -1.9999999999999993e+00 
     190            98     -9.9999999999999933e-01 
     190           126      3.9999999999999987e+00 
     190           128      1.9999999999999987e+00 
     191            83     -1.2247448713915885e+00 
     191           113      1.2247448713915874e+00 
     192            83     -7.0710678118654635e-01 
     192           113     -7.0710678118654668e-01 
     194             1     -9.9999999999999967e-01 
     194            25     -9.9999999999999956e-01 
     194            22     -9.9999999999999956e-01 
     194            55      9.9999999999999900e-01 
     194           172      1.9999999999999962e+00 
     194            67     -1.9999999999999980e+00 
     194           232     -9.9999999999999856e-01 
     195           167      1.9999999999999956e+00 
     195           212     -9.9999999999999833e-01 
     197            58      1.2247448713915869e+00 
     201            52      1.4142135623730934e+00 
     201            58     -7.0710678118654668e-01 
     203           160      1.9999999999999969e+00 
     203           175     -9.9999999999999845e-01 
     207            13     -1.2247448713915883e+00 
     207           229      1.2247448713915876e+00 
     207           244     -1.2247448713915881e+00 
     207           121     -1.2247448713915881e+00 
     207            82      1.2247448713915878e+00 
     207           112     -2.4494897427831757e+00 
     207           114     -1.2247448713915874e+00 
     208            13      7.0710678118654713e-01 
     208           229      7.0710678118654702e-01 
     208           244      7.0710678118654702e-01 
     208           121      7.0710678118654702e-01 
     208            82     -7.0710678118654691e-01 
     208            94     -1.4142135623730929e+00 
     208           112      1.4142135623730938e+00 
     208           114      7.0710678118654668e-01 
     209           224     -9.9999999999999922e-01 
     210            20      1.0000000000000000e+00 
     210             9      1.9999999999999996e+00 
     210           210     -9.9999999999999933e-01 
     210           240      1.9999999999999987e+00 
     210            75      9.9999999999999967e-01 
     210             0      2.0000000000000004e+00 
     210             2      9.9999999999999967e-01 
     210            23     -9.9999999999999967e-01 
     210            24      1.9999999999999993e+00 
     210            21      1.0000000000000000e+00 
     210            48     -1.9999999999999987e+00 
     210            56     -9.9999999999999900e-01 
     210           156     -9.9999999999999889e-01 
     210           173      9.9999999999999756e-01 
     210            66      3.9999999999999973e+00 
     210            68      1.9999999999999980e+00 
     210           231      1.9999999999999978e+00 
     210           233      9.9999999999999856e-01 
     211           148      1.2247448713915885e+00 
     211           193     -1.2247448713915872e+00 
     212           148     -7.0710678118654635e-01 
     212           193     -7.0710678118654668e-01 
     213            83      9.9999999999999822e-01 
     213           113      9.9999999999999878e-01 
     214           152      1.9999999999999956e+00 
     214           212     -9.9999999999999833e-01 
     215             1     -9.9999999999999967e-01 
     215            25     -9.9999999999999956e-01 
     215            22     -9.9999999999999956e-01 
     215            55      9.9999999999999900e-01 
     215            67     -1.9999999999999980e+00 
     215            97      1.9999999999999973e+00 
     215           127     -9.9999999999999889e-01 
     218            58      1.2247448713915869e+00 
     222            52      1.4142135623730934e+00 
     222            58     -7.0710678118654668e-01 
     223            90      1.9999999999999973e+00 
     223           100     -9.9999999999999867e-01 
     227            18      1.2247448713915881e+00 
     227           224     -1.2247448713915885e+00 
     227           206      1.2247448713915881e+00 
     227           201      1.2247448713915878e+00 
     227           147     -1.2247448713915876e+00 
     227           192      2.4494897427831752e+00 
     227           194      1.2247448713915872e+00 
     228            18      7.0710678118654724e-01 
     228           224      7.0710678118654702e-01 
     228           206      7.0710678118654713e-01 
     228           201      7.0710678118654702e-01 
     228           147     -7.0710678118654691e-01 
     228           164     -1.4142135623730929e+00 
     228           192      1.4142135623730938e+00 
     228           194      7.0710678118654668e-01 
     229            13     -9.9999999999999956e-01 
     229           139     -9.9999999999999933e-01 
     229           121     -9.9999999999999922e-01 
     229            82      9.9999999999999900e-01 
     229            94      1.9999999999999969e+00 
     229           112     -1.9999999999999980e+00 
     229           114     -9.9999999999999878e-01 
     230            19      9.9999999999999933e-01 
     230           205     -9.9999999999999911e-01 
     230           220      1.9999999999999982e+00 
     230           151     -9.9999999999999867e-01 
     230           168      9.9999999999999734e-01 
     230           211      1.9999999999999973e+00 
     230           213      9.9999999999999833e-01 
     231             9      1.9999999999999996e+00 
     231            75      9.9999999999999967e-01 
     231            14      1.0000000000000000e+00 
     231           125     -9.9999999999999967e-01 
     231           135      1.9999999999999993e+00 
     231             0      2.0000000000000004e+00 
     231             2      9.9999999999999967e-01 
     231            23     -9.9999999999999967e-01 
     231            24      1.9999999999999993e+00 
     231            21      1.0000000000000000e+00 
     231            48     -1.9999999999999987e+00 
     231            56     -9.9999999999999900e-01 
     231            66      3.9999999999999973e+00 
     231            68      1.9999999999999980e+00 
     231            86     -9.9999999999999922e-01 
     231            98      9.9999999999999833e-01 
     231           126      1.9999999999999984e+00 
     231           128      9.9999999999999889e-01 
     232            58     -9.9999999999999900e-01 
     237             1     -9.9999999999999967e-01 
     237            25     -9.9999999999999956e-01 
     237            22     -9.9999999999999956e-01 
     237            97      1.5000000000000009e+00 
     237           172      1.5000000000000000e+00 
     237            37     -9.9999999999999956e-01 
     237           127     -9.9999999999999933e-01 
     237           232     -9.9999999999999922e-01 
     238            93      1.4999999999999993e+00 
     238           113     -9.9999999999999889e-01 
     239           163     -1.4999999999999991e+00 
     239           193      9.9999999999999878e-01 
     240            97      8.6602540378443860e-01 
     240           172     -8.6602540378443793e-01 
     241           167      1.2247448713915876e+00 
     242            93      8.6602540378443760e-01 
     243           163     -8.6602540378443749e-01 
     245            90     -1.2247448713915885e+00 
     245           100      1.2247448713915869e+00 
     246           160      1.2247448713915881e+00 
     246           175     -1.2247448713915867e+00 
     248             8      9.9999999999999956e-01 
     248           124      5.0000000000000189e-01 
     248           209      5.0000000000000133e-01 
     248           134      9.9999999999999889e-01 
     248           239      9.9999999999999878e-01 
     248            45     -9.9999999999999944e-01 
     248            53     -9.9999999999999933e-01 
     248            57      1.9999999999999989e+00 
     248            59      9.9999999999999900e-01 
     249           124     -8.6602540378443804e-01 
     249           209      8.6602540378443726e-01 
     250           204     -1.2247448713915876e+00 
     251           120     -1.2247448713915878e+00 
     252           200      1.2247448713915876e+00 
     253            14      9.9999999999999956e-01 
     253            20      1.0000000000000000e+00 
     253           230     -9.9999999999999967e-01 
     253           245      9.9999999999999933e-01 
     253             5      1.0000000000000000e+00 
     253           111      5.0000000000000144e-01 
     253           191      5.0000000000000089e-01 
     253           131      9.9999999999999978e-01 
     253           236      9.9999999999999967e-01 
     253             0      2.0000000000000004e+00 
     253             2      9.9999999999999967e-01 
     253            23     -9.9999999999999967e-01 
     253            24      1.9999999999999993e+00 
     253            21      1.0000000000000000e+00 
     253            30     -9.9999999999999978e-01 
     253            35     -1.0000000000000004e+00 
     253            86     -9.9999999999999967e-01 
     253            98      5.0000000000000144e-01 
     253           156     -9.9999999999999956e-01 
     253           173      5.0000000000000089e-01 
     253            36      1.9999999999999996e+00 
     253            38      9.9999999999999956e-01 
     253           126      1.9999999999999993e+00 
     253           128      9.9999999999999933e-01 
     253           231      1.9999999999999991e+00 
     253           233      9.9999999999999922e-01 
     254           100     -4.9999999999999939e-01 
     255           100      8.6602540378443704e-01 
     257            58      1.2247448713915869e+00 
     259            83      1.4999999999999993e+00 
     259           113     -9.9999999999999889e-01 
     260             1     -9.9999999999999967e-01 
     260            25     -9.9999999999999956e-01 
     260            22     -9.9999999999999956e-01 
     260            37     -9.9999999999999956e-01 
     260            55      1.5000000000000004e+00 
     260           172      1.4999999999999989e+00 
     260            67     -9.9999999999999889e-01 
     260           232     -9.9999999999999845e-01 
     261           167      1.4999999999999984e+00 
     261           212     -9.9999999999999811e-01 
     262            83      8.6602540378443771e-01 
     264            55      8.6602540378443849e-01 
     264           172     -8.6602540378443726e-01 
     265           167     -8.6602540378443715e-01 
     266           163      1.2247448713915872e+00 
     267            52     -1.2247448713915892e+00 
     267            58      1.2247448713915878e+00 
     269           160      1.2247448713915887e+00 
     269           175     -1.2247448713915874e+00 
     270            12      4.9999999999999961e-01 
     270           120      1.0000000000000013e+00 
     270           108      4.9999999999999956e-01 
     270           228     -4.9999999999999928e-01 
     270           243      4.9999999999999950e-01 
     270            79     -4.9999999999999956e-01 
     270            91     -4.9999999999999956e-01 
     270            99      9.9999999999999911e-01 
     270           101      4.9999999999999939e-01 
     271            12     -8.6602540378443749e-01 
     271           108     -8.6602540378443726e-01 
     271           228     -8.6602540378443749e-01 
     271           243     -8.6602540378443738e-01 
     271            79      8.6602540378443738e-01 
     271            91      8.6602540378443726e-01 
     271            99     -1.7320508075688748e+00 
     271           101     -8.6602540378443704e-01 
     272           223      1.2247448713915878e+00 
     273             8     -1.2247448713915876e+00 
     273           239     -1.2247448713915869e+00 
     273            74     -1.2247448713915876e+00 
     273            45      1.2247448713915876e+00 
     273            53      1.2247448713915874e+00 
     273            57     -2.4494897427831752e+00 
     273            59     -1.2247448713915869e+00 
     274           219     -1.2247448713915874e+00 
     275            13      9.9999999999999967e-01 
     275           107      5.0000000000000022e-01 
     275           117      9.9999999999999944e-01 
     275           229     -9.9999999999999911e-01 
     275           244      9.9999999999999956e-01 
     275            82     -9.9999999999999933e-01 
     275            94      5.0000000000000044e-01 
     275           112      1.9999999999999987e+00 
     275           114      9.9999999999999889e-01 
     276            20      1.0000000000000000e+00 
     276             5      1.0000000000000000e+00 
     276             9      9.9999999999999956e-01 
     276            65      5.0000000000000144e-01 
     276           191      5.0000000000000056e-01 
     276           210     -9.9999999999999933e-01 
     276            71      9.9999999999999933e-01 
     276           236      9.9999999999999889e-01 
     276           240      9.9999999999999900e-01 
     276             0      2.0000000000000004e+00 
     276             2      9.9999999999999967e-01 
     276            23     -9.9999999999999967e-01 
     276            24      1.9999999999999993e+00 
     276            21      1.0000000000000000e+00 
     276            30     -9.9999999999999978e-01 
     276            35     -1.0000000000000004e+00 
     276            36      1.9999999999999996e+00 
     276            38      9.9999999999999956e-01 
     276            48     -9.9999999999999922e-01 
     276            56      5.0000000000000144e-01 
     276           156     -9.9999999999999878e-01 
     276           173      5.0000000000000044e-01 
     276            66      1.9999999999999984e+00 
     276            68      9.9999999999999889e-01 
     276           231      1.9999999999999976e+00 
     276           233      9.9999999999999845e-01 
     277           175      4.9999999999999933e-01 
     278           175      8.6602540378443715e-01 
     279           100     -1.2247448713915867e+00 
     281            58      1.2247448713915869e+00 
     282           148     -1.4999999999999991e+00 
     282           193      9.9999999999999878e-01 
     283           152      1.4999999999999984e+00 
     283           212     -9.9999999999999811e-01 
     284             1     -9.9999999999999967e-01 
     284            25     -9.9999999999999956e-01 
     284            22     -9.9999999999999956e-01 
     284            37     -9.9999999999999956e-01 
     284            55      1.5000000000000004e+00 
     284            67     -9.9999999999999889e-01 
     284            97      1.4999999999999996e+00 
     284           127     -9.9999999999999878e-01 
     285           148      8.6602540378443782e-01 
     286            83     -1.2247448713915876e+00 
     287           152     -8.6602540378443715e-01 
     288            55      8.6602540378443849e-01 
     288            97     -8.6602540378443771e-01 
     289            93      1.2247448713915874e+00 
     291            52     -1.2247448713915892e+00 
     291            58      1.2247448713915878e+00 
     292            90      1.2247448713915889e+00 
     292           100     -1.2247448713915876e+00 
     293            17     -4.9999999999999950e-01 
     293           200     -1.0000000000000011e+00 
     293           223      4.9999999999999961e-01 
     293           183     -4.9999999999999950e-01 
     293           188     -4.9999999999999950e-01 
     293           144      4.9999999999999950e-01 
     293           161      4.9999999999999950e-01 
     293           174     -9.9999999999999900e-01 
     293           176     -4.9999999999999933e-01 
     294            17     -8.6602540378443749e-01 
     294           223     -8.6602540378443726e-01 
     294           183     -8.6602540378443738e-01 
     294           188     -8.6602540378443749e-01 
     294           144      8.6602540378443749e-01 
     294           161      8.6602540378443749e-01 
     294           174     -1.7320508075688750e+00 
     294           176     -8.6602540378443715e-01 
     295            12      1.2247448713915874e+00 
     295           108      1.2247448713915872e+00 
     295           138      1.2247448713915874e+00 
     295            79     -1.2247448713915872e+00 
     295            91     -1.2247448713915872e+00 
     295            99      2.4494897427831743e+00 
     295           101      1.2247448713915867e+00 
     296           219     -1.2247448713915867e+00 
     297             8     -1.2247448713915876e+00 
     297            74     -1.2247448713915876e+00 
     297           134     -1.2247448713915874e+00 
     297            45      1.2247448713915876e+00 
     297            53      1.2247448713915874e+00 
     297            57     -2.4494897427831752e+00 
     297            59     -1.2247448713915869e+00 
     298            18     -9.9999999999999956e-01 
     298           224      9.9999999999999967e-01 
     298           206     -9.9999999999999944e-01 
     298           182     -5.0000000000000022e-01 
     298           197     -9.9999999999999933e-01 
     298           147      9.9999999999999922e-01 
     298           164     -5.0000000000000022e-01 
     298           192     -1.9999999999999984e+00 
     298           194     -9.9999999999999878e-01 
     299            19      9.9999999999999933e-01 
     299           186      5.0000000000000033e-01 
     299           205     -9.9999999999999911e-01 
     299           216      9.9999999999999867e-01 
     299           220      9.9999999999999878e-01 
     299           151     -9.9999999999999845e-01 
     299           168      5.0000000000000044e-01 
     299           211      1.9999999999999969e+00 
     299           213      9.9999999999999811e-01 
     300            14      1.0000000000000000e+00 
     300             5      1.0000000000000000e+00 
     300             9      9.9999999999999956e-01 
     300            65      5.0000000000000144e-01 
     300            71      9.9999999999999933e-01 
     300           111      5.0000000000000089e-01 
     300           125     -9.9999999999999967e-01 
     300           131      9.9999999999999922e-01 
     300           135      9.9999999999999933e-01 
     300             0      2.0000000000000004e+00 
     300             2      9.9999999999999967e-01 
     300            23     -9.9999999999999967e-01 
     300            24      1.9999999999999993e+00 
     300            21      1.0000000000000000e+00 
     300            30     -9.9999999999999978e-01 
     300            35     -1.0000000000000004e+00 
     300            36      1.9999999999999996e+00 
     300            38      9.9999999999999956e-01 
     300            48     -9.9999999999999922e-01 
     300            56      5.0000000000000144e-01 
     300            66      1.9999999999999984e+00 
     300            68      9.9999999999999889e-01 
     300            86     -9.9999999999999900e-01 
     300            98      5.0000000000000089e-01 
     300           126      1.9999999999999980e+00 
     300           128      9.9999999999999878e-01 
     302            46      1.9999999999999978e+00 
     302            58     -9.9999999999999889e-01 
     306            97      8.6602540378443793e-01 
     306           172     -8.6602540378443793e-01 
     307            93      8.6602540378443771e-01 
     308           163      8.6602540378443782e-01 
     309             1     -9.9999999999999967e-01 
     309            25     -9.9999999999999956e-01 
     309            22     -9.9999999999999956e-01 
     309            34      1.9999999999999991e+00 
     309            97      4.9999999999999961e-01 
     309           172      4.9999999999999967e-01 
     309            37     -9.9999999999999956e-01 
     309           127     -9.9999999999999922e-01 
     309           232     -9.9999999999999933e-01 
     310           167     -7.0710678118654702e-01 
     310           212      1.4142135623730940e+00 
     311            93      4.9999999999999961e-01 
     311           113     -9.9999999999999922e-01 
     312           163      4.9999999999999967e-01 
     312           193     -9.9999999999999933e-01 
     314            90     -7.0710678118654657e-01 
     314           100     -7.0710678118654668e-01 
     315           160     -7.0710678118654657e-01 
     315           175     -7.0710678118654668e-01 
     317           124     -8.6602540378443726e-01 
     317           209      8.6602540378443726e-01 
     318             8      9.9999999999999933e-01 
     318           124     -4.9999999999999944e-01 
     318           209     -4.9999999999999950e-01 
     318           134      9.9999999999999889e-01 
     318           239      9.9999999999999900e-01 
     318            45     -9.9999999999999922e-01 
     318            53      9.9999999999999878e-01 
     318            57      1.9999999999999984e+00 
     318            59      9.9999999999999889e-01 
     319           204      7.0710678118654691e-01 
     319           219     -1.4142135623730938e+00 
     320           120      7.0710678118654702e-01 
     321           200      7.0710678118654702e-01 
     322           111     -8.6602540378443915e-01 
     322           191      8.6602540378443826e-01 
     322            98      8.6602540378443860e-01 
     322           173     -8.6602540378443793e-01 
     323           107     -8.6602540378443826e-01 
     323            94      8.6602540378443771e-01 
     324           182     -8.6602540378443826e-01 
     324           164      8.6602540378443782e-01 
     325            20      1.0000000000000000e+00 
     325            14      9.9999999999999967e-01 
     325           230      9.9999999999999956e-01 
     325           245      9.9999999999999956e-01 
     325             5      1.0000000000000000e+00 
     325           111     -4.9999999999999978e-01 
     325           191     -4.9999999999999983e-01 
     325           131      9.9999999999999956e-01 
     325           236      9.9999999999999967e-01 
     325             0      2.0000000000000004e+00 
     325             2      9.9999999999999967e-01 
     325            23     -9.9999999999999967e-01 
     325            24      1.9999999999999993e+00 
     325            21      1.0000000000000000e+00 
     325            30     -9.9999999999999978e-01 
     325            35      9.9999999999999956e-01 
     325            86     -9.9999999999999956e-01 
     325            98     -4.9999999999999961e-01 
     325           156     -9.9999999999999967e-01 
     325           173     -4.9999999999999967e-01 
     325            36      1.9999999999999996e+00 
     325            38      9.9999999999999956e-01 
     325           126      1.9999999999999991e+00 
     325           128      9.9999999999999922e-01 
     325           231      1.9999999999999993e+00 
     325           233      9.9999999999999933e-01 
     328            46      1.9999999999999978e+00 
     328            58     -9.9999999999999889e-01 
     331           152      1.2247448713915876e+00 
     333            93     -1.2247448713915876e+00 
     334           152     -7.0710678118654702e-01 
     334           212      1.4142135623730940e+00 
     335             1     -9.9999999999999967e-01 
     335            25     -9.9999999999999956e-01 
     335            22     -9.9999999999999956e-01 
     335            34      1.9999999999999991e+00 
     335            37     -9.9999999999999956e-01 
     335            97      9.9999999999999967e-01 
     335           127     -1.9999999999999993e+00 
     337            93     -7.0710678118654691e-01 
     337           113      1.4142135623730938e+00 
     340            90      9.9999999999999867e-01 
     340           100      9.9999999999999878e-01 
     342           187     -1.2247448713915865e+00 
     343           187      7.0710678118654680e-01 
     343           219     -1.4142135623730936e+00 
     344             8      9.9999999999999933e-01 
     344           124     -9.9999999999999933e-01 
     344           134      1.9999999999999987e+00 
     344            45     -9.9999999999999922e-01 
     344            53      9.9999999999999878e-01 
     344            57      1.9999999999999984e+00 
     344            59      9.9999999999999889e-01 
     346           120     -9.9999999999999922e-01 
     347           186     -1.2247448713915878e+00 
     347           168      1.2247448713915876e+00 
     349           107      1.2247448713915883e+00 
     349            94     -1.2247448713915876e+00 
     350            19     -1.4142135623730949e+00 
     350           225     -1.4142135623730945e+00 
     350           186      7.0710678118654724e-01 
     350           216     -1.4142135623730945e+00 
     350           151      1.4142135623730945e+00 
     350           168      7.0710678118654702e-01 
     350           211     -2.8284271247461890e+00 
     350           213     -1.4142135623730940e+00 
     351            14      2.0000000000000004e+00 
     351           140      1.0000000000000000e+00 
     351             5      1.0000000000000000e+00 
     351           111     -1.0000000000000000e+00 
     351           131      2.0000000000000000e+00 
     351             0      2.0000000000000004e+00 
     351             2      9.9999999999999967e-01 
     351            23     -9.9999999999999967e-01 
     351            24      1.9999999999999993e+00 
     351            21      1.0000000000000000e+00 
     351            30     -9.9999999999999978e-01 
     351            35      9.9999999999999956e-01 
     351            36      1.9999999999999996e+00 
     351            38      9.9999999999999956e-01 
     351            86     -2.0000000000000000e+00 
     351            98     -9.9999999999999967e-01 
     351           126      4.0000000000000000e+00 
     351           128      1.9999999999999993e+00 
     352            80     -1.7320508075688741e+00 
     352           100      8.6602540378443704e-01 
     353            80     -9.9999999999999822e-01 
     353           100      4.9999999999999911e-01 
     355            46      1.4142135623730934e+00 
     355            58     -7.0710678118654668e-01 
     357            83      8.6602540378443760e-01 
     358            55      8.6602540378443771e-01 
     358           172     -8.6602540378443726e-01 
     359           167     -8.6602540378443715e-01 
     360            83      4.9999999999999961e-01 
     360           113     -9.9999999999999922e-01 
     362             1     -9.9999999999999967e-01 
     362            25     -9.9999999999999956e-01 
     362            22     -9.9999999999999956e-01 
     362            34      1.9999999999999991e+00 
     362            37     -9.9999999999999956e-01 
     362            55      4.9999999999999961e-01 
     362           172      4.9999999999999950e-01 
     362            67     -9.9999999999999922e-01 
     362           232     -9.9999999999999900e-01 
     363           167      4.9999999999999939e-01 
     363           212     -9.9999999999999878e-01 
     364           163     -7.0710678118654691e-01 
     364           193      1.4142135623730938e+00 
     365            52     -7.0710678118654657e-01 
     365            58     -7.0710678118654691e-01 
     367           160     -7.0710678118654668e-01 
     367           175     -7.0710678118654680e-01 
     368            12     -8.6602540378443738e-01 
     368           108     -8.6602540378443726e-01 
     368           228      8.6602540378443704e-01 
     368           243     -8.6602540378443726e-01 
     368            79      8.6602540378443726e-01 
     368            91     -8.6602540378443704e-01 
     368            99     -1.7320508075688745e+00 
     368           101     -8.6602540378443704e-01 
     369            12     -4.9999999999999939e-01 
     369           120      9.9999999999999845e-01 
     369           108     -4.9999999999999928e-01 
     369           228     -4.9999999999999922e-01 
     369           243     -4.9999999999999928e-01 
     369            79      4.9999999999999928e-01 
     369            91     -4.9999999999999911e-01 
     369            99     -9.9999999999999856e-01 
     369           101     -4.9999999999999911e-01 
     370           223      7.0710678118654713e-01 
     371             8      7.0710678118654702e-01 
     371           209     -1.4142135623730931e+00 
     371           239      7.0710678118654668e-01 
     371            74      7.0710678118654691e-01 
     371            45     -7.0710678118654691e-01 
     371            53      7.0710678118654680e-01 
     371            57      1.4142135623730938e+00 
     371            59      7.0710678118654668e-01 
     372           204     -1.4142135623730931e+00 
     372           219      7.0710678118654657e-01 
     373           107     -8.6602540378443804e-01 
     373            94      8.6602540378443760e-01 
     374            65     -8.6602540378443893e-01 
     374           191      8.6602540378443760e-01 
     374            56      8.6602540378443849e-01 
     374           173     -8.6602540378443726e-01 
     375           186      8.6602540378443749e-01 
     375           168     -8.6602540378443715e-01 
     376            13      9.9999999999999967e-01 
     376           107     -4.9999999999999972e-01 
     376           117      9.9999999999999944e-01 
     376           229      9.9999999999999956e-01 
     376           244      9.9999999999999956e-01 
     376            82     -9.9999999999999944e-01 
     376            94     -4.9999999999999961e-01 
     376           112      1.9999999999999989e+00 
     376           114      9.9999999999999922e-01 
     377           224     -1.4142135623730945e+00 
     378            20      1.0000000000000000e+00 
     378             5      1.0000000000000000e+00 
     378             9      9.9999999999999967e-01 
     378            65     -4.9999999999999978e-01 
     378           191     -4.9999999999999967e-01 
     378           210      9.9999999999999889e-01 
     378            71      9.9999999999999956e-01 
     378           236      9.9999999999999933e-01 
     378           240      9.9999999999999922e-01 
     378             0      2.0000000000000004e+00 
     378             2      9.9999999999999967e-01 
     378            23     -9.9999999999999967e-01 
     378            24      1.9999999999999993e+00 
     378            21      1.0000000000000000e+00 
     378            30     -9.9999999999999978e-01 
     378            35      9.9999999999999956e-01 
     378            36      1.9999999999999996e+00 
     378            38      9.9999999999999956e-01 
     378            48     -9.9999999999999956e-01 
     378            56     -4.9999999999999961e-01 
     378           156     -9.9999999999999933e-01 
     378           173     -4.9999999999999950e-01 
     378            66      1.9999999999999991e+00 
     378            68      9.9999999999999922e-01 
     378           231      1.9999999999999987e+00 
     378           233      9.9999999999999900e-01 
     379           145      1.7320508075688739e+00 
     379           175     -8.6602540378443693e-01 
     380           145     -9.9999999999999833e-01 
     380           175      4.9999999999999917e-01 
     381            80      1.4142135623730925e+00 
     381           100     -7.0710678118654624e-01 
     383            46      1.4142135623730934e+00 
     383            58     -7.0710678118654668e-01 
     384           148     -8.6602540378443749e-01 
     385           152     -8.6602540378443715e-01 
     386            55      8.6602540378443771e-01 
     386            97     -8.6602540378443771e-01 
     387           148      4.9999999999999967e-01 
     387           193     -9.9999999999999933e-01 
     388            83     -7.0710678118654691e-01 
     388           113      1.4142135623730938e+00 
     389           152      4.9999999999999939e-01 
     389           212     -9.9999999999999878e-01 
     390             1     -9.9999999999999967e-01 
     390            25     -9.9999999999999956e-01 
     390            22     -9.9999999999999956e-01 
     390            34      1.9999999999999991e+00 
     390            37     -9.9999999999999956e-01 
     390            55      4.9999999999999961e-01 
     390            67     -9.9999999999999922e-01 
     390            97      4.9999999999999967e-01 
     390           127     -9.9999999999999933e-01 
     391            93     -7.0710678118654702e-01 
     391           113      1.4142135623730940e+00 
     393            52     -7.0710678118654657e-01 
     393            58     -7.0710678118654691e-01 
     394            90     -7.0710678118654657e-01 
     394           100     -7.0710678118654691e-01 
     395            17      8.6602540378443726e-01 
     395           223     -8.6602540378443749e-01 
     395           183      8.6602540378443715e-01 
     395           188      8.6602540378443726e-01 
     395           144     -8.6602540378443715e-01 
     395           161      8.6602540378443682e-01 
     395           174      1.7320508075688743e+00 
     395           176      8.6602540378443693e-01 
     396            17     -4.9999999999999939e-01 
     396           200      9.9999999999999856e-01 
     396           223     -4.9999999999999922e-01 
     396           183     -4.9999999999999933e-01 
     396           188     -4.9999999999999933e-01 
     396           144      4.9999999999999933e-01 
     396           161     -4.9999999999999922e-01 
     396           174     -9.9999999999999867e-01 
     396           176     -4.9999999999999917e-01 
     397            12      7.0710678118654657e-01 
     397           120     -1.4142135623730929e+00 
     397           108      7.0710678118654646e-01 
     397           138      7.0710678118654646e-01 
     397            79     -7.0710678118654646e-01 
     397            91      7.0710678118654635e-01 
     397            99      1.4142135623730929e+00 
     397           101      7.0710678118654624e-01 
     398           187     -1.4142135623730929e+00 
     398           219      7.0710678118654646e-01 
     399             8      7.0710678118654702e-01 
     399            74      7.0710678118654691e-01 
     399           124     -1.4142135623730938e+00 
     399           134      7.0710678118654691e-01 
     399            45     -7.0710678118654691e-01 
     399            53      7.0710678118654680e-01 
     399            57      1.4142135623730938e+00 
     399            59      7.0710678118654668e-01 
     400           182      8.6602540378443793e-01 
     400           164     -8.6602540378443749e-01 
     401           186      8.6602540378443749e-01 
     401           168     -8.6602540378443715e-01 
     402            65     -8.6602540378443893e-01 
     402           111      8.6602540378443826e-01 
     402            56      8.6602540378443849e-01 
     402            98     -8.6602540378443771e-01 
     403            18      9.9999999999999967e-01 
     403           224      9.9999999999999956e-01 
     403           206      9.9999999999999956e-01 
     403           182     -4.9999999999999978e-01 
     403           197      9.9999999999999956e-01 
     403           147     -9.9999999999999956e-01 
     403           164     -4.9999999999999967e-01 
     403           192      1.9999999999999991e+00 
     403           194      9.9999999999999933e-01 
     404            13     -1.4142135623730945e+00 
     404           107      7.0710678118654713e-01 
     404           117     -1.4142135623730943e+00 
     404           139     -1.4142135623730943e+00 
     404            82      1.4142135623730943e+00 
     404            94      7.0710678118654691e-01 
     404           112     -2.8284271247461885e+00 
     404           114     -1.4142135623730938e+00 
     405            19      9.9999999999999933e-01 
     405           186     -4.9999999999999956e-01 
     405           205      9.9999999999999878e-01 
     405           216      9.9999999999999911e-01 
     405           220      9.9999999999999889e-01 
     405           151     -9.9999999999999911e-01 
     405           168     -4.9999999999999939e-01 
     405           211      1.9999999999999982e+00 
     405           213      9.9999999999999878e-01 
     406            14      1.0000000000000000e+00 
     406             5      1.0000000000000000e+00 
     406             9      9.9999999999999967e-01 
     406            65     -4.9999999999999978e-01 
     406            71      9.9999999999999956e-01 
     406           111     -4.9999999999999983e-01 
     406           125      9.9999999999999956e-01 
     406           131      9.9999999999999967e-01 
     406           135      9.9999999999999956e-01 
     406             0      2.0000000000000004e+00 
     406             2      9.9999999999999967e-01 
     406            23     -9.9999999999999967e-01 
     406            24      1.9999999999999993e+00 
     406            21      1.0000000000000000e+00 
     406            30     -9.9999999999999978e-01 
     406            35      9.9999999999999956e-01 
     406            36      1.9999999999999996e+00 
     406            38      9.9999999999999956e-01 
     406            48     -9.9999999999999956e-01 
     406            56     -4.9999999999999961e-01 
     406            66      1.9999999999999991e+00 
     406            68      9.9999999999999922e-01 
     406            86     -9.9999999999999967e-01 
     406            98     -4.9999999999999967e-01 
     406           126      1.9999999999999993e+00 
     406           128      9.9999999999999933e-01 
     410           145      1.9999999999999969e+00 
     410           175     -9.9999999999999845e-01 
     411            80      1.9999999999999973e+00 
     411           100     -9.9999999999999867e-01 
     413           148      1.2247448713915872e+00 
     414            83      1.2247448713915874e+00 
     417           148     -7.0710678118654691e-01 
     417           193      1.4142135623730938e+00 
     418            83     -7.0710678118654702e-01 
     418           113      1.4142135623730940e+00 
     419             1     -9.9999999999999967e-01 
     419            25     -9.9999999999999956e-01 
     419            22     -9.9999999999999956e-01 
     419            34      1.9999999999999991e+00 
     419            37     -9.9999999999999956e-01 
     419            55      9.9999999999999967e-01 
     419            67     -1.9999999999999993e+00 
     422            52      9.9999999999999867e-01 
     422            58      9.9999999999999900e-01 
     423           204      1.2247448713915865e+00 
     423           187     -1.2247448713915865e+00 
     424           204      7.0710678118654680e-01 
     424           187      7.0710678118654680e-01 
     425           124     -9.9999999999999933e-01 
     426            17      9.9999999999999900e-01 
     426           200     -9.9999999999999900e-01 
     426           183      1.9999999999999980e+00 
     426           144     -9.9999999999999878e-01 
     426           161      9.9999999999999833e-01 
     426           174      1.9999999999999976e+00 
     426           176      9.9999999999999845e-01 
     427            12      9.9999999999999922e-01 
     427           120     -9.9999999999999922e-01 
     427           108      1.9999999999999984e+00 
     427            79     -9.9999999999999900e-01 
     427            91      9.9999999999999867e-01 
     427            99      1.9999999999999980e+00 
     427           101      9.9999999999999867e-01 
     429           182     -1.2247448713915876e+00 
     429           164      1.2247448713915872e+00 
     430           107     -1.2247448713915876e+00 
     430            94      1.2247448713915874e+00 
     431           205     -1.4142135623730947e+00 
     432           125      1.0000000000000002e+00 
     433            18     -1.4142135623730945e+00 
     433           182      7.0710678118654713e-01 
     433           197     -1.4142135623730943e+00 
     433           201     -1.4142135623730943e+00 
     433           147      1.4142135623730943e+00 
     433           164      7.0710678118654691e-01 
     433           192     -2.8284271247461885e+00 
     433           194     -1.4142135623730938e+00 
     434            13     -1.4142135623730949e+00 
     434           107      7.0710678118654724e-01 
     434           117     -1.4142135623730945e+00 
     434           121     -1.4142135623730945e+00 
     434            82      1.4142135623730945e+00 
     434            94      7.0710678118654702e-01 
     434           112     -2.8284271247461890e+00 
     434           114     -1.4142135623730940e+00 
     435             5      1.0000000000000000e+00 
     435             9      2.0000000000000004e+00 
     435            65     -1.0000000000000000e+00 
     435            71      2.0000000000000000e+00 
     435            75      1.0000000000000000e+00 
     435             0      2.0000000000000004e+00 
     435             2      9.9999999999999967e-01 
     435            23     -9.9999999999999967e-01 
     435            24      1.9999999999999993e+00 
     435            21      1.0000000000000000e+00 
     435            30     -9.9999999999999978e-01 
     435            35      9.9999999999999956e-01 
     435            36      1.9999999999999996e+00 
     435            38      9.9999999999999956e-01 
     435            48     -2.0000000000000000e+00 
     435            56     -9.9999999999999967e-01 
     435            66      4.0000000000000000e+00 
     435            68      1.9999999999999993e+00 
     441            80     -1.2247448713915885e+00 
     441           100      1.2247448713915869e+00 
     442            46     -1.2247448713915892e+00 
     442            58      1.2247448713915878e+00 
     444            80     -7.0710678118654657e-01 
     444           100     -7.0710678118654668e-01 
     446            46     -7.0710678118654657e-01 
     446            58     -7.0710678118654691e-01 
     449             1     -9.9999999999999967e-01 
     449            25     -9.9999999999999956e-01 
     449            22     -9.9999999999999956e-01 
     449            34      9.9999999999999933e-01 
     449           172      1.9999999999999962e+00 
     449            37     -1.9999999999999987e+00 
     449           232     -9.9999999999999856e-01 
     450           167      1.9999999999999956e+00 
     450           212     -9.9999999999999833e-01 
     451           163      1.9999999999999960e+00 
     451           193     -9.9999999999999845e-01 
     452           107     -1.2247448713915881e+00 
     453           107      7.0710678118654702e-01 
     455            65      9.9999999999999956e-01 
     457            12     -1.2247448713915876e+00 
     457           228      1.2247448713915869e+00 
     457           243     -1.2247448713915874e+00 
     457           104     -1.2247448713915872e+00 
     457            79      1.2247448713915874e+00 
     457            99     -2.4494897427831748e+00 
     457           101     -1.2247448713915869e+00 
     458             8     -1.2247448713915883e+00 
     458           209      1.2247448713915872e+00 
     458           239     -1.2247448713915876e+00 
     458            62     -1.2247448713915881e+00 
     458            45      1.2247448713915883e+00 
     458            57     -2.4494897427831765e+00 
     458            59     -1.2247448713915878e+00 
     459           204      1.2247448713915872e+00 
     459           219     -1.2247448713915867e+00 
     460            12      7.0710678118654691e-01 
     460           228      7.0710678118654691e-01 
     460           243      7.0710678118654680e-01 
     460           104      7.0710678118654680e-01 
     460            79     -7.0710678118654691e-01 
     460            91     -1.4142135623730931e+00 
     460            99      1.4142135623730938e+00 
     460           101      7.0710678118654668e-01 
     461           223     -9.9999999999999911e-01 
     462             8      7.0710678118654713e-01 
     462           209      7.0710678118654668e-01 
     462           239      7.0710678118654680e-01 
     462            62      7.0710678118654702e-01 
     462            45     -7.0710678118654713e-01 
     462            53     -1.4142135623730936e+00 
     462            57      1.4142135623730943e+00 
     462            59      7.0710678118654691e-01 
     463           204      7.0710678118654635e-01 
     463           219      7.0710678118654646e-01 
     464           200     -9.9999999999999900e-01 
     465            20      1.0000000000000000e+00 
     465             5      1.9999999999999996e+00 
     465           191     -9.9999999999999900e-01 
     465           236      1.9999999999999980e+00 
     465            41      9.9999999999999967e-01 
     465             0      2.0000000000000004e+00 
     465             2      9.9999999999999967e-01 
     465            23     -9.9999999999999967e-01 
     465            24      1.9999999999999993e+00 
     465            21      1.0000000000000000e+00 
     465            30     -1.9999999999999993e+00 
     465            35     -9.9999999999999933e-01 
     465           156     -9.9999999999999889e-01 
     465           173      9.9999999999999756e-01 
     465            36      3.9999999999999987e+00 
     465            38      1.9999999999999987e+00 
     465           231      1.9999999999999978e+00 
     465           233      9.9999999999999856e-01 
     471           145      1.2247448713915881e+00 
     471           175     -1.2247448713915867e+00 
     473            46     -1.2247448713915892e+00 
     473            58      1.2247448713915878e+00 
     474           145     -7.0710678118654657e-01 
     474           175     -7.0710678118654668e-01 
     475            80      9.9999999999999867e-01 
     475           100      9.9999999999999878e-01 
     477            46     -7.0710678118654657e-01 
     477            58     -7.0710678118654691e-01 
     479           152      1.9999999999999956e+00 
     479           212     -9.9999999999999833e-01 
     480             1     -9.9999999999999967e-01 
     480            25     -9.9999999999999956e-01 
     480            22     -9.9999999999999956e-01 
     480            34      9.9999999999999933e-01 
     480            37     -1.9999999999999987e+00 
     480            97      1.9999999999999973e+00 
     480           127     -9.9999999999999889e-01 
     481            93      1.9999999999999967e+00 
     481           113     -9.9999999999999867e-01 
     482           182      1.2247448713915878e+00 
     483           182      7.0710678118654702e-01 
     484           107     -9.9999999999999922e-01 
     486            65      9.9999999999999956e-01 
     487            17      1.2247448713915874e+00 
     487           223     -1.2247448713915876e+00 
     487           188      1.2247448713915874e+00 
     487           179      1.2247448713915869e+00 
     487           144     -1.2247448713915872e+00 
     487           174      2.4494897427831743e+00 
     487           176      1.2247448713915867e+00 
     488           187      1.2247448713915867e+00 
     488           219     -1.2247448713915874e+00 
     489             8     -1.2247448713915883e+00 
     489            62     -1.2247448713915881e+00 
     489           124      1.2247448713915876e+00 
     489           134     -1.2247448713915881e+00 
     489            45      1.2247448713915883e+00 
     489            57     -2.4494897427831765e+00 
     489            59     -1.2247448713915878e+00 
     490            17      7.0710678118654702e-01 
     490           223      7.0710678118654668e-01 
     490           188      7.0710678118654680e-01 
     490           179      7.0710678118654680e-01 
     490           144     -7.0710678118654691e-01 
     490           161     -1.4142135623730931e+00 
     490           174      1.4142135623730938e+00 
     490           176      7.0710678118654668e-01 
     491            12     -9.9999999999999900e-01 
     491           138     -9.9999999999999900e-01 
     491           104     -9.9999999999999889e-01 
     491            79      9.9999999999999900e-01 
     491            91      1.9999999999999973e+00 
     491            99     -1.9999999999999980e+00 
     491           101     -9.9999999999999878e-01 
     492           187      7.0710678118654657e-01 
     492           219      7.0710678118654657e-01 
     493             8      7.0710678118654713e-01 
     493            62      7.0710678118654702e-01 
     493           124      7.0710678118654702e-01 
     493           134      7.0710678118654702e-01 
     493            45     -7.0710678118654713e-01 
     493            53     -1.4142135623730936e+00 
     493            57      1.4142135623730943e+00 
     493            59      7.0710678118654691e-01 
     494           120     -9.9999999999999922e-01 
     495            19      9.9999999999999933e-01 
     495           186     -9.9999999999999878e-01 
     495           216      1.9999999999999976e+00 
     495           151     -9.9999999999999867e-01 
     495           168      9.9999999999999734e-01 
     495           211      1.9999999999999973e+00 
     495           213      9.9999999999999833e-01 
     496            14      1.0000000000000000e+00 
     496             5      1.9999999999999996e+00 
     496            41      9.9999999999999967e-01 
     496           111     -9.9999999999999933e-01 
     496           131      1.9999999999999987e+00 
     496             0      2.0000000000000004e+00 
     496             2      9.9999999999999967e-01 
     496            23     -9.9999999999999967e-01 
     496            24      1.9999999999999993e+00 
     496            21      1.0000000000000000e+00 
     496            30     -1.9999999999999993e+00 
     496            35     -9.9999999999999933e-01 
     496            36      3.9999999999999987e+00 
     496            38      1.9999999999999987e+00 
     496            86     -9.9999999999999922e-01 
     496            98      9.9999999999999833e-01 
     496           126      1.9999999999999984e+00 
     496           128      9.9999999999999889e-01 
     503           145      1.2247448713915887e+00 
     503           175     -1.2247448713915874e+00 
     504            80      1.2247448713915889e+00 
     504           100     -1.2247448713915876e+00 
     507           145     -7.0710678118654668e-01 
     507           175     -7.0710678118654680e-01 
     508            80     -7.0710678118654657e-01 
     508           100     -7.0710678118654691e-01 
     509            46      9.9999999999999867e-01 
     509            58      9.9999999999999900e-01 
     510           148      1.9999999999999960e+00 
     510           193     -9.9999999999999845e-01 
     511            83      1.9999999999999967e+00 
     511           113     -9.9999999999999867e-01 
     512             1     -9.9999999999999967e-01 
     512            25     -9.9999999999999956e-01 
     512            22     -9.9999999999999956e-01 
     512            34      9.9999999999999933e-01 
     512            37     -1.9999999999999987e+00 
     512            55      1.9999999999999980e+00 
     512            67     -9.9999999999999922e-01 
     514           186     -1.4142135623730943e+00 
     515           111      9.9999999999999978e-01 
     516           182     -9.9999999999999889e-01 
     517           107     -9.9999999999999911e-01 
     518           204     -1.2247448713915876e+00 
     518           187      1.2247448713915876e+00 
     519            17      1.2247448713915878e+00 
     519           200     -1.2247448713915883e+00 
     519           183      1.2247448713915878e+00 
     519           179      1.2247448713915876e+00 
     519           144     -1.2247448713915878e+00 
     519           174      2.4494897427831757e+00 
     519           176      1.2247448713915874e+00 
     520            12      1.2247448713915881e+00 
     520           120     -1.2247448713915885e+00 
     520           108      1.2247448713915881e+00 
     520           104      1.2247448713915878e+00 
     520            79     -1.2247448713915881e+00 
     520            99      2.4494897427831761e+00 
     520           101      1.2247448713915876e+00 
     521           204      7.0710678118654691e-01 
     521           187      7.0710678118654691e-01 
     522           124     -9.9999999999999956e-01 
     523            17      7.0710678118654713e-01 
     523           200      7.0710678118654680e-01 
     523           183      7.0710678118654702e-01 
     523           179      7.0710678118654691e-01 
     523           144     -7.0710678118654702e-01 
     523           161     -1.4142135623730936e+00 
     523           174      1.4142135623730940e+00 
     523           176      7.0710678118654680e-01 
     524            12      7.0710678118654724e-01 
     524           120      7.0710678118654702e-01 
     524           108      7.0710678118654713e-01 
     524           104      7.0710678118654702e-01 
     524            79     -7.0710678118654713e-01 
     524            91     -1.4142135623730936e+00 
     524            99      1.4142135623730943e+00 
     524           101      7.0710678118654691e-01 
     525             8     -9.9999999999999956e-01 
     525            74     -9.9999999999999933e-01 
     525            62     -9.9999999999999922e-01 
     525            45      9.9999999999999933e-01 
     525            53      1.9999999999999978e+00 
     525            57     -1.9999999999999987e+00 
     525            59     -9.9999999999999900e-01 
     526            18      9.9999999999999922e-01 
     526           182     -9.9999999999999889e-01 
     526           197      1.9999999999999978e+00 
     526           147     -9.9999999999999867e-01 
     526           164      9.9999999999999767e-01 
     526           192      1.9999999999999973e+00 
     526           194      9.9999999999999845e-01 
     527            13      9.9999999999999933e-01 
     527           107     -9.9999999999999911e-01 
     527           117      1.9999999999999982e+00 
     527            82     -9.9999999999999889e-01 
     527            94      9.9999999999999800e-01 
     527           112      1.9999999999999978e+00 
     527           114      9.9999999999999867e-01 
     528             5      1.9999999999999996e+00 
     528            41      9.9999999999999967e-01 
     528             9      1.0000000000000000e+00 
     528            65     -9.9999999999999967e-01 
     528            71      1.9999999999999993e+00 
     528             0      2.0000000000000004e+00 
     528             2      9.9999999999999967e-01 
     528            23     -9.9999999999999967e-01 
     528            24      1.9999999999999993e+00 
     528            21      1.0000000000000000e+00 
     528            30     -1.9999999999999993e+00 
     528            35     -9.9999999999999933e-01 
     528            36      3.9999999999999987e+00 
     528            38      1.9999999999999987e+00 
     528            48     -9.9999999999999956e-01 
     528            56      9.9999999999999889e-01 
     528            66      1.9999999999999991e+00 
     528            68      9.9999999999999922e-01 
     529           122      1.2247448713915872e+00 
     529           207     -1.2247448713915872e+00 
     530             6     -1.4142135623730943e+00 
     530            50      1.4142135623730943e+00 
     530            44     -2.8284271247461885e+00 
     530           122      7.0710678118654680e-01 
     530           207      7.0710678118654680e-01 
     530           132     -1.4142135623730936e+00 
     530           237     -1.4142135623730936e+00 
     530            42     -1.4142135623730940e+00 
     531           202     -9.9999999999999867e-01 
     531           217      1.9999999999999973e+00 
     532           118     -9.9999999999999867e-01 
     533           198     -9.9999999999999878e-01 
     534           109      1.2247448713915876e+00 
     534           189     -1.2247448713915876e+00 
     535           105      1.2247448713915876e+00 
     536           180      1.2247448713915876e+00 
     537             3     -1.4142135623730945e+00 
     537            32      1.4142135623730945e+00 
     537            29     -2.8284271247461890e+00 
     537           109      7.0710678118654691e-01 
     537           189      7.0710678118654702e-01 
     537           129     -1.4142135623730938e+00 
     537           234     -1.4142135623730940e+00 
     537            27     -1.4142135623730943e+00 
     538           184     -9.9999999999999900e-01 
     538           214      1.9999999999999980e+00 
     539           105      7.0710678118654668e-01 
     539           115     -1.4142135623730934e+00 
     540           180      7.0710678118654668e-01 
     540           195     -1.4142135623730934e+00 
     542           102     -9.9999999999999867e-01 
     543           177     -9.9999999999999878e-01 
     545           123      1.2247448713915874e+00 
     545           208     -1.2247448713915876e+00 
     546             7     -1.4142135623730945e+00 
     546            43      1.4142135623730945e+00 
     546            49     -2.8284271247461890e+00 
     546           123      7.0710678118654691e-01 
     546           208      7.0710678118654702e-01 
     546           133     -1.4142135623730938e+00 
     546           238     -1.4142135623730940e+00 
     546            51     -1.4142135623730943e+00 
     547           203     -9.9999999999999900e-01 
     547           218      1.9999999999999980e+00 
     548           119     -9.9999999999999900e-01 
     549           199     -9.9999999999999911e-01 
     550           110      1.2247448713915878e+00 
     550           190     -1.2247448713915878e+00 
     551           106      1.2247448713915883e+00 
     552           181      1.2247448713915883e+00 
     553             4     -1.4142135623730949e+00 
     553            28      1.4142135623730947e+00 
     553            31     -2.8284271247461894e+00 
     553           110      7.0710678118654713e-01 
     553           190      7.0710678118654713e-01 
     553           130     -1.4142135623730943e+00 
     553           235     -1.4142135623730943e+00 
     553            33     -1.4142135623730945e+00 
     554           185     -9.9999999999999933e-01 
     554           215      1.9999999999999987e+00 
     555           106      7.0710678118654691e-01 
     555           116     -1.4142135623730938e+00 
     556           181      7.0710678118654691e-01 
     556           196     -1.4142135623730938e+00 
     558           103     -9.9999999999999900e-01 
     559           178     -9.9999999999999911e-01 
     561            20      1.0000000000000000e+00 
     561            14      9.9999999999999967e-01 
     561           230      9.9999999999999956e-01 
     561           245      9.9999999999999956e-01 
     561             0      2.0000000000000004e+00 
     561            21      1.0000000000000000e+00 
     561             2      2.0000000000000004e+00 
     561            23     -2.0000000000000004e+00 
     561            86     -9.9999999999999967e-01 
     561            98     -9.9999999999999967e-01 
     561           156     -9.9999999999999978e-01 
     561           173     -9.9999999999999978e-01 
     561            24      4.0000000000000009e+00 
     561           126      1.9999999999999993e+00 
     561           128      1.9999999999999993e+00 
     561           231      1.9999999999999996e+00 
     561           233      1.9999999999999996e+00 
     561            26      1.0000000000000000e+00 
     562           154      1.7320508075688741e+00 
     563           154     -9.9999999999999911e-01 
     563           217      1.9999999999999982e+00 
     564             6     -1.4142135623730943e+00 
     564            50      1.4142135623730943e+00 
     564            44     -2.8284271247461885e+00 
     564            42     -1.4142135623730940e+00 
     564           122      1.4142135623730943e+00 
     564           132     -2.8284271247461885e+00 
     566           118      1.4142135623730931e+00 
     567           153      1.7320508075688750e+00 
     569           105     -1.7320508075688752e+00 
     570           153     -9.9999999999999933e-01 
     570           214      1.9999999999999987e+00 
     571             3     -1.4142135623730945e+00 
     571            32      1.4142135623730945e+00 
     571            29     -2.8284271247461890e+00 
     571            27     -1.4142135623730943e+00 
     571           109      1.4142135623730945e+00 
     571           129     -2.8284271247461890e+00 
     573           105     -9.9999999999999878e-01 
     573           115      1.9999999999999976e+00 
     576           102      1.4142135623730931e+00 
     578           170      1.7320508075688745e+00 
     579           170     -9.9999999999999933e-01 
     579           218      1.9999999999999987e+00 
     580             7     -1.4142135623730945e+00 
     580            43      1.4142135623730945e+00 
     580            49     -2.8284271247461890e+00 
     580            51     -1.4142135623730943e+00 
     580           123      1.4142135623730945e+00 
     580           133     -2.8284271247461890e+00 
     582           119      1.4142135623730936e+00 
     583           169      1.7320508075688752e+00 
     585           106     -1.7320508075688761e+00 
     586           169     -9.9999999999999956e-01 
     586           215      1.9999999999999991e+00 
     587             4     -1.4142135623730949e+00 
     587            28      1.4142135623730947e+00 
     587            31     -2.8284271247461894e+00 
     587            33     -1.4142135623730945e+00 
     587           110      1.4142135623730949e+00 
     587           130     -2.8284271247461898e+00 
     589           106     -9.9999999999999900e-01 
     589           116      1.9999999999999980e+00 
     592           103      1.4142135623730936e+00 
     594            19     -1.4142135623730949e+00 
     594           225     -1.4142135623730945e+00 
     594           151      1.4142135623730947e+00 
     594           168      1.4142135623730947e+00 
     594           211     -2.8284271247461894e+00 
     594           213     -2.8284271247461894e+00 
     595            14      2.0000000000000004e+00 
     595           140      1.0000000000000000e+00 
     595             0      2.0000000000000004e+00 
     595            21      1.0000000000000000e+00 
     595             2      2.0000000000000004e+00 
     595            23     -2.0000000000000004e+00 
     595            24      4.0000000000000009e+00 
     595            26      1.0000000000000000e+00 
     595            86     -2.0000000000000004e+00 
     595            98     -2.0000000000000004e+00 
     595           126      4.0000000000000009e+00 
     595           128      4.0000000000000009e+00 
     596            10      1.2247448713915874e+00 
     596            88     -1.2247448713915874e+00 
     596            78      2.4494897427831748e+00 
     596            85      1.2247448713915869e+00 
     596           226     -1.2247448713915867e+00 
     596           241      1.2247448713915872e+00 
     596            76      1.2247448713915872e+00 
     597            10      7.0710678118654668e-01 
     597            88     -7.0710678118654668e-01 
     597           118     -1.4142135623730929e+00 
     597            78      1.4142135623730934e+00 
     597            85      7.0710678118654646e-01 
     597           226      7.0710678118654657e-01 
     597           241      7.0710678118654657e-01 
     597            76      7.0710678118654657e-01 
     598           221     -9.9999999999999889e-01 
     599             6     -9.9999999999999922e-01 
     599            50      9.9999999999999933e-01 
     599            44     -1.9999999999999987e+00 
     599           207      1.9999999999999973e+00 
     599           237     -9.9999999999999878e-01 
     599            72     -9.9999999999999911e-01 
     599            42     -9.9999999999999922e-01 
     600           202      1.9999999999999962e+00 
     600           217     -9.9999999999999833e-01 
     601            84      1.2247448713915874e+00 
     602            63      1.2247448713915874e+00 
     602           189     -1.2247448713915867e+00 
     603           184     -1.2247448713915867e+00 
     604            84      7.0710678118654691e-01 
     604           115     -1.4142135623730938e+00 
     606             3     -1.4142135623730945e+00 
     606            32      1.4142135623730945e+00 
     606            29     -2.8284271247461890e+00 
     606            27     -1.4142135623730943e+00 
     606            63      7.0710678118654691e-01 
     606           189      7.0710678118654680e-01 
     606            69     -1.4142135623730938e+00 
     606           234     -1.4142135623730936e+00 
     607           184      7.0710678118654635e-01 
     607           214     -1.4142135623730927e+00 
     608           180     -9.9999999999999878e-01 
     608           195      1.9999999999999976e+00 
     609            60     -9.9999999999999900e-01 
     611           177     -9.9999999999999889e-01 
     612            11      1.2247448713915876e+00 
     612            96      1.2247448713915874e+00 
     612            77     -1.2247448713915876e+00 
     612            87      2.4494897427831752e+00 
     612           227     -1.2247448713915869e+00 
     612           242      1.2247448713915874e+00 
     612            89      1.2247448713915874e+00 
     613            11      7.0710678118654680e-01 
     613           119     -1.4142135623730931e+00 
     613            96      7.0710678118654668e-01 
     613            77     -7.0710678118654680e-01 
     613            87      1.4142135623730936e+00 
     613           227      7.0710678118654680e-01 
     613           242      7.0710678118654668e-01 
     613            89      7.0710678118654668e-01 
     614           222     -9.9999999999999922e-01 
     615             7     -9.9999999999999956e-01 
     615            43      9.9999999999999956e-01 
     615            49     -1.9999999999999991e+00 
     615           208      1.9999999999999978e+00 
     615           238     -9.9999999999999900e-01 
     615            73     -9.9999999999999933e-01 
     615            51     -9.9999999999999933e-01 
     616           203      1.9999999999999971e+00 
     616           218     -9.9999999999999867e-01 
     617            95      1.2247448713915876e+00 
     618            64      1.2247448713915876e+00 
     618           190     -1.2247448713915869e+00 
     619           185     -1.2247448713915872e+00 
     620            95      7.0710678118654713e-01 
     620           116     -1.4142135623730943e+00 
     622             4     -1.4142135623730949e+00 
     622            28      1.4142135623730947e+00 
     622            31     -2.8284271247461894e+00 
     622            33     -1.4142135623730945e+00 
     622            64      7.0710678118654713e-01 
     622           190      7.0710678118654691e-01 
     622            70     -1.4142135623730943e+00 
     622           235     -1.4142135623730938e+00 
     623           185      7.0710678118654657e-01 
     623           215     -1.4142135623730931e+00 
     624           181     -9.9999999999999911e-01 
     624           196      1.9999999999999982e+00 
     625            61     -9.9999999999999933e-01 
     627           178     -9.9999999999999922e-01 
     628            13      9.9999999999999967e-01 
     628           229      9.9999999999999956e-01 
     628           244      9.9999999999999956e-01 
     628            82     -9.9999999999999967e-01 
     628            94     -9.9999999999999967e-01 
     628           112      1.9999999999999993e+00 
     628           114      1.9999999999999993e+00 
     629           224     -1.4142135623730945e+00 
     630            20      1.0000000000000000e+00 
     630             9      9.9999999999999967e-01 
     630           210      9.9999999999999889e-01 
     630           240      9.9999999999999922e-01 
     630             0      2.0000000000000004e+00 
     630            21      1.0000000000000000e+00 
     630             2      2.0000000000000004e+00 
     630            23     -2.0000000000000004e+00 
     630            24      4.0000000000000009e+00 
     630            26      1.0000000000000000e+00 
     630            48     -9.9999999999999967e-01 
     630            56     -9.9999999999999967e-01 
     630           156     -9.9999999999999956e-01 
     630           173     -9.9999999999999956e-01 
     630            66      1.9999999999999993e+00 
     630            68      1.9999999999999993e+00 
     630           231      1.9999999999999991e+00 
     630           233      1.9999999999999991e+00 
     631            15     -1.2247448713915872e+00 
     631           158      1.2247448713915872e+00 
     631           221      1.2247448713915874e+00 
     631           143     -2.4494897427831743e+00 
     631           150     -1.2247448713915867e+00 
     631           155     -1.2247448713915869e+00 
     631           141     -1.2247448713915869e+00 
     632            15      7.0710678118654668e-01 
     632           158     -7.0710678118654668e-01 
     632           198     -1.4142135623730929e+00 
     632           221      7.0710678118654635e-01 
     632           143      1.4142135623730934e+00 
     632           150      7.0710678118654646e-01 
     632           155      7.0710678118654657e-01 
     632           141      7.0710678118654657e-01 
     633            10     -9.9999999999999878e-01 
     633            88      9.9999999999999878e-01 
     633           118      1.9999999999999969e+00 
     633            78     -1.9999999999999976e+00 
     633            85     -9.9999999999999845e-01 
     633           136     -9.9999999999999856e-01 
     633            76     -9.9999999999999856e-01 
     634           154      1.9999999999999969e+00 
     634           217     -9.9999999999999845e-01 
     635             6     -9.9999999999999922e-01 
     635            50      9.9999999999999933e-01 
     635            44     -1.9999999999999987e+00 
     635            72     -9.9999999999999911e-01 
     635            42     -9.9999999999999922e-01 
     635           122      1.9999999999999984e+00 
     635           132     -9.9999999999999900e-01 
     636           149     -1.2247448713915872e+00 
     637           153     -1.2247448713915865e+00 
     638            63      1.2247448713915874e+00 
     638           109     -1.2247448713915876e+00 
     639           149      7.0710678118654691e-01 
     639           195     -1.4142135623730938e+00 
     640            84     -9.9999999999999900e-01 
     640           115      1.9999999999999980e+00 
     641           153      7.0710678118654657e-01 
     641           214     -1.4142135623730931e+00 
     642             3     -1.4142135623730945e+00 
     642            32      1.4142135623730945e+00 
     642            29     -2.8284271247461890e+00 
     642            27     -1.4142135623730943e+00 
     642            63      7.0710678118654691e-01 
     642            69     -1.4142135623730938e+00 
     642           109      7.0710678118654702e-01 
     642           129     -1.4142135623730940e+00 
     643           105     -9.9999999999999900e-01 
     643           115      1.9999999999999980e+00 
     645            60     -9.9999999999999900e-01 
     646           102     -9.9999999999999911e-01 
     647            16     -1.2247448713915874e+00 
     647           222      1.2247448713915876e+00 
     647           166     -1.2247448713915872e+00 
     647           171     -1.2247448713915874e+00 
     647           142      1.2247448713915874e+00 
     647           157     -2.4494897427831748e+00 
     647           159     -1.2247448713915872e+00 
     648            16      7.0710678118654691e-01 
     648           199     -1.4142135623730931e+00 
     648           222      7.0710678118654680e-01 
     648           166      7.0710678118654668e-01 
     648           171      7.0710678118654668e-01 
     648           142     -7.0710678118654680e-01 
     648           157      1.4142135623730936e+00 
     648           159      7.0710678118654668e-01 
     649            11     -9.9999999999999889e-01 
     649           119      1.9999999999999973e+00 
     649            96     -9.9999999999999878e-01 
     649            77      9.9999999999999889e-01 
     649            87     -1.9999999999999978e+00 
     649           137     -9.9999999999999878e-01 
     649            89     -9.9999999999999878e-01 
     650           170      1.9999999999999973e+00 
     650           218     -9.9999999999999878e-01 
     651             7     -9.9999999999999956e-01 
     651            43      9.9999999999999956e-01 
     651            49     -1.9999999999999991e+00 
     651            73     -9.9999999999999933e-01 
     651            51     -9.9999999999999933e-01 
     651           123      1.9999999999999987e+00 
     651           133     -9.9999999999999933e-01 
     652           165     -1.2247448713915874e+00 
     653           169     -1.2247448713915867e+00 
     654            64      1.2247448713915876e+00 
     654           110     -1.2247448713915876e+00 
     655           165      7.0710678118654713e-01 
     655           196     -1.4142135623730943e+00 
     656            95     -9.9999999999999933e-01 
     656           116      1.9999999999999987e+00 
     657           169      7.0710678118654668e-01 
     657           215     -1.4142135623730934e+00 
     658             4     -1.4142135623730949e+00 
     658            28      1.4142135623730947e+00 
     658            31     -2.8284271247461894e+00 
     658            33     -1.4142135623730945e+00 
     658            64      7.0710678118654713e-01 
     658            70     -1.4142135623730943e+00 
     658           110      7.0710678118654713e-01 
     658           130     -1.4142135623730943e+00 
     659           106     -9.9999999999999933e-01 
     659           116      1.9999999999999987e+00 
     661            61     -9.9999999999999933e-01 
     662           103     -9.9999999999999944e-01 
     663            18      9.9999999999999967e-01 
     663           224      9.9999999999999956e-01 
     663           206      9.9999999999999956e-01 
     663           147     -9.9999999999999978e-01 
     663           164     -9.9999999999999978e-01 
     663           192      1.9999999999999996e+00 
     663           194      1.9999999999999996e+00 
     664            13     -1.4142135623730945e+00 
     664           139     -1.4142135623730943e+00 
     664            82      1.4142135623730945e+00 
     664            94      1.4142135623730945e+00 
     664           112     -2.8284271247461890e+00 
     664           114     -2.8284271247461890e+00 
     665            19      9.9999999999999933e-01 
     665           205      9.9999999999999878e-01 
     665           220      9.9999999999999889e-01 
     665           151     -9.9999999999999922e-01 
     665           168     -9.9999999999999922e-01 
     665           211      1.9999999999999984e+00 
     665           213      1.9999999999999984e+00 
     666            14      1.0000000000000000e+00 
     666             9      9.9999999999999967e-01 
     666           125      9.9999999999999956e-01 
     666           135      9.9999999999999956e-01 
     666             0      2.0000000000000004e+00 
     666            21      1.0000000000000000e+00 
     666             2      2.0000000000000004e+00 
     666            23     -2.0000000000000004e+00 
     666            24      4.0000000000000009e+00 
     666            26      1.0000000000000000e+00 
     666            48     -9.9999999999999967e-01 
     666            56     -9.9999999999999967e-01 
     666            66      1.9999999999999993e+00 
     666            68      1.9999999999999993e+00 
     666            86     -9.9999999999999978e-01 
     666            98     -9.9999999999999978e-01 
     666           126      1.9999999999999996e+00 
     666           128      1.9999999999999996e+00 
     667           202     -1.7320508075688741e+00 
     667           154      1.7320508075688741e+00 
     668           202     -9.9999999999999911e-01 
     668           154     -9.9999999999999911e-01 
     669           122      1.4142135623730943e+00 
     670            15     -1.4142135623730936e+00 
     670           158      1.4142135623730938e+00 
     670           198      1.4142135623730936e+00 
     670           143     -2.8284271247461876e+00 
     670           150     -2.8284271247461872e+00 
     670           141     -1.4142135623730936e+00 
     671            10     -1.4142135623730938e+00 
     671            88      1.4142135623730940e+00 
     671           118      1.4142135623730938e+00 
     671            78     -2.8284271247461881e+00 
     671            85     -2.8284271247461876e+00 
     671            76     -1.4142135623730938e+00 
     673           149      1.7320508075688741e+00 
     674            84      1.7320508075688745e+00 
     677           149     -9.9999999999999911e-01 
     677           195      1.9999999999999982e+00 
     678            84     -9.9999999999999933e-01 
     678           115      1.9999999999999987e+00 
     679             3     -1.4142135623730945e+00 
     679            32      1.4142135623730945e+00 
     679            29     -2.8284271247461890e+00 
     679            27     -1.4142135623730943e+00 
     679            63      1.4142135623730945e+00 
     679            69     -2.8284271247461890e+00 
     682            60      1.4142135623730936e+00 
     683           203     -1.7320508075688745e+00 
     683           170      1.7320508075688745e+00 
     684           203     -9.9999999999999933e-01 
     684           170     -9.9999999999999933e-01 
     685           123      1.4142135623730945e+00 
     686            16     -1.4142135623730938e+00 
     686           199      1.4142135623730940e+00 
     686           166     -2.8284271247461881e+00 
     686           142      1.4142135623730940e+00 
     686           157     -2.8284271247461881e+00 
     686           159     -1.4142135623730938e+00 
     687            11     -1.4142135623730943e+00 
     687           119      1.4142135623730943e+00 
     687            96     -2.8284271247461885e+00 
     687            77      1.4142135623730943e+00 
     687            87     -2.8284271247461885e+00 
     687            89     -1.4142135623730940e+00 
     689           165      1.7320508075688745e+00 
     690            95      1.7320508075688750e+00 
     693           165     -9.9999999999999933e-01 
     693           196      1.9999999999999987e+00 
     694            95     -9.9999999999999956e-01 
     694           116      1.9999999999999991e+00 
     695             4     -1.4142135623730949e+00 
     695            28      1.4142135623730947e+00 
     695            31     -2.8284271247461894e+00 
     695            33     -1.4142135623730945e+00 
     695            64      1.4142135623730949e+00 
     695            70     -2.8284271247461898e+00 
     698            61      1.4142135623730940e+00 
     699           205     -1.4142135623730947e+00 
     700           125      1.0000000000000002e+00 
     701            18     -1.4142135623730945e+00 
     701           201     -1.4142135623730943e+00 
     701           147      1.4142135623730945e+00 
     701           164      1.4142135623730945e+00 
     701           192     -2.8284271247461890e+00 
     701           194     -2.8284271247461890e+00 
     702            13     -1.4142135623730949e+00 
     702           121     -1.4142135623730945e+00 
     702            82      1.4142135623730947e+00 
     702            94      1.4142135623730947e+00 
     702           112     -2.8284271247461894e+00 
     702           114     -2.8284271247461894e+00 
     703             9      2.0000000000000004e+00 
     703            75      1.0000000000000000e+00 
     703             0      2.0000000000000004e+00 
     703            21      1.0000000000000000e+00 
     703             2      2.0000000000000004e+00 
     703            23     -2.0000000000000004e+00 
     703            24      4.0000000000000009e+00 
     703            26      1.0000000000000000e+00 
     703            48     -2.0000000000000004e+00 
     703            56     -2.0000000000000004e+00 
     703            66      4.0000000000000009e+00 
     703            68      4.0000000000000009e+00 
     704            84      1.2247448713915889e+00 
     705           105     -1.4142135623730936e+00 
     705            84      7.0710678118654668e-01 
     707            63     -9.9999999999999922e-01 
     709            10      1.2247448713915869e+00 
     709            88     -1.2247448713915869e+00 
     709            78      2.4494897427831739e+00 
     709            81      1.2247448713915867e+00 
     709           226     -1.2247448713915863e+00 
     709           241      1.2247448713915867e+00 
     709            76      1.2247448713915867e+00 
     710             6      1.2247448713915876e+00 
     710            50     -1.2247448713915876e+00 
     710            44      2.4494897427831752e+00 
     710            47      1.2247448713915874e+00 
     710           207     -1.2247448713915863e+00 
     710           237      1.2247448713915869e+00 
     710            42      1.2247448713915874e+00 
     711           202     -1.2247448713915869e+00 
     711           217      1.2247448713915865e+00 
     712            10      7.0710678118654657e-01 
     712            88     -7.0710678118654657e-01 
     712           102     -1.4142135623730927e+00 
     712            78      1.4142135623730931e+00 
     712            81      7.0710678118654646e-01 
     712           226      7.0710678118654635e-01 
     712           241      7.0710678118654646e-01 
     712            76      7.0710678118654646e-01 
     713           221     -9.9999999999999911e-01 
     714             6      7.0710678118654680e-01 
     714            50     -7.0710678118654680e-01 
     714            60     -1.4142135623730931e+00 
     714            44      1.4142135623730936e+00 
     714            47      7.0710678118654668e-01 
     714           207      7.0710678118654613e-01 
     714           237      7.0710678118654646e-01 
     714            42      7.0710678118654668e-01 
     715           202      7.0710678118654635e-01 
     715           217      7.0710678118654646e-01 
     716           198     -9.9999999999999900e-01 
     717             3     -9.9999999999999956e-01 
     717            32      9.9999999999999956e-01 
     717            29     -1.9999999999999991e+00 
     717           189      1.9999999999999969e+00 
     717           234     -9.9999999999999878e-01 
     717            39     -9.9999999999999933e-01 
     717            27     -9.9999999999999933e-01 
     718           184      1.9999999999999958e+00 
     718           214     -9.9999999999999833e-01 
     719           180      1.9999999999999964e+00 
     719           195     -9.9999999999999845e-01 
     720            95      1.2247448713915892e+00 
     721           106     -1.4142135623730936e+00 
     721            95      7.0710678118654657e-01 
     723            64     -9.9999999999999933e-01 
     725            11      1.2247448713915872e+00 
     725            92      1.2247448713915869e+00 
     725            77     -1.2247448713915869e+00 
     725            87      2.4494897427831739e+00 
     725           227     -1.2247448713915865e+00 
     725           242      1.2247448713915869e+00 
     725            89      1.2247448713915869e+00 
     726             7      1.2247448713915881e+00 
     726            54      1.2247448713915876e+00 
     726            43     -1.2247448713915878e+00 
     726            49      2.4494897427831757e+00 
     726           208     -1.2247448713915867e+00 
     726           238      1.2247448713915874e+00 
     726            51      1.2247448713915876e+00 
     727           203     -1.2247448713915872e+00 
     727           218      1.2247448713915869e+00 
     728            11      7.0710678118654668e-01 
     728           103     -1.4142135623730929e+00 
     728            92      7.0710678118654657e-01 
     728            77     -7.0710678118654668e-01 
     728            87      1.4142135623730934e+00 
     728           227      7.0710678118654657e-01 
     728           242      7.0710678118654657e-01 
     728            89      7.0710678118654657e-01 
     729           222     -9.9999999999999944e-01 
     730             7      7.0710678118654691e-01 
     730            61     -1.4142135623730936e+00 
     730            54      7.0710678118654680e-01 
     730            43     -7.0710678118654691e-01 
     730            49      1.4142135623730938e+00 
     730           208      7.0710678118654657e-01 
     730           238      7.0710678118654657e-01 
     730            51      7.0710678118654680e-01 
     731           203      7.0710678118654657e-01 
     731           218      7.0710678118654668e-01 
     732           199     -9.9999999999999933e-01 
     733             4     -9.9999999999999967e-01 
     733            28      9.9999999999999967e-01 
     733            31     -1.9999999999999993e+00 
     733           190      1.9999999999999973e+00 
     733           235     -9.9999999999999889e-01 
     733            40     -9.9999999999999956e-01 
     733            33     -9.9999999999999956e-01 
     734           185      1.9999999999999967e+00 
     734           215     -9.9999999999999867e-01 
     735           181      1.9999999999999973e+00 
     735           196     -9.9999999999999867e-01 
     736            12      9.9999999999999933e-01 
     736            79     -9.9999999999999933e-01 
     736            91     -9.9999999999999933e-01 
     736            99      1.9999999999999987e+00 
     736           101      1.9999999999999987e+00 
     736           228      9.9999999999999933e-01 
     736           243      9.9999999999999922e-01 
     737           223     -1.4142135623730943e+00 
     738             8      9.9999999999999967e-01 
     738            45     -9.9999999999999967e-01 
     738            53     -9.9999999999999967e-01 
     738            57      1.9999999999999993e+00 
     738            59      1.9999999999999993e+00 
     738           209      9.9999999999999889e-01 
     738           239      9.9999999999999922e-01 
     739           204      9.9999999999999878e-01 
     739           219      9.9999999999999889e-01 
     740           200     -1.4142135623730943e+00 
     741            20      1.0000000000000000e+00 
     741             0      2.0000000000000004e+00 
     741            21      1.0000000000000000e+00 
     741             2      2.0000000000000004e+00 
     741            23     -2.0000000000000004e+00 
     741            24      4.0000000000000009e+00 
     741            26      1.0000000000000000e+00 
     741             5      9.9999999999999967e-01 
     741            30     -9.9999999999999967e-01 
     741            35     -9.9999999999999967e-01 
     741           156     -9.9999999999999922e-01 
     741           173     -9.9999999999999922e-01 
     741           191      9.9999999999999833e-01 
     741            36      1.9999999999999993e+00 
     741            38      1.9999999999999993e+00 
     741           231      1.9999999999999984e+00 
     741           233      1.9999999999999984e+00 
     741           236      9.9999999999999889e-01 
     742           149     -1.2247448713915887e+00 
     743           180     -1.4142135623730936e+00 
     743           149      7.0710678118654668e-01 
     744           105      1.9999999999999973e+00 
     744            84     -9.9999999999999856e-01 
     746            63     -9.9999999999999922e-01 
     747            15     -1.2247448713915869e+00 
     747           158      1.2247448713915867e+00 
     747           221      1.2247448713915872e+00 
     747           143     -2.4494897427831734e+00 
     747           146     -1.2247448713915865e+00 
     747           155     -1.2247448713915867e+00 
     747           141     -1.2247448713915865e+00 
     748           154     -1.2247448713915863e+00 
     748           217      1.2247448713915867e+00 
     749             6      1.2247448713915876e+00 
     749            50     -1.2247448713915876e+00 
     749            44      2.4494897427831752e+00 
     749            47      1.2247448713915874e+00 
     749            42      1.2247448713915874e+00 
     749           122     -1.2247448713915869e+00 
     749           132      1.2247448713915874e+00 
     750            15      7.0710678118654668e-01 
     750           158     -7.0710678118654657e-01 
     750           177     -1.4142135623730927e+00 
     750           221      7.0710678118654635e-01 
     750           143      1.4142135623730931e+00 
     750           146      7.0710678118654646e-01 
     750           155      7.0710678118654646e-01 
     750           141      7.0710678118654646e-01 
     751            10     -9.9999999999999856e-01 
     751            88      9.9999999999999856e-01 
     751           102      1.9999999999999964e+00 
     751            78     -1.9999999999999971e+00 
     751            81     -9.9999999999999845e-01 
     751           136     -9.9999999999999845e-01 
     751            76     -9.9999999999999845e-01 
     752           154      7.0710678118654613e-01 
     752           217      7.0710678118654624e-01 
     753             6      7.0710678118654680e-01 
     753            50     -7.0710678118654680e-01 
     753            60     -1.4142135623730931e+00 
     753            44      1.4142135623730936e+00 
     753            47      7.0710678118654668e-01 
     753            42      7.0710678118654668e-01 
     753           122      7.0710678118654680e-01 
     753           132      7.0710678118654668e-01 
     754           118     -9.9999999999999922e-01 
     755           153      1.9999999999999964e+00 
     755           214     -9.9999999999999845e-01 
     756             3     -9.9999999999999956e-01 
     756            32      9.9999999999999956e-01 
     756            29     -1.9999999999999991e+00 
     756            39     -9.9999999999999933e-01 
     756            27     -9.9999999999999933e-01 
     756           109      1.9999999999999978e+00 
     756           129     -9.9999999999999900e-01 
     757           105      1.9999999999999971e+00 
     757           115     -9.9999999999999867e-01 
     758           165     -1.2247448713915889e+00 
     759           181     -1.4142135623730936e+00 
     759           165      7.0710678118654657e-01 
     760           106      1.9999999999999978e+00 
     760            95     -9.9999999999999867e-01 
     762            64     -9.9999999999999933e-01 
     763            16     -1.2247448713915869e+00 
     763           222      1.2247448713915872e+00 
     763           162     -1.2247448713915867e+00 
     763           171     -1.2247448713915869e+00 
     763           142      1.2247448713915867e+00 
     763           157     -2.4494897427831734e+00 
     763           159     -1.2247448713915867e+00 
     764           170     -1.2247448713915863e+00 
     764           218      1.2247448713915869e+00 
     765             7      1.2247448713915881e+00 
     765            54      1.2247448713915876e+00 
     765            43     -1.2247448713915878e+00 
     765            49      2.4494897427831757e+00 
     765            51      1.2247448713915876e+00 
     765           123     -1.2247448713915872e+00 
     765           133      1.2247448713915878e+00 
     766            16      7.0710678118654680e-01 
     766           178     -1.4142135623730929e+00 
     766           222      7.0710678118654657e-01 
     766           162      7.0710678118654657e-01 
     766           171      7.0710678118654657e-01 
     766           142     -7.0710678118654668e-01 
     766           157      1.4142135623730934e+00 
     766           159      7.0710678118654657e-01 
     767            11     -9.9999999999999878e-01 
     767           103      1.9999999999999969e+00 
     767            92     -9.9999999999999856e-01 
     767            77      9.9999999999999878e-01 
     767            87     -1.9999999999999976e+00 
     767           137     -9.9999999999999867e-01 
     767            89     -9.9999999999999856e-01 
     768           170      7.0710678118654624e-01 
     768           218      7.0710678118654635e-01 
     769             7      7.0710678118654691e-01 
     769            61     -1.4142135623730936e+00 
     769            54      7.0710678118654680e-01 
     769            43     -7.0710678118654691e-01 
     769            49      1.4142135623730938e+00 
     769            51      7.0710678118654680e-01 
     769           123      7.0710678118654691e-01 
     769           133      7.0710678118654680e-01 
     770           119     -9.9999999999999956e-01 
     771           169      1.9999999999999967e+00 
     771           215     -9.9999999999999867e-01 
     772             4     -9.9999999999999967e-01 
     772            28      9.9999999999999967e-01 
     772            31     -1.9999999999999993e+00 
     772            40     -9.9999999999999956e-01 
     772            33     -9.9999999999999956e-01 
     772           110      1.9999999999999980e+00 
     772           130     -9.9999999999999922e-01 
     773           106      1.9999999999999978e+00 
     773           116     -9.9999999999999889e-01 
     774            17      9.9999999999999933e-01 
     774           223      9.9999999999999911e-01 
     774           188      9.9999999999999922e-01 
     774           144     -9.9999999999999944e-01 
     774           161     -9.9999999999999944e-01 
     774           174      1.9999999999999989e+00 
     774           176      1.9999999999999989e+00 
     775            12     -1.4142135623730940e+00 
     775            79      1.4142135623730940e+00 
     775            91      1.4142135623730940e+00 
     775            99     -2.8284271247461881e+00 
     775           101     -2.8284271247461881e+00 
     775           138     -1.4142135623730938e+00 
     776           187      9.9999999999999878e-01 
     776           219      9.9999999999999889e-01 
     777             8      9.9999999999999967e-01 
     777            45     -9.9999999999999967e-01 
     777            53     -9.9999999999999967e-01 
     777            57      1.9999999999999993e+00 
     777            59      1.9999999999999993e+00 
     777           124      9.9999999999999956e-01 
     777           134      9.9999999999999956e-01 
     778           120     -1.4142135623730945e+00 
     779            19      9.9999999999999933e-01 
     779           151     -9.9999999999999889e-01 
     779           168     -9.9999999999999889e-01 
     779           186      9.9999999999999800e-01 
     779           211      1.9999999999999978e+00 
     779           213      1.9999999999999978e+00 
     779           216      9.9999999999999867e-01 
     780            14      1.0000000000000000e+00 
     780             0      2.0000000000000004e+00 
     780            21      1.0000000000000000e+00 
     780             2      2.0000000000000004e+00 
     780            23     -2.0000000000000004e+00 
     780            24      4.0000000000000009e+00 
     780            26      1.0000000000000000e+00 
     780             5      9.9999999999999967e-01 
     780            30     -9.9999999999999967e-01 
     780            35     -9.9999999999999967e-01 
     780            36      1.9999999999999993e+00 
     780            38      1.9999999999999993e+00 
     780            86     -9.9999999999999956e-01 
     780            98     -9.9999999999999956e-01 
     780           111      9.9999999999999889e-01 
     780           126      1.9999999999999991e+00 
     780           128      1.9999999999999991e+00 
     780           131      9.9999999999999922e-01 
     781           184      1.2247448713915872e+00 
     781           153     -1.2247448713915872e+00 
     782           184      7.0710678118654691e-01 
     782           153      7.0710678118654691e-01 
     783           109     -9.9999999999999956e-01 
     784           180     -9.9999999999999822e-01 
     784           149      1.9999999999999969e+00 
     785           105     -9.9999999999999867e-01 
     785            84      1.9999999999999973e+00 
     786           202      1.2247448713915867e+00 
     786           154     -1.2247448713915867e+00 
     787            15     -1.2247448713915872e+00 
     787           158      1.2247448713915872e+00 
     787           198      1.2247448713915876e+00 
     787           143     -2.4494897427831743e+00 
     787           146     -1.2247448713915869e+00 
     787           150     -1.2247448713915872e+00 
     787           141     -1.2247448713915869e+00 
     788            10     -1.2247448713915874e+00 
     788            88      1.2247448713915874e+00 
     788           118      1.2247448713915876e+00 
     788            78     -2.4494897427831748e+00 
     788            81     -1.2247448713915872e+00 
     788            85     -1.2247448713915874e+00 
     788            76     -1.2247448713915872e+00 
     789           202      7.0710678118654646e-01 
     789           154      7.0710678118654646e-01 
     790           122     -9.9999999999999889e-01 
     791            15      7.0710678118654668e-01 
     791           158     -7.0710678118654668e-01 
     791           177     -1.4142135623730929e+00 
     791           198      7.0710678118654657e-01 
     791           143      1.4142135623730934e+00 
     791           146      7.0710678118654657e-01 
     791           150      7.0710678118654657e-01 
     791           141      7.0710678118654657e-01 
     792            10      7.0710678118654691e-01 
     792            88     -7.0710678118654680e-01 
     792           102     -1.4142135623730931e+00 
     792           118      7.0710678118654680e-01 
     792            78      1.4142135623730936e+00 
     792            81      7.0710678118654668e-01 
     792            85      7.0710678118654668e-01 
     792            76      7.0710678118654668e-01 
     793             6     -9.9999999999999889e-01 
     793            50      9.9999999999999889e-01 
     793            60      1.9999999999999973e+00 
     793            44     -1.9999999999999978e+00 
     793            47     -9.9999999999999878e-01 
     793            72     -9.9999999999999878e-01 
     793            42     -9.9999999999999878e-01 
     794           149      1.9999999999999969e+00 
     794           195     -9.9999999999999856e-01 
     795            84      1.9999999999999973e+00 
     795           115     -9.9999999999999878e-01 
     796             3     -9.9999999999999956e-01 
     796            32      9.9999999999999956e-01 
     796            29     -1.9999999999999991e+00 
     796            39     -9.9999999999999933e-01 
     796            27     -9.9999999999999933e-01 
     796            63      1.9999999999999987e+00 
     796            69     -9.9999999999999933e-01 
     797           185      1.2247448713915874e+00 
     797           169     -1.2247448713915874e+00 
     798           185      7.0710678118654702e-01 
     798           169      7.0710678118654702e-01 
     799           110     -9.9999999999999967e-01 
     800           181     -9.9999999999999867e-01 
     800           165      1.9999999999999973e+00 
     801           106     -9.9999999999999878e-01 
     801            95      1.9999999999999978e+00 
     802           203      1.2247448713915869e+00 
     802           170     -1.2247448713915869e+00 
     803            16     -1.2247448713915874e+00 
     803           199      1.2247448713915876e+00 
     803           162     -1.2247448713915872e+00 
     803           166     -1.2247448713915874e+00 
     803           142      1.2247448713915874e+00 
     803           157     -2.4494897427831748e+00 
     803           159     -1.2247448713915872e+00 
     804            11     -1.2247448713915878e+00 
     804           119      1.2247448713915881e+00 
     804            92     -1.2247448713915874e+00 
     804            96     -1.2247448713915876e+00 
     804            77      1.2247448713915876e+00 
     804            87     -2.4494897427831752e+00 
     804            89     -1.2247448713915874e+00 
     805           203      7.0710678118654657e-01 
     805           170      7.0710678118654657e-01 
     806           123     -9.9999999999999900e-01 
     807            16      7.0710678118654691e-01 
     807           178     -1.4142135623730931e+00 
     807           199      7.0710678118654680e-01 
     807           162      7.0710678118654668e-01 
     807           166      7.0710678118654668e-01 
     807           142     -7.0710678118654680e-01 
     807           157      1.4142135623730936e+00 
     807           159      7.0710678118654668e-01 
     808            11      7.0710678118654702e-01 
     808           103     -1.4142135623730936e+00 
     808           119      7.0710678118654668e-01 
     808            92      7.0710678118654680e-01 
     808            96      7.0710678118654680e-01 
     808            77     -7.0710678118654691e-01 
     808            87      1.4142135623730938e+00 
     808            89      7.0710678118654680e-01 
     809             7     -9.9999999999999900e-01 
     809            61      1.9999999999999973e+00 
     809            54     -9.9999999999999889e-01 
     809            43      9.9999999999999900e-01 
     809            49     -1.9999999999999980e+00 
     809            73     -9.9999999999999900e-01 
     809            51     -9.9999999999999889e-01 
     810           165      1.9999999999999973e+00 
     810           196     -9.9999999999999867e-01 
     811            95      1.9999999999999978e+00 
     811           116     -9.9999999999999889e-01 
     812             4     -9.9999999999999967e-01 
     812            28      9.9999999999999967e-01 
     812            31     -1.9999999999999993e+00 
     812            40     -9.9999999999999956e-01 
     812            33     -9.9999999999999956e-01 
     812            64      1.9999999999999991e+00 
     812            70     -9.9999999999999956e-01 
     813           204      9.9999999999999933e-01 
     813           187      9.9999999999999933e-01 
     814           124     -1.4142135623730945e+00 
     815            17      9.9999999999999956e-01 
     815           200      9.9999999999999922e-01 
     815           183      9.9999999999999933e-01 
     815           144     -9.9999999999999956e-01 
     815           161     -9.9999999999999956e-01 
     815           174      1.9999999999999991e+00 
     815           176      1.9999999999999991e+00 
     816            12      9.9999999999999967e-01 
     816           120      9.9999999999999956e-01 
     816           108      9.9999999999999956e-01 
     816            79     -9.9999999999999978e-01 
     816            91     -9.9999999999999978e-01 
     816            99      1.9999999999999996e+00 
     816           101      1.9999999999999996e+00 
     817             8     -1.4142135623730945e+00 
     817            45      1.4142135623730945e+00 
     817            53      1.4142135623730945e+00 
     817            57     -2.8284271247461890e+00 
     817            59     -2.8284271247461890e+00 
     817            74     -1.4142135623730943e+00 
     818            18      9.9999999999999922e-01 
     818           147     -9.9999999999999900e-01 
     818           164     -9.9999999999999900e-01 
     818           182      9.9999999999999867e-01 
     818           192      1.9999999999999980e+00 
     818           194      1.9999999999999980e+00 
     818           197      9.9999999999999867e-01 
     819            13      9.9999999999999933e-01 
     819            82     -9.9999999999999922e-01 
     819            94     -9.9999999999999922e-01 
     819           107      9.9999999999999878e-01 
     819           112      1.9999999999999984e+00 
     819           114      1.9999999999999984e+00 
     819           117      9.9999999999999889e-01 
     820             9      1.0000000000000000e+00 
     820             0      2.0000000000000004e+00 
     820            21      1.0000000000000000e+00 
     820             2      2.0000000000000004e+00 
     820            23     -2.0000000000000004e+00 
     820            24      4.0000000000000009e+00 
     820            26      1.0000000000000000e+00 
     820             5      9.9999999999999967e-01 
     820            30     -9.9999999999999967e-01 
     820            35     -9.9999999999999967e-01 
     820            36      1.9999999999999993e+00 
     820            38      1.9999999999999993e+00 
     820            48     -9.9999999999999978e-01 
     820            56     -9.9999999999999978e-01 
     820            65      9.9999999999999956e-01 
     820            66      1.9999999999999996e+00 
     820            68      1.9999999999999996e+00 
     820            71      9.9999999999999956e-01 
     826           184     -1.7320508075688750e+00 
     826           153      1.7320508075688750e+00 
     827           180     -1.7320508075688741e+00 
     827           149      1.7320508075688741e+00 
     828           105     -1.7320508075688745e+00 
     828            84      1.7320508075688745e+00 
     829           184     -9.9999999999999933e-01 
     829           153     -9.9999999999999933e-01 
     830           109      1.4142135623730945e+00 
     831           180     -9.9999999999999911e-01 
     831           149     -9.9999999999999911e-01 
     832           105     -9.9999999999999933e-01 
     832            84     -9.9999999999999933e-01 
     833            63      1.4142135623730945e+00 
     834            15     -1.4142135623730936e+00 
     834           158      1.4142135623730938e+00 
     834           177      1.4142135623730938e+00 
     834           143     -2.8284271247461876e+00 
     834           146     -2.8284271247461876e+00 
     834           141     -1.4142135623730936e+00 
     835            10     -1.4142135623730938e+00 
     835            88      1.4142135623730940e+00 
     835           102      1.4142135623730940e+00 
     835            78     -2.8284271247461881e+00 
     835            81     -2.8284271247461881e+00 
     835            76     -1.4142135623730938e+00 
     836             6     -1.4142135623730943e+00 
     836            50      1.4142135623730943e+00 
     836            60      1.4142135623730943e+00 
     836            44     -2.8284271247461885e+00 
     836            47     -2.8284271247461885e+00 
     836            42     -1.4142135623730940e+00 
     842           185     -1.7320508075688752e+00 
     842           169      1.7320508075688752e+00 
     843           181     -1.7320508075688745e+00 
     843           165      1.7320508075688745e+00 
     844           106     -1.7320508075688750e+00 
     844            95      1.7320508075688750e+00 
     845           185     -9.9999999999999956e-01 
     845           169     -9.9999999999999956e-01 
     846           110      1.4142135623730949e+00 
     847           181     -9.9999999999999933e-01 
     847           165     -9.9999999999999933e-01 
     848           106     -9.9999999999999956e-01 
     848            95     -9.9999999999999956e-01 
     849            64      1.4142135623730949e+00 
     850            16     -1.4142135623730938e+00 
     850           178      1.4142135623730940e+00 
     850           162     -2.8284271247461881e+00 
     850           142      1.4142135623730940e+00 
     850           157     -2.8284271247461881e+00 
     850           159     -1.4142135623730938e+00 
     851            11     -1.4142135623730943e+00 
     851           103      1.4142135623730943e+00 
     851            92     -2.8284271247461885e+00 
     851            77      1.4142135623730943e+00 
     851            87     -2.8284271247461885e+00 
     851            89     -1.4142135623730940e+00 
     852             7     -1.4142135623730945e+00 
     852            61      1.4142135623730945e+00 
     852            54     -2.8284271247461890e+00 
     852            43      1.4142135623730945e+00 
     852            49     -2.8284271247461890e+00 
     852            51     -1.4142135623730943e+00 
     853           186     -1.4142135623730947e+00 
     854           111      1.0000000000000002e+00 
     855           182     -1.4142135623730945e+00 
     856           107     -1.4142135623730947e+00 
     857            65      1.0000000000000002e+00 
     858            17     -1.4142135623730943e+00 
     858           144      1.4142135623730943e+00 
     858           161      1.4142135623730943e+00 
     858           174     -2.8284271247461885e+00 
     858           176     -2.8284271247461885e+00 
     858           179     -1.4142135623730940e+00 
     859            12     -1.4142135623730945e+00 
     859            79      1.4142135623730945e+00 
     859            91      1.4142135623730945e+00 
     859            99     -2.8284271247461890e+00 
     859           101     -2.8284271247461890e+00 
     859           104     -1.4142135623730943e+00 
     860             8     -1.4142135623730949e+00 
     860            45      1.4142135623730947e+00 
     860            53      1.4142135623730947e+00 
     860            57     -2.8284271247461894e+00 
     860            59     -2.8284271247461894e+00 
     860            62     -1.4142135623730945e+00 
     861             0      2.0000000000000004e+00 
     861            21      1.0000000000000000e+00 
     861             2      2.0000000000000004e+00 
     861            23     -2.0000000000000004e+00 
     861            24      4.0000000000000009e+00 
     861            26      1.0000000000000000e+00 
     861             5      2.0000000000000004e+00 
     861            30     -2.0000000000000004e+00 
     861            35     -2.0000000000000004e+00 
     861            36      4.0000000000000009e+00 
     861            38      4.0000000000000009e+00 
     861            41      1.0000000000000000e+00 
