 CSF List 
["e", "f", "e", "f", "e", "f"]
["e", "f", "e", "f", "u", "d"]
["e", "f", "e", "f", "f", "e"]
["e", "f", "u", "u", "d", "d"]
["e", "f", "u", "d", "e", "f"]
["e", "f", "u", "d", "u", "d"]
["e", "f", "u", "d", "f", "e"]
["e", "f", "u", "f", "e", "d"]
["e", "f", "u", "f", "d", "e"]
["e", "f", "f", "e", "e", "f"]
["e", "f", "f", "e", "u", "d"]
["e", "f", "f", "e", "f", "e"]
["e", "f", "f", "u", "e", "d"]
["e", "f", "f", "u", "d", "e"]
["e", "f", "f", "f", "e", "e"]
["u", "u", "e", "f", "d", "d"]
["u", "u", "u", "d", "d", "d"]
["u", "u", "d", "u", "d", "d"]
["u", "u", "d", "d", "e", "f"]
["u", "u", "d", "d", "u", "d"]
["u", "u", "d", "d", "f", "e"]
["u", "u", "d", "f", "e", "d"]
["u", "u", "d", "f", "d", "e"]
["u", "u", "f", "e", "d", "d"]
["u", "u", "f", "d", "e", "d"]
["u", "u", "f", "d", "d", "e"]
["u", "d", "e", "f", "e", "f"]
["u", "d", "e", "f", "u", "d"]
["u", "d", "e", "f", "f", "e"]
["u", "d", "u", "u", "d", "d"]
["u", "d", "u", "d", "e", "f"]
["u", "d", "u", "d", "u", "d"]
["u", "d", "u", "d", "f", "e"]
["u", "d", "u", "f", "e", "d"]
["u", "d", "u", "f", "d", "e"]
["u", "d", "f", "e", "e", "f"]
["u", "d", "f", "e", "u", "d"]
["u", "d", "f", "e", "f", "e"]
["u", "d", "f", "u", "e", "d"]
["u", "d", "f", "u", "d", "e"]
["u", "d", "f", "f", "e", "e"]
["u", "f", "e", "u", "d", "d"]
["u", "f", "e", "d", "e", "f"]
["u", "f", "e", "d", "u", "d"]
["u", "f", "e", "d", "f", "e"]
["u", "f", "e", "f", "e", "d"]
["u", "f", "e", "f", "d", "e"]
["u", "f", "u", "e", "d", "d"]
["u", "f", "u", "d", "e", "d"]
["u", "f", "u", "d", "d", "e"]
["u", "f", "d", "e", "e", "f"]
["u", "f", "d", "e", "u", "d"]
["u", "f", "d", "e", "f", "e"]
["u", "f", "d", "u", "e", "d"]
["u", "f", "d", "u", "d", "e"]
["u", "f", "d", "f", "e", "e"]
["u", "f", "f", "e", "e", "d"]
["u", "f", "f", "e", "d", "e"]
["u", "f", "f", "d", "e", "e"]
["f", "e", "e", "f", "e", "f"]
["f", "e", "e", "f", "u", "d"]
["f", "e", "e", "f", "f", "e"]
["f", "e", "u", "u", "d", "d"]
["f", "e", "u", "d", "e", "f"]
["f", "e", "u", "d", "u", "d"]
["f", "e", "u", "d", "f", "e"]
["f", "e", "u", "f", "e", "d"]
["f", "e", "u", "f", "d", "e"]
["f", "e", "f", "e", "e", "f"]
["f", "e", "f", "e", "u", "d"]
["f", "e", "f", "e", "f", "e"]
["f", "e", "f", "u", "e", "d"]
["f", "e", "f", "u", "d", "e"]
["f", "e", "f", "f", "e", "e"]
["f", "u", "e", "u", "d", "d"]
["f", "u", "e", "d", "e", "f"]
["f", "u", "e", "d", "u", "d"]
["f", "u", "e", "d", "f", "e"]
["f", "u", "e", "f", "e", "d"]
["f", "u", "e", "f", "d", "e"]
["f", "u", "u", "e", "d", "d"]
["f", "u", "u", "d", "e", "d"]
["f", "u", "u", "d", "d", "e"]
["f", "u", "d", "e", "e", "f"]
["f", "u", "d", "e", "u", "d"]
["f", "u", "d", "e", "f", "e"]
["f", "u", "d", "u", "e", "d"]
["f", "u", "d", "u", "d", "e"]
["f", "u", "d", "f", "e", "e"]
["f", "u", "f", "e", "e", "d"]
["f", "u", "f", "e", "d", "e"]
["f", "u", "f", "d", "e", "e"]
["f", "f", "e", "e", "e", "f"]
["f", "f", "e", "e", "u", "d"]
["f", "f", "e", "e", "f", "e"]
["f", "f", "e", "u", "e", "d"]
["f", "f", "e", "u", "d", "e"]
["f", "f", "e", "f", "e", "e"]
["f", "f", "u", "e", "e", "d"]
["f", "f", "u", "e", "d", "e"]
["f", "f", "u", "d", "e", "e"]
["f", "f", "f", "e", "e", "e"]
 Energy Expression 
      IJ       pqrs     Coef 
       1             2      2.0000000000000004e+00 
       1             9      2.0000000000000004e+00 
       1            20      2.0000000000000004e+00 
       1            56     -2.0000000000000004e+00 
       1           173     -2.0000000000000004e+00 
       1           210     -2.0000000000000004e+00 
       1            68      4.0000000000000009e+00 
       1           233      4.0000000000000009e+00 
       1           240      4.0000000000000009e+00 
       1            26      1.0000000000000000e+00 
       1            75      1.0000000000000000e+00 
       1           251      1.0000000000000000e+00 
       2            19     -1.4142135623730945e+00 
       2           168      1.4142135623730945e+00 
       2           205      1.4142135623730945e+00 
       2           213     -2.8284271247461890e+00 
       2           220     -2.8284271247461890e+00 
       2           250     -1.4142135623730943e+00 
       3             2      2.0000000000000004e+00 
       3             9      2.0000000000000004e+00 
       3            56     -2.0000000000000004e+00 
       3            68      4.0000000000000009e+00 
       3            26      1.0000000000000000e+00 
       3            75      1.0000000000000000e+00 
       3            14      9.9999999999999967e-01 
       3            20      1.0000000000000000e+00 
       3            98     -9.9999999999999967e-01 
       3           125     -9.9999999999999967e-01 
       3           173     -9.9999999999999978e-01 
       3           210     -9.9999999999999978e-01 
       3           230      9.9999999999999956e-01 
       3           128      1.9999999999999993e+00 
       3           135      1.9999999999999993e+00 
       3           233      1.9999999999999996e+00 
       3           240      1.9999999999999996e+00 
       3           245      9.9999999999999956e-01 
       4           230      1.0000000000000002e+00 
       5            19     -1.4142135623730949e+00 
       5           168      1.4142135623730947e+00 
       5           205      1.4142135623730947e+00 
       5           213     -2.8284271247461894e+00 
       5           220     -2.8284271247461894e+00 
       5           225     -1.4142135623730945e+00 
       6             2      2.0000000000000004e+00 
       6             9      2.0000000000000004e+00 
       6            56     -2.0000000000000004e+00 
       6            68      4.0000000000000009e+00 
       6            26      1.0000000000000000e+00 
       6            75      1.0000000000000000e+00 
       6            14      2.0000000000000004e+00 
       6            98     -2.0000000000000004e+00 
       6           125     -2.0000000000000004e+00 
       6           128      4.0000000000000009e+00 
       6           135      4.0000000000000009e+00 
       6           140      1.0000000000000000e+00 
       7           187      1.7320508075688761e+00 
       8           124     -1.2247448713915892e+00 
       8           209      1.2247448713915881e+00 
       9           204     -1.7320508075688750e+00 
      10             2      2.0000000000000004e+00 
      10            26      1.0000000000000000e+00 
      10            20      1.0000000000000000e+00 
      10             5      9.9999999999999967e-01 
      10             9      1.0000000000000000e+00 
      10            14      9.9999999999999956e-01 
      10            35     -9.9999999999999967e-01 
      10            56     -9.9999999999999978e-01 
      10            65     -1.0000000000000004e+00 
      10            98     -9.9999999999999922e-01 
      10           111      5.0000000000000144e-01 
      10           125      5.0000000000000144e-01 
      10           173     -9.9999999999999900e-01 
      10           191      5.0000000000000089e-01 
      10           210      5.0000000000000089e-01 
      10           230     -9.9999999999999967e-01 
      10            38      1.9999999999999993e+00 
      10            68      1.9999999999999996e+00 
      10            71      9.9999999999999956e-01 
      10           128      1.9999999999999984e+00 
      10           131      9.9999999999999889e-01 
      10           135      9.9999999999999933e-01 
      10           233      1.9999999999999980e+00 
      10           236      9.9999999999999878e-01 
      10           240      9.9999999999999922e-01 
      10           245      9.9999999999999933e-01 
      11             8     -1.4142135623730945e+00 
      11            53      1.4142135623730945e+00 
      11            59     -2.8284271247461890e+00 
      11           209      1.4142135623730945e+00 
      11           239     -2.8284271247461890e+00 
      11            74     -1.4142135623730943e+00 
      12           204     -9.9999999999999933e-01 
      12           219      1.9999999999999987e+00 
      14           186     -1.2247448713915876e+00 
      14           205      1.2247448713915883e+00 
      15             2      2.0000000000000004e+00 
      15            20      2.0000000000000004e+00 
      15            26      1.0000000000000000e+00 
      15           251      1.0000000000000000e+00 
      15             5      9.9999999999999967e-01 
      15            35     -9.9999999999999967e-01 
      15            38      1.9999999999999993e+00 
      15             9      1.0000000000000000e+00 
      15            56     -9.9999999999999978e-01 
      15            65      9.9999999999999956e-01 
      15           173     -2.0000000000000000e+00 
      15           191     -9.9999999999999967e-01 
      15           210     -1.0000000000000000e+00 
      15            68      1.9999999999999996e+00 
      15            71      9.9999999999999956e-01 
      15           233      4.0000000000000000e+00 
      15           236      1.9999999999999993e+00 
      15           240      2.0000000000000000e+00 
      16           187     -9.9999999999999900e-01 
      16           219      1.9999999999999980e+00 
      17             8     -1.4142135623730945e+00 
      17            53      1.4142135623730945e+00 
      17            59     -2.8284271247461890e+00 
      17            74     -1.4142135623730943e+00 
      17           124      7.0710678118654691e-01 
      17           209      7.0710678118654702e-01 
      17           134     -1.4142135623730938e+00 
      17           239     -1.4142135623730940e+00 
      18           204     -9.9999999999999956e-01 
      18           219      1.9999999999999991e+00 
      19           111      8.6602540378443849e-01 
      19           125     -8.6602540378443893e-01 
      19           191     -8.6602540378443771e-01 
      19           210      8.6602540378443826e-01 
      20            19     -1.4142135623730945e+00 
      20           250     -1.4142135623730943e+00 
      20           168      1.4142135623730943e+00 
      20           186      7.0710678118654691e-01 
      20           205      7.0710678118654713e-01 
      20           213     -2.8284271247461885e+00 
      20           216     -1.4142135623730938e+00 
      20           220     -1.4142135623730943e+00 
      21             2      2.0000000000000004e+00 
      21            26      1.0000000000000000e+00 
      21            14      9.9999999999999967e-01 
      21            20      1.0000000000000000e+00 
      21           230      9.9999999999999956e-01 
      21           245      9.9999999999999956e-01 
      21             5      9.9999999999999967e-01 
      21            35     -9.9999999999999967e-01 
      21            38      1.9999999999999993e+00 
      21             9      1.0000000000000000e+00 
      21            56     -9.9999999999999978e-01 
      21            65      9.9999999999999956e-01 
      21            68      1.9999999999999996e+00 
      21            71      9.9999999999999956e-01 
      21            98     -9.9999999999999956e-01 
      21           111     -4.9999999999999961e-01 
      21           125     -4.9999999999999978e-01 
      21           173     -9.9999999999999967e-01 
      21           191     -4.9999999999999967e-01 
      21           210     -4.9999999999999983e-01 
      21           128      1.9999999999999991e+00 
      21           131      9.9999999999999922e-01 
      21           135      9.9999999999999956e-01 
      21           233      1.9999999999999993e+00 
      21           236      9.9999999999999933e-01 
      21           240      9.9999999999999967e-01 
      23           187     -9.9999999999999933e-01 
      23           219      1.9999999999999987e+00 
      24             8     -1.4142135623730945e+00 
      24            53      1.4142135623730945e+00 
      24            59     -2.8284271247461890e+00 
      24            74     -1.4142135623730943e+00 
      24           124      1.4142135623730945e+00 
      24           134     -2.8284271247461890e+00 
      25           186      1.2247448713915874e+00 
      25           205     -1.2247448713915876e+00 
      26           230      1.0000000000000002e+00 
      27            19     -1.4142135623730949e+00 
      27           225     -1.4142135623730945e+00 
      27           168      1.4142135623730945e+00 
      27           186      7.0710678118654702e-01 
      27           205      7.0710678118654724e-01 
      27           213     -2.8284271247461890e+00 
      27           216     -1.4142135623730940e+00 
      27           220     -1.4142135623730945e+00 
      28             2      2.0000000000000004e+00 
      28            26      1.0000000000000000e+00 
      28            14      2.0000000000000004e+00 
      28           140      1.0000000000000000e+00 
      28             5      9.9999999999999967e-01 
      28            35     -9.9999999999999967e-01 
      28            38      1.9999999999999993e+00 
      28             9      1.0000000000000000e+00 
      28            56     -9.9999999999999978e-01 
      28            65      9.9999999999999956e-01 
      28            68      1.9999999999999996e+00 
      28            71      9.9999999999999956e-01 
      28            98     -2.0000000000000000e+00 
      28           111     -9.9999999999999967e-01 
      28           125     -1.0000000000000000e+00 
      28           128      4.0000000000000000e+00 
      28           131      1.9999999999999993e+00 
      28           135      2.0000000000000000e+00 
      29            17     -1.4142135623730936e+00 
      29           200      1.4142135623730936e+00 
      29           183     -2.8284271247461872e+00 
      29           161      1.4142135623730936e+00 
      29           176     -2.8284271247461872e+00 
      29           248     -1.4142135623730934e+00 
      30            12      9.9999999999999933e-01 
      30           120     -9.9999999999999933e-01 
      30           108      1.9999999999999987e+00 
      30            91     -9.9999999999999933e-01 
      30           101      1.9999999999999987e+00 
      30           228      9.9999999999999933e-01 
      30           243      9.9999999999999922e-01 
      31           223     -1.4142135623730943e+00 
      32            13     -1.2247448713915883e+00 
      32            94      1.2247448713915883e+00 
      32           114     -2.4494897427831765e+00 
      32           117     -1.2247448713915878e+00 
      32           229      1.2247448713915876e+00 
      32           244     -1.2247448713915881e+00 
      32           121     -1.2247448713915881e+00 
      33            18     -9.9999999999999900e-01 
      33           164      9.9999999999999900e-01 
      33           182      1.9999999999999973e+00 
      33           194     -1.9999999999999980e+00 
      33           197     -9.9999999999999878e-01 
      33           249     -9.9999999999999900e-01 
      33           201     -9.9999999999999889e-01 
      34            13      7.0710678118654713e-01 
      34            94     -7.0710678118654713e-01 
      34           107     -1.4142135623730936e+00 
      34           114      1.4142135623730943e+00 
      34           117      7.0710678118654691e-01 
      34           229      7.0710678118654702e-01 
      34           244      7.0710678118654702e-01 
      34           121      7.0710678118654702e-01 
      35           224     -9.9999999999999922e-01 
      36             2      2.0000000000000004e+00 
      36            26      1.0000000000000000e+00 
      36            20      1.0000000000000000e+00 
      36             5      9.9999999999999967e-01 
      36            35     -9.9999999999999967e-01 
      36            38      1.9999999999999993e+00 
      36             9      1.9999999999999996e+00 
      36            56     -1.9999999999999993e+00 
      36            65     -9.9999999999999933e-01 
      36           173     -9.9999999999999922e-01 
      36           191      9.9999999999999833e-01 
      36           210     -9.9999999999999933e-01 
      36            68      3.9999999999999987e+00 
      36            71      1.9999999999999987e+00 
      36           233      1.9999999999999984e+00 
      36           236      9.9999999999999889e-01 
      36           240      1.9999999999999987e+00 
      36            75      9.9999999999999967e-01 
      37           228     -1.4142135623730940e+00 
      38            17      9.9999999999999933e-01 
      38           200     -9.9999999999999944e-01 
      38           223      9.9999999999999911e-01 
      38           183      1.9999999999999989e+00 
      38           188      9.9999999999999922e-01 
      38           161     -9.9999999999999944e-01 
      38           176      1.9999999999999989e+00 
      39            12     -1.4142135623730940e+00 
      39           120      1.4142135623730940e+00 
      39           108     -2.8284271247461881e+00 
      39            91      1.4142135623730940e+00 
      39           101     -2.8284271247461881e+00 
      39           138     -1.4142135623730938e+00 
      40            18      1.2247448713915881e+00 
      40           224     -1.2247448713915885e+00 
      40           206      1.2247448713915881e+00 
      40           164     -1.2247448713915881e+00 
      40           194      2.4494897427831761e+00 
      40           197      1.2247448713915876e+00 
      40           201      1.2247448713915878e+00 
      41           229     -9.9999999999999956e-01 
      42            18      7.0710678118654724e-01 
      42           224      7.0710678118654702e-01 
      42           206      7.0710678118654713e-01 
      42           164     -7.0710678118654713e-01 
      42           182     -1.4142135623730936e+00 
      42           194      1.4142135623730943e+00 
      42           197      7.0710678118654691e-01 
      42           201      7.0710678118654702e-01 
      43            13     -9.9999999999999956e-01 
      43            94      9.9999999999999933e-01 
      43           107      1.9999999999999978e+00 
      43           114     -1.9999999999999987e+00 
      43           117     -9.9999999999999900e-01 
      43           139     -9.9999999999999933e-01 
      43           121     -9.9999999999999922e-01 
      44            19      9.9999999999999933e-01 
      44           168     -9.9999999999999889e-01 
      44           186      9.9999999999999800e-01 
      44           205     -9.9999999999999911e-01 
      44           213      1.9999999999999978e+00 
      44           216      9.9999999999999867e-01 
      44           220      1.9999999999999982e+00 
      45             2      2.0000000000000004e+00 
      45            26      1.0000000000000000e+00 
      45             5      9.9999999999999967e-01 
      45            35     -9.9999999999999967e-01 
      45            38      1.9999999999999993e+00 
      45             9      1.9999999999999996e+00 
      45            56     -1.9999999999999993e+00 
      45            65     -9.9999999999999933e-01 
      45            68      3.9999999999999987e+00 
      45            71      1.9999999999999987e+00 
      45            75      9.9999999999999967e-01 
      45            14      1.0000000000000000e+00 
      45            98     -9.9999999999999956e-01 
      45           111      9.9999999999999889e-01 
      45           125     -9.9999999999999967e-01 
      45           128      1.9999999999999991e+00 
      45           131      9.9999999999999922e-01 
      45           135      1.9999999999999993e+00 
      46            65      1.0000000000000002e+00 
      49           204     -1.7320508075688761e+00 
      50             8     -1.4142135623730949e+00 
      50            53      1.4142135623730947e+00 
      50            59     -2.8284271247461894e+00 
      50           209      1.4142135623730949e+00 
      50           239     -2.8284271247461898e+00 
      50            62     -1.4142135623730945e+00 
      51           204     -9.9999999999999900e-01 
      51           219      1.9999999999999980e+00 
      53           200      1.4142135623730936e+00 
      55             2      2.0000000000000004e+00 
      55            20      2.0000000000000004e+00 
      55            26      1.0000000000000000e+00 
      55           251      1.0000000000000000e+00 
      55             5      2.0000000000000004e+00 
      55            35     -2.0000000000000004e+00 
      55           173     -2.0000000000000004e+00 
      55           191     -2.0000000000000004e+00 
      55            38      4.0000000000000009e+00 
      55           233      4.0000000000000009e+00 
      55           236      4.0000000000000009e+00 
      55            41      1.0000000000000000e+00 
      57            65      1.0000000000000002e+00 
      59           124      1.2247448713915876e+00 
      59           209     -1.2247448713915876e+00 
      60           187     -9.9999999999999933e-01 
      60           219      1.9999999999999987e+00 
      61             8     -1.4142135623730949e+00 
      61            53      1.4142135623730947e+00 
      61            59     -2.8284271247461894e+00 
      61            62     -1.4142135623730945e+00 
      61           124      7.0710678118654713e-01 
      61           209      7.0710678118654713e-01 
      61           134     -1.4142135623730943e+00 
      61           239     -1.4142135623730943e+00 
      62           204     -9.9999999999999933e-01 
      62           219      1.9999999999999987e+00 
      63           120     -9.9999999999999933e-01 
      64           200     -9.9999999999999944e-01 
      65            19     -1.4142135623730945e+00 
      65           250     -1.4142135623730943e+00 
      65           168      1.4142135623730945e+00 
      65           186      1.4142135623730945e+00 
      65           213     -2.8284271247461890e+00 
      65           216     -2.8284271247461890e+00 
      66             2      2.0000000000000004e+00 
      66            26      1.0000000000000000e+00 
      66            14      9.9999999999999967e-01 
      66            20      1.0000000000000000e+00 
      66           230      9.9999999999999956e-01 
      66           245      9.9999999999999956e-01 
      66             5      2.0000000000000004e+00 
      66            35     -2.0000000000000004e+00 
      66            38      4.0000000000000009e+00 
      66            41      1.0000000000000000e+00 
      66            98     -9.9999999999999967e-01 
      66           111     -9.9999999999999967e-01 
      66           173     -9.9999999999999978e-01 
      66           191     -9.9999999999999978e-01 
      66           128      1.9999999999999993e+00 
      66           131      1.9999999999999993e+00 
      66           233      1.9999999999999996e+00 
      66           236      1.9999999999999996e+00 
      69            65      1.0000000000000002e+00 
      70           187      1.7320508075688750e+00 
      72           187     -9.9999999999999956e-01 
      72           219      1.9999999999999991e+00 
      73             8     -1.4142135623730949e+00 
      73            53      1.4142135623730947e+00 
      73            59     -2.8284271247461894e+00 
      73            62     -1.4142135623730945e+00 
      73           124      1.4142135623730949e+00 
      73           134     -2.8284271247461898e+00 
      75           120      1.4142135623730940e+00 
      76           230      1.0000000000000002e+00 
      77            19     -1.4142135623730949e+00 
      77           225     -1.4142135623730945e+00 
      77           168      1.4142135623730947e+00 
      77           186      1.4142135623730947e+00 
      77           213     -2.8284271247461894e+00 
      77           216     -2.8284271247461894e+00 
      78             2      2.0000000000000004e+00 
      78            26      1.0000000000000000e+00 
      78            14      2.0000000000000004e+00 
      78           140      1.0000000000000000e+00 
      78             5      2.0000000000000004e+00 
      78            35     -2.0000000000000004e+00 
      78            38      4.0000000000000009e+00 
      78            41      1.0000000000000000e+00 
      78            98     -2.0000000000000004e+00 
      78           111     -2.0000000000000004e+00 
      78           128      4.0000000000000009e+00 
      78           131      4.0000000000000009e+00 
      79           182      1.4142135623730940e+00 
      80           107     -9.9999999999999967e-01 
      82            12      1.2247448713915881e+00 
      82           108      1.2247448713915876e+00 
      82            91     -1.2247448713915878e+00 
      82           101      2.4494897427831757e+00 
      82           228     -1.2247448713915872e+00 
      82           243      1.2247448713915878e+00 
      82           104      1.2247448713915876e+00 
      83            17     -9.9999999999999878e-01 
      83           200      1.9999999999999969e+00 
      83           183     -9.9999999999999856e-01 
      83           161      9.9999999999999878e-01 
      83           176     -1.9999999999999976e+00 
      83           248     -9.9999999999999867e-01 
      83           179     -9.9999999999999856e-01 
      84            12      7.0710678118654691e-01 
      84           120     -1.4142135623730936e+00 
      84           108      7.0710678118654680e-01 
      84            91     -7.0710678118654691e-01 
      84           101      1.4142135623730938e+00 
      84           228      7.0710678118654691e-01 
      84           243      7.0710678118654680e-01 
      84           104      7.0710678118654680e-01 
      85           223     -9.9999999999999956e-01 
      86             8     -9.9999999999999967e-01 
      86            53      9.9999999999999967e-01 
      86            59     -1.9999999999999993e+00 
      86           209      1.9999999999999980e+00 
      86           239     -9.9999999999999922e-01 
      86            74     -9.9999999999999956e-01 
      86            62     -9.9999999999999956e-01 
      87           204      1.9999999999999978e+00 
      87           219     -9.9999999999999889e-01 
      88            18     -1.4142135623730940e+00 
      88           164      1.4142135623730940e+00 
      88           182      1.4142135623730940e+00 
      88           194     -2.8284271247461881e+00 
      88           197     -2.8284271247461881e+00 
      88           249     -1.4142135623730938e+00 
      89            13      9.9999999999999967e-01 
      89            94     -9.9999999999999967e-01 
      89           107     -9.9999999999999967e-01 
      89           114      1.9999999999999993e+00 
      89           117      1.9999999999999993e+00 
      89           229      9.9999999999999956e-01 
      89           244      9.9999999999999956e-01 
      90           224     -1.4142135623730945e+00 
      91             2      2.0000000000000004e+00 
      91            26      1.0000000000000000e+00 
      91            20      1.0000000000000000e+00 
      91             5      2.0000000000000004e+00 
      91            35     -2.0000000000000004e+00 
      91            38      4.0000000000000009e+00 
      91            41      1.0000000000000000e+00 
      91             9      9.9999999999999967e-01 
      91            56     -9.9999999999999967e-01 
      91            65     -9.9999999999999967e-01 
      91           173     -9.9999999999999956e-01 
      91           191     -9.9999999999999956e-01 
      91           210      9.9999999999999889e-01 
      91            68      1.9999999999999993e+00 
      91            71      1.9999999999999993e+00 
      91           233      1.9999999999999991e+00 
      91           236      1.9999999999999991e+00 
      91           240      9.9999999999999922e-01 
      93           182     -9.9999999999999978e-01 
      94           107      1.4142135623730945e+00 
      95            17     -1.2247448713915878e+00 
      95           223      1.2247448713915881e+00 
      95           183     -1.2247448713915874e+00 
      95           188     -1.2247448713915876e+00 
      95           161      1.2247448713915876e+00 
      95           176     -2.4494897427831752e+00 
      95           179     -1.2247448713915874e+00 
      96           228     -9.9999999999999900e-01 
      97            17      7.0710678118654702e-01 
      97           200     -1.4142135623730936e+00 
      97           223      7.0710678118654668e-01 
      97           183      7.0710678118654680e-01 
      97           188      7.0710678118654680e-01 
      97           161     -7.0710678118654691e-01 
      97           176      1.4142135623730938e+00 
      97           179      7.0710678118654680e-01 
      98            12     -9.9999999999999900e-01 
      98           120      1.9999999999999973e+00 
      98           108     -9.9999999999999889e-01 
      98            91      9.9999999999999900e-01 
      98           101     -1.9999999999999980e+00 
      98           138     -9.9999999999999900e-01 
      98           104     -9.9999999999999889e-01 
      99           187      1.9999999999999978e+00 
      99           219     -9.9999999999999889e-01 
     100             8     -9.9999999999999967e-01 
     100            53      9.9999999999999967e-01 
     100            59     -1.9999999999999993e+00 
     100            74     -9.9999999999999956e-01 
     100            62     -9.9999999999999956e-01 
     100           124      1.9999999999999991e+00 
     100           134     -9.9999999999999956e-01 
     101           229     -1.4142135623730945e+00 
     102            18      9.9999999999999967e-01 
     102           224      9.9999999999999956e-01 
     102           206      9.9999999999999956e-01 
     102           164     -9.9999999999999978e-01 
     102           182     -9.9999999999999978e-01 
     102           194      1.9999999999999996e+00 
     102           197      1.9999999999999996e+00 
     103            13     -1.4142135623730945e+00 
     103            94      1.4142135623730945e+00 
     103           107      1.4142135623730945e+00 
     103           114     -2.8284271247461890e+00 
     103           117     -2.8284271247461890e+00 
     103           139     -1.4142135623730943e+00 
     104            19      9.9999999999999933e-01 
     104           168     -9.9999999999999922e-01 
     104           186     -9.9999999999999922e-01 
     104           205      9.9999999999999878e-01 
     104           213      1.9999999999999984e+00 
     104           216      1.9999999999999984e+00 
     104           220      9.9999999999999889e-01 
     105             2      2.0000000000000004e+00 
     105            26      1.0000000000000000e+00 
     105            14      1.0000000000000000e+00 
     105             5      2.0000000000000004e+00 
     105            35     -2.0000000000000004e+00 
     105            38      4.0000000000000009e+00 
     105            41      1.0000000000000000e+00 
     105             9      9.9999999999999967e-01 
     105            56     -9.9999999999999967e-01 
     105            65     -9.9999999999999967e-01 
     105            68      1.9999999999999993e+00 
     105            71      1.9999999999999993e+00 
     105            98     -9.9999999999999978e-01 
     105           111     -9.9999999999999978e-01 
     105           125      9.9999999999999956e-01 
     105           128      1.9999999999999996e+00 
     105           131      1.9999999999999996e+00 
     105           135      9.9999999999999956e-01 
     106           191      1.0000000000000002e+00 
     107           186     -1.4142135623730947e+00 
     108           111      1.0000000000000002e+00 
     109           204     -1.7320508075688750e+00 
     109           187      1.7320508075688750e+00 
     110           209      1.4142135623730949e+00 
     111           204     -9.9999999999999956e-01 
     111           187     -9.9999999999999956e-01 
     112           124      1.4142135623730949e+00 
     113            17     -1.4142135623730943e+00 
     113           200      1.4142135623730943e+00 
     113           183     -2.8284271247461885e+00 
     113           161      1.4142135623730943e+00 
     113           176     -2.8284271247461885e+00 
     113           179     -1.4142135623730940e+00 
     114            12     -1.4142135623730945e+00 
     114           120      1.4142135623730945e+00 
     114           108     -2.8284271247461890e+00 
     114            91      1.4142135623730945e+00 
     114           101     -2.8284271247461890e+00 
     114           104     -1.4142135623730943e+00 
     115           210      1.0000000000000002e+00 
     116           205     -1.4142135623730947e+00 
     117           125      1.0000000000000002e+00 
     118            18     -1.4142135623730945e+00 
     118           164      1.4142135623730945e+00 
     118           182      1.4142135623730945e+00 
     118           194     -2.8284271247461890e+00 
     118           197     -2.8284271247461890e+00 
     118           201     -1.4142135623730943e+00 
     119            13     -1.4142135623730949e+00 
     119            94      1.4142135623730947e+00 
     119           107      1.4142135623730947e+00 
     119           114     -2.8284271247461894e+00 
     119           117     -2.8284271247461894e+00 
     119           121     -1.4142135623730945e+00 
     120             2      2.0000000000000004e+00 
     120            26      1.0000000000000000e+00 
     120             5      2.0000000000000004e+00 
     120            35     -2.0000000000000004e+00 
     120            38      4.0000000000000009e+00 
     120            41      1.0000000000000000e+00 
     120             9      2.0000000000000004e+00 
     120            56     -2.0000000000000004e+00 
     120            65     -2.0000000000000004e+00 
     120            68      4.0000000000000009e+00 
     120            71      4.0000000000000009e+00 
     120            75      1.0000000000000000e+00 
     121           152      1.7320508075688767e+00 
     122            97     -1.2247448713915898e+00 
     122           172      1.2247448713915889e+00 
     123           167     -1.7320508075688756e+00 
     124            52     -9.9999999999999889e-01 
     128            90     -1.2247448713915869e+00 
     129           160      1.2247448713915867e+00 
     136            20      1.0000000000000000e+00 
     136            14      9.9999999999999956e-01 
     136           230     -9.9999999999999967e-01 
     136           245      9.9999999999999933e-01 
     136             0      9.9999999999999967e-01 
     136             2      1.0000000000000000e+00 
     136             9      2.0000000000000013e+00 
     136            23     -1.0000000000000004e+00 
     136            48     -1.0000000000000004e+00 
     136            56     -1.0000000000000009e+00 
     136            86      5.0000000000000144e-01 
     136            98      5.0000000000000122e-01 
     136           125     -1.0000000000000000e+00 
     136           156      5.0000000000000089e-01 
     136           173      5.0000000000000100e-01 
     136           210     -9.9999999999999978e-01 
     136            24      9.9999999999999956e-01 
     136            66      2.0000000000000009e+00 
     136            68      2.0000000000000018e+00 
     136           126      9.9999999999999978e-01 
     136           128      1.0000000000000002e+00 
     136           135      2.0000000000000000e+00 
     136           231      9.9999999999999967e-01 
     136           233      1.0000000000000002e+00 
     136           240      1.9999999999999996e+00 
     136            75      1.0000000000000004e+00 
     140            55     -1.1547005383792521e+00 
     140            97      5.7735026918962640e-01 
     140           172      5.7735026918962606e-01 
     141           152      1.4142135623730938e+00 
     142            97     -1.0000000000000000e+00 
     142           172      9.9999999999999911e-01 
     143           167     -1.4142135623730925e+00 
     144            93     -1.4142135623730931e+00 
     145           163      1.4142135623730931e+00 
     152             8     -1.1547005383792517e+00 
     152            45      1.1547005383792515e+00 
     152            53      1.1547005383792519e+00 
     152            57     -1.1547005383792508e+00 
     152            59     -1.1547005383792515e+00 
     152           134     -1.1547005383792508e+00 
     152           239     -1.1547005383792508e+00 
     152            74     -1.1547005383792515e+00 
     153            20      1.0000000000000000e+00 
     153            14      9.9999999999999956e-01 
     153           230     -9.9999999999999967e-01 
     153           245      9.9999999999999933e-01 
     153             0      9.9999999999999967e-01 
     153             2      1.0000000000000000e+00 
     153            23     -1.0000000000000004e+00 
     153            24      9.9999999999999956e-01 
     153             5      1.0000000000000000e+00 
     153             9      1.0000000000000002e+00 
     153            30     -9.9999999999999989e-01 
     153            35     -1.0000000000000002e+00 
     153            48      3.3333333333333459e-01 
     153            56      3.3333333333333448e-01 
     153            65      3.3333333333333448e-01 
     153            86      3.3333333333333520e-01 
     153            98      3.3333333333333526e-01 
     153           111      3.3333333333333526e-01 
     153           125     -1.0000000000000007e+00 
     153           156      3.3333333333333492e-01 
     153           173      3.3333333333333470e-01 
     153           191      3.3333333333333470e-01 
     153           210     -1.0000000000000004e+00 
     153            36      9.9999999999999933e-01 
     153            38      9.9999999999999978e-01 
     153            66      9.9999999999999956e-01 
     153            68      1.0000000000000000e+00 
     153            71      1.0000000000000000e+00 
     153           126      9.9999999999999900e-01 
     153           128      9.9999999999999956e-01 
     153           131      9.9999999999999956e-01 
     153           135      9.9999999999999956e-01 
     153           231      9.9999999999999889e-01 
     153           233      9.9999999999999933e-01 
     153           236      9.9999999999999933e-01 
     153           240      9.9999999999999933e-01 
     157            34     -1.2247448713915892e+00 
     157            55     -4.0824829046386346e-01 
     157            97      8.1649658092772637e-01 
     157           172      8.1649658092772592e-01 
     158           152     -9.9999999999999856e-01 
     159            97      7.0710678118654724e-01 
     159           172     -7.0710678118654657e-01 
     160           167      9.9999999999999800e-01 
     161            93     -5.0000000000000022e-01 
     162           163      5.0000000000000011e-01 
     166            90      1.4999999999999967e+00 
     167           160     -1.4999999999999964e+00 
     169             8      8.1649658092772592e-01 
     169            45      4.0824829046386346e-01 
     169            53      4.0824829046386335e-01 
     169            57      8.1649658092772537e-01 
     169            59      8.1649658092772581e-01 
     169           124     -1.2247448713915898e+00 
     169           209     -1.2247448713915892e+00 
     169           134      8.1649658092772537e-01 
     169           239      8.1649658092772526e-01 
     169            74      8.1649658092772570e-01 
     170            48      4.7140452079103234e-01 
     170            56      4.7140452079103240e-01 
     170            65     -9.4280904158206469e-01 
     170            86     -2.3570226039551631e-01 
     170            98     -2.3570226039551637e-01 
     170           111      4.7140452079103251e-01 
     170           156     -2.3570226039551620e-01 
     170           173     -2.3570226039551620e-01 
     170           191      4.7140452079103223e-01 
     171            20      1.0000000000000000e+00 
     171             9      1.0000000000000000e+00 
     171            14      9.9999999999999956e-01 
     171           125      5.0000000000000144e-01 
     171           210      5.0000000000000089e-01 
     171           230     -9.9999999999999967e-01 
     171           135      9.9999999999999933e-01 
     171           240      9.9999999999999922e-01 
     171           245      9.9999999999999933e-01 
     171             0      9.9999999999999967e-01 
     171             2      1.0000000000000000e+00 
     171            23     -1.0000000000000004e+00 
     171            24      9.9999999999999956e-01 
     171             5      9.9999999999999956e-01 
     171            30      5.0000000000000144e-01 
     171            35      5.0000000000000144e-01 
     171            48     -8.3333333333333348e-01 
     171            56     -8.3333333333333370e-01 
     171            65     -3.3333333333333265e-01 
     171            86      1.6666666666666857e-01 
     171            98      1.6666666666666857e-01 
     171           111     -8.3333333333333326e-01 
     171           156      1.6666666666666824e-01 
     171           173      1.6666666666666829e-01 
     171           191     -8.3333333333333282e-01 
     171            36      9.9999999999999889e-01 
     171            38      9.9999999999999933e-01 
     171            66      9.9999999999999878e-01 
     171            68      9.9999999999999922e-01 
     171            71      9.9999999999999933e-01 
     171           126      9.9999999999999811e-01 
     171           128      9.9999999999999856e-01 
     171           131      9.9999999999999878e-01 
     171           231      9.9999999999999789e-01 
     171           233      9.9999999999999845e-01 
     171           236      9.9999999999999856e-01 
     172            46      1.7320508075688761e+00 
     175           167     -9.9999999999999811e-01 
     176            34     -1.2247448713915892e+00 
     176            55      1.2247448713915881e+00 
     179           163      1.2247448713915863e+00 
     181            52     -1.7320508075688750e+00 
     184           160     -1.2247448713915861e+00 
     187           204     -9.9999999999999856e-01 
     188           151     -5.7735026918962584e-01 
     188           168     -5.7735026918962584e-01 
     188           186      1.1547005383792515e+00 
     189           205      1.2247448713915883e+00 
     189           151     -8.1649658092772559e-01 
     189           168     -8.1649658092772592e-01 
     189           186      4.0824829046386280e-01 
     190            20      2.0000000000000004e+00 
     190           251      1.0000000000000000e+00 
     190             9      1.0000000000000000e+00 
     190           210     -1.0000000000000000e+00 
     190           240      2.0000000000000000e+00 
     190             0      9.9999999999999967e-01 
     190             2      1.0000000000000000e+00 
     190            23     -1.0000000000000004e+00 
     190            24      9.9999999999999956e-01 
     190             5      9.9999999999999956e-01 
     190            30      5.0000000000000144e-01 
     190            35      5.0000000000000144e-01 
     190            36      9.9999999999999889e-01 
     190            38      9.9999999999999933e-01 
     190            48      5.0000000000000089e-01 
     190            56      5.0000000000000089e-01 
     190            65     -9.9999999999999967e-01 
     190           156     -9.9999999999999889e-01 
     190           173     -9.9999999999999933e-01 
     190           191     -9.9999999999999956e-01 
     190            66      9.9999999999999878e-01 
     190            68      9.9999999999999922e-01 
     190            71      9.9999999999999933e-01 
     190           231      1.9999999999999978e+00 
     190           233      1.9999999999999987e+00 
     190           236      1.9999999999999991e+00 
     192            46      1.7320508075688761e+00 
     194            97      7.0710678118654657e-01 
     194           172     -7.0710678118654668e-01 
     196            34     -1.2247448713915892e+00 
     196            55      1.2247448713915881e+00 
     198            93     -8.6602540378443715e-01 
     199           163     -8.6602540378443726e-01 
     201            52     -1.7320508075688750e+00 
     203            90      8.6602540378443682e-01 
     204           160      8.6602540378443693e-01 
     206           124      7.0710678118654702e-01 
     206           209     -7.0710678118654713e-01 
     207            86      4.0824829046386341e-01 
     207            98      4.0824829046386352e-01 
     207           111     -8.1649658092772670e-01 
     207           156     -4.0824829046386307e-01 
     207           173     -4.0824829046386313e-01 
     207           191      8.1649658092772592e-01 
     208           125     -8.6602540378443893e-01 
     208           210      8.6602540378443826e-01 
     208            86      5.7735026918962606e-01 
     208            98      5.7735026918962618e-01 
     208           111     -2.8867513459481298e-01 
     208           156     -5.7735026918962551e-01 
     208           173     -5.7735026918962573e-01 
     208           191      2.8867513459481270e-01 
     209            19     -1.4142135623730945e+00 
     209           250     -1.4142135623730943e+00 
     209           205      7.0710678118654713e-01 
     209           220     -1.4142135623730943e+00 
     209           151      7.0710678118654635e-01 
     209           168      7.0710678118654668e-01 
     209           186      7.0710678118654680e-01 
     209           211     -1.4142135623730927e+00 
     209           213     -1.4142135623730934e+00 
     209           216     -1.4142135623730936e+00 
     210            14      9.9999999999999967e-01 
     210            20      1.0000000000000000e+00 
     210           230      9.9999999999999956e-01 
     210           245      9.9999999999999956e-01 
     210             9      1.0000000000000000e+00 
     210           125     -4.9999999999999978e-01 
     210           210     -4.9999999999999983e-01 
     210           135      9.9999999999999956e-01 
     210           240      9.9999999999999967e-01 
     210             0      9.9999999999999967e-01 
     210             2      1.0000000000000000e+00 
     210            23     -1.0000000000000004e+00 
     210            24      9.9999999999999956e-01 
     210             5      9.9999999999999956e-01 
     210            30      5.0000000000000144e-01 
     210            35      5.0000000000000144e-01 
     210            36      9.9999999999999889e-01 
     210            38      9.9999999999999933e-01 
     210            48      5.0000000000000089e-01 
     210            56      5.0000000000000089e-01 
     210            65     -9.9999999999999967e-01 
     210            66      9.9999999999999878e-01 
     210            68      9.9999999999999922e-01 
     210            71      9.9999999999999933e-01 
     210            86     -4.9999999999999922e-01 
     210            98     -4.9999999999999944e-01 
     210           111     -4.9999999999999950e-01 
     210           156     -4.9999999999999928e-01 
     210           173     -4.9999999999999950e-01 
     210           191     -4.9999999999999961e-01 
     210           126      9.9999999999999845e-01 
     210           128      9.9999999999999889e-01 
     210           131      9.9999999999999900e-01 
     210           231      9.9999999999999856e-01 
     210           233      9.9999999999999900e-01 
     210           236      9.9999999999999922e-01 
     213            46      1.7320508075688761e+00 
     214           152      9.9999999999999833e-01 
     217            34     -1.2247448713915892e+00 
     217            55      1.2247448713915881e+00 
     219            93      1.2247448713915869e+00 
     222            52     -1.7320508075688750e+00 
     224            90     -1.2247448713915863e+00 
     226           187      9.9999999999999889e-01 
     227           151      5.7735026918962551e-01 
     227           168      5.7735026918962573e-01 
     227           186     -1.1547005383792517e+00 
     228           205     -1.2247448713915876e+00 
     228           151      8.1649658092772559e-01 
     228           168      8.1649658092772581e-01 
     228           186     -4.0824829046386274e-01 
     229           230      1.0000000000000002e+00 
     230            19     -1.4142135623730949e+00 
     230           225     -1.4142135623730945e+00 
     230           205      7.0710678118654724e-01 
     230           220     -1.4142135623730945e+00 
     230           151      7.0710678118654646e-01 
     230           168      7.0710678118654680e-01 
     230           186      7.0710678118654691e-01 
     230           211     -1.4142135623730929e+00 
     230           213     -1.4142135623730936e+00 
     230           216     -1.4142135623730938e+00 
     231            14      2.0000000000000004e+00 
     231           140      1.0000000000000000e+00 
     231             9      1.0000000000000000e+00 
     231           125     -1.0000000000000000e+00 
     231           135      2.0000000000000000e+00 
     231             0      9.9999999999999967e-01 
     231             2      1.0000000000000000e+00 
     231            23     -1.0000000000000004e+00 
     231            24      9.9999999999999956e-01 
     231             5      9.9999999999999956e-01 
     231            30      5.0000000000000144e-01 
     231            35      5.0000000000000144e-01 
     231            36      9.9999999999999889e-01 
     231            38      9.9999999999999933e-01 
     231            48      5.0000000000000089e-01 
     231            56      5.0000000000000089e-01 
     231            65     -9.9999999999999967e-01 
     231            66      9.9999999999999878e-01 
     231            68      9.9999999999999922e-01 
     231            71      9.9999999999999933e-01 
     231            86     -9.9999999999999889e-01 
     231            98     -9.9999999999999933e-01 
     231           111     -9.9999999999999956e-01 
     231           126      1.9999999999999978e+00 
     231           128      1.9999999999999987e+00 
     231           131      1.9999999999999991e+00 
     232           145      1.7320508075688750e+00 
     233            80     -1.2247448713915878e+00 
     235            83     -5.0000000000000044e-01 
     236           148      1.2247448713915869e+00 
     237            83     -8.6602540378443749e-01 
     239            34     -1.2247448713915892e+00 
     239           172      1.2247448713915867e+00 
     240           167      1.2247448713915861e+00 
     244            52     -1.2247448713915872e+00 
     246           160     -1.7320508075688741e+00 
     247            12      9.9999999999999900e-01 
     247           120     -9.9999999999999911e-01 
     247           108      1.9999999999999982e+00 
     247            79      5.0000000000000022e-01 
     247            91      5.0000000000000022e-01 
     247            99      9.9999999999999833e-01 
     247           101      9.9999999999999889e-01 
     247           228     -9.9999999999999845e-01 
     247           243      9.9999999999999889e-01 
     248            82      5.7735026918962584e-01 
     248            94      5.7735026918962595e-01 
     248           107     -1.1547005383792524e+00 
     249            13     -1.2247448713915883e+00 
     249           229      1.2247448713915876e+00 
     249           244     -1.2247448713915881e+00 
     249           121     -1.2247448713915881e+00 
     249            82      2.0412414523192968e-01 
     249            94      2.0412414523192979e-01 
     249           107      8.1649658092772559e-01 
     249           112     -1.2247448713915869e+00 
     249           114     -1.2247448713915874e+00 
     249           117     -1.2247448713915876e+00 
     250            18     -9.9999999999999900e-01 
     250           249     -9.9999999999999900e-01 
     250           201     -9.9999999999999889e-01 
     250           147      1.4999999999999982e+00 
     250           164      1.4999999999999987e+00 
     250           192     -9.9999999999999789e-01 
     250           194     -9.9999999999999845e-01 
     250           197     -9.9999999999999856e-01 
     251            13      7.0710678118654713e-01 
     251           229      7.0710678118654702e-01 
     251           244      7.0710678118654702e-01 
     251           121      7.0710678118654702e-01 
     251            82     -1.0606601717798205e+00 
     251            94     -1.0606601717798207e+00 
     251           112      7.0710678118654635e-01 
     251           114      7.0710678118654668e-01 
     251           117      7.0710678118654680e-01 
     252           224     -9.9999999999999922e-01 
     253            20      1.0000000000000000e+00 
     253             9      1.9999999999999996e+00 
     253           210     -9.9999999999999933e-01 
     253           240      1.9999999999999987e+00 
     253            75      9.9999999999999967e-01 
     253             0      9.9999999999999967e-01 
     253             2      1.0000000000000000e+00 
     253            23     -1.0000000000000004e+00 
     253            24      9.9999999999999956e-01 
     253             5      9.9999999999999956e-01 
     253            30      5.0000000000000144e-01 
     253            35      5.0000000000000144e-01 
     253            36      9.9999999999999889e-01 
     253            38      9.9999999999999933e-01 
     253            48     -9.9999999999999856e-01 
     253            56     -9.9999999999999900e-01 
     253            65     -9.9999999999999922e-01 
     253           156      5.0000000000000000e-01 
     253           173      5.0000000000000022e-01 
     253           191     -9.9999999999999889e-01 
     253            66      1.9999999999999971e+00 
     253            68      1.9999999999999980e+00 
     253            71      1.9999999999999984e+00 
     253           231      9.9999999999999811e-01 
     253           233      9.9999999999999856e-01 
     253           236      9.9999999999999878e-01 
     255           145     -1.2247448713915878e+00 
     256            80      1.7320508075688754e+00 
     257           148      5.0000000000000033e-01 
     259           148     -8.6602540378443749e-01 
     260            83      1.2247448713915874e+00 
     261           152      1.2247448713915865e+00 
     262            34     -1.2247448713915892e+00 
     262            97      1.2247448713915876e+00 
     267            52     -1.2247448713915872e+00 
     268            90     -1.7320508075688745e+00 
     269            17     -9.9999999999999889e-01 
     269           200      9.9999999999999900e-01 
     269           223      9.9999999999999911e-01 
     269           183     -1.9999999999999980e+00 
     269           188     -9.9999999999999889e-01 
     269           144     -5.0000000000000022e-01 
     269           161     -5.0000000000000000e-01 
     269           174     -9.9999999999999822e-01 
     269           176     -9.9999999999999878e-01 
     270           147     -5.7735026918962573e-01 
     270           164     -5.7735026918962584e-01 
     270           182      1.1547005383792521e+00 
     271            18      1.2247448713915881e+00 
     271           224     -1.2247448713915885e+00 
     271           206      1.2247448713915881e+00 
     271           201      1.2247448713915878e+00 
     271           147     -2.0412414523192962e-01 
     271           164     -2.0412414523192973e-01 
     271           182     -8.1649658092772559e-01 
     271           192      1.2247448713915867e+00 
     271           194      1.2247448713915872e+00 
     271           197      1.2247448713915874e+00 
     272           229     -9.9999999999999956e-01 
     273            18      7.0710678118654724e-01 
     273           224      7.0710678118654702e-01 
     273           206      7.0710678118654713e-01 
     273           201      7.0710678118654702e-01 
     273           147     -1.0606601717798205e+00 
     273           164     -1.0606601717798207e+00 
     273           192      7.0710678118654635e-01 
     273           194      7.0710678118654668e-01 
     273           197      7.0710678118654680e-01 
     274            13     -9.9999999999999956e-01 
     274           139     -9.9999999999999933e-01 
     274           121     -9.9999999999999922e-01 
     274            82      1.4999999999999987e+00 
     274            94      1.4999999999999993e+00 
     274           112     -9.9999999999999822e-01 
     274           114     -9.9999999999999878e-01 
     274           117     -9.9999999999999889e-01 
     275            19      9.9999999999999933e-01 
     275           205     -9.9999999999999911e-01 
     275           220      1.9999999999999982e+00 
     275           151      5.0000000000000000e-01 
     275           168      4.9999999999999994e-01 
     275           186     -9.9999999999999867e-01 
     275           211      9.9999999999999778e-01 
     275           213      9.9999999999999833e-01 
     275           216      9.9999999999999845e-01 
     276             9      1.9999999999999996e+00 
     276            75      9.9999999999999967e-01 
     276            14      1.0000000000000000e+00 
     276           125     -9.9999999999999967e-01 
     276           135      1.9999999999999993e+00 
     276             0      9.9999999999999967e-01 
     276             2      1.0000000000000000e+00 
     276            23     -1.0000000000000004e+00 
     276            24      9.9999999999999956e-01 
     276             5      9.9999999999999956e-01 
     276            30      5.0000000000000144e-01 
     276            35      5.0000000000000144e-01 
     276            36      9.9999999999999889e-01 
     276            38      9.9999999999999933e-01 
     276            48     -9.9999999999999856e-01 
     276            56     -9.9999999999999900e-01 
     276            65     -9.9999999999999922e-01 
     276            66      1.9999999999999971e+00 
     276            68      1.9999999999999980e+00 
     276            71      1.9999999999999984e+00 
     276            86      5.0000000000000044e-01 
     276            98      5.0000000000000056e-01 
     276           111     -9.9999999999999933e-01 
     276           126      9.9999999999999845e-01 
     276           128      9.9999999999999889e-01 
     276           131      9.9999999999999900e-01 
     280            46      9.9999999999999989e-01 
     286           152      1.7320508075688767e+00 
     287            97     -1.2247448713915898e+00 
     287           172      1.2247448713915889e+00 
     288           167     -1.7320508075688756e+00 
     289            93     -1.2247448713915878e+00 
     290           163      1.2247448713915876e+00 
     292            65      1.0000000000000011e+00 
     293             8     -1.1547005383792521e+00 
     293            57     -1.1547005383792515e+00 
     293            59     -1.1547005383792519e+00 
     293           124      1.1547005383792524e+00 
     293           209      1.1547005383792521e+00 
     293           134     -1.1547005383792515e+00 
     293           239     -1.1547005383792512e+00 
     293            62     -1.1547005383792519e+00 
     294             8      8.1649658092772570e-01 
     294            45     -1.2247448713915894e+00 
     294            53     -1.2247448713915901e+00 
     294            57      8.1649658092772515e-01 
     294            59      8.1649658092772559e-01 
     294           124      4.0824829046386452e-01 
     294           209      4.0824829046386413e-01 
     294           134      8.1649658092772526e-01 
     294           239      8.1649658092772515e-01 
     294            62      8.1649658092772559e-01 
     295           187      9.9999999999999856e-01 
     296           124     -7.0710678118654713e-01 
     296           209      7.0710678118654646e-01 
     297           204     -9.9999999999999889e-01 
     298           120     -9.9999999999999911e-01 
     299           200      9.9999999999999900e-01 
     300            20      1.0000000000000000e+00 
     300            14      9.9999999999999956e-01 
     300           230     -9.9999999999999967e-01 
     300           245      9.9999999999999933e-01 
     300             0      9.9999999999999967e-01 
     300             2      1.0000000000000000e+00 
     300            23     -1.0000000000000004e+00 
     300            24      9.9999999999999956e-01 
     300             5      2.0000000000000013e+00 
     300            30     -1.0000000000000000e+00 
     300            35     -1.0000000000000004e+00 
     300            86      5.0000000000000144e-01 
     300            98      5.0000000000000122e-01 
     300           111     -1.0000000000000004e+00 
     300           156      5.0000000000000089e-01 
     300           173      5.0000000000000100e-01 
     300           191     -1.0000000000000002e+00 
     300            36      2.0000000000000000e+00 
     300            38      2.0000000000000009e+00 
     300           126      9.9999999999999978e-01 
     300           128      1.0000000000000002e+00 
     300           131      2.0000000000000009e+00 
     300           231      9.9999999999999967e-01 
     300           233      1.0000000000000002e+00 
     300           236      2.0000000000000004e+00 
     300            41      1.0000000000000004e+00 
     304            80      4.9999999999999983e-01 
     305           145      1.2247448713915874e+00 
     306            80     -8.6602540378443771e-01 
     308            46     -1.2247448713915881e+00 
     310           148      1.7320508075688759e+00 
     311            83     -1.2247448713915885e+00 
     313            55     -1.2247448713915896e+00 
     313           172      1.2247448713915876e+00 
     314           167      1.2247448713915869e+00 
     315           163     -1.7320508075688750e+00 
     316           107     -1.0000000000000000e+00 
     317            12      1.1547005383792515e+00 
     317           120     -1.1547005383792519e+00 
     317           108      1.1547005383792512e+00 
     317            99      1.1547005383792508e+00 
     317           101      1.1547005383792512e+00 
     317           228     -1.1547005383792508e+00 
     317           243      1.1547005383792512e+00 
     317           104      1.1547005383792512e+00 
     318            12      4.0824829046386280e-01 
     318           120      8.1649658092772714e-01 
     318           108      4.0824829046386268e-01 
     318            79     -6.1237243569579458e-01 
     318            91     -6.1237243569579480e-01 
     318            99      4.0824829046386246e-01 
     318           101      4.0824829046386263e-01 
     318           228     -4.0824829046386257e-01 
     318           243      4.0824829046386274e-01 
     318           104      4.0824829046386263e-01 
     319            17      9.9999999999999845e-01 
     319           183      9.9999999999999811e-01 
     319           144     -1.4999999999999987e+00 
     319           161     -1.4999999999999993e+00 
     319           174      9.9999999999999767e-01 
     319           176      9.9999999999999811e-01 
     319           248      9.9999999999999822e-01 
     319           179      9.9999999999999811e-01 
     320            12     -7.0710678118654668e-01 
     320           108     -7.0710678118654646e-01 
     320            79      1.0606601717798210e+00 
     320            91      1.0606601717798212e+00 
     320            99     -7.0710678118654613e-01 
     320           101     -7.0710678118654646e-01 
     320           228     -7.0710678118654657e-01 
     320           243     -7.0710678118654657e-01 
     320           104     -7.0710678118654646e-01 
     321           223      9.9999999999999944e-01 
     322             8     -9.9999999999999889e-01 
     322            45      1.4999999999999996e+00 
     322            53      1.5000000000000000e+00 
     322            57     -9.9999999999999822e-01 
     322            59     -9.9999999999999878e-01 
     322           239     -9.9999999999999845e-01 
     322            74     -9.9999999999999889e-01 
     322            62     -9.9999999999999878e-01 
     323           219     -9.9999999999999889e-01 
     324            13      9.9999999999999967e-01 
     324            82      5.0000000000000022e-01 
     324            94      5.0000000000000044e-01 
     324           107     -1.0000000000000000e+00 
     324           112      9.9999999999999944e-01 
     324           114      9.9999999999999989e-01 
     324           117      2.0000000000000000e+00 
     324           229     -9.9999999999999911e-01 
     324           244      9.9999999999999956e-01 
     325            20      1.0000000000000000e+00 
     325             0      9.9999999999999967e-01 
     325             2      1.0000000000000000e+00 
     325            23     -1.0000000000000004e+00 
     325            24      9.9999999999999956e-01 
     325             5      2.0000000000000013e+00 
     325            30     -1.0000000000000000e+00 
     325            35     -1.0000000000000004e+00 
     325            36      2.0000000000000000e+00 
     325            38      2.0000000000000009e+00 
     325            41      1.0000000000000004e+00 
     325             9      9.9999999999999956e-01 
     325            48      5.0000000000000144e-01 
     325            56      5.0000000000000144e-01 
     325            65     -1.0000000000000000e+00 
     325           156      5.0000000000000056e-01 
     325           173      5.0000000000000033e-01 
     325           191     -9.9999999999999956e-01 
     325           210     -9.9999999999999933e-01 
     325            66      9.9999999999999933e-01 
     325            68      9.9999999999999978e-01 
     325            71      2.0000000000000000e+00 
     325           231      9.9999999999999889e-01 
     325           233      9.9999999999999933e-01 
     325           236      1.9999999999999991e+00 
     325           240      9.9999999999999900e-01 
     329           145     -4.9999999999999972e-01 
     331           145     -8.6602540378443782e-01 
     332            80      1.2247448713915876e+00 
     334            46     -1.2247448713915881e+00 
     336           148     -1.2247448713915885e+00 
     337            83      1.7320508075688765e+00 
     338           152      1.2247448713915874e+00 
     339            55     -1.2247448713915896e+00 
     339            97      1.2247448713915883e+00 
     340            93     -1.7320508075688752e+00 
     341           182      9.9999999999999989e-01 
     342            17     -1.1547005383792512e+00 
     342           200      1.1547005383792519e+00 
     342           223      1.1547005383792515e+00 
     342           183     -1.1547005383792510e+00 
     342           188     -1.1547005383792512e+00 
     342           174     -1.1547005383792506e+00 
     342           176     -1.1547005383792510e+00 
     342           179     -1.1547005383792510e+00 
     343            17     -4.0824829046386268e-01 
     343           200     -8.1649658092772692e-01 
     343           223      4.0824829046386280e-01 
     343           183     -4.0824829046386263e-01 
     343           188     -4.0824829046386268e-01 
     343           144      6.1237243569579458e-01 
     343           161      6.1237243569579469e-01 
     343           174     -4.0824829046386241e-01 
     343           176     -4.0824829046386257e-01 
     343           179     -4.0824829046386257e-01 
     344           228      9.9999999999999878e-01 
     345            17     -7.0710678118654668e-01 
     345           223     -7.0710678118654635e-01 
     345           183     -7.0710678118654646e-01 
     345           188     -7.0710678118654657e-01 
     345           144      1.0606601717798210e+00 
     345           161      1.0606601717798212e+00 
     345           174     -7.0710678118654613e-01 
     345           176     -7.0710678118654646e-01 
     345           179     -7.0710678118654646e-01 
     346            12      9.9999999999999878e-01 
     346           108      9.9999999999999845e-01 
     346            79     -1.4999999999999991e+00 
     346            91     -1.4999999999999996e+00 
     346            99      9.9999999999999789e-01 
     346           101      9.9999999999999845e-01 
     346           138      9.9999999999999856e-01 
     346           104      9.9999999999999845e-01 
     347           219     -9.9999999999999811e-01 
     348             8     -9.9999999999999889e-01 
     348            45      1.4999999999999996e+00 
     348            53      1.5000000000000000e+00 
     348            57     -9.9999999999999822e-01 
     348            59     -9.9999999999999878e-01 
     348            74     -9.9999999999999889e-01 
     348            62     -9.9999999999999878e-01 
     348           134     -9.9999999999999878e-01 
     349            18     -9.9999999999999956e-01 
     349           224      9.9999999999999967e-01 
     349           206     -9.9999999999999944e-01 
     349           147     -5.0000000000000022e-01 
     349           164     -5.0000000000000033e-01 
     349           182      9.9999999999999989e-01 
     349           192     -9.9999999999999933e-01 
     349           194     -9.9999999999999978e-01 
     349           197     -1.9999999999999998e+00 
     350            19      9.9999999999999933e-01 
     350           151      5.0000000000000033e-01 
     350           168      5.0000000000000033e-01 
     350           186     -9.9999999999999922e-01 
     350           205     -9.9999999999999911e-01 
     350           211      9.9999999999999867e-01 
     350           213      9.9999999999999911e-01 
     350           216      1.9999999999999984e+00 
     350           220      9.9999999999999878e-01 
     351            14      1.0000000000000000e+00 
     351             0      9.9999999999999967e-01 
     351             2      1.0000000000000000e+00 
     351            23     -1.0000000000000004e+00 
     351            24      9.9999999999999956e-01 
     351             5      2.0000000000000013e+00 
     351            30     -1.0000000000000000e+00 
     351            35     -1.0000000000000004e+00 
     351            36      2.0000000000000000e+00 
     351            38      2.0000000000000009e+00 
     351            41      1.0000000000000004e+00 
     351             9      9.9999999999999956e-01 
     351            48      5.0000000000000144e-01 
     351            56      5.0000000000000144e-01 
     351            65     -1.0000000000000000e+00 
     351            66      9.9999999999999933e-01 
     351            68      9.9999999999999978e-01 
     351            71      2.0000000000000000e+00 
     351            86      5.0000000000000089e-01 
     351            98      5.0000000000000089e-01 
     351           111     -9.9999999999999978e-01 
     351           125     -9.9999999999999967e-01 
     351           126      9.9999999999999922e-01 
     351           128      9.9999999999999967e-01 
     351           131      1.9999999999999996e+00 
     351           135      9.9999999999999933e-01 
     352             1     -1.4142135623730945e+00 
     352            55      1.4142135623730945e+00 
     352           172      1.4142135623730945e+00 
     352            67     -2.8284271247461890e+00 
     352           232     -2.8284271247461890e+00 
     352            25     -1.4142135623730943e+00 
     353           167     -9.9999999999999933e-01 
     353           212      1.9999999999999987e+00 
     356            52     -9.9999999999999933e-01 
     356            58      1.9999999999999987e+00 
     359           160     -9.9999999999999878e-01 
     359           175      1.9999999999999976e+00 
     367           151     -1.2247448713915883e+00 
     367           168      1.2247448713915887e+00 
     370            45     -1.2247448713915876e+00 
     370            53      1.2247448713915883e+00 
     373           144     -1.2247448713915869e+00 
     373           161      1.2247448713915876e+00 
     378             9      2.0000000000000004e+00 
     378            20      2.0000000000000004e+00 
     378           210     -2.0000000000000004e+00 
     378           240      4.0000000000000009e+00 
     378            75      1.0000000000000000e+00 
     378           251      1.0000000000000000e+00 
     378             0      9.9999999999999967e-01 
     378             2      1.0000000000000000e+00 
     378            23      9.9999999999999956e-01 
     378            48     -9.9999999999999967e-01 
     378            56     -1.0000000000000000e+00 
     378           156     -9.9999999999999967e-01 
     378           173     -1.0000000000000000e+00 
     378            24      9.9999999999999956e-01 
     378            66      1.9999999999999993e+00 
     378            68      2.0000000000000000e+00 
     378           231      1.9999999999999993e+00 
     378           233      2.0000000000000000e+00 
     379           152     -9.9999999999999900e-01 
     379           212      1.9999999999999980e+00 
     380             1     -1.4142135623730945e+00 
     380            55      1.4142135623730945e+00 
     380            67     -2.8284271247461890e+00 
     380            25     -1.4142135623730943e+00 
     380            97      7.0710678118654691e-01 
     380           172      7.0710678118654702e-01 
     380           127     -1.4142135623730938e+00 
     380           232     -1.4142135623730940e+00 
     381           167     -9.9999999999999956e-01 
     381           212      1.9999999999999991e+00 
     384            52     -9.9999999999999933e-01 
     384            58      1.9999999999999987e+00 
     386            90      7.0710678118654691e-01 
     386           100     -1.4142135623730938e+00 
     387           160      7.0710678118654691e-01 
     387           175     -1.4142135623730938e+00 
     394            86      8.6602540378443882e-01 
     394            98     -8.6602540378443937e-01 
     394           156     -8.6602540378443804e-01 
     394           173      8.6602540378443837e-01 
     398            45     -1.2247448713915876e+00 
     398            53      1.2247448713915883e+00 
     400            79      8.6602540378443749e-01 
     400            91     -8.6602540378443793e-01 
     401           144      8.6602540378443749e-01 
     401           161     -8.6602540378443804e-01 
     405            19     -1.4142135623730945e+00 
     405           205      1.4142135623730945e+00 
     405           220     -2.8284271247461890e+00 
     405           250     -1.4142135623730943e+00 
     405           151      7.0710678118654691e-01 
     405           168      7.0710678118654713e-01 
     405           211     -1.4142135623730938e+00 
     405           213     -1.4142135623730943e+00 
     406             9      2.0000000000000004e+00 
     406            75      1.0000000000000000e+00 
     406            14      9.9999999999999967e-01 
     406            20      1.0000000000000000e+00 
     406           125     -9.9999999999999967e-01 
     406           210     -9.9999999999999978e-01 
     406           230      9.9999999999999956e-01 
     406           135      1.9999999999999993e+00 
     406           240      1.9999999999999996e+00 
     406           245      9.9999999999999956e-01 
     406             0      9.9999999999999967e-01 
     406             2      1.0000000000000000e+00 
     406            23      9.9999999999999956e-01 
     406            48     -9.9999999999999967e-01 
     406            56     -1.0000000000000000e+00 
     406            24      9.9999999999999956e-01 
     406            66      1.9999999999999993e+00 
     406            68      2.0000000000000000e+00 
     406            86     -4.9999999999999961e-01 
     406            98     -4.9999999999999978e-01 
     406           156     -4.9999999999999967e-01 
     406           173     -4.9999999999999983e-01 
     406           126      9.9999999999999922e-01 
     406           128      9.9999999999999956e-01 
     406           231      9.9999999999999933e-01 
     406           233      9.9999999999999967e-01 
     408           152     -9.9999999999999933e-01 
     408           212      1.9999999999999987e+00 
     409             1     -1.4142135623730945e+00 
     409            55      1.4142135623730945e+00 
     409            67     -2.8284271247461890e+00 
     409            25     -1.4142135623730943e+00 
     409            97      1.4142135623730945e+00 
     409           127     -2.8284271247461890e+00 
     413            52     -9.9999999999999933e-01 
     413            58      1.9999999999999987e+00 
     415            90     -9.9999999999999900e-01 
     415           100      1.9999999999999980e+00 
     422           151      1.2247448713915876e+00 
     422           168     -1.2247448713915881e+00 
     427            45     -1.2247448713915876e+00 
     427            53      1.2247448713915883e+00 
     429            79     -1.2247448713915874e+00 
     429            91      1.2247448713915878e+00 
     433           230      1.0000000000000002e+00 
     434            19     -1.4142135623730949e+00 
     434           205      1.4142135623730947e+00 
     434           220     -2.8284271247461894e+00 
     434           225     -1.4142135623730945e+00 
     434           151      7.0710678118654702e-01 
     434           168      7.0710678118654724e-01 
     434           211     -1.4142135623730940e+00 
     434           213     -1.4142135623730945e+00 
     435             9      2.0000000000000004e+00 
     435            75      1.0000000000000000e+00 
     435            14      2.0000000000000004e+00 
     435           125     -2.0000000000000004e+00 
     435           135      4.0000000000000009e+00 
     435           140      1.0000000000000000e+00 
     435             0      9.9999999999999967e-01 
     435             2      1.0000000000000000e+00 
     435            23      9.9999999999999956e-01 
     435            48     -9.9999999999999967e-01 
     435            56     -1.0000000000000000e+00 
     435            24      9.9999999999999956e-01 
     435            66      1.9999999999999993e+00 
     435            68      2.0000000000000000e+00 
     435            86     -9.9999999999999967e-01 
     435            98     -1.0000000000000000e+00 
     435           126      1.9999999999999993e+00 
     435           128      2.0000000000000000e+00 
     439             1     -1.4142135623730945e+00 
     439            25     -1.4142135623730943e+00 
     439            34      7.0710678118654691e-01 
     439            55      7.0710678118654702e-01 
     439            97      7.0710678118654657e-01 
     439           172      7.0710678118654657e-01 
     439            37     -1.4142135623730938e+00 
     439            67     -1.4142135623730940e+00 
     439           127     -1.4142135623730931e+00 
     439           232     -1.4142135623730931e+00 
     443            93     -8.6602540378443771e-01 
     443           113      1.7320508075688754e+00 
     444           163      8.6602540378443760e-01 
     444           193     -1.7320508075688752e+00 
     448            90      8.6602540378443760e-01 
     448           100     -1.7320508075688752e+00 
     449           160     -8.6602540378443749e-01 
     449           175      1.7320508075688750e+00 
     451            45      7.0710678118654691e-01 
     451            53     -7.0710678118654713e-01 
     452            48      8.1649658092772603e-01 
     452            56     -8.1649658092772659e-01 
     452            86     -4.0824829046386324e-01 
     452            98      4.0824829046386346e-01 
     452           156     -4.0824829046386296e-01 
     452           173      4.0824829046386329e-01 
     453            30      8.6602540378443849e-01 
     453            35     -8.6602540378443893e-01 
     453            48      2.8867513459481314e-01 
     453            56     -2.8867513459481331e-01 
     453            86     -5.7735026918962584e-01 
     453            98      5.7735026918962618e-01 
     453           156     -5.7735026918962562e-01 
     453           173      5.7735026918962584e-01 
     454           151      7.0710678118654635e-01 
     454           168     -7.0710678118654657e-01 
     455            86     -4.9999999999999928e-01 
     455            98      4.9999999999999944e-01 
     455           156      4.9999999999999928e-01 
     455           173     -4.9999999999999944e-01 
     456           151     -7.0710678118654624e-01 
     456           168      7.0710678118654657e-01 
     457            82      3.5355339059327395e-01 
     457            94     -3.5355339059327412e-01 
     458           147     -3.5355339059327390e-01 
     458           164      3.5355339059327406e-01 
     459            45     -7.0710678118654724e-01 
     459            53      7.0710678118654757e-01 
     460            79     -3.5355339059327351e-01 
     460            91      3.5355339059327368e-01 
     461           144      3.5355339059327345e-01 
     461           161     -3.5355339059327362e-01 
     462           187      1.7320508075688761e+00 
     463           124     -1.2247448713915892e+00 
     463           209      1.2247448713915881e+00 
     464           204     -1.7320508075688750e+00 
     465            20      1.0000000000000000e+00 
     465             5      9.9999999999999967e-01 
     465             9      1.0000000000000000e+00 
     465            14      9.9999999999999956e-01 
     465            65     -1.0000000000000004e+00 
     465           111      5.0000000000000144e-01 
     465           125      5.0000000000000144e-01 
     465           191      5.0000000000000089e-01 
     465           210      5.0000000000000089e-01 
     465           230     -9.9999999999999967e-01 
     465            71      9.9999999999999956e-01 
     465           131      9.9999999999999889e-01 
     465           135      9.9999999999999933e-01 
     465           236      9.9999999999999878e-01 
     465           240      9.9999999999999922e-01 
     465           245      9.9999999999999933e-01 
     465             0      9.9999999999999967e-01 
     465             2      1.0000000000000000e+00 
     465            23      9.9999999999999956e-01 
     465            24      9.9999999999999956e-01 
     465            30     -4.9999999999999961e-01 
     465            35     -4.9999999999999978e-01 
     465            48     -4.9999999999999967e-01 
     465            56     -4.9999999999999983e-01 
     465            86     -4.9999999999999939e-01 
     465            98     -4.9999999999999950e-01 
     465           156     -4.9999999999999928e-01 
     465           173     -4.9999999999999944e-01 
     465            36      9.9999999999999922e-01 
     465            38      9.9999999999999956e-01 
     465            66      9.9999999999999933e-01 
     465            68      9.9999999999999967e-01 
     465           126      9.9999999999999878e-01 
     465           128      9.9999999999999900e-01 
     465           231      9.9999999999999856e-01 
     465           233      9.9999999999999889e-01 
     466            46     -9.9999999999999900e-01 
     466            58      1.9999999999999980e+00 
     470             1     -1.4142135623730945e+00 
     470            25     -1.4142135623730943e+00 
     470            34      7.0710678118654691e-01 
     470            37     -1.4142135623730938e+00 
     470            55      7.0710678118654702e-01 
     470           172      1.4142135623730943e+00 
     470            67     -1.4142135623730940e+00 
     470           232     -2.8284271247461885e+00 
     471           167     -9.9999999999999900e-01 
     471           212      1.9999999999999980e+00 
     473           163     -7.0710678118654657e-01 
     473           193      1.4142135623730931e+00 
     475            52     -9.9999999999999956e-01 
     475            58      1.9999999999999991e+00 
     478           160     -7.0710678118654646e-01 
     478           175      1.4142135623730929e+00 
     482           151     -9.9999999999999856e-01 
     482           168      9.9999999999999933e-01 
     483           151      7.0710678118654635e-01 
     483           168     -7.0710678118654668e-01 
     484            30      8.6602540378443849e-01 
     484            35     -8.6602540378443893e-01 
     484            48     -8.6602540378443771e-01 
     484            56      8.6602540378443826e-01 
     487           147     -8.6602540378443693e-01 
     487           164      8.6602540378443738e-01 
     490           144     -8.6602540378443704e-01 
     490           161      8.6602540378443760e-01 
     492             8     -1.4142135623730945e+00 
     492           209      1.4142135623730945e+00 
     492           239     -2.8284271247461890e+00 
     492            74     -1.4142135623730943e+00 
     492            45      7.0710678118654691e-01 
     492            53      7.0710678118654713e-01 
     492            57     -1.4142135623730938e+00 
     492            59     -1.4142135623730943e+00 
     493           204     -9.9999999999999933e-01 
     493           219      1.9999999999999987e+00 
     495           186     -1.2247448713915876e+00 
     495           205      1.2247448713915883e+00 
     496            20      2.0000000000000004e+00 
     496           251      1.0000000000000000e+00 
     496             5      9.9999999999999967e-01 
     496             9      1.0000000000000000e+00 
     496            65      9.9999999999999956e-01 
     496           191     -9.9999999999999967e-01 
     496           210     -1.0000000000000000e+00 
     496            71      9.9999999999999956e-01 
     496           236      1.9999999999999993e+00 
     496           240      2.0000000000000000e+00 
     496             0      9.9999999999999967e-01 
     496             2      1.0000000000000000e+00 
     496            23      9.9999999999999956e-01 
     496            24      9.9999999999999956e-01 
     496            30     -4.9999999999999961e-01 
     496            35     -4.9999999999999978e-01 
     496            36      9.9999999999999922e-01 
     496            38      9.9999999999999956e-01 
     496            48     -4.9999999999999967e-01 
     496            56     -4.9999999999999983e-01 
     496           156     -9.9999999999999956e-01 
     496           173     -9.9999999999999978e-01 
     496            66      9.9999999999999933e-01 
     496            68      9.9999999999999967e-01 
     496           231      1.9999999999999991e+00 
     496           233      1.9999999999999996e+00 
     498            46     -9.9999999999999900e-01 
     498            58      1.9999999999999980e+00 
     501           152     -9.9999999999999889e-01 
     501           212      1.9999999999999978e+00 
     502             1     -1.4142135623730945e+00 
     502            25     -1.4142135623730943e+00 
     502            34      7.0710678118654691e-01 
     502            37     -1.4142135623730938e+00 
     502            55      7.0710678118654702e-01 
     502            67     -1.4142135623730940e+00 
     502            97      7.0710678118654680e-01 
     502           172      7.0710678118654680e-01 
     502           127     -1.4142135623730936e+00 
     502           232     -1.4142135623730936e+00 
     503           167     -9.9999999999999933e-01 
     503           212      1.9999999999999987e+00 
     504            93      4.9999999999999950e-01 
     504           113     -9.9999999999999900e-01 
     505           163      4.9999999999999956e-01 
     505           193     -9.9999999999999911e-01 
     507            52     -9.9999999999999956e-01 
     507            58      1.9999999999999991e+00 
     509            90      4.9999999999999944e-01 
     509           100     -9.9999999999999889e-01 
     510           160      4.9999999999999950e-01 
     510           175     -9.9999999999999900e-01 
     513            86      7.0710678118654724e-01 
     513            98     -7.0710678118654768e-01 
     513           156     -7.0710678118654657e-01 
     513           173      7.0710678118654691e-01 
     514            86     -4.9999999999999967e-01 
     514            98      4.9999999999999983e-01 
     514           156      4.9999999999999917e-01 
     514           173     -4.9999999999999939e-01 
     516            30      8.6602540378443849e-01 
     516            35     -8.6602540378443893e-01 
     516            48     -8.6602540378443771e-01 
     516            56      8.6602540378443826e-01 
     518            82      6.1237243569579358e-01 
     518            94     -6.1237243569579380e-01 
     519           147      6.1237243569579358e-01 
     519           164     -6.1237243569579380e-01 
     521            79      6.1237243569579369e-01 
     521            91     -6.1237243569579403e-01 
     522           144      6.1237243569579369e-01 
     522           161     -6.1237243569579403e-01 
     523           187     -9.9999999999999900e-01 
     523           219      1.9999999999999980e+00 
     524             8     -1.4142135623730945e+00 
     524            74     -1.4142135623730943e+00 
     524           124      7.0710678118654691e-01 
     524           209      7.0710678118654702e-01 
     524           134     -1.4142135623730938e+00 
     524           239     -1.4142135623730940e+00 
     524            45      7.0710678118654691e-01 
     524            53      7.0710678118654713e-01 
     524            57     -1.4142135623730938e+00 
     524            59     -1.4142135623730943e+00 
     525           204     -9.9999999999999956e-01 
     525           219      1.9999999999999991e+00 
     526           111      8.6602540378443849e-01 
     526           125     -8.6602540378443893e-01 
     526           191     -8.6602540378443771e-01 
     526           210      8.6602540378443826e-01 
     527            19     -1.4142135623730945e+00 
     527           250     -1.4142135623730943e+00 
     527           186      7.0710678118654691e-01 
     527           205      7.0710678118654713e-01 
     527           216     -1.4142135623730938e+00 
     527           220     -1.4142135623730943e+00 
     527           151      7.0710678118654680e-01 
     527           168      7.0710678118654702e-01 
     527           211     -1.4142135623730936e+00 
     527           213     -1.4142135623730940e+00 
     528            14      9.9999999999999967e-01 
     528            20      1.0000000000000000e+00 
     528           230      9.9999999999999956e-01 
     528           245      9.9999999999999956e-01 
     528             5      9.9999999999999967e-01 
     528             9      1.0000000000000000e+00 
     528            65      9.9999999999999956e-01 
     528            71      9.9999999999999956e-01 
     528           111     -4.9999999999999961e-01 
     528           125     -4.9999999999999978e-01 
     528           191     -4.9999999999999967e-01 
     528           210     -4.9999999999999983e-01 
     528           131      9.9999999999999922e-01 
     528           135      9.9999999999999956e-01 
     528           236      9.9999999999999933e-01 
     528           240      9.9999999999999967e-01 
     528             0      9.9999999999999967e-01 
     528             2      1.0000000000000000e+00 
     528            23      9.9999999999999956e-01 
     528            24      9.9999999999999956e-01 
     528            30     -4.9999999999999961e-01 
     528            35     -4.9999999999999978e-01 
     528            36      9.9999999999999922e-01 
     528            38      9.9999999999999956e-01 
     528            48     -4.9999999999999967e-01 
     528            56     -4.9999999999999983e-01 
     528            66      9.9999999999999933e-01 
     528            68      9.9999999999999967e-01 
     528            86     -4.9999999999999950e-01 
     528            98     -4.9999999999999967e-01 
     528           156     -4.9999999999999961e-01 
     528           173     -4.9999999999999978e-01 
     528           126      9.9999999999999900e-01 
     528           128      9.9999999999999933e-01 
     528           231      9.9999999999999922e-01 
     528           233      9.9999999999999956e-01 
     531            46     -9.9999999999999900e-01 
     531            58      1.9999999999999980e+00 
     534           152     -9.9999999999999911e-01 
     534           212      1.9999999999999982e+00 
     535             1     -1.4142135623730945e+00 
     535            25     -1.4142135623730943e+00 
     535            34      7.0710678118654691e-01 
     535            37     -1.4142135623730938e+00 
     535            55      7.0710678118654702e-01 
     535            67     -1.4142135623730940e+00 
     535            97      1.4142135623730943e+00 
     535           127     -2.8284271247461885e+00 
     537            93     -7.0710678118654680e-01 
     537           113      1.4142135623730936e+00 
     540            52     -9.9999999999999956e-01 
     540            58      1.9999999999999991e+00 
     542            90     -7.0710678118654668e-01 
     542           100      1.4142135623730934e+00 
     545           151      9.9999999999999811e-01 
     545           168     -9.9999999999999856e-01 
     546           151     -7.0710678118654624e-01 
     546           168      7.0710678118654646e-01 
     549            30      8.6602540378443849e-01 
     549            35     -8.6602540378443893e-01 
     549            48     -8.6602540378443771e-01 
     549            56      8.6602540378443826e-01 
     551            82     -8.6602540378443726e-01 
     551            94      8.6602540378443760e-01 
     554            79     -8.6602540378443738e-01 
     554            91      8.6602540378443793e-01 
     556           187     -9.9999999999999933e-01 
     556           219      1.9999999999999987e+00 
     557             8     -1.4142135623730945e+00 
     557            74     -1.4142135623730943e+00 
     557           124      1.4142135623730945e+00 
     557           134     -2.8284271247461890e+00 
     557            45      7.0710678118654691e-01 
     557            53      7.0710678118654713e-01 
     557            57     -1.4142135623730938e+00 
     557            59     -1.4142135623730943e+00 
     558           186      1.2247448713915874e+00 
     558           205     -1.2247448713915876e+00 
     559           230      1.0000000000000002e+00 
     560            19     -1.4142135623730949e+00 
     560           225     -1.4142135623730945e+00 
     560           186      7.0710678118654702e-01 
     560           205      7.0710678118654724e-01 
     560           216     -1.4142135623730940e+00 
     560           220     -1.4142135623730945e+00 
     560           151      7.0710678118654691e-01 
     560           168      7.0710678118654713e-01 
     560           211     -1.4142135623730938e+00 
     560           213     -1.4142135623730943e+00 
     561            14      2.0000000000000004e+00 
     561           140      1.0000000000000000e+00 
     561             5      9.9999999999999967e-01 
     561             9      1.0000000000000000e+00 
     561            65      9.9999999999999956e-01 
     561            71      9.9999999999999956e-01 
     561           111     -9.9999999999999967e-01 
     561           125     -1.0000000000000000e+00 
     561           131      1.9999999999999993e+00 
     561           135      2.0000000000000000e+00 
     561             0      9.9999999999999967e-01 
     561             2      1.0000000000000000e+00 
     561            23      9.9999999999999956e-01 
     561            24      9.9999999999999956e-01 
     561            30     -4.9999999999999961e-01 
     561            35     -4.9999999999999978e-01 
     561            36      9.9999999999999922e-01 
     561            38      9.9999999999999956e-01 
     561            48     -4.9999999999999967e-01 
     561            56     -4.9999999999999983e-01 
     561            66      9.9999999999999933e-01 
     561            68      9.9999999999999967e-01 
     561            86     -9.9999999999999956e-01 
     561            98     -9.9999999999999978e-01 
     561           126      1.9999999999999991e+00 
     561           128      1.9999999999999996e+00 
     562           145     -9.9999999999999845e-01 
     562           175      1.9999999999999969e+00 
     563            80      7.0710678118654668e-01 
     563           100     -1.4142135623730934e+00 
     565            83     -8.6602540378443749e-01 
     565           113      1.7320508075688750e+00 
     566           148     -7.0710678118654635e-01 
     566           193      1.4142135623730927e+00 
     567            83      4.9999999999999939e-01 
     567           113     -9.9999999999999878e-01 
     569             1     -1.4142135623730945e+00 
     569            25     -1.4142135623730943e+00 
     569            34      7.0710678118654691e-01 
     569            37     -1.4142135623730938e+00 
     569            55      1.4142135623730938e+00 
     569           172      7.0710678118654657e-01 
     569            67     -2.8284271247461876e+00 
     569           232     -1.4142135623730931e+00 
     570           167      7.0710678118654646e-01 
     570           212     -1.4142135623730929e+00 
     574            52     -7.0710678118654713e-01 
     574            58      1.4142135623730943e+00 
     576           160     -9.9999999999999911e-01 
     576           175      1.9999999999999982e+00 
     577            79      8.6602540378443715e-01 
     577            91     -8.6602540378443749e-01 
     578            82      9.9999999999999878e-01 
     578            94     -9.9999999999999911e-01 
     579            82      3.5355339059327395e-01 
     579            94     -3.5355339059327406e-01 
     580           147     -8.6602540378443693e-01 
     580           164      8.6602540378443726e-01 
     581            82      6.1237243569579358e-01 
     581            94     -6.1237243569579380e-01 
     583            30      8.6602540378443849e-01 
     583            35     -8.6602540378443893e-01 
     583           156     -8.6602540378443671e-01 
     583           173      8.6602540378443704e-01 
     584           151     -8.6602540378443660e-01 
     584           168      8.6602540378443693e-01 
     586            45      8.6602540378443760e-01 
     586            53     -8.6602540378443826e-01 
     588            17     -1.4142135623730936e+00 
     588           200      1.4142135623730936e+00 
     588           183     -2.8284271247461872e+00 
     588           248     -1.4142135623730934e+00 
     588           144      7.0710678118654646e-01 
     588           161      7.0710678118654657e-01 
     588           174     -1.4142135623730929e+00 
     588           176     -1.4142135623730931e+00 
     589            12      9.9999999999999933e-01 
     589           120     -9.9999999999999933e-01 
     589           108      1.9999999999999987e+00 
     589           228      9.9999999999999933e-01 
     589           243      9.9999999999999922e-01 
     589            79     -4.9999999999999944e-01 
     589            91     -4.9999999999999956e-01 
     589            99      9.9999999999999889e-01 
     589           101      9.9999999999999911e-01 
     590           223     -1.4142135623730943e+00 
     591            13     -1.2247448713915883e+00 
     591           117     -1.2247448713915878e+00 
     591           229      1.2247448713915876e+00 
     591           244     -1.2247448713915881e+00 
     591           121     -1.2247448713915881e+00 
     591            82      6.1237243569579380e-01 
     591            94      6.1237243569579403e-01 
     591           112     -1.2247448713915876e+00 
     591           114     -1.2247448713915881e+00 
     592            18     -9.9999999999999900e-01 
     592           182      1.9999999999999973e+00 
     592           197     -9.9999999999999878e-01 
     592           249     -9.9999999999999900e-01 
     592           201     -9.9999999999999889e-01 
     592           147      4.9999999999999928e-01 
     592           164      4.9999999999999944e-01 
     592           192     -9.9999999999999856e-01 
     592           194     -9.9999999999999889e-01 
     593            13      7.0710678118654713e-01 
     593           107     -1.4142135623730936e+00 
     593           117      7.0710678118654691e-01 
     593           229      7.0710678118654702e-01 
     593           244      7.0710678118654702e-01 
     593           121      7.0710678118654702e-01 
     593            82     -3.5355339059327340e-01 
     593            94     -3.5355339059327351e-01 
     593           112      7.0710678118654680e-01 
     593           114      7.0710678118654702e-01 
     594           224     -9.9999999999999922e-01 
     595            20      1.0000000000000000e+00 
     595             5      9.9999999999999967e-01 
     595             9      1.9999999999999996e+00 
     595            65     -9.9999999999999933e-01 
     595           191      9.9999999999999833e-01 
     595           210     -9.9999999999999933e-01 
     595            71      1.9999999999999987e+00 
     595           236      9.9999999999999889e-01 
     595           240      1.9999999999999987e+00 
     595            75      9.9999999999999967e-01 
     595             0      9.9999999999999967e-01 
     595             2      1.0000000000000000e+00 
     595            23      9.9999999999999956e-01 
     595            24      9.9999999999999956e-01 
     595            30     -4.9999999999999961e-01 
     595            35     -4.9999999999999978e-01 
     595            36      9.9999999999999922e-01 
     595            38      9.9999999999999956e-01 
     595            48     -9.9999999999999922e-01 
     595            56     -9.9999999999999956e-01 
     595           156     -4.9999999999999939e-01 
     595           173     -4.9999999999999950e-01 
     595            66      1.9999999999999984e+00 
     595            68      1.9999999999999991e+00 
     595           231      9.9999999999999878e-01 
     595           233      9.9999999999999900e-01 
     597           145      7.0710678118654668e-01 
     597           175     -1.4142135623730934e+00 
     598            80     -9.9999999999999878e-01 
     598           100      1.9999999999999976e+00 
     599           148      8.6602540378443738e-01 
     599           193     -1.7320508075688748e+00 
     601           148      4.9999999999999944e-01 
     601           193     -9.9999999999999889e-01 
     602            83     -7.0710678118654657e-01 
     602           113      1.4142135623730931e+00 
     603           152      7.0710678118654635e-01 
     603           212     -1.4142135623730927e+00 
     604             1     -1.4142135623730945e+00 
     604            25     -1.4142135623730943e+00 
     604            34      7.0710678118654691e-01 
     604            37     -1.4142135623730938e+00 
     604            55      1.4142135623730938e+00 
     604            67     -2.8284271247461876e+00 
     604            97      7.0710678118654680e-01 
     604           127     -1.4142135623730936e+00 
     609            52     -7.0710678118654713e-01 
     609            58      1.4142135623730943e+00 
     610            90     -9.9999999999999933e-01 
     610           100      1.9999999999999987e+00 
     611           144     -8.6602540378443704e-01 
     611           161      8.6602540378443749e-01 
     612           147     -9.9999999999999856e-01 
     612           164      9.9999999999999889e-01 
     613           147     -3.5355339059327390e-01 
     613           164      3.5355339059327401e-01 
     615           147      6.1237243569579358e-01 
     615           164     -6.1237243569579380e-01 
     616            82     -8.6602540378443726e-01 
     616            94      8.6602540378443749e-01 
     617           151     -8.6602540378443660e-01 
     617           168      8.6602540378443682e-01 
     618            30      8.6602540378443849e-01 
     618            35     -8.6602540378443893e-01 
     618            86     -8.6602540378443726e-01 
     618            98      8.6602540378443760e-01 
     621            45      8.6602540378443760e-01 
     621            53     -8.6602540378443826e-01 
     622           228     -1.4142135623730940e+00 
     623            17      9.9999999999999933e-01 
     623           200     -9.9999999999999944e-01 
     623           223      9.9999999999999911e-01 
     623           183      1.9999999999999989e+00 
     623           188      9.9999999999999922e-01 
     623           144     -4.9999999999999950e-01 
     623           161     -4.9999999999999961e-01 
     623           174      9.9999999999999900e-01 
     623           176      9.9999999999999922e-01 
     624            12     -1.4142135623730940e+00 
     624           120      1.4142135623730940e+00 
     624           108     -2.8284271247461881e+00 
     624           138     -1.4142135623730938e+00 
     624            79      7.0710678118654668e-01 
     624            91      7.0710678118654680e-01 
     624            99     -1.4142135623730934e+00 
     624           101     -1.4142135623730936e+00 
     625            18      1.2247448713915881e+00 
     625           224     -1.2247448713915885e+00 
     625           206      1.2247448713915881e+00 
     625           197      1.2247448713915876e+00 
     625           201      1.2247448713915878e+00 
     625           147     -6.1237243569579369e-01 
     625           164     -6.1237243569579392e-01 
     625           192      1.2247448713915874e+00 
     625           194      1.2247448713915878e+00 
     626           229     -9.9999999999999956e-01 
     627            18      7.0710678118654724e-01 
     627           224      7.0710678118654702e-01 
     627           206      7.0710678118654713e-01 
     627           182     -1.4142135623730936e+00 
     627           197      7.0710678118654691e-01 
     627           201      7.0710678118654702e-01 
     627           147     -3.5355339059327340e-01 
     627           164     -3.5355339059327351e-01 
     627           192      7.0710678118654680e-01 
     627           194      7.0710678118654702e-01 
     628            13     -9.9999999999999956e-01 
     628           107      1.9999999999999978e+00 
     628           117     -9.9999999999999900e-01 
     628           139     -9.9999999999999933e-01 
     628           121     -9.9999999999999922e-01 
     628            82      4.9999999999999944e-01 
     628            94      4.9999999999999961e-01 
     628           112     -9.9999999999999889e-01 
     628           114     -9.9999999999999922e-01 
     629            19      9.9999999999999933e-01 
     629           186      9.9999999999999800e-01 
     629           205     -9.9999999999999911e-01 
     629           216      9.9999999999999867e-01 
     629           220      1.9999999999999982e+00 
     629           151     -4.9999999999999922e-01 
     629           168     -4.9999999999999939e-01 
     629           211      9.9999999999999845e-01 
     629           213      9.9999999999999878e-01 
     630             5      9.9999999999999967e-01 
     630             9      1.9999999999999996e+00 
     630            65     -9.9999999999999933e-01 
     630            71      1.9999999999999987e+00 
     630            75      9.9999999999999967e-01 
     630            14      1.0000000000000000e+00 
     630           111      9.9999999999999889e-01 
     630           125     -9.9999999999999967e-01 
     630           131      9.9999999999999922e-01 
     630           135      1.9999999999999993e+00 
     630             0      9.9999999999999967e-01 
     630             2      1.0000000000000000e+00 
     630            23      9.9999999999999956e-01 
     630            24      9.9999999999999956e-01 
     630            30     -4.9999999999999961e-01 
     630            35     -4.9999999999999978e-01 
     630            36      9.9999999999999922e-01 
     630            38      9.9999999999999956e-01 
     630            48     -9.9999999999999922e-01 
     630            56     -9.9999999999999956e-01 
     630            66      1.9999999999999984e+00 
     630            68      1.9999999999999991e+00 
     630            86     -4.9999999999999950e-01 
     630            98     -4.9999999999999967e-01 
     630           126      9.9999999999999900e-01 
     630           128      9.9999999999999933e-01 
     635            46     -9.9999999999999933e-01 
     635            58      1.9999999999999987e+00 
     640             1     -1.4142135623730945e+00 
     640            25     -1.4142135623730943e+00 
     640            34      1.4142135623730945e+00 
     640           172      1.4142135623730945e+00 
     640            37     -2.8284271247461890e+00 
     640           232     -2.8284271247461890e+00 
     641           167     -9.9999999999999933e-01 
     641           212      1.9999999999999987e+00 
     643           163     -9.9999999999999900e-01 
     643           193      1.9999999999999980e+00 
     649            45      1.2247448713915874e+00 
     649            53     -1.2247448713915876e+00 
     654           151     -1.2247448713915883e+00 
     654           168      1.2247448713915887e+00 
     655           147     -1.2247448713915876e+00 
     655           164      1.2247448713915881e+00 
     657            65      1.0000000000000002e+00 
     660           204     -1.7320508075688761e+00 
     661             8     -1.4142135623730949e+00 
     661           209      1.4142135623730949e+00 
     661           239     -2.8284271247461898e+00 
     661            62     -1.4142135623730945e+00 
     661            45      7.0710678118654702e-01 
     661            53      7.0710678118654724e-01 
     661            57     -1.4142135623730940e+00 
     661            59     -1.4142135623730945e+00 
     662           204     -9.9999999999999900e-01 
     662           219      1.9999999999999980e+00 
     664           200      1.4142135623730936e+00 
     666            20      2.0000000000000004e+00 
     666           251      1.0000000000000000e+00 
     666             5      2.0000000000000004e+00 
     666           191     -2.0000000000000004e+00 
     666           236      4.0000000000000009e+00 
     666            41      1.0000000000000000e+00 
     666             0      9.9999999999999967e-01 
     666             2      1.0000000000000000e+00 
     666            23      9.9999999999999956e-01 
     666            24      9.9999999999999956e-01 
     666            30     -9.9999999999999967e-01 
     666            35     -1.0000000000000000e+00 
     666           156     -9.9999999999999967e-01 
     666           173     -1.0000000000000000e+00 
     666            36      1.9999999999999993e+00 
     666            38      2.0000000000000000e+00 
     666           231      1.9999999999999993e+00 
     666           233      2.0000000000000000e+00 
     672            46     -9.9999999999999933e-01 
     672            58      1.9999999999999987e+00 
     676           152     -9.9999999999999900e-01 
     676           212      1.9999999999999980e+00 
     677             1     -1.4142135623730945e+00 
     677            25     -1.4142135623730943e+00 
     677            34      1.4142135623730945e+00 
     677            37     -2.8284271247461890e+00 
     677            97      7.0710678118654691e-01 
     677           172      7.0710678118654702e-01 
     677           127     -1.4142135623730938e+00 
     677           232     -1.4142135623730940e+00 
     678           167     -9.9999999999999956e-01 
     678           212      1.9999999999999991e+00 
     679            93      7.0710678118654713e-01 
     679           113     -1.4142135623730943e+00 
     680           163      7.0710678118654713e-01 
     680           193     -1.4142135623730943e+00 
     686            45      1.2247448713915874e+00 
     686            53     -1.2247448713915876e+00 
     690            86      8.6602540378443882e-01 
     690            98     -8.6602540378443937e-01 
     690           156     -8.6602540378443804e-01 
     690           173      8.6602540378443837e-01 
     691            82      8.6602540378443793e-01 
     691            94     -8.6602540378443826e-01 
     692           147      8.6602540378443804e-01 
     692           164     -8.6602540378443837e-01 
     694            65      1.0000000000000002e+00 
     696           124      1.2247448713915876e+00 
     696           209     -1.2247448713915876e+00 
     697           187     -9.9999999999999933e-01 
     697           219      1.9999999999999987e+00 
     698             8     -1.4142135623730949e+00 
     698            62     -1.4142135623730945e+00 
     698           124      7.0710678118654713e-01 
     698           209      7.0710678118654713e-01 
     698           134     -1.4142135623730943e+00 
     698           239     -1.4142135623730943e+00 
     698            45      7.0710678118654702e-01 
     698            53      7.0710678118654724e-01 
     698            57     -1.4142135623730940e+00 
     698            59     -1.4142135623730945e+00 
     699           204     -9.9999999999999933e-01 
     699           219      1.9999999999999987e+00 
     700           120     -9.9999999999999933e-01 
     701           200     -9.9999999999999944e-01 
     702            19     -1.4142135623730945e+00 
     702           250     -1.4142135623730943e+00 
     702           186      1.4142135623730945e+00 
     702           216     -2.8284271247461890e+00 
     702           151      7.0710678118654691e-01 
     702           168      7.0710678118654713e-01 
     702           211     -1.4142135623730938e+00 
     702           213     -1.4142135623730943e+00 
     703            14      9.9999999999999967e-01 
     703            20      1.0000000000000000e+00 
     703           230      9.9999999999999956e-01 
     703           245      9.9999999999999956e-01 
     703             5      2.0000000000000004e+00 
     703            41      1.0000000000000000e+00 
     703           111     -9.9999999999999967e-01 
     703           191     -9.9999999999999978e-01 
     703           131      1.9999999999999993e+00 
     703           236      1.9999999999999996e+00 
     703             0      9.9999999999999967e-01 
     703             2      1.0000000000000000e+00 
     703            23      9.9999999999999956e-01 
     703            24      9.9999999999999956e-01 
     703            30     -9.9999999999999967e-01 
     703            35     -1.0000000000000000e+00 
     703            36      1.9999999999999993e+00 
     703            38      2.0000000000000000e+00 
     703            86     -4.9999999999999961e-01 
     703            98     -4.9999999999999978e-01 
     703           156     -4.9999999999999967e-01 
     703           173     -4.9999999999999983e-01 
     703           126      9.9999999999999922e-01 
     703           128      9.9999999999999956e-01 
     703           231      9.9999999999999933e-01 
     703           233      9.9999999999999967e-01 
     710            46     -9.9999999999999933e-01 
     710            58      1.9999999999999987e+00 
     714           152     -9.9999999999999933e-01 
     714           212      1.9999999999999987e+00 
     715             1     -1.4142135623730945e+00 
     715            25     -1.4142135623730943e+00 
     715            34      1.4142135623730945e+00 
     715            37     -2.8284271247461890e+00 
     715            97      1.4142135623730945e+00 
     715           127     -2.8284271247461890e+00 
     717            93     -9.9999999999999933e-01 
     717           113      1.9999999999999987e+00 
     724            45      1.2247448713915874e+00 
     724            53     -1.2247448713915876e+00 
     727           151      1.2247448713915876e+00 
     727           168     -1.2247448713915881e+00 
     729            82     -1.2247448713915878e+00 
     729            94      1.2247448713915885e+00 
     732            65      1.0000000000000002e+00 
     733           187      1.7320508075688750e+00 
     735           187     -9.9999999999999956e-01 
     735           219      1.9999999999999991e+00 
     736             8     -1.4142135623730949e+00 
     736            62     -1.4142135623730945e+00 
     736           124      1.4142135623730949e+00 
     736           134     -2.8284271247461898e+00 
     736            45      7.0710678118654702e-01 
     736            53      7.0710678118654724e-01 
     736            57     -1.4142135623730940e+00 
     736            59     -1.4142135623730945e+00 
     738           120      1.4142135623730940e+00 
     739           230      1.0000000000000002e+00 
     740            19     -1.4142135623730949e+00 
     740           225     -1.4142135623730945e+00 
     740           186      1.4142135623730947e+00 
     740           216     -2.8284271247461894e+00 
     740           151      7.0710678118654702e-01 
     740           168      7.0710678118654724e-01 
     740           211     -1.4142135623730940e+00 
     740           213     -1.4142135623730945e+00 
     741            14      2.0000000000000004e+00 
     741           140      1.0000000000000000e+00 
     741             5      2.0000000000000004e+00 
     741            41      1.0000000000000000e+00 
     741           111     -2.0000000000000004e+00 
     741           131      4.0000000000000009e+00 
     741             0      9.9999999999999967e-01 
     741             2      1.0000000000000000e+00 
     741            23      9.9999999999999956e-01 
     741            24      9.9999999999999956e-01 
     741            30     -9.9999999999999967e-01 
     741            35     -1.0000000000000000e+00 
     741            36      1.9999999999999993e+00 
     741            38      2.0000000000000000e+00 
     741            86     -9.9999999999999967e-01 
     741            98     -1.0000000000000000e+00 
     741           126      1.9999999999999993e+00 
     741           128      2.0000000000000000e+00 
     745            80      8.6602540378443738e-01 
     745           100     -1.7320508075688748e+00 
     746           145     -7.0710678118654635e-01 
     746           175      1.4142135623730927e+00 
     747            80      4.9999999999999933e-01 
     747           100     -9.9999999999999867e-01 
     749            46     -7.0710678118654691e-01 
     749            58      1.4142135623730938e+00 
     751           148     -9.9999999999999878e-01 
     751           193      1.9999999999999976e+00 
     752            83      7.0710678118654691e-01 
     752           113     -1.4142135623730938e+00 
     754             1     -1.4142135623730945e+00 
     754            25     -1.4142135623730943e+00 
     754            34      1.4142135623730945e+00 
     754            37     -2.8284271247461890e+00 
     754            55      7.0710678118654691e-01 
     754           172      7.0710678118654680e-01 
     754            67     -1.4142135623730938e+00 
     754           232     -1.4142135623730936e+00 
     755           167      7.0710678118654668e-01 
     755           212     -1.4142135623730934e+00 
     756           163     -9.9999999999999933e-01 
     756           193      1.9999999999999987e+00 
     759            79     -1.0606601717798190e+00 
     759            91      1.0606601717798194e+00 
     760           144      8.6602540378443660e-01 
     760           161     -8.6602540378443682e-01 
     761            79     -6.1237243569579325e-01 
     761            91      6.1237243569579347e-01 
     763            45      8.6602540378443738e-01 
     763            53     -8.6602540378443760e-01 
     765            82      8.6602540378443782e-01 
     765            94     -8.6602540378443815e-01 
     766            48      8.6602540378443860e-01 
     766            56     -8.6602540378443915e-01 
     766           156     -8.6602540378443738e-01 
     766           173      8.6602540378443771e-01 
     767           151     -8.6602540378443726e-01 
     767           168      8.6602540378443760e-01 
     768           182      1.4142135623730940e+00 
     769           107     -9.9999999999999967e-01 
     771            12      1.2247448713915881e+00 
     771           108      1.2247448713915876e+00 
     771           228     -1.2247448713915872e+00 
     771           243      1.2247448713915878e+00 
     771           104      1.2247448713915876e+00 
     771            79     -6.1237243569579358e-01 
     771            91     -6.1237243569579380e-01 
     771            99      1.2247448713915872e+00 
     771           101      1.2247448713915876e+00 
     772            17     -9.9999999999999878e-01 
     772           200      1.9999999999999969e+00 
     772           183     -9.9999999999999856e-01 
     772           248     -9.9999999999999867e-01 
     772           179     -9.9999999999999856e-01 
     772           144      4.9999999999999911e-01 
     772           161      4.9999999999999928e-01 
     772           174     -9.9999999999999822e-01 
     772           176     -9.9999999999999856e-01 
     773            12      7.0710678118654691e-01 
     773           120     -1.4142135623730936e+00 
     773           108      7.0710678118654680e-01 
     773           228      7.0710678118654691e-01 
     773           243      7.0710678118654680e-01 
     773           104      7.0710678118654680e-01 
     773            79     -3.5355339059327329e-01 
     773            91     -3.5355339059327340e-01 
     773            99      7.0710678118654657e-01 
     773           101      7.0710678118654680e-01 
     774           223     -9.9999999999999956e-01 
     775             8     -9.9999999999999967e-01 
     775           209      1.9999999999999980e+00 
     775           239     -9.9999999999999922e-01 
     775            74     -9.9999999999999956e-01 
     775            62     -9.9999999999999956e-01 
     775            45      4.9999999999999961e-01 
     775            53      4.9999999999999978e-01 
     775            57     -9.9999999999999922e-01 
     775            59     -9.9999999999999956e-01 
     776           204      1.9999999999999978e+00 
     776           219     -9.9999999999999889e-01 
     777            18     -1.4142135623730940e+00 
     777           182      1.4142135623730940e+00 
     777           197     -2.8284271247461881e+00 
     777           249     -1.4142135623730938e+00 
     777           147      7.0710678118654668e-01 
     777           164      7.0710678118654680e-01 
     777           192     -1.4142135623730934e+00 
     777           194     -1.4142135623730936e+00 
     778            13      9.9999999999999967e-01 
     778           107     -9.9999999999999967e-01 
     778           117      1.9999999999999993e+00 
     778           229      9.9999999999999956e-01 
     778           244      9.9999999999999956e-01 
     778            82     -4.9999999999999961e-01 
     778            94     -4.9999999999999972e-01 
     778           112      9.9999999999999922e-01 
     778           114      9.9999999999999944e-01 
     779           224     -1.4142135623730945e+00 
     780            20      1.0000000000000000e+00 
     780             5      2.0000000000000004e+00 
     780            41      1.0000000000000000e+00 
     780             9      9.9999999999999967e-01 
     780            65     -9.9999999999999967e-01 
     780           191     -9.9999999999999956e-01 
     780           210      9.9999999999999889e-01 
     780            71      1.9999999999999993e+00 
     780           236      1.9999999999999991e+00 
     780           240      9.9999999999999922e-01 
     780             0      9.9999999999999967e-01 
     780             2      1.0000000000000000e+00 
     780            23      9.9999999999999956e-01 
     780            24      9.9999999999999956e-01 
     780            30     -9.9999999999999967e-01 
     780            35     -1.0000000000000000e+00 
     780            36      1.9999999999999993e+00 
     780            38      2.0000000000000000e+00 
     780            48     -4.9999999999999961e-01 
     780            56     -4.9999999999999978e-01 
     780           156     -4.9999999999999950e-01 
     780           173     -4.9999999999999967e-01 
     780            66      9.9999999999999922e-01 
     780            68      9.9999999999999956e-01 
     780           231      9.9999999999999900e-01 
     780           233      9.9999999999999933e-01 
     784           145     -8.6602540378443726e-01 
     784           175      1.7320508075688745e+00 
     786           145      4.9999999999999939e-01 
     786           175     -9.9999999999999878e-01 
     787            80     -7.0710678118654657e-01 
     787           100      1.4142135623730931e+00 
     789            46     -7.0710678118654691e-01 
     789            58      1.4142135623730938e+00 
     791           148      7.0710678118654691e-01 
     791           193     -1.4142135623730938e+00 
     792            83     -9.9999999999999900e-01 
     792           113      1.9999999999999980e+00 
     793           152      7.0710678118654657e-01 
     793           212     -1.4142135623730931e+00 
     794             1     -1.4142135623730945e+00 
     794            25     -1.4142135623730943e+00 
     794            34      1.4142135623730945e+00 
     794            37     -2.8284271247461890e+00 
     794            55      7.0710678118654691e-01 
     794            67     -1.4142135623730938e+00 
     794            97      7.0710678118654702e-01 
     794           127     -1.4142135623730940e+00 
     795            93     -9.9999999999999956e-01 
     795           113      1.9999999999999991e+00 
     798           144      1.0606601717798188e+00 
     798           161     -1.0606601717798192e+00 
     800           144     -6.1237243569579325e-01 
     800           161      6.1237243569579347e-01 
     801            79      8.6602540378443682e-01 
     801            91     -8.6602540378443704e-01 
     803            45      8.6602540378443738e-01 
     803            53     -8.6602540378443760e-01 
     804           147     -8.6602540378443771e-01 
     804           164      8.6602540378443804e-01 
     805           151     -8.6602540378443726e-01 
     805           168      8.6602540378443749e-01 
     806            48      8.6602540378443860e-01 
     806            56     -8.6602540378443915e-01 
     806            86     -8.6602540378443793e-01 
     806            98      8.6602540378443826e-01 
     808           182     -9.9999999999999978e-01 
     809           107      1.4142135623730945e+00 
     810            17     -1.2247448713915878e+00 
     810           223      1.2247448713915881e+00 
     810           183     -1.2247448713915874e+00 
     810           188     -1.2247448713915876e+00 
     810           179     -1.2247448713915874e+00 
     810           144      6.1237243569579347e-01 
     810           161      6.1237243569579369e-01 
     810           174     -1.2247448713915869e+00 
     810           176     -1.2247448713915874e+00 
     811           228     -9.9999999999999900e-01 
     812            17      7.0710678118654702e-01 
     812           200     -1.4142135623730936e+00 
     812           223      7.0710678118654668e-01 
     812           183      7.0710678118654680e-01 
     812           188      7.0710678118654680e-01 
     812           179      7.0710678118654680e-01 
     812           144     -3.5355339059327329e-01 
     812           161     -3.5355339059327340e-01 
     812           174      7.0710678118654657e-01 
     812           176      7.0710678118654680e-01 
     813            12     -9.9999999999999900e-01 
     813           120      1.9999999999999973e+00 
     813           108     -9.9999999999999889e-01 
     813           138     -9.9999999999999900e-01 
     813           104     -9.9999999999999889e-01 
     813            79      4.9999999999999928e-01 
     813            91      4.9999999999999944e-01 
     813            99     -9.9999999999999856e-01 
     813           101     -9.9999999999999889e-01 
     814           187      1.9999999999999978e+00 
     814           219     -9.9999999999999889e-01 
     815             8     -9.9999999999999967e-01 
     815            74     -9.9999999999999956e-01 
     815            62     -9.9999999999999956e-01 
     815           124      1.9999999999999991e+00 
     815           134     -9.9999999999999956e-01 
     815            45      4.9999999999999961e-01 
     815            53      4.9999999999999978e-01 
     815            57     -9.9999999999999922e-01 
     815            59     -9.9999999999999956e-01 
     816           229     -1.4142135623730945e+00 
     817            18      9.9999999999999967e-01 
     817           224      9.9999999999999956e-01 
     817           206      9.9999999999999956e-01 
     817           182     -9.9999999999999978e-01 
     817           197      1.9999999999999996e+00 
     817           147     -4.9999999999999967e-01 
     817           164     -4.9999999999999978e-01 
     817           192      9.9999999999999933e-01 
     817           194      9.9999999999999956e-01 
     818            13     -1.4142135623730945e+00 
     818           107      1.4142135623730945e+00 
     818           117     -2.8284271247461890e+00 
     818           139     -1.4142135623730943e+00 
     818            82      7.0710678118654691e-01 
     818            94      7.0710678118654713e-01 
     818           112     -1.4142135623730938e+00 
     818           114     -1.4142135623730943e+00 
     819            19      9.9999999999999933e-01 
     819           186     -9.9999999999999922e-01 
     819           205      9.9999999999999878e-01 
     819           216      1.9999999999999984e+00 
     819           220      9.9999999999999889e-01 
     819           151     -4.9999999999999939e-01 
     819           168     -4.9999999999999956e-01 
     819           211      9.9999999999999878e-01 
     819           213      9.9999999999999911e-01 
     820            14      1.0000000000000000e+00 
     820             5      2.0000000000000004e+00 
     820            41      1.0000000000000000e+00 
     820             9      9.9999999999999967e-01 
     820            65     -9.9999999999999967e-01 
     820            71      1.9999999999999993e+00 
     820           111     -9.9999999999999978e-01 
     820           125      9.9999999999999956e-01 
     820           131      1.9999999999999996e+00 
     820           135      9.9999999999999956e-01 
     820             0      9.9999999999999967e-01 
     820             2      1.0000000000000000e+00 
     820            23      9.9999999999999956e-01 
     820            24      9.9999999999999956e-01 
     820            30     -9.9999999999999967e-01 
     820            35     -1.0000000000000000e+00 
     820            36      1.9999999999999993e+00 
     820            38      2.0000000000000000e+00 
     820            48     -4.9999999999999961e-01 
     820            56     -4.9999999999999978e-01 
     820            66      9.9999999999999922e-01 
     820            68      9.9999999999999956e-01 
     820            86     -4.9999999999999967e-01 
     820            98     -4.9999999999999983e-01 
     820           126      9.9999999999999933e-01 
     820           128      9.9999999999999967e-01 
     828           145     -9.9999999999999889e-01 
     828           175      1.9999999999999978e+00 
     829            80     -9.9999999999999911e-01 
     829           100      1.9999999999999982e+00 
     833           148     -9.9999999999999911e-01 
     833           193      1.9999999999999982e+00 
     834            83     -9.9999999999999933e-01 
     834           113      1.9999999999999987e+00 
     835             1     -1.4142135623730945e+00 
     835            25     -1.4142135623730943e+00 
     835            34      1.4142135623730945e+00 
     835            37     -2.8284271247461890e+00 
     835            55      1.4142135623730945e+00 
     835            67     -2.8284271247461890e+00 
     842           144      1.2247448713915869e+00 
     842           161     -1.2247448713915874e+00 
     843            79      1.2247448713915872e+00 
     843            91     -1.2247448713915876e+00 
     845           147      1.2247448713915874e+00 
     845           164     -1.2247448713915876e+00 
     846            82      1.2247448713915876e+00 
     846            94     -1.2247448713915878e+00 
     847           191      1.0000000000000002e+00 
     848           186     -1.4142135623730947e+00 
     849           111      1.0000000000000002e+00 
     850           204     -1.7320508075688750e+00 
     850           187      1.7320508075688750e+00 
     851           209      1.4142135623730949e+00 
     852           204     -9.9999999999999956e-01 
     852           187     -9.9999999999999956e-01 
     853           124      1.4142135623730949e+00 
     854            17     -1.4142135623730943e+00 
     854           200      1.4142135623730943e+00 
     854           183     -2.8284271247461885e+00 
     854           179     -1.4142135623730940e+00 
     854           144      7.0710678118654680e-01 
     854           161      7.0710678118654702e-01 
     854           174     -1.4142135623730936e+00 
     854           176     -1.4142135623730940e+00 
     855            12     -1.4142135623730945e+00 
     855           120      1.4142135623730945e+00 
     855           108     -2.8284271247461890e+00 
     855           104     -1.4142135623730943e+00 
     855            79      7.0710678118654691e-01 
     855            91      7.0710678118654713e-01 
     855            99     -1.4142135623730938e+00 
     855           101     -1.4142135623730943e+00 
     856           210      1.0000000000000002e+00 
     857           205     -1.4142135623730947e+00 
     858           125      1.0000000000000002e+00 
     859            18     -1.4142135623730945e+00 
     859           182      1.4142135623730945e+00 
     859           197     -2.8284271247461890e+00 
     859           201     -1.4142135623730943e+00 
     859           147      7.0710678118654691e-01 
     859           164      7.0710678118654713e-01 
     859           192     -1.4142135623730938e+00 
     859           194     -1.4142135623730943e+00 
     860            13     -1.4142135623730949e+00 
     860           107      1.4142135623730947e+00 
     860           117     -2.8284271247461894e+00 
     860           121     -1.4142135623730945e+00 
     860            82      7.0710678118654702e-01 
     860            94      7.0710678118654724e-01 
     860           112     -1.4142135623730940e+00 
     860           114     -1.4142135623730945e+00 
     861             5      2.0000000000000004e+00 
     861            41      1.0000000000000000e+00 
     861             9      2.0000000000000004e+00 
     861            65     -2.0000000000000004e+00 
     861            71      4.0000000000000009e+00 
     861            75      1.0000000000000000e+00 
     861             0      9.9999999999999967e-01 
     861             2      1.0000000000000000e+00 
     861            23      9.9999999999999956e-01 
     861            24      9.9999999999999956e-01 
     861            30     -9.9999999999999967e-01 
     861            35     -1.0000000000000000e+00 
     861            36      1.9999999999999993e+00 
     861            38      2.0000000000000000e+00 
     861            48     -9.9999999999999967e-01 
     861            56     -1.0000000000000000e+00 
     861            66      1.9999999999999993e+00 
     861            68      2.0000000000000000e+00 
     862           154      1.7320508075688748e+00 
     863           122     -1.2247448713915885e+00 
     863           207      1.2247448713915874e+00 
     864           202     -1.7320508075688741e+00 
     865             3      9.9999999999999933e-01 
     865            32     -9.9999999999999933e-01 
     865            29      1.9999999999999987e+00 
     865            63     -1.0000000000000002e+00 
     865           109      5.0000000000000111e-01 
     865           189      5.0000000000000067e-01 
     865            69      9.9999999999999922e-01 
     865           129      9.9999999999999856e-01 
     865           234      9.9999999999999845e-01 
     866           153     -1.2247448713915874e+00 
     867           109      8.6602540378443826e-01 
     867           189     -8.6602540378443738e-01 
     868           184      1.2247448713915872e+00 
     869           115     -1.2247448713915876e+00 
     870           195      1.2247448713915874e+00 
     874           102      1.2247448713915874e+00 
     875           177     -1.2247448713915872e+00 
     877             7     -9.9999999999999900e-01 
     877            49     -9.9999999999999856e-01 
     877           123      1.4999999999999996e+00 
     877           208      1.4999999999999991e+00 
     877           133     -9.9999999999999845e-01 
     877           238     -9.9999999999999822e-01 
     877            73     -9.9999999999999878e-01 
     877            51     -9.9999999999999878e-01 
     878            64      1.1547005383792528e+00 
     878           110     -5.7735026918962717e-01 
     878           190     -5.7735026918962673e-01 
     879             4     -1.2247448713915883e+00 
     879            31     -1.2247448713915878e+00 
     879            64      4.0824829046386246e-01 
     879           110      1.0206207261596567e+00 
     879           190      1.0206207261596563e+00 
     879            70     -1.2247448713915881e+00 
     879           130     -1.2247448713915874e+00 
     879           235     -1.2247448713915874e+00 
     879            33     -1.2247448713915881e+00 
     880           169     -4.9999999999999889e-01 
     881           110      3.5355339059327329e-01 
     881           190     -3.5355339059327301e-01 
     882           185      4.9999999999999939e-01 
     883           106     -9.9999999999999889e-01 
     883           116      1.4999999999999971e+00 
     884           181      9.9999999999999867e-01 
     884           196     -1.4999999999999969e+00 
     885            61     -9.9999999999999956e-01 
     886           103     -4.9999999999999967e-01 
     887           178      4.9999999999999961e-01 
     888           170      1.2247448713915876e+00 
     889           123     -8.6602540378443837e-01 
     889           208      8.6602540378443760e-01 
     890           203     -1.2247448713915863e+00 
     891             4      7.0710678118654713e-01 
     891            28     -1.4142135623730936e+00 
     891            31      7.0710678118654691e-01 
     891            64     -7.0710678118654768e-01 
     891           110      3.5355339059327467e-01 
     891           190      3.5355339059327417e-01 
     891            70      7.0710678118654702e-01 
     891           130      7.0710678118654668e-01 
     891           235      7.0710678118654657e-01 
     891            33      7.0710678118654702e-01 
     892           169     -8.6602540378443738e-01 
     893           110      6.1237243569579425e-01 
     893           190     -6.1237243569579369e-01 
     894           185      8.6602540378443726e-01 
     895           116     -8.6602540378443738e-01 
     896           196      8.6602540378443726e-01 
     900           103      8.6602540378443726e-01 
     901           178     -8.6602540378443715e-01 
     903            20      1.0000000000000000e+00 
     903             9      1.0000000000000000e+00 
     903            14      9.9999999999999956e-01 
     903           125      5.0000000000000144e-01 
     903           210      5.0000000000000089e-01 
     903           230     -9.9999999999999967e-01 
     903           135      9.9999999999999933e-01 
     903           240      9.9999999999999922e-01 
     903           245      9.9999999999999933e-01 
     903             0      9.9999999999999967e-01 
     903             2      1.9999999999999996e+00 
     903            23     -9.9999999999999933e-01 
     903            48     -9.9999999999999967e-01 
     903            56     -9.9999999999999933e-01 
     903            86      5.0000000000000056e-01 
     903            98     -9.9999999999999878e-01 
     903           156      5.0000000000000000e-01 
     903           173     -9.9999999999999856e-01 
     903            24      1.9999999999999987e+00 
     903            66      9.9999999999999889e-01 
     903            68      1.9999999999999987e+00 
     903           126      9.9999999999999822e-01 
     903           128      1.9999999999999976e+00 
     903           231      9.9999999999999811e-01 
     903           233      1.9999999999999971e+00 
     903            26      9.9999999999999967e-01 
     904             6     -1.4142135623730936e+00 
     904            50      1.4142135623730936e+00 
     904            44     -2.8284271247461872e+00 
     904           207      1.4142135623730936e+00 
     904           237     -2.8284271247461872e+00 
     904            72     -1.4142135623730934e+00 
     905           202     -9.9999999999999889e-01 
     905           217      1.9999999999999978e+00 
     907           184     -1.2247448713915876e+00 
     908             3      9.9999999999999933e-01 
     908            32     -9.9999999999999933e-01 
     908            29      1.9999999999999987e+00 
     908            63      9.9999999999999933e-01 
     908           189     -9.9999999999999933e-01 
     908            69      9.9999999999999922e-01 
     908           234      1.9999999999999987e+00 
     909           184      7.0710678118654680e-01 
     909           214     -1.4142135623730936e+00 
     911           180      1.9999999999999969e+00 
     911           195     -9.9999999999999856e-01 
     913            60     -1.4142135623730943e+00 
     916           177     -9.9999999999999845e-01 
     919           203      1.2247448713915869e+00 
     920           185     -1.4142135623730938e+00 
     921           185     -4.9999999999999944e-01 
     922             4     -1.2247448713915883e+00 
     922            31     -1.2247448713915878e+00 
     922            33     -1.2247448713915881e+00 
     922            64      1.2247448713915876e+00 
     922           190      1.2247448713915883e+00 
     922            70     -1.2247448713915881e+00 
     922           235     -2.4494897427831765e+00 
     923           185     -8.6602540378443715e-01 
     923           215      1.7320508075688743e+00 
     925           196      1.2247448713915863e+00 
     928           178     -1.2247448713915869e+00 
     930             7     -9.9999999999999900e-01 
     930            43      1.9999999999999973e+00 
     930            49     -9.9999999999999878e-01 
     930           208      9.9999999999999900e-01 
     930           238     -1.9999999999999980e+00 
     930            73     -9.9999999999999900e-01 
     930            51     -9.9999999999999889e-01 
     931           203     -7.0710678118654657e-01 
     931           218      1.4142135623730931e+00 
     933           185     -8.6602540378443738e-01 
     934             4      7.0710678118654713e-01 
     934            28     -1.4142135623730936e+00 
     934            31      7.0710678118654691e-01 
     934            33      7.0710678118654702e-01 
     934            64      7.0710678118654702e-01 
     934           190     -7.0710678118654713e-01 
     934            70      7.0710678118654702e-01 
     934           235      1.4142135623730943e+00 
     935           185      4.9999999999999939e-01 
     935           215     -9.9999999999999878e-01 
     937           181      1.4142135623730923e+00 
     937           196     -7.0710678118654635e-01 
     939            61     -9.9999999999999922e-01 
     942           178     -7.0710678118654624e-01 
     945           205      1.2247448713915883e+00 
     945           151     -1.2247448713915863e+00 
     946            20      2.0000000000000004e+00 
     946           251      1.0000000000000000e+00 
     946             9      1.0000000000000000e+00 
     946           210     -1.0000000000000000e+00 
     946           240      2.0000000000000000e+00 
     946             0      9.9999999999999967e-01 
     946             2      1.9999999999999996e+00 
     946            23     -9.9999999999999933e-01 
     946            24      1.9999999999999987e+00 
     946            26      9.9999999999999967e-01 
     946            48      9.9999999999999833e-01 
     946            56     -9.9999999999999933e-01 
     946           156     -9.9999999999999900e-01 
     946           173     -1.9999999999999991e+00 
     946            66      9.9999999999999889e-01 
     946            68      1.9999999999999987e+00 
     946           231      1.9999999999999980e+00 
     946           233      3.9999999999999982e+00 
     947           154     -9.9999999999999845e-01 
     947           217      1.9999999999999969e+00 
     948             6     -1.4142135623730936e+00 
     948            50      1.4142135623730936e+00 
     948            44     -2.8284271247461872e+00 
     948            72     -1.4142135623730934e+00 
     948           122      7.0710678118654646e-01 
     948           207      7.0710678118654657e-01 
     948           132     -1.4142135623730929e+00 
     948           237     -1.4142135623730931e+00 
     949           202     -9.9999999999999911e-01 
     949           217      1.9999999999999982e+00 
     950           109      8.6602540378443749e-01 
     950           189     -8.6602540378443749e-01 
     951           153      7.0710678118654668e-01 
     951           214     -1.4142135623730934e+00 
     952             3      9.9999999999999933e-01 
     952            32     -9.9999999999999933e-01 
     952            29      1.9999999999999987e+00 
     952            63      9.9999999999999933e-01 
     952            69      9.9999999999999922e-01 
     952           109     -4.9999999999999944e-01 
     952           189     -4.9999999999999950e-01 
     952           129      9.9999999999999889e-01 
     952           234      9.9999999999999900e-01 
     953           184      7.0710678118654691e-01 
     953           214     -1.4142135623730938e+00 
     954           105     -1.4142135623730936e+00 
     954           115      7.0710678118654680e-01 
     955           180     -1.4142135623730936e+00 
     955           195      7.0710678118654680e-01 
     957            60     -1.4142135623730943e+00 
     959           102      7.0710678118654668e-01 
     960           177      7.0710678118654668e-01 
     962           123     -8.6602540378443738e-01 
     962           208      8.6602540378443738e-01 
     963           110      1.0000000000000004e+00 
     963           190     -1.0000000000000004e+00 
     964           110      3.5355339059327301e-01 
     964           190     -3.5355339059327306e-01 
     965           169     -8.6602540378443760e-01 
     965           215      1.7320508075688752e+00 
     966             4     -1.2247448713915883e+00 
     966            31     -1.2247448713915878e+00 
     966            33     -1.2247448713915881e+00 
     966            64      1.2247448713915876e+00 
     966            70     -1.2247448713915881e+00 
     966           110      6.1237243569579380e-01 
     966           190      6.1237243569579392e-01 
     966           130     -1.2247448713915876e+00 
     966           235     -1.2247448713915878e+00 
     967           185     -8.6602540378443738e-01 
     967           215      1.7320508075688748e+00 
     968           116     -8.6602540378443704e-01 
     969           196     -8.6602540378443715e-01 
     971           103      8.6602540378443749e-01 
     972           178      8.6602540378443760e-01 
     973           170     -7.0710678118654646e-01 
     973           218      1.4142135623730929e+00 
     974             7     -9.9999999999999900e-01 
     974            43      1.9999999999999973e+00 
     974            49     -9.9999999999999878e-01 
     974            73     -9.9999999999999900e-01 
     974            51     -9.9999999999999889e-01 
     974           123      4.9999999999999928e-01 
     974           208      4.9999999999999939e-01 
     974           133     -9.9999999999999856e-01 
     974           238     -9.9999999999999878e-01 
     975           203     -7.0710678118654668e-01 
     975           218      1.4142135623730934e+00 
     976           110      6.1237243569579380e-01 
     976           190     -6.1237243569579380e-01 
     977           169      4.9999999999999944e-01 
     977           215     -9.9999999999999889e-01 
     978             4      7.0710678118654713e-01 
     978            28     -1.4142135623730936e+00 
     978            31      7.0710678118654691e-01 
     978            33      7.0710678118654702e-01 
     978            64      7.0710678118654702e-01 
     978            70      7.0710678118654702e-01 
     978           110     -3.5355339059327340e-01 
     978           190     -3.5355339059327345e-01 
     978           130      7.0710678118654680e-01 
     978           235      7.0710678118654691e-01 
     979           185      4.9999999999999950e-01 
     979           215     -9.9999999999999900e-01 
     980           106     -9.9999999999999856e-01 
     980           116      4.9999999999999933e-01 
     981           181     -9.9999999999999867e-01 
     981           196      4.9999999999999939e-01 
     983            61     -9.9999999999999922e-01 
     985           103      4.9999999999999928e-01 
     986           178      4.9999999999999933e-01 
     988           125     -8.6602540378443893e-01 
     988           210      8.6602540378443826e-01 
     988            86      8.6602540378443749e-01 
     988           156     -8.6602540378443682e-01 
     989            19     -1.4142135623730945e+00 
     989           250     -1.4142135623730943e+00 
     989           205      7.0710678118654713e-01 
     989           220     -1.4142135623730943e+00 
     989           151      7.0710678118654646e-01 
     989           168      1.4142135623730936e+00 
     989           211     -1.4142135623730929e+00 
     989           213     -2.8284271247461872e+00 
     990            14      9.9999999999999967e-01 
     990            20      1.0000000000000000e+00 
     990           230      9.9999999999999956e-01 
     990           245      9.9999999999999956e-01 
     990             9      1.0000000000000000e+00 
     990           125     -4.9999999999999978e-01 
     990           210     -4.9999999999999983e-01 
     990           135      9.9999999999999956e-01 
     990           240      9.9999999999999967e-01 
     990             0      9.9999999999999967e-01 
     990             2      1.9999999999999996e+00 
     990            23     -9.9999999999999933e-01 
     990            24      1.9999999999999987e+00 
     990            26      9.9999999999999967e-01 
     990            48      9.9999999999999833e-01 
     990            56     -9.9999999999999933e-01 
     990            66      9.9999999999999889e-01 
     990            68      1.9999999999999987e+00 
     990            86     -4.9999999999999928e-01 
     990            98     -9.9999999999999900e-01 
     990           156     -4.9999999999999939e-01 
     990           173     -9.9999999999999922e-01 
     990           126      9.9999999999999856e-01 
     990           128      1.9999999999999980e+00 
     990           231      9.9999999999999878e-01 
     990           233      1.9999999999999984e+00 
     992           154     -9.9999999999999867e-01 
     992           217      1.9999999999999973e+00 
     993             6     -1.4142135623730936e+00 
     993            50      1.4142135623730936e+00 
     993            44     -2.8284271247461872e+00 
     993            72     -1.4142135623730934e+00 
     993           122      1.4142135623730936e+00 
     993           132     -2.8284271247461872e+00 
     994           153      1.2247448713915869e+00 
     996           153      7.0710678118654680e-01 
     996           214     -1.4142135623730936e+00 
     997             3      9.9999999999999933e-01 
     997            32     -9.9999999999999933e-01 
     997            29      1.9999999999999987e+00 
     997            63      9.9999999999999933e-01 
     997            69      9.9999999999999922e-01 
     997           109     -9.9999999999999933e-01 
     997           129      1.9999999999999987e+00 
     999           105      1.9999999999999973e+00 
     999           115     -9.9999999999999889e-01 
    1002            60     -1.4142135623730943e+00 
    1004           102     -9.9999999999999878e-01 
    1006           170     -1.2247448713915867e+00 
    1007           169      1.4142135623730954e+00 
    1008           169      4.9999999999999878e-01 
    1010           169     -8.6602540378443782e-01 
    1010           215      1.7320508075688756e+00 
    1011             4     -1.2247448713915883e+00 
    1011            31     -1.2247448713915878e+00 
    1011            33     -1.2247448713915881e+00 
    1011            64      1.2247448713915876e+00 
    1011            70     -1.2247448713915881e+00 
    1011           110      1.2247448713915883e+00 
    1011           130     -2.4494897427831765e+00 
    1013           116      1.2247448713915867e+00 
    1016           103     -1.2247448713915874e+00 
    1018           170     -7.0710678118654657e-01 
    1018           218      1.4142135623730931e+00 
    1019             7     -9.9999999999999900e-01 
    1019            43      1.9999999999999973e+00 
    1019            49     -9.9999999999999878e-01 
    1019            73     -9.9999999999999900e-01 
    1019            51     -9.9999999999999889e-01 
    1019           123      9.9999999999999900e-01 
    1019           133     -1.9999999999999980e+00 
    1020           169      8.6602540378443738e-01 
    1022           169      4.9999999999999961e-01 
    1022           215     -9.9999999999999922e-01 
    1023             4      7.0710678118654713e-01 
    1023            28     -1.4142135623730936e+00 
    1023            31      7.0710678118654691e-01 
    1023            33      7.0710678118654702e-01 
    1023            64      7.0710678118654702e-01 
    1023            70      7.0710678118654702e-01 
    1023           110     -7.0710678118654713e-01 
    1023           130      1.4142135623730943e+00 
    1025           106      1.4142135623730929e+00 
    1025           116     -7.0710678118654657e-01 
    1028            61     -9.9999999999999922e-01 
    1030           103     -7.0710678118654646e-01 
    1032           205     -1.2247448713915876e+00 
    1032           151      1.2247448713915861e+00 
    1033           230      1.0000000000000002e+00 
    1034            19     -1.4142135623730949e+00 
    1034           225     -1.4142135623730945e+00 
    1034           205      7.0710678118654724e-01 
    1034           220     -1.4142135623730945e+00 
    1034           151      7.0710678118654657e-01 
    1034           168      1.4142135623730938e+00 
    1034           211     -1.4142135623730931e+00 
    1034           213     -2.8284271247461876e+00 
    1035            14      2.0000000000000004e+00 
    1035           140      1.0000000000000000e+00 
    1035             9      1.0000000000000000e+00 
    1035           125     -1.0000000000000000e+00 
    1035           135      2.0000000000000000e+00 
    1035             0      9.9999999999999967e-01 
    1035             2      1.9999999999999996e+00 
    1035            23     -9.9999999999999933e-01 
    1035            24      1.9999999999999987e+00 
    1035            26      9.9999999999999967e-01 
    1035            48      9.9999999999999833e-01 
    1035            56     -9.9999999999999933e-01 
    1035            66      9.9999999999999889e-01 
    1035            68      1.9999999999999987e+00 
    1035            86     -9.9999999999999900e-01 
    1035            98     -1.9999999999999991e+00 
    1035           126      1.9999999999999980e+00 
    1035           128      3.9999999999999982e+00 
    1036            15     -1.4142135623730927e+00 
    1036           158      1.4142135623730927e+00 
    1036           198      1.4142135623730927e+00 
    1036           143     -2.8284271247461854e+00 
    1036           150     -2.8284271247461854e+00 
    1036           246     -1.4142135623730925e+00 
    1037            10      9.9999999999999878e-01 
    1037            88     -9.9999999999999867e-01 
    1037           118     -9.9999999999999867e-01 
    1037            78      1.9999999999999973e+00 
    1037            85      1.9999999999999973e+00 
    1037           226      9.9999999999999845e-01 
    1037           241      9.9999999999999856e-01 
    1038           221     -1.4142135623730936e+00 
    1039           115     -1.2247448713915874e+00 
    1040           149      1.9999999999999964e+00 
    1040           195     -9.9999999999999845e-01 
    1041            84     -1.4142135623730931e+00 
    1041           115      7.0710678118654668e-01 
    1043             3      9.9999999999999933e-01 
    1043            32     -9.9999999999999933e-01 
    1043            29      1.9999999999999987e+00 
    1043            63     -9.9999999999999900e-01 
    1043           189      9.9999999999999778e-01 
    1043            69      1.9999999999999980e+00 
    1043           234      9.9999999999999856e-01 
    1044           184      9.9999999999999789e-01 
    1044           214      9.9999999999999845e-01 
    1048            60     -9.9999999999999933e-01 
    1050           177     -1.4142135623730938e+00 
    1051            11     -1.2247448713915869e+00 
    1051           119      1.2247448713915869e+00 
    1051            96     -2.4494897427831739e+00 
    1051            87     -1.2247448713915863e+00 
    1051           227      1.2247448713915863e+00 
    1051           242     -1.2247448713915867e+00 
    1051            89     -1.2247448713915865e+00 
    1052            95      1.4142135623730960e+00 
    1053            95     -9.9999999999999900e-01 
    1053           116      1.4999999999999980e+00 
    1054           196      1.2247448713915869e+00 
    1055           116     -8.6602540378443749e-01 
    1057             4     -1.2247448713915883e+00 
    1057            31     -1.2247448713915878e+00 
    1057            33     -1.2247448713915881e+00 
    1057            64      1.2247448713915878e+00 
    1057           190      1.2247448713915865e+00 
    1057            70     -2.4494897427831757e+00 
    1057           235     -1.2247448713915872e+00 
    1058           185      1.2247448713915867e+00 
    1058           215     -1.2247448713915863e+00 
    1060            61      1.2247448713915876e+00 
    1062            16     -9.9999999999999845e-01 
    1062           199      9.9999999999999845e-01 
    1062           166     -1.9999999999999969e+00 
    1062           142      1.9999999999999958e+00 
    1062           157     -9.9999999999999811e-01 
    1062           247     -9.9999999999999833e-01 
    1062           159     -9.9999999999999822e-01 
    1063            11      7.0710678118654668e-01 
    1063           119     -7.0710678118654668e-01 
    1063            96      1.4142135623730934e+00 
    1063            77     -1.4142135623730927e+00 
    1063            87      7.0710678118654646e-01 
    1063           227      7.0710678118654657e-01 
    1063           242      7.0710678118654657e-01 
    1063            89      7.0710678118654657e-01 
    1064           222     -9.9999999999999889e-01 
    1065           116     -8.6602540378443760e-01 
    1066           165      1.4142135623730927e+00 
    1066           196     -7.0710678118654646e-01 
    1067            95     -9.9999999999999867e-01 
    1067           116      4.9999999999999944e-01 
    1069             4      7.0710678118654713e-01 
    1069            28     -1.4142135623730936e+00 
    1069            31      7.0710678118654691e-01 
    1069            33      7.0710678118654702e-01 
    1069            64     -7.0710678118654691e-01 
    1069           190      7.0710678118654613e-01 
    1069            70      1.4142135623730938e+00 
    1069           235      7.0710678118654657e-01 
    1070           185      7.0710678118654591e-01 
    1070           215      7.0710678118654624e-01 
    1074            61     -7.0710678118654691e-01 
    1076           178     -9.9999999999999878e-01 
    1077            13     -1.2247448713915883e+00 
    1077           229      1.2247448713915876e+00 
    1077           244     -1.2247448713915881e+00 
    1077           121     -1.2247448713915881e+00 
    1077            94      1.2247448713915876e+00 
    1077           112     -1.2247448713915869e+00 
    1077           114     -2.4494897427831752e+00 
    1078            18     -9.9999999999999900e-01 
    1078           249     -9.9999999999999900e-01 
    1078           201     -9.9999999999999889e-01 
    1078           147      1.9999999999999953e+00 
    1078           164      9.9999999999999856e-01 
    1078           192     -9.9999999999999811e-01 
    1078           194     -1.9999999999999971e+00 
    1079            13      7.0710678118654713e-01 
    1079           229      7.0710678118654702e-01 
    1079           244      7.0710678118654702e-01 
    1079           121      7.0710678118654702e-01 
    1079            82     -1.4142135623730923e+00 
    1079            94     -7.0710678118654680e-01 
    1079           112      7.0710678118654646e-01 
    1079           114      1.4142135623730936e+00 
    1080           224     -9.9999999999999922e-01 
    1081            20      1.0000000000000000e+00 
    1081             9      1.9999999999999996e+00 
    1081           210     -9.9999999999999933e-01 
    1081           240      1.9999999999999987e+00 
    1081            75      9.9999999999999967e-01 
    1081             0      9.9999999999999967e-01 
    1081             2      1.9999999999999996e+00 
    1081            23     -9.9999999999999933e-01 
    1081            24      1.9999999999999987e+00 
    1081            26      9.9999999999999967e-01 
    1081            48     -9.9999999999999878e-01 
    1081            56     -1.9999999999999984e+00 
    1081           156      9.9999999999999689e-01 
    1081           173     -9.9999999999999878e-01 
    1081            66      1.9999999999999976e+00 
    1081            68      3.9999999999999969e+00 
    1081           231      9.9999999999999822e-01 
    1081           233      1.9999999999999976e+00 
    1082           226     -1.4142135623730931e+00 
    1083            15      9.9999999999999878e-01 
    1083           158     -9.9999999999999878e-01 
    1083           198     -9.9999999999999878e-01 
    1083           221      9.9999999999999845e-01 
    1083           143      1.9999999999999976e+00 
    1083           150      1.9999999999999976e+00 
    1083           155      9.9999999999999867e-01 
    1084            10     -1.4142135623730931e+00 
    1084            88      1.4142135623730931e+00 
    1084           118      1.4142135623730931e+00 
    1084            78     -2.8284271247461863e+00 
    1084            85     -2.8284271247461863e+00 
    1084           136     -1.4142135623730929e+00 
    1085           195      1.2247448713915872e+00 
    1087           149     -1.4142135623730931e+00 
    1087           195      7.0710678118654668e-01 
    1088            84      1.9999999999999973e+00 
    1088           115     -9.9999999999999878e-01 
    1089           153      9.9999999999999756e-01 
    1089           214      9.9999999999999833e-01 
    1090             3      9.9999999999999933e-01 
    1090            32     -9.9999999999999933e-01 
    1090            29      1.9999999999999987e+00 
    1090            63     -9.9999999999999900e-01 
    1090            69      1.9999999999999980e+00 
    1090           109      9.9999999999999856e-01 
    1090           129      9.9999999999999889e-01 
    1095            60     -9.9999999999999933e-01 
    1096           102     -1.4142135623730940e+00 
    1097            16      1.2247448713915869e+00 
    1097           199     -1.2247448713915867e+00 
    1097           222     -1.2247448713915872e+00 
    1097           166      2.4494897427831734e+00 
    1097           171      1.2247448713915867e+00 
    1097           157      1.2247448713915861e+00 
    1097           159      1.2247448713915863e+00 
    1098           165     -1.4142135623730960e+00 
    1099           165      9.9999999999999889e-01 
    1099           196     -1.4999999999999978e+00 
    1101           196     -8.6602540378443760e-01 
    1102           116      1.2247448713915874e+00 
    1103           169      1.2247448713915863e+00 
    1103           215     -1.2247448713915867e+00 
    1104             4     -1.2247448713915883e+00 
    1104            31     -1.2247448713915878e+00 
    1104            33     -1.2247448713915881e+00 
    1104            64      1.2247448713915878e+00 
    1104            70     -2.4494897427831757e+00 
    1104           110      1.2247448713915872e+00 
    1104           130     -1.2247448713915876e+00 
    1107            61      1.2247448713915876e+00 
    1108           227     -9.9999999999999878e-01 
    1109            16      7.0710678118654680e-01 
    1109           199     -7.0710678118654668e-01 
    1109           222      7.0710678118654657e-01 
    1109           166      1.4142135623730934e+00 
    1109           171      7.0710678118654657e-01 
    1109           142     -1.4142135623730927e+00 
    1109           157      7.0710678118654646e-01 
    1109           159      7.0710678118654657e-01 
    1110            11     -9.9999999999999878e-01 
    1110           119      9.9999999999999878e-01 
    1110            96     -1.9999999999999976e+00 
    1110            77      1.9999999999999964e+00 
    1110            87     -9.9999999999999845e-01 
    1110           137     -9.9999999999999867e-01 
    1110            89     -9.9999999999999856e-01 
    1111           196      8.6602540378443749e-01 
    1113           165     -9.9999999999999878e-01 
    1113           196      4.9999999999999950e-01 
    1114            95      1.4142135623730931e+00 
    1114           116     -7.0710678118654668e-01 
    1115           169      7.0710678118654602e-01 
    1115           215      7.0710678118654635e-01 
    1116             4      7.0710678118654713e-01 
    1116            28     -1.4142135623730936e+00 
    1116            31      7.0710678118654691e-01 
    1116            33      7.0710678118654702e-01 
    1116            64     -7.0710678118654691e-01 
    1116            70      1.4142135623730938e+00 
    1116           110      7.0710678118654668e-01 
    1116           130      7.0710678118654680e-01 
    1121            61     -7.0710678118654691e-01 
    1122           103     -9.9999999999999900e-01 
    1123            18      1.2247448713915881e+00 
    1123           224     -1.2247448713915885e+00 
    1123           206      1.2247448713915881e+00 
    1123           201      1.2247448713915878e+00 
    1123           164     -1.2247448713915874e+00 
    1123           192      1.2247448713915867e+00 
    1123           194      2.4494897427831748e+00 
    1124           229     -9.9999999999999956e-01 
    1125            18      7.0710678118654724e-01 
    1125           224      7.0710678118654702e-01 
    1125           206      7.0710678118654713e-01 
    1125           201      7.0710678118654702e-01 
    1125           147     -1.4142135623730923e+00 
    1125           164     -7.0710678118654680e-01 
    1125           192      7.0710678118654646e-01 
    1125           194      1.4142135623730936e+00 
    1126            13     -9.9999999999999956e-01 
    1126           139     -9.9999999999999933e-01 
    1126           121     -9.9999999999999922e-01 
    1126            82      1.9999999999999960e+00 
    1126            94      9.9999999999999889e-01 
    1126           112     -9.9999999999999845e-01 
    1126           114     -1.9999999999999978e+00 
    1127            19      9.9999999999999933e-01 
    1127           205     -9.9999999999999911e-01 
    1127           220      1.9999999999999982e+00 
    1127           151      9.9999999999999678e-01 
    1127           168     -9.9999999999999845e-01 
    1127           211      9.9999999999999800e-01 
    1127           213      1.9999999999999969e+00 
    1128             9      1.9999999999999996e+00 
    1128            75      9.9999999999999967e-01 
    1128            14      1.0000000000000000e+00 
    1128           125     -9.9999999999999967e-01 
    1128           135      1.9999999999999993e+00 
    1128             0      9.9999999999999967e-01 
    1128             2      1.9999999999999996e+00 
    1128            23     -9.9999999999999933e-01 
    1128            24      1.9999999999999987e+00 
    1128            26      9.9999999999999967e-01 
    1128            48     -9.9999999999999878e-01 
    1128            56     -1.9999999999999984e+00 
    1128            66      1.9999999999999976e+00 
    1128            68      3.9999999999999969e+00 
    1128            86      9.9999999999999756e-01 
    1128            98     -9.9999999999999900e-01 
    1128           126      9.9999999999999856e-01 
    1128           128      1.9999999999999980e+00 
    1132             6     -9.9999999999999933e-01 
    1132            50      9.9999999999999933e-01 
    1132            60      1.0000000000000004e+00 
    1132            44     -1.9999999999999987e+00 
    1132            47     -9.9999999999999933e-01 
    1132           122     -5.0000000000000178e-01 
    1132           207     -5.0000000000000111e-01 
    1132           132     -9.9999999999999878e-01 
    1132           237     -9.9999999999999856e-01 
    1133           154     -1.2247448713915869e+00 
    1134           122      8.6602540378443793e-01 
    1134           207     -8.6602540378443704e-01 
    1135           202      1.2247448713915867e+00 
    1136           118      1.2247448713915869e+00 
    1137           198     -1.2247448713915867e+00 
    1138           153      1.7320508075688759e+00 
    1139           109     -1.2247448713915892e+00 
    1139           189      1.2247448713915878e+00 
    1140           184     -1.7320508075688750e+00 
    1141           105     -1.2247448713915874e+00 
    1142           180      1.2247448713915872e+00 
    1144            64     -1.0000000000000002e+00 
    1145             7      1.1547005383792524e+00 
    1145            54      1.1547005383792524e+00 
    1145            49      1.1547005383792519e+00 
    1145           123     -1.1547005383792528e+00 
    1145           208     -1.1547005383792524e+00 
    1145           133      1.1547005383792517e+00 
    1145           238      1.1547005383792517e+00 
    1145            51      1.1547005383792521e+00 
    1146             7      4.0824829046386307e-01 
    1146            61     -1.2247448713915892e+00 
    1146            54      4.0824829046386307e-01 
    1146            49      4.0824829046386291e-01 
    1146           123      2.0412414523193237e-01 
    1146           208      2.0412414523193223e-01 
    1146           133      4.0824829046386285e-01 
    1146           238      4.0824829046386280e-01 
    1146            51      4.0824829046386296e-01 
    1147           170      4.9999999999999944e-01 
    1148           123     -3.5355339059327373e-01 
    1148           208      3.5355339059327340e-01 
    1149           203     -4.9999999999999928e-01 
    1150           119     -4.9999999999999939e-01 
    1151           199      4.9999999999999933e-01 
    1152             4     -9.9999999999999967e-01 
    1152            31     -9.9999999999999922e-01 
    1152           110      1.5000000000000011e+00 
    1152           190      1.5000000000000004e+00 
    1152           130     -9.9999999999999956e-01 
    1152           235     -9.9999999999999933e-01 
    1152            40     -9.9999999999999933e-01 
    1152            33     -9.9999999999999933e-01 
    1153           106      1.5000000000000000e+00 
    1153           116     -9.9999999999999889e-01 
    1154           181     -1.4999999999999996e+00 
    1154           196      9.9999999999999878e-01 
    1158             7     -7.0710678118654713e-01 
    1158            61      7.0710678118654791e-01 
    1158            54     -7.0710678118654713e-01 
    1158            43      1.4142135623730936e+00 
    1158            49     -7.0710678118654691e-01 
    1158           123     -3.5355339059327501e-01 
    1158           208     -3.5355339059327467e-01 
    1158           133     -7.0710678118654668e-01 
    1158           238     -7.0710678118654668e-01 
    1158            51     -7.0710678118654702e-01 
    1159           170     -8.6602540378443726e-01 
    1160           123      6.1237243569579403e-01 
    1160           208     -6.1237243569579347e-01 
    1161           203      8.6602540378443693e-01 
    1162           119      8.6602540378443704e-01 
    1163           199     -8.6602540378443693e-01 
    1164           169      1.2247448713915883e+00 
    1165           110     -8.6602540378443882e-01 
    1165           190      8.6602540378443804e-01 
    1166           185     -1.2247448713915867e+00 
    1167           106     -8.6602540378443715e-01 
    1168           181      8.6602540378443704e-01 
    1170             8      9.9999999999999956e-01 
    1170            45     -9.9999999999999889e-01 
    1170            53     -9.9999999999999933e-01 
    1170            57      9.9999999999999878e-01 
    1170            59      1.9999999999999987e+00 
    1170           124      5.0000000000000189e-01 
    1170           209      5.0000000000000133e-01 
    1170           134      9.9999999999999889e-01 
    1170           239      9.9999999999999878e-01 
    1171           187      1.2247448713915869e+00 
    1172           124     -8.6602540378443804e-01 
    1172           209      8.6602540378443726e-01 
    1173           204     -1.2247448713915876e+00 
    1174           120     -1.2247448713915878e+00 
    1175           200      1.2247448713915876e+00 
    1176            20      1.0000000000000000e+00 
    1176            14      9.9999999999999956e-01 
    1176           230     -9.9999999999999967e-01 
    1176           245      9.9999999999999933e-01 
    1176             0      9.9999999999999967e-01 
    1176             2      1.9999999999999996e+00 
    1176            23     -9.9999999999999933e-01 
    1176            24      1.9999999999999987e+00 
    1176            26      9.9999999999999967e-01 
    1176             5      1.0000000000000000e+00 
    1176            30     -1.0000000000000000e+00 
    1176            35     -9.9999999999999967e-01 
    1176            86      5.0000000000000089e-01 
    1176            98     -9.9999999999999956e-01 
    1176           111      5.0000000000000144e-01 
    1176           156      5.0000000000000056e-01 
    1176           173     -9.9999999999999933e-01 
    1176           191      5.0000000000000089e-01 
    1176            36      9.9999999999999922e-01 
    1176            38      1.9999999999999993e+00 
    1176           126      9.9999999999999900e-01 
    1176           128      1.9999999999999991e+00 
    1176           131      9.9999999999999978e-01 
    1176           231      9.9999999999999889e-01 
    1176           233      1.9999999999999987e+00 
    1176           236      9.9999999999999967e-01 
    1177           180     -1.7320508075688748e+00 
    1177           149      1.7320508075688748e+00 
    1178           105      1.2247448713915876e+00 
    1178            84     -1.2247448713915876e+00 
    1180            10     -4.9999999999999950e-01 
    1180            88      4.9999999999999944e-01 
    1180           102      5.0000000000000000e-01 
    1180           118     -1.0000000000000011e+00 
    1180            78     -9.9999999999999889e-01 
    1180            81     -4.9999999999999944e-01 
    1180            85     -4.9999999999999944e-01 
    1180           226      4.9999999999999922e-01 
    1180           241     -4.9999999999999944e-01 
    1181            15     -1.2247448713915867e+00 
    1181           158      1.2247448713915865e+00 
    1181           177      1.2247448713915878e+00 
    1181           143     -2.4494897427831730e+00 
    1181           146     -1.2247448713915865e+00 
    1181           150     -1.2247448713915865e+00 
    1181           246     -1.2247448713915867e+00 
    1182            10      8.6602540378443738e-01 
    1182            88     -8.6602540378443726e-01 
    1182           102     -8.6602540378443815e-01 
    1182            78      1.7320508075688745e+00 
    1182            81      8.6602540378443726e-01 
    1182            85      8.6602540378443715e-01 
    1182           226      8.6602540378443738e-01 
    1182           241      8.6602540378443726e-01 
    1183           221     -1.2247448713915872e+00 
    1184             6      1.2247448713915874e+00 
    1184            50     -1.2247448713915874e+00 
    1184            60     -1.2247448713915885e+00 
    1184            44      2.4494897427831748e+00 
    1184            47      1.2247448713915874e+00 
    1184           237      1.2247448713915867e+00 
    1184            72      1.2247448713915874e+00 
    1185           217      1.2247448713915867e+00 
    1186           149      1.7320508075688748e+00 
    1187            84     -1.2247448713915876e+00 
    1189            63     -1.2247448713915889e+00 
    1189           189      1.2247448713915869e+00 
    1190           184      1.2247448713915865e+00 
    1191           180     -1.7320508075688741e+00 
    1192           106     -5.0000000000000044e-01 
    1192            95      1.4999999999999996e+00 
    1193            11     -1.1547005383792517e+00 
    1193           119      1.1547005383792524e+00 
    1193            92     -1.1547005383792517e+00 
    1193            96     -1.1547005383792515e+00 
    1193            87     -1.1547005383792512e+00 
    1193           227      1.1547005383792510e+00 
    1193           242     -1.1547005383792517e+00 
    1193            89     -1.1547005383792515e+00 
    1194            11      2.0412414523193148e-01 
    1194           103     -6.1237243569579436e-01 
    1194           119      4.0824829046386385e-01 
    1194            92      2.0412414523193148e-01 
    1194            96      2.0412414523193145e-01 
    1194            87      2.0412414523193140e-01 
    1194           227     -2.0412414523193137e-01 
    1194           242      2.0412414523193143e-01 
    1194            89      2.0412414523193143e-01 
    1195            16      4.9999999999999944e-01 
    1195           178     -1.4999999999999980e+00 
    1195           162      4.9999999999999944e-01 
    1195           166      4.9999999999999939e-01 
    1195           157      4.9999999999999922e-01 
    1195           247      4.9999999999999939e-01 
    1195           159      4.9999999999999928e-01 
    1196            11     -3.5355339059327351e-01 
    1196           103      1.0606601717798201e+00 
    1196            92     -3.5355339059327351e-01 
    1196            96     -3.5355339059327345e-01 
    1196            87     -3.5355339059327334e-01 
    1196           227     -3.5355339059327340e-01 
    1196           242     -3.5355339059327345e-01 
    1196            89     -3.5355339059327340e-01 
    1197           222      4.9999999999999944e-01 
    1198             7     -4.9999999999999978e-01 
    1198            61      1.4999999999999991e+00 
    1198            54     -4.9999999999999978e-01 
    1198            49     -4.9999999999999950e-01 
    1198           238     -4.9999999999999950e-01 
    1198            73     -4.9999999999999972e-01 
    1198            51     -4.9999999999999961e-01 
    1199           218     -4.9999999999999922e-01 
    1200            95      1.4999999999999996e+00 
    1200           116     -9.9999999999999911e-01 
    1201             4     -9.9999999999999967e-01 
    1201            31     -9.9999999999999922e-01 
    1201            40     -9.9999999999999933e-01 
    1201            33     -9.9999999999999933e-01 
    1201            64      1.5000000000000007e+00 
    1201           190      1.4999999999999993e+00 
    1201            70     -9.9999999999999900e-01 
    1201           235     -9.9999999999999856e-01 
    1202           185      1.4999999999999989e+00 
    1202           215     -9.9999999999999811e-01 
    1203           181     -1.2247448713915876e+00 
    1203           165      1.2247448713915876e+00 
    1204           106      8.6602540378443793e-01 
    1204            95     -8.6602540378443793e-01 
    1206            11     -3.5355339059327345e-01 
    1206           103      3.5355339059327384e-01 
    1206           119     -7.0710678118654824e-01 
    1206            92     -3.5355339059327345e-01 
    1206            96     -3.5355339059327345e-01 
    1206            77      7.0710678118654657e-01 
    1206            87     -3.5355339059327334e-01 
    1206           227      3.5355339059327329e-01 
    1206           242     -3.5355339059327340e-01 
    1206            89     -3.5355339059327340e-01 
    1207            16     -8.6602540378443704e-01 
    1207           178      8.6602540378443793e-01 
    1207           162     -8.6602540378443715e-01 
    1207           166     -8.6602540378443693e-01 
    1207           142      1.7320508075688732e+00 
    1207           157     -8.6602540378443682e-01 
    1207           247     -8.6602540378443704e-01 
    1207           159     -8.6602540378443693e-01 
    1208            11      6.1237243569579369e-01 
    1208           103     -6.1237243569579425e-01 
    1208            92      6.1237243569579369e-01 
    1208            96      6.1237243569579358e-01 
    1208            77     -1.2247448713915867e+00 
    1208            87      6.1237243569579347e-01 
    1208           227      6.1237243569579369e-01 
    1208           242      6.1237243569579358e-01 
    1208            89      6.1237243569579358e-01 
    1209           222     -8.6602540378443715e-01 
    1210             7      8.6602540378443771e-01 
    1210            61     -8.6602540378443849e-01 
    1210            54      8.6602540378443760e-01 
    1210            43     -1.7320508075688745e+00 
    1210            49      8.6602540378443726e-01 
    1210           238      8.6602540378443726e-01 
    1210            73      8.6602540378443760e-01 
    1210            51      8.6602540378443749e-01 
    1211           218      8.6602540378443671e-01 
    1212           165      1.2247448713915876e+00 
    1213            95     -8.6602540378443793e-01 
    1215            64     -8.6602540378443860e-01 
    1215           190      8.6602540378443738e-01 
    1216           185      8.6602540378443660e-01 
    1217           181     -1.2247448713915863e+00 
    1218            12      4.9999999999999961e-01 
    1218           120      1.0000000000000013e+00 
    1218           108      4.9999999999999956e-01 
    1218            79     -4.9999999999999933e-01 
    1218            91     -4.9999999999999944e-01 
    1218            99      4.9999999999999928e-01 
    1218           101      9.9999999999999889e-01 
    1218           228     -4.9999999999999928e-01 
    1218           243      4.9999999999999950e-01 
    1219            17      1.2247448713915869e+00 
    1219           183      1.2247448713915865e+00 
    1219           144     -1.2247448713915863e+00 
    1219           161     -1.2247448713915865e+00 
    1219           174      1.2247448713915861e+00 
    1219           176      2.4494897427831730e+00 
    1219           248      1.2247448713915869e+00 
    1220            12     -8.6602540378443749e-01 
    1220           108     -8.6602540378443726e-01 
    1220            79      8.6602540378443704e-01 
    1220            91      8.6602540378443726e-01 
    1220            99     -8.6602540378443682e-01 
    1220           101     -1.7320508075688745e+00 
    1220           228     -8.6602540378443749e-01 
    1220           243     -8.6602540378443738e-01 
    1221           223      1.2247448713915878e+00 
    1222             8     -1.2247448713915876e+00 
    1222            45      1.2247448713915869e+00 
    1222            53      1.2247448713915874e+00 
    1222            57     -1.2247448713915867e+00 
    1222            59     -2.4494897427831748e+00 
    1222           239     -1.2247448713915869e+00 
    1222            74     -1.2247448713915876e+00 
    1223           219     -1.2247448713915874e+00 
    1224            13      9.9999999999999967e-01 
    1224           229     -9.9999999999999911e-01 
    1224           244      9.9999999999999956e-01 
    1224            82      5.0000000000000000e-01 
    1224            94     -9.9999999999999911e-01 
    1224           107      5.0000000000000022e-01 
    1224           112      9.9999999999999878e-01 
    1224           114      1.9999999999999982e+00 
    1224           117      9.9999999999999944e-01 
    1225            20      1.0000000000000000e+00 
    1225             0      9.9999999999999967e-01 
    1225             9      9.9999999999999956e-01 
    1225           210     -9.9999999999999933e-01 
    1225           240      9.9999999999999900e-01 
    1225             2      1.9999999999999996e+00 
    1225            23     -9.9999999999999933e-01 
    1225            24      1.9999999999999987e+00 
    1225            26      9.9999999999999967e-01 
    1225             5      1.0000000000000000e+00 
    1225            30     -1.0000000000000000e+00 
    1225            35     -9.9999999999999967e-01 
    1225            36      9.9999999999999922e-01 
    1225            38      1.9999999999999993e+00 
    1225            48      5.0000000000000089e-01 
    1225            56     -9.9999999999999900e-01 
    1225            65      5.0000000000000144e-01 
    1225           156      5.0000000000000000e-01 
    1225           173     -9.9999999999999856e-01 
    1225           191      5.0000000000000056e-01 
    1225            66      9.9999999999999856e-01 
    1225            68      1.9999999999999980e+00 
    1225            71      9.9999999999999933e-01 
    1225           231      9.9999999999999811e-01 
    1225           233      1.9999999999999971e+00 
    1225           236      9.9999999999999889e-01 
    1227           180      1.2247448713915876e+00 
    1227           149     -1.2247448713915876e+00 
    1228           105     -1.7320508075688752e+00 
    1228            84      1.7320508075688752e+00 
    1229            15      4.9999999999999944e-01 
    1229           158     -4.9999999999999939e-01 
    1229           177     -4.9999999999999989e-01 
    1229           198      1.0000000000000009e+00 
    1229           221     -4.9999999999999956e-01 
    1229           143      9.9999999999999878e-01 
    1229           146      4.9999999999999939e-01 
    1229           150      4.9999999999999939e-01 
    1229           155      4.9999999999999944e-01 
    1230           226     -1.2247448713915872e+00 
    1231            15      8.6602540378443738e-01 
    1231           158     -8.6602540378443738e-01 
    1231           177     -8.6602540378443815e-01 
    1231           221      8.6602540378443715e-01 
    1231           143      1.7320508075688748e+00 
    1231           146      8.6602540378443738e-01 
    1231           150      8.6602540378443726e-01 
    1231           155      8.6602540378443726e-01 
    1232            10     -1.2247448713915872e+00 
    1232            88      1.2247448713915872e+00 
    1232           102      1.2247448713915885e+00 
    1232            78     -2.4494897427831743e+00 
    1232            81     -1.2247448713915872e+00 
    1232            85     -1.2247448713915869e+00 
    1232           136     -1.2247448713915872e+00 
    1233           217      1.2247448713915865e+00 
    1234             6      1.2247448713915874e+00 
    1234            50     -1.2247448713915874e+00 
    1234            60     -1.2247448713915885e+00 
    1234            44      2.4494897427831748e+00 
    1234            47      1.2247448713915874e+00 
    1234            72      1.2247448713915874e+00 
    1234           132      1.2247448713915874e+00 
    1236           149     -1.2247448713915876e+00 
    1237            84      1.7320508075688752e+00 
    1238           153      1.2247448713915867e+00 
    1239            63     -1.2247448713915889e+00 
    1239           109      1.2247448713915876e+00 
    1240           105     -1.7320508075688745e+00 
    1241           181      5.0000000000000044e-01 
    1241           165     -1.4999999999999993e+00 
    1242            16      1.1547005383792517e+00 
    1242           199     -1.1547005383792521e+00 
    1242           222     -1.1547005383792519e+00 
    1242           162      1.1547005383792515e+00 
    1242           166      1.1547005383792512e+00 
    1242           171      1.1547005383792515e+00 
    1242           157      1.1547005383792510e+00 
    1242           159      1.1547005383792512e+00 
    1243            16     -2.0412414523193143e-01 
    1243           178      6.1237243569579425e-01 
    1243           199     -4.0824829046386374e-01 
    1243           222      2.0412414523193151e-01 
    1243           162     -2.0412414523193145e-01 
    1243           166     -2.0412414523193143e-01 
    1243           171     -2.0412414523193145e-01 
    1243           157     -2.0412414523193137e-01 
    1243           159     -2.0412414523193140e-01 
    1244           227      4.9999999999999961e-01 
    1245            16     -3.5355339059327356e-01 
    1245           178      1.0606601717798201e+00 
    1245           222     -3.5355339059327340e-01 
    1245           162     -3.5355339059327351e-01 
    1245           166     -3.5355339059327345e-01 
    1245           171     -3.5355339059327345e-01 
    1245           157     -3.5355339059327334e-01 
    1245           159     -3.5355339059327340e-01 
    1246            11      4.9999999999999961e-01 
    1246           103     -1.4999999999999984e+00 
    1246            92      4.9999999999999961e-01 
    1246            96      4.9999999999999950e-01 
    1246            87      4.9999999999999939e-01 
    1246           137      4.9999999999999956e-01 
    1246            89      4.9999999999999944e-01 
    1247           218     -4.9999999999999939e-01 
    1248             7     -4.9999999999999978e-01 
    1248            61      1.4999999999999991e+00 
    1248            54     -4.9999999999999978e-01 
    1248            49     -4.9999999999999950e-01 
    1248            73     -4.9999999999999972e-01 
    1248            51     -4.9999999999999961e-01 
    1248           133     -4.9999999999999967e-01 
    1249           165     -1.4999999999999993e+00 
    1249           196      9.9999999999999900e-01 
    1250           169      1.4999999999999989e+00 
    1250           215     -9.9999999999999833e-01 
    1251             4     -9.9999999999999967e-01 
    1251            31     -9.9999999999999922e-01 
    1251            40     -9.9999999999999933e-01 
    1251            33     -9.9999999999999933e-01 
    1251            64      1.5000000000000007e+00 
    1251            70     -9.9999999999999900e-01 
    1251           110      1.5000000000000000e+00 
    1251           130     -9.9999999999999889e-01 
    1253           181      8.6602540378443804e-01 
    1253           165     -8.6602540378443804e-01 
    1254           106     -1.2247448713915878e+00 
    1254            95      1.2247448713915878e+00 
    1255            16      3.5355339059327345e-01 
    1255           178     -3.5355339059327379e-01 
    1255           199      7.0710678118654813e-01 
    1255           222     -3.5355339059327351e-01 
    1255           162      3.5355339059327340e-01 
    1255           166      3.5355339059327340e-01 
    1255           171      3.5355339059327340e-01 
    1255           142     -7.0710678118654646e-01 
    1255           157      3.5355339059327329e-01 
    1255           159      3.5355339059327334e-01 
    1256           227     -8.6602540378443738e-01 
    1257            16      6.1237243569579369e-01 
    1257           178     -6.1237243569579425e-01 
    1257           222      6.1237243569579347e-01 
    1257           162      6.1237243569579369e-01 
    1257           166      6.1237243569579358e-01 
    1257           171      6.1237243569579358e-01 
    1257           142     -1.2247448713915867e+00 
    1257           157      6.1237243569579347e-01 
    1257           159      6.1237243569579358e-01 
    1258            11     -8.6602540378443738e-01 
    1258           103      8.6602540378443837e-01 
    1258            92     -8.6602540378443749e-01 
    1258            96     -8.6602540378443726e-01 
    1258            77      1.7320508075688739e+00 
    1258            87     -8.6602540378443715e-01 
    1258           137     -8.6602540378443738e-01 
    1258            89     -8.6602540378443726e-01 
    1259           218      8.6602540378443704e-01 
    1260             7      8.6602540378443771e-01 
    1260            61     -8.6602540378443849e-01 
    1260            54      8.6602540378443760e-01 
    1260            43     -1.7320508075688745e+00 
    1260            49      8.6602540378443726e-01 
    1260            73      8.6602540378443760e-01 
    1260            51      8.6602540378443749e-01 
    1260           133      8.6602540378443760e-01 
    1262           165     -8.6602540378443804e-01 
    1263            95      1.2247448713915878e+00 
    1264           169      8.6602540378443726e-01 
    1265            64     -8.6602540378443860e-01 
    1265           110      8.6602540378443793e-01 
    1266           106     -1.2247448713915865e+00 
    1267            17     -4.9999999999999950e-01 
    1267           200     -1.0000000000000011e+00 
    1267           223      4.9999999999999961e-01 
    1267           183     -4.9999999999999950e-01 
    1267           188     -4.9999999999999950e-01 
    1267           144      4.9999999999999933e-01 
    1267           161      4.9999999999999939e-01 
    1267           174     -4.9999999999999922e-01 
    1267           176     -9.9999999999999878e-01 
    1268           228      1.2247448713915874e+00 
    1269            17     -8.6602540378443749e-01 
    1269           223     -8.6602540378443726e-01 
    1269           183     -8.6602540378443738e-01 
    1269           188     -8.6602540378443749e-01 
    1269           144      8.6602540378443704e-01 
    1269           161      8.6602540378443738e-01 
    1269           174     -8.6602540378443693e-01 
    1269           176     -1.7320508075688748e+00 
    1270            12      1.2247448713915874e+00 
    1270           108      1.2247448713915872e+00 
    1270            79     -1.2247448713915867e+00 
    1270            91     -1.2247448713915872e+00 
    1270            99      1.2247448713915865e+00 
    1270           101      2.4494897427831743e+00 
    1270           138      1.2247448713915874e+00 
    1271           219     -1.2247448713915867e+00 
    1272             8     -1.2247448713915876e+00 
    1272            45      1.2247448713915869e+00 
    1272            53      1.2247448713915874e+00 
    1272            57     -1.2247448713915867e+00 
    1272            59     -2.4494897427831748e+00 
    1272            74     -1.2247448713915876e+00 
    1272           134     -1.2247448713915874e+00 
    1273            18     -9.9999999999999956e-01 
    1273           224      9.9999999999999967e-01 
    1273           206     -9.9999999999999944e-01 
    1273           147     -5.0000000000000000e-01 
    1273           164      9.9999999999999900e-01 
    1273           182     -5.0000000000000022e-01 
    1273           192     -9.9999999999999867e-01 
    1273           194     -1.9999999999999980e+00 
    1273           197     -9.9999999999999933e-01 
    1274            19      9.9999999999999933e-01 
    1274           205     -9.9999999999999911e-01 
    1274           220      9.9999999999999878e-01 
    1274           151      5.0000000000000000e-01 
    1274           168     -9.9999999999999833e-01 
    1274           186      5.0000000000000033e-01 
    1274           211      9.9999999999999778e-01 
    1274           213      1.9999999999999967e+00 
    1274           216      9.9999999999999867e-01 
    1275            14      1.0000000000000000e+00 
    1275             0      9.9999999999999967e-01 
    1275             9      9.9999999999999956e-01 
    1275           125     -9.9999999999999967e-01 
    1275           135      9.9999999999999933e-01 
    1275             2      1.9999999999999996e+00 
    1275            23     -9.9999999999999933e-01 
    1275            24      1.9999999999999987e+00 
    1275            26      9.9999999999999967e-01 
    1275             5      1.0000000000000000e+00 
    1275            30     -1.0000000000000000e+00 
    1275            35     -9.9999999999999967e-01 
    1275            36      9.9999999999999922e-01 
    1275            38      1.9999999999999993e+00 
    1275            48      5.0000000000000089e-01 
    1275            56     -9.9999999999999900e-01 
    1275            65      5.0000000000000144e-01 
    1275            66      9.9999999999999856e-01 
    1275            68      1.9999999999999980e+00 
    1275            71      9.9999999999999933e-01 
    1275            86      5.0000000000000044e-01 
    1275            98     -9.9999999999999889e-01 
    1275           111      5.0000000000000089e-01 
    1275           126      9.9999999999999845e-01 
    1275           128      1.9999999999999978e+00 
    1275           131      9.9999999999999922e-01 
    1276            63     -1.4142135623730940e+00 
    1279           202      1.2247448713915874e+00 
    1280             6      9.9999999999999933e-01 
    1280            50     -9.9999999999999944e-01 
    1280            60      9.9999999999999911e-01 
    1280            44      1.9999999999999989e+00 
    1280            47      9.9999999999999922e-01 
    1280           207     -9.9999999999999933e-01 
    1280           237      1.9999999999999987e+00 
    1281           202      7.0710678118654635e-01 
    1281           217     -1.4142135623730927e+00 
    1283           198     -9.9999999999999822e-01 
    1285             3     -1.4142135623730940e+00 
    1285            32      1.4142135623730940e+00 
    1285            29     -2.8284271247461881e+00 
    1285           189      1.4142135623730940e+00 
    1285           234     -2.8284271247461881e+00 
    1285            39     -1.4142135623730938e+00 
    1286           184     -9.9999999999999900e-01 
    1286           214      1.9999999999999980e+00 
    1288           180     -9.9999999999999878e-01 
    1288           195      1.9999999999999976e+00 
    1293           203      1.4999999999999973e+00 
    1294             7      1.2247448713915881e+00 
    1294            61     -1.2247448713915885e+00 
    1294            54      1.2247448713915881e+00 
    1294            49      1.2247448713915876e+00 
    1294           208     -1.2247448713915881e+00 
    1294           238      2.4494897427831761e+00 
    1294            51      1.2247448713915878e+00 
    1295           203      8.6602540378443715e-01 
    1295           218     -1.7320508075688743e+00 
    1297           199     -1.2247448713915865e+00 
    1299           185      1.2247448713915874e+00 
    1300           181      1.2247448713915865e+00 
    1302            64     -9.9999999999999956e-01 
    1305           203      8.6602540378443704e-01 
    1306             7      7.0710678118654724e-01 
    1306            61      7.0710678118654702e-01 
    1306            54      7.0710678118654713e-01 
    1306            43     -1.4142135623730936e+00 
    1306            49      7.0710678118654691e-01 
    1306           208     -7.0710678118654724e-01 
    1306           238      1.4142135623730945e+00 
    1306            51      7.0710678118654702e-01 
    1307           203      4.9999999999999906e-01 
    1307           218     -9.9999999999999811e-01 
    1309           199     -7.0710678118654613e-01 
    1311             4     -9.9999999999999956e-01 
    1311            28      1.9999999999999978e+00 
    1311            31     -9.9999999999999900e-01 
    1311           190      9.9999999999999956e-01 
    1311           235     -1.9999999999999991e+00 
    1311            40     -9.9999999999999933e-01 
    1311            33     -9.9999999999999922e-01 
    1312           185     -7.0710678118654668e-01 
    1312           215      1.4142135623730934e+00 
    1314           181     -7.0710678118654646e-01 
    1314           196      1.4142135623730929e+00 
    1317           204      1.2247448713915878e+00 
    1318             8      9.9999999999999933e-01 
    1318            45      9.9999999999999800e-01 
    1318            53     -9.9999999999999911e-01 
    1318            57      9.9999999999999867e-01 
    1318            59      1.9999999999999982e+00 
    1318           209     -9.9999999999999933e-01 
    1318           239      1.9999999999999987e+00 
    1319           204      7.0710678118654680e-01 
    1319           219     -1.4142135623730936e+00 
    1321           200     -9.9999999999999889e-01 
    1323           151     -1.2247448713915874e+00 
    1323           186      1.2247448713915885e+00 
    1324           147     -1.2247448713915865e+00 
    1324           182      1.2247448713915878e+00 
    1326            20      2.0000000000000004e+00 
    1326           251      1.0000000000000000e+00 
    1326             0      9.9999999999999967e-01 
    1326             2      1.9999999999999996e+00 
    1326            23     -9.9999999999999933e-01 
    1326            24      1.9999999999999987e+00 
    1326            26      9.9999999999999967e-01 
    1326             5      1.0000000000000000e+00 
    1326            30      9.9999999999999889e-01 
    1326            35     -9.9999999999999967e-01 
    1326           156     -9.9999999999999933e-01 
    1326           173     -1.9999999999999996e+00 
    1326           191     -1.0000000000000000e+00 
    1326            36      9.9999999999999922e-01 
    1326            38      1.9999999999999993e+00 
    1326           231      1.9999999999999987e+00 
    1326           233      3.9999999999999991e+00 
    1326           236      2.0000000000000000e+00 
    1328            63     -1.4142135623730940e+00 
    1330           122     -8.6602540378443726e-01 
    1330           207      8.6602540378443726e-01 
    1331           154      7.0710678118654668e-01 
    1331           217     -1.4142135623730934e+00 
    1332             6      9.9999999999999933e-01 
    1332            50     -9.9999999999999944e-01 
    1332            60      9.9999999999999911e-01 
    1332            44      1.9999999999999989e+00 
    1332            47      9.9999999999999922e-01 
    1332           122     -4.9999999999999944e-01 
    1332           207     -4.9999999999999950e-01 
    1332           132      9.9999999999999889e-01 
    1332           237      9.9999999999999900e-01 
    1333           202      7.0710678118654646e-01 
    1333           217     -1.4142135623730929e+00 
    1334           118      7.0710678118654657e-01 
    1335           198      7.0710678118654657e-01 
    1336           153     -9.9999999999999878e-01 
    1336           214      1.9999999999999976e+00 
    1337             3     -1.4142135623730940e+00 
    1337            32      1.4142135623730940e+00 
    1337            29     -2.8284271247461881e+00 
    1337            39     -1.4142135623730938e+00 
    1337           109      7.0710678118654668e-01 
    1337           189      7.0710678118654680e-01 
    1337           129     -1.4142135623730934e+00 
    1337           234     -1.4142135623730936e+00 
    1338           184     -9.9999999999999933e-01 
    1338           214      1.9999999999999987e+00 
    1339           105      7.0710678118654691e-01 
    1339           115     -1.4142135623730938e+00 
    1340           180      7.0710678118654691e-01 
    1340           195     -1.4142135623730938e+00 
    1344           123     -1.0606601717798196e+00 
    1344           208      1.0606601717798196e+00 
    1345           170      8.6602540378443749e-01 
    1345           218     -1.7320508075688750e+00 
    1346             7      1.2247448713915881e+00 
    1346            61     -1.2247448713915885e+00 
    1346            54      1.2247448713915881e+00 
    1346            49      1.2247448713915876e+00 
    1346            51      1.2247448713915878e+00 
    1346           123     -6.1237243569579380e-01 
    1346           208     -6.1237243569579380e-01 
    1346           133      1.2247448713915876e+00 
    1346           238      1.2247448713915876e+00 
    1347           203      8.6602540378443726e-01 
    1347           218     -1.7320508075688745e+00 
    1348           119      8.6602540378443726e-01 
    1349           199      8.6602540378443738e-01 
    1350           110     -8.6602540378443804e-01 
    1350           190      8.6602540378443804e-01 
    1351           106     -8.6602540378443726e-01 
    1352           181     -8.6602540378443738e-01 
    1354            64     -9.9999999999999956e-01 
    1356           123     -6.1237243569579369e-01 
    1356           208      6.1237243569579380e-01 
    1357           170      4.9999999999999950e-01 
    1357           218     -9.9999999999999900e-01 
    1358             7      7.0710678118654724e-01 
    1358            61      7.0710678118654702e-01 
    1358            54      7.0710678118654713e-01 
    1358            43     -1.4142135623730936e+00 
    1358            49      7.0710678118654691e-01 
    1358            51      7.0710678118654702e-01 
    1358           123     -3.5355339059327345e-01 
    1358           208     -3.5355339059327351e-01 
    1358           133      7.0710678118654691e-01 
    1358           238      7.0710678118654702e-01 
    1359           203      4.9999999999999917e-01 
    1359           218     -9.9999999999999833e-01 
    1360           119      4.9999999999999922e-01 
    1361           199      4.9999999999999928e-01 
    1362           169     -7.0710678118654680e-01 
    1362           215      1.4142135623730936e+00 
    1363             4     -9.9999999999999956e-01 
    1363            28      1.9999999999999978e+00 
    1363            31     -9.9999999999999900e-01 
    1363            40     -9.9999999999999933e-01 
    1363            33     -9.9999999999999922e-01 
    1363           110      4.9999999999999950e-01 
    1363           190      4.9999999999999961e-01 
    1363           130     -9.9999999999999900e-01 
    1363           235     -9.9999999999999922e-01 
    1364           185     -7.0710678118654680e-01 
    1364           215      1.4142135623730936e+00 
    1365           106      4.9999999999999944e-01 
    1365           116     -9.9999999999999889e-01 
    1366           181      4.9999999999999950e-01 
    1366           196     -9.9999999999999900e-01 
    1368           124     -8.6602540378443726e-01 
    1368           209      8.6602540378443726e-01 
    1369           187      7.0710678118654668e-01 
    1369           219     -1.4142135623730934e+00 
    1370             8      9.9999999999999933e-01 
    1370            45      9.9999999999999800e-01 
    1370            53     -9.9999999999999911e-01 
    1370            57      9.9999999999999867e-01 
    1370            59      1.9999999999999982e+00 
    1370           124     -4.9999999999999944e-01 
    1370           209     -4.9999999999999950e-01 
    1370           134      9.9999999999999889e-01 
    1370           239      9.9999999999999900e-01 
    1371           204      7.0710678118654691e-01 
    1371           219     -1.4142135623730938e+00 
    1372           120      7.0710678118654702e-01 
    1373           200      7.0710678118654702e-01 
    1374            86      8.6602540378443826e-01 
    1374           111     -8.6602540378443915e-01 
    1374           156     -8.6602540378443738e-01 
    1374           191      8.6602540378443826e-01 
    1375            82      8.6602540378443726e-01 
    1375           107     -8.6602540378443826e-01 
    1376           147      8.6602540378443738e-01 
    1376           182     -8.6602540378443826e-01 
    1377            19     -1.4142135623730945e+00 
    1377           250     -1.4142135623730943e+00 
    1377           151      7.0710678118654668e-01 
    1377           168      1.4142135623730940e+00 
    1377           186      7.0710678118654713e-01 
    1377           211     -1.4142135623730934e+00 
    1377           213     -2.8284271247461881e+00 
    1377           216     -1.4142135623730943e+00 
    1378            14      9.9999999999999967e-01 
    1378            20      1.0000000000000000e+00 
    1378           230      9.9999999999999956e-01 
    1378           245      9.9999999999999956e-01 
    1378             0      9.9999999999999967e-01 
    1378             2      1.9999999999999996e+00 
    1378            23     -9.9999999999999933e-01 
    1378            24      1.9999999999999987e+00 
    1378            26      9.9999999999999967e-01 
    1378             5      1.0000000000000000e+00 
    1378            30      9.9999999999999889e-01 
    1378            35     -9.9999999999999967e-01 
    1378            36      9.9999999999999922e-01 
    1378            38      1.9999999999999993e+00 
    1378            86     -4.9999999999999944e-01 
    1378            98     -9.9999999999999933e-01 
    1378           111     -4.9999999999999978e-01 
    1378           156     -4.9999999999999950e-01 
    1378           173     -9.9999999999999956e-01 
    1378           191     -4.9999999999999983e-01 
    1378           126      9.9999999999999889e-01 
    1378           128      1.9999999999999987e+00 
    1378           131      9.9999999999999956e-01 
    1378           231      9.9999999999999900e-01 
    1378           233      1.9999999999999991e+00 
    1378           236      9.9999999999999967e-01 
    1381            63     -1.4142135623730940e+00 
    1382           154     -1.2247448713915865e+00 
    1384           154      7.0710678118654680e-01 
    1384           217     -1.4142135623730936e+00 
    1385             6      9.9999999999999933e-01 
    1385            50     -9.9999999999999944e-01 
    1385            60      9.9999999999999911e-01 
    1385            44      1.9999999999999989e+00 
    1385            47      9.9999999999999922e-01 
    1385           122     -9.9999999999999933e-01 
    1385           132      1.9999999999999987e+00 
    1387           118     -9.9999999999999856e-01 
    1389           153     -9.9999999999999900e-01 
    1389           214      1.9999999999999980e+00 
    1390             3     -1.4142135623730940e+00 
    1390            32      1.4142135623730940e+00 
    1390            29     -2.8284271247461881e+00 
    1390            39     -1.4142135623730938e+00 
    1390           109      1.4142135623730940e+00 
    1390           129     -2.8284271247461881e+00 
    1392           105     -9.9999999999999900e-01 
    1392           115      1.9999999999999980e+00 
    1396           170     -1.4999999999999971e+00 
    1398           170      8.6602540378443771e-01 
    1398           218     -1.7320508075688754e+00 
    1399             7      1.2247448713915881e+00 
    1399            61     -1.2247448713915885e+00 
    1399            54      1.2247448713915881e+00 
    1399            49      1.2247448713915876e+00 
    1399            51      1.2247448713915878e+00 
    1399           123     -1.2247448713915881e+00 
    1399           133      2.4494897427831761e+00 
    1401           119     -1.2247448713915872e+00 
    1402           169     -1.2247448713915876e+00 
    1404           106      1.2247448713915869e+00 
    1407            64     -9.9999999999999956e-01 
    1408           170     -8.6602540378443726e-01 
    1410           170      4.9999999999999967e-01 
    1410           218     -9.9999999999999933e-01 
    1411             7      7.0710678118654724e-01 
    1411            61      7.0710678118654702e-01 
    1411            54      7.0710678118654713e-01 
    1411            43     -1.4142135623730936e+00 
    1411            49      7.0710678118654691e-01 
    1411            51      7.0710678118654702e-01 
    1411           123     -7.0710678118654724e-01 
    1411           133      1.4142135623730945e+00 
    1413           119     -7.0710678118654635e-01 
    1415           169     -7.0710678118654691e-01 
    1415           215      1.4142135623730938e+00 
    1416             4     -9.9999999999999956e-01 
    1416            28      1.9999999999999978e+00 
    1416            31     -9.9999999999999900e-01 
    1416            40     -9.9999999999999933e-01 
    1416            33     -9.9999999999999922e-01 
    1416           110      9.9999999999999956e-01 
    1416           130     -1.9999999999999991e+00 
    1418           106     -7.0710678118654668e-01 
    1418           116      1.4142135623730934e+00 
    1420           187     -1.2247448713915865e+00 
    1422           187      7.0710678118654680e-01 
    1422           219     -1.4142135623730936e+00 
    1423             8      9.9999999999999933e-01 
    1423            45      9.9999999999999800e-01 
    1423            53     -9.9999999999999911e-01 
    1423            57      9.9999999999999867e-01 
    1423            59      1.9999999999999982e+00 
    1423           124     -9.9999999999999933e-01 
    1423           134      1.9999999999999987e+00 
    1425           120     -9.9999999999999922e-01 
    1426           151      1.2247448713915869e+00 
    1426           186     -1.2247448713915878e+00 
    1428            82     -1.2247448713915869e+00 
    1428           107      1.2247448713915883e+00 
    1429           230      1.0000000000000002e+00 
    1430            19     -1.4142135623730949e+00 
    1430           225     -1.4142135623730945e+00 
    1430           151      7.0710678118654680e-01 
    1430           168      1.4142135623730943e+00 
    1430           186      7.0710678118654724e-01 
    1430           211     -1.4142135623730936e+00 
    1430           213     -2.8284271247461885e+00 
    1430           216     -1.4142135623730945e+00 
    1431            14      2.0000000000000004e+00 
    1431           140      1.0000000000000000e+00 
    1431             0      9.9999999999999967e-01 
    1431             2      1.9999999999999996e+00 
    1431            23     -9.9999999999999933e-01 
    1431            24      1.9999999999999987e+00 
    1431            26      9.9999999999999967e-01 
    1431             5      1.0000000000000000e+00 
    1431            30      9.9999999999999889e-01 
    1431            35     -9.9999999999999967e-01 
    1431            36      9.9999999999999922e-01 
    1431            38      1.9999999999999993e+00 
    1431            86     -9.9999999999999933e-01 
    1431            98     -1.9999999999999996e+00 
    1431           111     -1.0000000000000000e+00 
    1431           126      1.9999999999999987e+00 
    1431           128      3.9999999999999991e+00 
    1431           131      2.0000000000000000e+00 
    1432           180     -9.9999999999999845e-01 
    1432           149     -9.9999999999999845e-01 
    1433           105      7.0710678118654668e-01 
    1433            84      7.0710678118654668e-01 
    1435            10     -8.6602540378443738e-01 
    1435            88      8.6602540378443749e-01 
    1435           102     -8.6602540378443738e-01 
    1435            78     -1.7320508075688750e+00 
    1435            81     -8.6602540378443726e-01 
    1435            85     -8.6602540378443726e-01 
    1435           226      8.6602540378443704e-01 
    1435           241     -8.6602540378443726e-01 
    1436            15      7.0710678118654635e-01 
    1436           158     -7.0710678118654635e-01 
    1436           177      7.0710678118654613e-01 
    1436           198     -1.4142135623730920e+00 
    1436           143      1.4142135623730927e+00 
    1436           146      7.0710678118654624e-01 
    1436           150      7.0710678118654624e-01 
    1436           246      7.0710678118654624e-01 
    1437            10     -4.9999999999999939e-01 
    1437            88      4.9999999999999939e-01 
    1437           102     -4.9999999999999922e-01 
    1437           118      9.9999999999999845e-01 
    1437            78     -9.9999999999999878e-01 
    1437            81     -4.9999999999999928e-01 
    1437            85     -4.9999999999999928e-01 
    1437           226     -4.9999999999999922e-01 
    1437           241     -4.9999999999999928e-01 
    1438           221      7.0710678118654668e-01 
    1439             6      7.0710678118654702e-01 
    1439            50     -7.0710678118654702e-01 
    1439            60      7.0710678118654657e-01 
    1439            44      1.4142135623730940e+00 
    1439            47      7.0710678118654691e-01 
    1439           207     -1.4142135623730931e+00 
    1439           237      7.0710678118654668e-01 
    1439            72      7.0710678118654691e-01 
    1440           202     -1.4142135623730923e+00 
    1440           217      7.0710678118654624e-01 
    1441           149     -9.9999999999999845e-01 
    1441           195      1.9999999999999969e+00 
    1442            84      7.0710678118654668e-01 
    1442           115     -1.4142135623730934e+00 
    1444             3     -1.4142135623730940e+00 
    1444            32      1.4142135623730940e+00 
    1444            29     -2.8284271247461881e+00 
    1444            39     -1.4142135623730938e+00 
    1444            63      7.0710678118654668e-01 
    1444           189      7.0710678118654657e-01 
    1444            69     -1.4142135623730934e+00 
    1444           234     -1.4142135623730931e+00 
    1445           184      7.0710678118654657e-01 
    1445           214     -1.4142135623730931e+00 
    1446           180     -9.9999999999999911e-01 
    1446           195      1.9999999999999982e+00 
    1447           106      8.6602540378443782e-01 
    1447            95     -8.6602540378443782e-01 
    1449            11     -1.0606601717798199e+00 
    1449           103      1.0606601717798201e+00 
    1449            92     -1.0606601717798199e+00 
    1449            96     -1.0606601717798196e+00 
    1449            87     -1.0606601717798194e+00 
    1449           227      1.0606601717798192e+00 
    1449           242     -1.0606601717798196e+00 
    1449            89     -1.0606601717798196e+00 
    1450            16      8.6602540378443704e-01 
    1450           178     -8.6602540378443738e-01 
    1450           199     -1.7320508075688736e+00 
    1450           162      8.6602540378443715e-01 
    1450           166      8.6602540378443693e-01 
    1450           157      8.6602540378443682e-01 
    1450           247      8.6602540378443704e-01 
    1450           159      8.6602540378443693e-01 
    1451            11     -6.1237243569579369e-01 
    1451           103      6.1237243569579380e-01 
    1451           119      1.2247448713915869e+00 
    1451            92     -6.1237243569579369e-01 
    1451            96     -6.1237243569579358e-01 
    1451            87     -6.1237243569579347e-01 
    1451           227     -6.1237243569579369e-01 
    1451           242     -6.1237243569579358e-01 
    1451            89     -6.1237243569579358e-01 
    1452           222      8.6602540378443749e-01 
    1453             7      8.6602540378443782e-01 
    1453            61     -8.6602540378443815e-01 
    1453            54      8.6602540378443793e-01 
    1453            49      8.6602540378443760e-01 
    1453           208     -1.7320508075688748e+00 
    1453           238      8.6602540378443738e-01 
    1453            73      8.6602540378443771e-01 
    1453            51      8.6602540378443771e-01 
    1454           203     -1.7320508075688736e+00 
    1454           218      8.6602540378443682e-01 
    1455            95     -8.6602540378443782e-01 
    1456            64     -8.6602540378443793e-01 
    1456           190      8.6602540378443738e-01 
    1457           185      8.6602540378443660e-01 
    1458           181     -7.0710678118654657e-01 
    1458           165     -7.0710678118654657e-01 
    1459           106      4.9999999999999950e-01 
    1459            95      4.9999999999999950e-01 
    1461            11     -6.1237243569579380e-01 
    1461           103     -6.1237243569579358e-01 
    1461            92     -6.1237243569579369e-01 
    1461            96     -6.1237243569579369e-01 
    1461            77      1.2247448713915869e+00 
    1461            87     -6.1237243569579347e-01 
    1461           227      6.1237243569579347e-01 
    1461           242     -6.1237243569579369e-01 
    1461            89     -6.1237243569579358e-01 
    1462            16      4.9999999999999928e-01 
    1462           178      4.9999999999999917e-01 
    1462           199     -9.9999999999999822e-01 
    1462           162      4.9999999999999922e-01 
    1462           166      4.9999999999999922e-01 
    1462           142     -9.9999999999999800e-01 
    1462           157      4.9999999999999906e-01 
    1462           247      4.9999999999999922e-01 
    1462           159      4.9999999999999911e-01 
    1463            11     -3.5355339059327340e-01 
    1463           103     -3.5355339059327340e-01 
    1463           119      7.0710678118654657e-01 
    1463            92     -3.5355339059327334e-01 
    1463            96     -3.5355339059327334e-01 
    1463            77      7.0710678118654646e-01 
    1463            87     -3.5355339059327323e-01 
    1463           227     -3.5355339059327340e-01 
    1463           242     -3.5355339059327334e-01 
    1463            89     -3.5355339059327329e-01 
    1464           222      4.9999999999999933e-01 
    1465             7      4.9999999999999978e-01 
    1465            61      4.9999999999999961e-01 
    1465            54      4.9999999999999967e-01 
    1465            43     -9.9999999999999889e-01 
    1465            49      4.9999999999999950e-01 
    1465           208     -9.9999999999999889e-01 
    1465           238      4.9999999999999950e-01 
    1465            73      4.9999999999999967e-01 
    1465            51      4.9999999999999961e-01 
    1466           203     -9.9999999999999778e-01 
    1466           218      4.9999999999999900e-01 
    1467           165     -7.0710678118654657e-01 
    1467           196      1.4142135623730931e+00 
    1468            95      4.9999999999999950e-01 
    1468           116     -9.9999999999999900e-01 
    1470             4     -9.9999999999999956e-01 
    1470            28      1.9999999999999978e+00 
    1470            31     -9.9999999999999900e-01 
    1470            40     -9.9999999999999933e-01 
    1470            33     -9.9999999999999922e-01 
    1470            64      4.9999999999999950e-01 
    1470           190      4.9999999999999944e-01 
    1470            70     -9.9999999999999900e-01 
    1470           235     -9.9999999999999889e-01 
    1471           185      4.9999999999999922e-01 
    1471           215     -9.9999999999999845e-01 
    1472           181     -7.0710678118654668e-01 
    1472           196      1.4142135623730934e+00 
    1473            12     -8.6602540378443738e-01 
    1473           108     -8.6602540378443726e-01 
    1473            79     -8.6602540378443649e-01 
    1473            91      8.6602540378443715e-01 
    1473            99     -8.6602540378443682e-01 
    1473           101     -1.7320508075688743e+00 
    1473           228      8.6602540378443704e-01 
    1473           243     -8.6602540378443726e-01 
    1474            17      7.0710678118654635e-01 
    1474           200     -1.4142135623730920e+00 
    1474           183      7.0710678118654624e-01 
    1474           144      7.0710678118654546e-01 
    1474           161     -7.0710678118654613e-01 
    1474           174      7.0710678118654580e-01 
    1474           176      1.4142135623730923e+00 
    1474           248      7.0710678118654624e-01 
    1475            12     -4.9999999999999939e-01 
    1475           120      9.9999999999999845e-01 
    1475           108     -4.9999999999999928e-01 
    1475            79     -4.9999999999999872e-01 
    1475            91      4.9999999999999922e-01 
    1475            99     -4.9999999999999900e-01 
    1475           101     -9.9999999999999845e-01 
    1475           228     -4.9999999999999922e-01 
    1475           243     -4.9999999999999928e-01 
    1476           223      7.0710678118654713e-01 
    1477             8      7.0710678118654702e-01 
    1477            45      7.0710678118654591e-01 
    1477            53     -7.0710678118654680e-01 
    1477            57      7.0710678118654646e-01 
    1477            59      1.4142135623730936e+00 
    1477           209     -1.4142135623730931e+00 
    1477           239      7.0710678118654668e-01 
    1477            74      7.0710678118654691e-01 
    1478           204     -1.4142135623730931e+00 
    1478           219      7.0710678118654657e-01 
    1479            82      8.6602540378443738e-01 
    1479           107     -8.6602540378443804e-01 
    1480            48      8.6602540378443804e-01 
    1480            65     -8.6602540378443893e-01 
    1480           156     -8.6602540378443671e-01 
    1480           191      8.6602540378443760e-01 
    1481           151     -8.6602540378443660e-01 
    1481           186      8.6602540378443749e-01 
    1482            18     -1.4142135623730940e+00 
    1482           249     -1.4142135623730938e+00 
    1482           147      7.0710678118654646e-01 
    1482           164      1.4142135623730936e+00 
    1482           182      7.0710678118654680e-01 
    1482           192     -1.4142135623730929e+00 
    1482           194     -2.8284271247461872e+00 
    1482           197     -1.4142135623730936e+00 
    1483            13      9.9999999999999967e-01 
    1483           229      9.9999999999999956e-01 
    1483           244      9.9999999999999956e-01 
    1483            82     -4.9999999999999944e-01 
    1483            94     -9.9999999999999933e-01 
    1483           107     -4.9999999999999972e-01 
    1483           112      9.9999999999999889e-01 
    1483           114      1.9999999999999987e+00 
    1483           117      9.9999999999999944e-01 
    1484           224     -1.4142135623730945e+00 
    1485            20      1.0000000000000000e+00 
    1485             9      9.9999999999999967e-01 
    1485           210      9.9999999999999889e-01 
    1485           240      9.9999999999999922e-01 
    1485             0      9.9999999999999967e-01 
    1485             2      1.9999999999999996e+00 
    1485            23     -9.9999999999999933e-01 
    1485            24      1.9999999999999987e+00 
    1485            26      9.9999999999999967e-01 
    1485             5      1.0000000000000000e+00 
    1485            30      9.9999999999999889e-01 
    1485            35     -9.9999999999999967e-01 
    1485            36      9.9999999999999922e-01 
    1485            38      1.9999999999999993e+00 
    1485            48     -4.9999999999999944e-01 
    1485            56     -9.9999999999999933e-01 
    1485            65     -4.9999999999999978e-01 
    1485           156     -4.9999999999999939e-01 
    1485           173     -9.9999999999999922e-01 
    1485           191     -4.9999999999999967e-01 
    1485            66      9.9999999999999889e-01 
    1485            68      1.9999999999999987e+00 
    1485            71      9.9999999999999956e-01 
    1485           231      9.9999999999999878e-01 
    1485           233      1.9999999999999984e+00 
    1485           236      9.9999999999999933e-01 
    1487           180      7.0710678118654668e-01 
    1487           149      7.0710678118654668e-01 
    1488           105     -9.9999999999999878e-01 
    1488            84     -9.9999999999999878e-01 
    1489            15      8.6602540378443726e-01 
    1489           158     -8.6602540378443738e-01 
    1489           177      8.6602540378443726e-01 
    1489           221     -8.6602540378443749e-01 
    1489           143      1.7320508075688748e+00 
    1489           146      8.6602540378443715e-01 
    1489           150      8.6602540378443715e-01 
    1489           155      8.6602540378443726e-01 
    1490           226      7.0710678118654657e-01 
    1491            15     -4.9999999999999939e-01 
    1491           158      4.9999999999999944e-01 
    1491           177     -4.9999999999999933e-01 
    1491           198      9.9999999999999856e-01 
    1491           221     -4.9999999999999922e-01 
    1491           143     -9.9999999999999889e-01 
    1491           146     -4.9999999999999933e-01 
    1491           150     -4.9999999999999933e-01 
    1491           155     -4.9999999999999933e-01 
    1492            10      7.0710678118654657e-01 
    1492            88     -7.0710678118654657e-01 
    1492           102      7.0710678118654635e-01 
    1492           118     -1.4142135623730929e+00 
    1492            78      1.4142135623730931e+00 
    1492            81      7.0710678118654646e-01 
    1492            85      7.0710678118654646e-01 
    1492           136      7.0710678118654646e-01 
    1493           154     -1.4142135623730929e+00 
    1493           217      7.0710678118654646e-01 
    1494             6      7.0710678118654702e-01 
    1494            50     -7.0710678118654702e-01 
    1494            60      7.0710678118654657e-01 
    1494            44      1.4142135623730940e+00 
    1494            47      7.0710678118654691e-01 
    1494            72      7.0710678118654691e-01 
    1494           122     -1.4142135623730938e+00 
    1494           132      7.0710678118654691e-01 
    1496           149      7.0710678118654668e-01 
    1496           195     -1.4142135623730934e+00 
    1497            84     -9.9999999999999878e-01 
    1497           115      1.9999999999999976e+00 
    1498           153      7.0710678118654635e-01 
    1498           214     -1.4142135623730927e+00 
    1499             3     -1.4142135623730940e+00 
    1499            32      1.4142135623730940e+00 
    1499            29     -2.8284271247461881e+00 
    1499            39     -1.4142135623730938e+00 
    1499            63      7.0710678118654668e-01 
    1499            69     -1.4142135623730934e+00 
    1499           109      7.0710678118654680e-01 
    1499           129     -1.4142135623730936e+00 
    1500           105     -9.9999999999999933e-01 
    1500           115      1.9999999999999987e+00 
    1501           181     -8.6602540378443771e-01 
    1501           165      8.6602540378443771e-01 
    1503            16      1.0606601717798196e+00 
    1503           178     -1.0606601717798199e+00 
    1503           222     -1.0606601717798196e+00 
    1503           162      1.0606601717798196e+00 
    1503           166      1.0606601717798194e+00 
    1503           171      1.0606601717798194e+00 
    1503           157      1.0606601717798192e+00 
    1503           159      1.0606601717798194e+00 
    1504           227      8.6602540378443738e-01 
    1505            16     -6.1237243569579369e-01 
    1505           178      6.1237243569579380e-01 
    1505           199      1.2247448713915869e+00 
    1505           222     -6.1237243569579347e-01 
    1505           162     -6.1237243569579369e-01 
    1505           166     -6.1237243569579358e-01 
    1505           171     -6.1237243569579358e-01 
    1505           157     -6.1237243569579347e-01 
    1505           159     -6.1237243569579358e-01 
    1506            11      8.6602540378443738e-01 
    1506           103     -8.6602540378443771e-01 
    1506           119     -1.7320508075688741e+00 
    1506            92      8.6602540378443749e-01 
    1506            96      8.6602540378443726e-01 
    1506            87      8.6602540378443715e-01 
    1506           137      8.6602540378443738e-01 
    1506            89      8.6602540378443726e-01 
    1507           170     -1.7320508075688743e+00 
    1507           218      8.6602540378443715e-01 
    1508             7      8.6602540378443782e-01 
    1508            61     -8.6602540378443815e-01 
    1508            54      8.6602540378443793e-01 
    1508            49      8.6602540378443760e-01 
    1508            73      8.6602540378443771e-01 
    1508            51      8.6602540378443771e-01 
    1508           123     -1.7320508075688754e+00 
    1508           133      8.6602540378443771e-01 
    1509           165      8.6602540378443771e-01 
    1510           169      8.6602540378443726e-01 
    1511            64     -8.6602540378443793e-01 
    1511           110      8.6602540378443793e-01 
    1513           181      4.9999999999999956e-01 
    1513           165      4.9999999999999956e-01 
    1514           106     -7.0710678118654680e-01 
    1514            95     -7.0710678118654680e-01 
    1515            16      6.1237243569579369e-01 
    1515           178      6.1237243569579347e-01 
    1515           222     -6.1237243569579380e-01 
    1515           162      6.1237243569579358e-01 
    1515           166      6.1237243569579358e-01 
    1515           171      6.1237243569579369e-01 
    1515           142     -1.2247448713915867e+00 
    1515           157      6.1237243569579336e-01 
    1515           159      6.1237243569579347e-01 
    1516           227      4.9999999999999944e-01 
    1517            16     -3.5355339059327345e-01 
    1517           178     -3.5355339059327340e-01 
    1517           199      7.0710678118654657e-01 
    1517           222     -3.5355339059327340e-01 
    1517           162     -3.5355339059327334e-01 
    1517           166     -3.5355339059327334e-01 
    1517           171     -3.5355339059327334e-01 
    1517           142      7.0710678118654646e-01 
    1517           157     -3.5355339059327323e-01 
    1517           159     -3.5355339059327329e-01 
    1518            11      4.9999999999999944e-01 
    1518           103      4.9999999999999933e-01 
    1518           119     -9.9999999999999867e-01 
    1518            92      4.9999999999999939e-01 
    1518            96      4.9999999999999939e-01 
    1518            77     -9.9999999999999845e-01 
    1518            87      4.9999999999999922e-01 
    1518           137      4.9999999999999939e-01 
    1518            89      4.9999999999999928e-01 
    1519           170     -9.9999999999999867e-01 
    1519           218      4.9999999999999939e-01 
    1520             7      4.9999999999999978e-01 
    1520            61      4.9999999999999961e-01 
    1520            54      4.9999999999999967e-01 
    1520            43     -9.9999999999999889e-01 
    1520            49      4.9999999999999950e-01 
    1520            73      4.9999999999999967e-01 
    1520            51      4.9999999999999961e-01 
    1520           123     -9.9999999999999933e-01 
    1520           133      4.9999999999999967e-01 
    1522           165      4.9999999999999956e-01 
    1522           196     -9.9999999999999911e-01 
    1523            95     -7.0710678118654680e-01 
    1523           116      1.4142135623730936e+00 
    1524           169      4.9999999999999933e-01 
    1524           215     -9.9999999999999867e-01 
    1525             4     -9.9999999999999956e-01 
    1525            28      1.9999999999999978e+00 
    1525            31     -9.9999999999999900e-01 
    1525            40     -9.9999999999999933e-01 
    1525            33     -9.9999999999999922e-01 
    1525            64      4.9999999999999950e-01 
    1525            70     -9.9999999999999900e-01 
    1525           110      4.9999999999999961e-01 
    1525           130     -9.9999999999999922e-01 
    1526           106     -7.0710678118654680e-01 
    1526           116      1.4142135623730936e+00 
    1527            17      8.6602540378443726e-01 
    1527           223     -8.6602540378443749e-01 
    1527           183      8.6602540378443715e-01 
    1527           188      8.6602540378443726e-01 
    1527           144      8.6602540378443638e-01 
    1527           161     -8.6602540378443704e-01 
    1527           174      8.6602540378443671e-01 
    1527           176      1.7320508075688741e+00 
    1528           228      7.0710678118654657e-01 
    1529            17     -4.9999999999999939e-01 
    1529           200      9.9999999999999856e-01 
    1529           223     -4.9999999999999922e-01 
    1529           183     -4.9999999999999933e-01 
    1529           188     -4.9999999999999933e-01 
    1529           144     -4.9999999999999867e-01 
    1529           161      4.9999999999999928e-01 
    1529           174     -4.9999999999999906e-01 
    1529           176     -9.9999999999999856e-01 
    1530            12      7.0710678118654657e-01 
    1530           120     -1.4142135623730929e+00 
    1530           108      7.0710678118654646e-01 
    1530            79      7.0710678118654546e-01 
    1530            91     -7.0710678118654635e-01 
    1530            99      7.0710678118654602e-01 
    1530           101      1.4142135623730927e+00 
    1530           138      7.0710678118654646e-01 
    1531           187     -1.4142135623730929e+00 
    1531           219      7.0710678118654646e-01 
    1532             8      7.0710678118654702e-01 
    1532            45      7.0710678118654591e-01 
    1532            53     -7.0710678118654680e-01 
    1532            57      7.0710678118654646e-01 
    1532            59      1.4142135623730936e+00 
    1532            74      7.0710678118654691e-01 
    1532           124     -1.4142135623730938e+00 
    1532           134      7.0710678118654691e-01 
    1533           147     -8.6602540378443726e-01 
    1533           182      8.6602540378443793e-01 
    1534           151     -8.6602540378443671e-01 
    1534           186      8.6602540378443749e-01 
    1535            48      8.6602540378443804e-01 
    1535            65     -8.6602540378443893e-01 
    1535            86     -8.6602540378443726e-01 
    1535           111      8.6602540378443826e-01 
    1536           229     -1.4142135623730945e+00 
    1537            18      9.9999999999999967e-01 
    1537           224      9.9999999999999956e-01 
    1537           206      9.9999999999999956e-01 
    1537           147     -4.9999999999999950e-01 
    1537           164     -9.9999999999999944e-01 
    1537           182     -4.9999999999999978e-01 
    1537           192      9.9999999999999900e-01 
    1537           194      1.9999999999999989e+00 
    1537           197      9.9999999999999956e-01 
    1538            13     -1.4142135623730945e+00 
    1538           139     -1.4142135623730943e+00 
    1538            82      7.0710678118654668e-01 
    1538            94      1.4142135623730940e+00 
    1538           107      7.0710678118654713e-01 
    1538           112     -1.4142135623730934e+00 
    1538           114     -2.8284271247461881e+00 
    1538           117     -1.4142135623730943e+00 
    1539            19      9.9999999999999933e-01 
    1539           205      9.9999999999999878e-01 
    1539           220      9.9999999999999889e-01 
    1539           151     -4.9999999999999922e-01 
    1539           168     -9.9999999999999889e-01 
    1539           186     -4.9999999999999956e-01 
    1539           211      9.9999999999999845e-01 
    1539           213      1.9999999999999978e+00 
    1539           216      9.9999999999999911e-01 
    1540            14      1.0000000000000000e+00 
    1540             9      9.9999999999999967e-01 
    1540           125      9.9999999999999956e-01 
    1540           135      9.9999999999999956e-01 
    1540             0      9.9999999999999967e-01 
    1540             2      1.9999999999999996e+00 
    1540            23     -9.9999999999999933e-01 
    1540            24      1.9999999999999987e+00 
    1540            26      9.9999999999999967e-01 
    1540             5      1.0000000000000000e+00 
    1540            30      9.9999999999999889e-01 
    1540            35     -9.9999999999999967e-01 
    1540            36      9.9999999999999922e-01 
    1540            38      1.9999999999999993e+00 
    1540            48     -4.9999999999999944e-01 
    1540            56     -9.9999999999999933e-01 
    1540            65     -4.9999999999999978e-01 
    1540            66      9.9999999999999889e-01 
    1540            68      1.9999999999999987e+00 
    1540            71      9.9999999999999956e-01 
    1540            86     -4.9999999999999950e-01 
    1540            98     -9.9999999999999956e-01 
    1540           111     -4.9999999999999983e-01 
    1540           126      9.9999999999999900e-01 
    1540           128      1.9999999999999991e+00 
    1540           131      9.9999999999999967e-01 
    1541           189     -1.4142135623730940e+00 
    1542           184      9.9999999999999900e-01 
    1542           153      9.9999999999999900e-01 
    1543           109     -1.4142135623730940e+00 
    1544           202      1.2247448713915865e+00 
    1544           154     -1.2247448713915865e+00 
    1545           207     -9.9999999999999933e-01 
    1546           202      7.0710678118654680e-01 
    1546           154      7.0710678118654680e-01 
    1547           122     -9.9999999999999933e-01 
    1548            15      9.9999999999999900e-01 
    1548           158     -9.9999999999999900e-01 
    1548           177      9.9999999999999867e-01 
    1548           198     -9.9999999999999900e-01 
    1548           143      1.9999999999999980e+00 
    1548           146      9.9999999999999878e-01 
    1548           150      1.9999999999999980e+00 
    1549            10      9.9999999999999922e-01 
    1549            88     -9.9999999999999922e-01 
    1549           102      9.9999999999999867e-01 
    1549           118     -9.9999999999999922e-01 
    1549            78      1.9999999999999984e+00 
    1549            81      9.9999999999999900e-01 
    1549            85      1.9999999999999984e+00 
    1553           149     -9.9999999999999878e-01 
    1553           195      1.9999999999999976e+00 
    1554            84     -9.9999999999999900e-01 
    1554           115      1.9999999999999980e+00 
    1555             3     -1.4142135623730940e+00 
    1555            32      1.4142135623730940e+00 
    1555            29     -2.8284271247461881e+00 
    1555            39     -1.4142135623730938e+00 
    1555            63      1.4142135623730940e+00 
    1555            69     -2.8284271247461881e+00 
    1556           185     -1.2247448713915876e+00 
    1556           169      1.2247448713915876e+00 
    1558           203      1.4999999999999971e+00 
    1558           170     -1.4999999999999971e+00 
    1559           208     -1.2247448713915881e+00 
    1560           203      8.6602540378443771e-01 
    1560           170      8.6602540378443771e-01 
    1561           123     -1.2247448713915881e+00 
    1562            16      1.2247448713915874e+00 
    1562           178     -1.2247448713915881e+00 
    1562           199     -1.2247448713915876e+00 
    1562           162      1.2247448713915876e+00 
    1562           166      2.4494897427831752e+00 
    1562           157      1.2247448713915872e+00 
    1562           159      1.2247448713915874e+00 
    1563            11      1.2247448713915878e+00 
    1563           103     -1.2247448713915883e+00 
    1563           119     -1.2247448713915878e+00 
    1563            92      1.2247448713915878e+00 
    1563            96      2.4494897427831757e+00 
    1563            87      1.2247448713915874e+00 
    1563            89      1.2247448713915876e+00 
    1565           165     -1.2247448713915874e+00 
    1566            95     -1.2247448713915876e+00 
    1567           190     -9.9999999999999956e-01 
    1568           185      7.0710678118654691e-01 
    1568           169      7.0710678118654691e-01 
    1569           110     -9.9999999999999956e-01 
    1570           203      8.6602540378443726e-01 
    1570           170     -8.6602540378443726e-01 
    1571           208     -7.0710678118654724e-01 
    1572           203      4.9999999999999967e-01 
    1572           170      4.9999999999999967e-01 
    1573           123     -7.0710678118654724e-01 
    1574            16      7.0710678118654691e-01 
    1574           178      7.0710678118654657e-01 
    1574           199     -7.0710678118654702e-01 
    1574           162      7.0710678118654691e-01 
    1574           166      1.4142135623730940e+00 
    1574           142     -1.4142135623730931e+00 
    1574           157      7.0710678118654668e-01 
    1574           159      7.0710678118654680e-01 
    1575            11      7.0710678118654713e-01 
    1575           103      7.0710678118654680e-01 
    1575           119     -7.0710678118654713e-01 
    1575            92      7.0710678118654702e-01 
    1575            96      1.4142135623730943e+00 
    1575            77     -1.4142135623730936e+00 
    1575            87      7.0710678118654680e-01 
    1575            89      7.0710678118654691e-01 
    1579           165     -7.0710678118654680e-01 
    1579           196      1.4142135623730936e+00 
    1580            95     -7.0710678118654691e-01 
    1580           116      1.4142135623730938e+00 
    1581             4     -9.9999999999999956e-01 
    1581            28      1.9999999999999978e+00 
    1581            31     -9.9999999999999900e-01 
    1581            40     -9.9999999999999933e-01 
    1581            33     -9.9999999999999922e-01 
    1581            64      9.9999999999999956e-01 
    1581            70     -1.9999999999999991e+00 
    1582           204      1.2247448713915865e+00 
    1582           187     -1.2247448713915865e+00 
    1583           209     -9.9999999999999933e-01 
    1584           204      7.0710678118654680e-01 
    1584           187      7.0710678118654680e-01 
    1585           124     -9.9999999999999933e-01 
    1586            17      9.9999999999999900e-01 
    1586           200     -9.9999999999999900e-01 
    1586           183      1.9999999999999980e+00 
    1586           144      9.9999999999999734e-01 
    1586           161     -9.9999999999999867e-01 
    1586           174      9.9999999999999822e-01 
    1586           176      1.9999999999999973e+00 
    1587            12      9.9999999999999922e-01 
    1587           120     -9.9999999999999922e-01 
    1587           108      1.9999999999999984e+00 
    1587            79      9.9999999999999767e-01 
    1587            91     -9.9999999999999889e-01 
    1587            99      9.9999999999999845e-01 
    1587           101      1.9999999999999978e+00 
    1589           147      1.2247448713915865e+00 
    1589           182     -1.2247448713915876e+00 
    1590            82      1.2247448713915867e+00 
    1590           107     -1.2247448713915876e+00 
    1591           210      1.0000000000000002e+00 
    1592           205     -1.4142135623730947e+00 
    1593           125      1.0000000000000002e+00 
    1594            18     -1.4142135623730945e+00 
    1594           201     -1.4142135623730943e+00 
    1594           147      7.0710678118654668e-01 
    1594           164      1.4142135623730940e+00 
    1594           182      7.0710678118654713e-01 
    1594           192     -1.4142135623730934e+00 
    1594           194     -2.8284271247461881e+00 
    1594           197     -1.4142135623730943e+00 
    1595            13     -1.4142135623730949e+00 
    1595           121     -1.4142135623730945e+00 
    1595            82      7.0710678118654680e-01 
    1595            94      1.4142135623730943e+00 
    1595           107      7.0710678118654724e-01 
    1595           112     -1.4142135623730936e+00 
    1595           114     -2.8284271247461885e+00 
    1595           117     -1.4142135623730945e+00 
    1596             9      2.0000000000000004e+00 
    1596            75      1.0000000000000000e+00 
    1596             0      9.9999999999999967e-01 
    1596             2      1.9999999999999996e+00 
    1596            23     -9.9999999999999933e-01 
    1596            24      1.9999999999999987e+00 
    1596            26      9.9999999999999967e-01 
    1596             5      1.0000000000000000e+00 
    1596            30      9.9999999999999889e-01 
    1596            35     -9.9999999999999967e-01 
    1596            36      9.9999999999999922e-01 
    1596            38      1.9999999999999993e+00 
    1596            48     -9.9999999999999933e-01 
    1596            56     -1.9999999999999996e+00 
    1596            65     -1.0000000000000000e+00 
    1596            66      1.9999999999999987e+00 
    1596            68      3.9999999999999991e+00 
    1596            71      2.0000000000000000e+00 
    1600           105      1.2247448713915887e+00 
    1601           180     -9.9999999999999811e-01 
    1601           149      1.9999999999999964e+00 
    1602           105      7.0710678118654657e-01 
    1602            84     -1.4142135623730931e+00 
    1604            63     -9.9999999999999900e-01 
    1606            15     -1.4142135623730927e+00 
    1606           158      1.4142135623730927e+00 
    1606           177      1.4142135623730927e+00 
    1606           143     -2.8284271247461854e+00 
    1606           146     -2.8284271247461854e+00 
    1606           246     -1.4142135623730925e+00 
    1607            10      9.9999999999999878e-01 
    1607            88     -9.9999999999999867e-01 
    1607           102     -9.9999999999999867e-01 
    1607            78      1.9999999999999973e+00 
    1607            81      1.9999999999999973e+00 
    1607           226      9.9999999999999845e-01 
    1607           241      9.9999999999999856e-01 
    1608           221     -1.4142135623730936e+00 
    1609             6      9.9999999999999900e-01 
    1609            50     -9.9999999999999900e-01 
    1609            60     -9.9999999999999900e-01 
    1609            44      1.9999999999999980e+00 
    1609            47      1.9999999999999980e+00 
    1609           207      9.9999999999999822e-01 
    1609           237      9.9999999999999856e-01 
    1610           202      9.9999999999999856e-01 
    1610           217      9.9999999999999845e-01 
    1611           198     -1.4142135623730936e+00 
    1613           106     -1.4142135623730960e+00 
    1613            95      1.4142135623730960e+00 
    1614           106     -4.9999999999999900e-01 
    1614            95     -9.9999999999999900e-01 
    1615           181     -1.2247448713915865e+00 
    1616           106      8.6602540378443715e-01 
    1618            64      1.2247448713915878e+00 
    1620            11     -1.2247448713915869e+00 
    1620           103      1.2247448713915869e+00 
    1620            92     -2.4494897427831739e+00 
    1620            87     -1.2247448713915863e+00 
    1620           227      1.2247448713915863e+00 
    1620           242     -1.2247448713915867e+00 
    1620            89     -1.2247448713915865e+00 
    1621             7     -1.2247448713915876e+00 
    1621            61      1.2247448713915878e+00 
    1621            54     -2.4494897427831757e+00 
    1621            49     -1.2247448713915869e+00 
    1621           208      1.2247448713915863e+00 
    1621           238     -1.2247448713915869e+00 
    1621            51     -1.2247448713915872e+00 
    1622           203      1.2247448713915869e+00 
    1622           218     -1.2247448713915865e+00 
    1626           106      8.6602540378443860e-01 
    1627           181     -7.0710678118654613e-01 
    1627           165      1.4142135623730927e+00 
    1628           106      4.9999999999999928e-01 
    1628            95     -9.9999999999999867e-01 
    1630            64     -7.0710678118654691e-01 
    1632            16     -9.9999999999999845e-01 
    1632           178      9.9999999999999856e-01 
    1632           162     -1.9999999999999971e+00 
    1632           142      1.9999999999999958e+00 
    1632           157     -9.9999999999999811e-01 
    1632           247     -9.9999999999999833e-01 
    1632           159     -9.9999999999999822e-01 
    1633            11      7.0710678118654668e-01 
    1633           103     -7.0710678118654680e-01 
    1633            92      1.4142135623730936e+00 
    1633            77     -1.4142135623730927e+00 
    1633            87      7.0710678118654646e-01 
    1633           227      7.0710678118654657e-01 
    1633           242      7.0710678118654657e-01 
    1633            89      7.0710678118654657e-01 
    1634           222     -9.9999999999999889e-01 
    1635             7      7.0710678118654691e-01 
    1635            61     -7.0710678118654702e-01 
    1635            54      1.4142135623730940e+00 
    1635            43     -1.4142135623730931e+00 
    1635            49      7.0710678118654668e-01 
    1635           208      7.0710678118654657e-01 
    1635           238      7.0710678118654657e-01 
    1635            51      7.0710678118654680e-01 
    1636           203      7.0710678118654624e-01 
    1636           218      7.0710678118654635e-01 
    1637           199     -9.9999999999999889e-01 
    1638           107     -1.2247448713915881e+00 
    1639           182     -9.9999999999999889e-01 
    1640           107      7.0710678118654702e-01 
    1642            65      9.9999999999999956e-01 
    1644            12     -1.2247448713915876e+00 
    1644            91      1.2247448713915872e+00 
    1644            99     -1.2247448713915867e+00 
    1644           101     -2.4494897427831743e+00 
    1644           228      1.2247448713915869e+00 
    1644           243     -1.2247448713915874e+00 
    1644           104     -1.2247448713915872e+00 
    1645             8     -1.2247448713915883e+00 
    1645            53      1.2247448713915881e+00 
    1645            57     -1.2247448713915874e+00 
    1645            59     -2.4494897427831761e+00 
    1645           209      1.2247448713915872e+00 
    1645           239     -1.2247448713915876e+00 
    1645            62     -1.2247448713915881e+00 
    1646           204      1.2247448713915872e+00 
    1646           219     -1.2247448713915867e+00 
    1647            17     -9.9999999999999878e-01 
    1647           144      1.9999999999999956e+00 
    1647           161      9.9999999999999856e-01 
    1647           174     -9.9999999999999811e-01 
    1647           176     -1.9999999999999971e+00 
    1647           248     -9.9999999999999867e-01 
    1647           179     -9.9999999999999856e-01 
    1648            12      7.0710678118654691e-01 
    1648            79     -1.4142135623730925e+00 
    1648            91     -7.0710678118654680e-01 
    1648            99      7.0710678118654646e-01 
    1648           101      1.4142135623730936e+00 
    1648           228      7.0710678118654691e-01 
    1648           243      7.0710678118654680e-01 
    1648           104      7.0710678118654680e-01 
    1649           223     -9.9999999999999911e-01 
    1650             8      7.0710678118654713e-01 
    1650            45     -1.4142135623730929e+00 
    1650            53     -7.0710678118654702e-01 
    1650            57      7.0710678118654668e-01 
    1650            59      1.4142135623730940e+00 
    1650           209      7.0710678118654668e-01 
    1650           239      7.0710678118654680e-01 
    1650            62      7.0710678118654702e-01 
    1651           204      7.0710678118654635e-01 
    1651           219      7.0710678118654646e-01 
    1652           200     -9.9999999999999900e-01 
    1653            20      1.0000000000000000e+00 
    1653             0      9.9999999999999967e-01 
    1653             2      1.9999999999999996e+00 
    1653            23     -9.9999999999999933e-01 
    1653            24      1.9999999999999987e+00 
    1653            26      9.9999999999999967e-01 
    1653             5      1.9999999999999996e+00 
    1653            30     -9.9999999999999900e-01 
    1653            35     -1.9999999999999991e+00 
    1653           156      9.9999999999999689e-01 
    1653           173     -9.9999999999999878e-01 
    1653           191     -9.9999999999999900e-01 
    1653            36      1.9999999999999980e+00 
    1653            38      3.9999999999999982e+00 
    1653           231      9.9999999999999822e-01 
    1653           233      1.9999999999999976e+00 
    1653           236      1.9999999999999980e+00 
    1653            41      9.9999999999999967e-01 
    1657           180     -1.2247448713915885e+00 
    1659           180      7.0710678118654657e-01 
    1659           149     -1.4142135623730931e+00 
    1660           105     -9.9999999999999867e-01 
    1660            84      1.9999999999999973e+00 
    1662            63     -9.9999999999999900e-01 
    1663           226     -1.4142135623730931e+00 
    1664            15      9.9999999999999878e-01 
    1664           158     -9.9999999999999878e-01 
    1664           177     -9.9999999999999878e-01 
    1664           221      9.9999999999999845e-01 
    1664           143      1.9999999999999976e+00 
    1664           146      1.9999999999999976e+00 
    1664           155      9.9999999999999867e-01 
    1665            10     -1.4142135623730931e+00 
    1665            88      1.4142135623730931e+00 
    1665           102      1.4142135623730931e+00 
    1665            78     -2.8284271247461863e+00 
    1665            81     -2.8284271247461863e+00 
    1665           136     -1.4142135623730929e+00 
    1666           154      9.9999999999999800e-01 
    1666           217      9.9999999999999833e-01 
    1667             6      9.9999999999999900e-01 
    1667            50     -9.9999999999999900e-01 
    1667            60     -9.9999999999999900e-01 
    1667            44      1.9999999999999980e+00 
    1667            47      1.9999999999999980e+00 
    1667           122      9.9999999999999878e-01 
    1667           132      9.9999999999999889e-01 
    1668           118     -1.4142135623730938e+00 
    1670           181      1.4142135623730960e+00 
    1670           165     -1.4142135623730960e+00 
    1671           181      4.9999999999999889e-01 
    1671           165      9.9999999999999889e-01 
    1673           181      8.6602540378443726e-01 
    1674           106     -1.2247448713915867e+00 
    1676            64      1.2247448713915878e+00 
    1677            16      1.2247448713915869e+00 
    1677           178     -1.2247448713915867e+00 
    1677           222     -1.2247448713915872e+00 
    1677           162      2.4494897427831734e+00 
    1677           171      1.2247448713915867e+00 
    1677           157      1.2247448713915861e+00 
    1677           159      1.2247448713915863e+00 
    1678           170      1.2247448713915863e+00 
    1678           218     -1.2247448713915867e+00 
    1679             7     -1.2247448713915876e+00 
    1679            61      1.2247448713915878e+00 
    1679            54     -2.4494897427831757e+00 
    1679            49     -1.2247448713915869e+00 
    1679            51     -1.2247448713915872e+00 
    1679           123      1.2247448713915869e+00 
    1679           133     -1.2247448713915874e+00 
    1683           181     -8.6602540378443837e-01 
    1685           181      4.9999999999999922e-01 
    1685           165     -9.9999999999999878e-01 
    1686           106     -7.0710678118654657e-01 
    1686            95      1.4142135623730931e+00 
    1688            64     -7.0710678118654691e-01 
    1689           227     -9.9999999999999878e-01 
    1690            16      7.0710678118654680e-01 
    1690           178     -7.0710678118654680e-01 
    1690           222      7.0710678118654657e-01 
    1690           162      1.4142135623730936e+00 
    1690           171      7.0710678118654657e-01 
    1690           142     -1.4142135623730927e+00 
    1690           157      7.0710678118654646e-01 
    1690           159      7.0710678118654657e-01 
    1691            11     -9.9999999999999878e-01 
    1691           103      9.9999999999999889e-01 
    1691            92     -1.9999999999999978e+00 
    1691            77      1.9999999999999964e+00 
    1691            87     -9.9999999999999845e-01 
    1691           137     -9.9999999999999867e-01 
    1691            89     -9.9999999999999856e-01 
    1692           170      7.0710678118654624e-01 
    1692           218      7.0710678118654635e-01 
    1693             7      7.0710678118654691e-01 
    1693            61     -7.0710678118654702e-01 
    1693            54      1.4142135623730940e+00 
    1693            43     -1.4142135623730931e+00 
    1693            49      7.0710678118654668e-01 
    1693            51      7.0710678118654680e-01 
    1693           123      7.0710678118654691e-01 
    1693           133      7.0710678118654680e-01 
    1694           119     -9.9999999999999911e-01 
    1695           182      1.2247448713915878e+00 
    1697           182      7.0710678118654702e-01 
    1698           107     -9.9999999999999922e-01 
    1700            65      9.9999999999999956e-01 
    1701            17      1.2247448713915874e+00 
    1701           223     -1.2247448713915876e+00 
    1701           188      1.2247448713915874e+00 
    1701           161     -1.2247448713915869e+00 
    1701           174      1.2247448713915865e+00 
    1701           176      2.4494897427831739e+00 
    1701           179      1.2247448713915869e+00 
    1702           187      1.2247448713915867e+00 
    1702           219     -1.2247448713915874e+00 
    1703             8     -1.2247448713915883e+00 
    1703            53      1.2247448713915881e+00 
    1703            57     -1.2247448713915874e+00 
    1703            59     -2.4494897427831761e+00 
    1703            62     -1.2247448713915881e+00 
    1703           124      1.2247448713915876e+00 
    1703           134     -1.2247448713915881e+00 
    1704           228     -9.9999999999999900e-01 
    1705            17      7.0710678118654702e-01 
    1705           223      7.0710678118654668e-01 
    1705           188      7.0710678118654680e-01 
    1705           144     -1.4142135623730925e+00 
    1705           161     -7.0710678118654680e-01 
    1705           174      7.0710678118654646e-01 
    1705           176      1.4142135623730936e+00 
    1705           179      7.0710678118654680e-01 
    1706            12     -9.9999999999999900e-01 
    1706            79      1.9999999999999960e+00 
    1706            91      9.9999999999999889e-01 
    1706            99     -9.9999999999999845e-01 
    1706           101     -1.9999999999999978e+00 
    1706           138     -9.9999999999999900e-01 
    1706           104     -9.9999999999999889e-01 
    1707           187      7.0710678118654657e-01 
    1707           219      7.0710678118654657e-01 
    1708             8      7.0710678118654713e-01 
    1708            45     -1.4142135623730929e+00 
    1708            53     -7.0710678118654702e-01 
    1708            57      7.0710678118654668e-01 
    1708            59      1.4142135623730940e+00 
    1708            62      7.0710678118654702e-01 
    1708           124      7.0710678118654702e-01 
    1708           134      7.0710678118654702e-01 
    1709           120     -9.9999999999999922e-01 
    1710            19      9.9999999999999933e-01 
    1710           151      9.9999999999999678e-01 
    1710           168     -9.9999999999999845e-01 
    1710           186     -9.9999999999999878e-01 
    1710           211      9.9999999999999800e-01 
    1710           213      1.9999999999999969e+00 
    1710           216      1.9999999999999976e+00 
    1711            14      1.0000000000000000e+00 
    1711             0      9.9999999999999967e-01 
    1711             2      1.9999999999999996e+00 
    1711            23     -9.9999999999999933e-01 
    1711            24      1.9999999999999987e+00 
    1711            26      9.9999999999999967e-01 
    1711             5      1.9999999999999996e+00 
    1711            30     -9.9999999999999900e-01 
    1711            35     -1.9999999999999991e+00 
    1711            36      1.9999999999999980e+00 
    1711            38      3.9999999999999982e+00 
    1711            41      9.9999999999999967e-01 
    1711            86      9.9999999999999756e-01 
    1711            98     -9.9999999999999900e-01 
    1711           111     -9.9999999999999933e-01 
    1711           126      9.9999999999999856e-01 
    1711           128      1.9999999999999980e+00 
    1711           131      1.9999999999999987e+00 
    1715           184     -1.2247448713915869e+00 
    1715           153      1.2247448713915869e+00 
    1716           189     -9.9999999999999933e-01 
    1717           184      7.0710678118654680e-01 
    1717           153      7.0710678118654680e-01 
    1718           109     -9.9999999999999933e-01 
    1719           180      1.9999999999999964e+00 
    1719           149     -9.9999999999999811e-01 
    1720           105      1.9999999999999971e+00 
    1720            84     -9.9999999999999845e-01 
    1721           207     -1.4142135623730936e+00 
    1722           202      9.9999999999999867e-01 
    1722           154      9.9999999999999867e-01 
    1723           122     -1.4142135623730936e+00 
    1724            15      9.9999999999999889e-01 
    1724           158     -9.9999999999999889e-01 
    1724           177     -9.9999999999999889e-01 
    1724           198      9.9999999999999867e-01 
    1724           143      1.9999999999999978e+00 
    1724           146      1.9999999999999978e+00 
    1724           150      9.9999999999999867e-01 
    1725            10      9.9999999999999900e-01 
    1725            88     -9.9999999999999911e-01 
    1725           102     -9.9999999999999911e-01 
    1725           118      9.9999999999999878e-01 
    1725            78      1.9999999999999982e+00 
    1725            81      1.9999999999999982e+00 
    1725            85      9.9999999999999889e-01 
    1726             6     -1.4142135623730936e+00 
    1726            50      1.4142135623730936e+00 
    1726            60      1.4142135623730936e+00 
    1726            44     -2.8284271247461872e+00 
    1726            47     -2.8284271247461872e+00 
    1726            72     -1.4142135623730934e+00 
    1728           185     -1.4142135623730954e+00 
    1728           169      1.4142135623730954e+00 
    1729           185     -4.9999999999999878e-01 
    1729           169      4.9999999999999878e-01 
    1730           190      1.2247448713915883e+00 
    1731           185     -8.6602540378443782e-01 
    1731           169     -8.6602540378443782e-01 
    1732           110      1.2247448713915883e+00 
    1733           165     -1.2247448713915867e+00 
    1734            95     -1.2247448713915867e+00 
    1735           203     -1.2247448713915867e+00 
    1735           170      1.2247448713915867e+00 
    1736            16      1.2247448713915872e+00 
    1736           178     -1.2247448713915874e+00 
    1736           199     -1.2247448713915876e+00 
    1736           162      2.4494897427831748e+00 
    1736           166      1.2247448713915872e+00 
    1736           157      1.2247448713915865e+00 
    1736           159      1.2247448713915867e+00 
    1737            11      1.2247448713915874e+00 
    1737           103     -1.2247448713915876e+00 
    1737           119     -1.2247448713915876e+00 
    1737            92      2.4494897427831752e+00 
    1737            96      1.2247448713915874e+00 
    1737            87      1.2247448713915867e+00 
    1737            89      1.2247448713915869e+00 
    1741           185     -8.6602540378443738e-01 
    1741           169      8.6602540378443738e-01 
    1742           190     -7.0710678118654713e-01 
    1743           185      4.9999999999999961e-01 
    1743           169      4.9999999999999961e-01 
    1744           110     -7.0710678118654713e-01 
    1745           181      1.4142135623730929e+00 
    1745           165     -7.0710678118654635e-01 
    1746           106      1.4142135623730931e+00 
    1746            95     -7.0710678118654657e-01 
    1747           208     -9.9999999999999900e-01 
    1748           203      7.0710678118654657e-01 
    1748           170      7.0710678118654657e-01 
    1749           123     -9.9999999999999900e-01 
    1750            16      7.0710678118654691e-01 
    1750           178     -7.0710678118654691e-01 
    1750           199      7.0710678118654680e-01 
    1750           162      1.4142135623730938e+00 
    1750           166      7.0710678118654668e-01 
    1750           142     -1.4142135623730929e+00 
    1750           157      7.0710678118654657e-01 
    1750           159      7.0710678118654668e-01 
    1751            11      7.0710678118654702e-01 
    1751           103     -7.0710678118654702e-01 
    1751           119      7.0710678118654668e-01 
    1751            92      1.4142135623730940e+00 
    1751            96      7.0710678118654680e-01 
    1751            77     -1.4142135623730931e+00 
    1751            87      7.0710678118654668e-01 
    1751            89      7.0710678118654680e-01 
    1752             7     -9.9999999999999900e-01 
    1752            61      9.9999999999999922e-01 
    1752            54     -1.9999999999999984e+00 
    1752            43      1.9999999999999973e+00 
    1752            49     -9.9999999999999878e-01 
    1752            73     -9.9999999999999900e-01 
    1752            51     -9.9999999999999889e-01 
    1754           191      9.9999999999999978e-01 
    1755           186     -1.4142135623730943e+00 
    1756           111      9.9999999999999978e-01 
    1757           182     -9.9999999999999889e-01 
    1758           107     -9.9999999999999911e-01 
    1759           204     -1.2247448713915876e+00 
    1759           187      1.2247448713915876e+00 
    1760            17      1.2247448713915878e+00 
    1760           200     -1.2247448713915883e+00 
    1760           183      1.2247448713915878e+00 
    1760           161     -1.2247448713915876e+00 
    1760           174      1.2247448713915869e+00 
    1760           176      2.4494897427831752e+00 
    1760           179      1.2247448713915876e+00 
    1761            12      1.2247448713915881e+00 
    1761           120     -1.2247448713915885e+00 
    1761           108      1.2247448713915881e+00 
    1761            91     -1.2247448713915878e+00 
    1761            99      1.2247448713915872e+00 
    1761           101      2.4494897427831757e+00 
    1761           104      1.2247448713915878e+00 
    1762           209     -9.9999999999999956e-01 
    1763           204      7.0710678118654691e-01 
    1763           187      7.0710678118654691e-01 
    1764           124     -9.9999999999999956e-01 
    1765            17      7.0710678118654713e-01 
    1765           200      7.0710678118654680e-01 
    1765           183      7.0710678118654702e-01 
    1765           144     -1.4142135623730927e+00 
    1765           161     -7.0710678118654691e-01 
    1765           174      7.0710678118654657e-01 
    1765           176      1.4142135623730938e+00 
    1765           179      7.0710678118654691e-01 
    1766            12      7.0710678118654724e-01 
    1766           120      7.0710678118654702e-01 
    1766           108      7.0710678118654713e-01 
    1766            79     -1.4142135623730929e+00 
    1766            91     -7.0710678118654702e-01 
    1766            99      7.0710678118654668e-01 
    1766           101      1.4142135623730940e+00 
    1766           104      7.0710678118654702e-01 
    1767             8     -9.9999999999999956e-01 
    1767            45      1.9999999999999969e+00 
    1767            53      9.9999999999999922e-01 
    1767            57     -9.9999999999999878e-01 
    1767            59     -1.9999999999999984e+00 
    1767            74     -9.9999999999999933e-01 
    1767            62     -9.9999999999999922e-01 
    1768            18      9.9999999999999922e-01 
    1768           147      9.9999999999999711e-01 
    1768           164     -9.9999999999999856e-01 
    1768           182     -9.9999999999999889e-01 
    1768           192      9.9999999999999811e-01 
    1768           194      1.9999999999999971e+00 
    1768           197      1.9999999999999978e+00 
    1769            13      9.9999999999999933e-01 
    1769            82      9.9999999999999734e-01 
    1769            94     -9.9999999999999878e-01 
    1769           107     -9.9999999999999911e-01 
    1769           112      9.9999999999999833e-01 
    1769           114      1.9999999999999976e+00 
    1769           117      1.9999999999999982e+00 
    1770             0      9.9999999999999967e-01 
    1770             2      1.9999999999999996e+00 
    1770            23     -9.9999999999999933e-01 
    1770            24      1.9999999999999987e+00 
    1770            26      9.9999999999999967e-01 
    1770             5      1.9999999999999996e+00 
    1770            30     -9.9999999999999900e-01 
    1770            35     -1.9999999999999991e+00 
    1770            36      1.9999999999999980e+00 
    1770            38      3.9999999999999982e+00 
    1770            41      9.9999999999999967e-01 
    1770             9      1.0000000000000000e+00 
    1770            48      9.9999999999999833e-01 
    1770            56     -9.9999999999999933e-01 
    1770            65     -9.9999999999999967e-01 
    1770            66      9.9999999999999889e-01 
    1770            68      1.9999999999999987e+00 
    1770            71      1.9999999999999993e+00 
    1771            23      1.0000000000000002e+00 
    1786           167     -1.7320508075688767e+00 
    1789            52     -1.7320508075688761e+00 
    1792           160     -1.7320508075688750e+00 
    1797             1     -1.4142135623730949e+00 
    1797            55      1.4142135623730949e+00 
    1797           172      1.4142135623730949e+00 
    1797            67     -2.8284271247461898e+00 
    1797           232     -2.8284271247461898e+00 
    1797            22     -1.4142135623730945e+00 
    1798           167     -9.9999999999999900e-01 
    1798           212      1.9999999999999980e+00 
    1801            52     -9.9999999999999900e-01 
    1801            58      1.9999999999999980e+00 
    1804           160     -9.9999999999999845e-01 
    1804           175      1.9999999999999969e+00 
    1813            50      1.4142135623730936e+00 
    1816           158      1.4142135623730927e+00 
    1830             9      2.0000000000000004e+00 
    1830            20      2.0000000000000004e+00 
    1830           210     -2.0000000000000004e+00 
    1830           240      4.0000000000000009e+00 
    1830            75      1.0000000000000000e+00 
    1830           251      1.0000000000000000e+00 
    1830             0      2.0000000000000004e+00 
    1830            48     -2.0000000000000004e+00 
    1830           156     -2.0000000000000004e+00 
    1830            66      4.0000000000000009e+00 
    1830           231      4.0000000000000009e+00 
    1830            21      1.0000000000000000e+00 
    1832            23      1.0000000000000002e+00 
    1846            97      1.2247448713915883e+00 
    1846           172     -1.2247448713915883e+00 
    1850            52     -1.7320508075688761e+00 
    1852            90      1.2247448713915878e+00 
    1853           160      1.2247448713915878e+00 
    1857           152     -9.9999999999999933e-01 
    1857           212      1.9999999999999987e+00 
    1858             1     -1.4142135623730949e+00 
    1858            55      1.4142135623730949e+00 
    1858            67     -2.8284271247461898e+00 
    1858            22     -1.4142135623730945e+00 
    1858            97      7.0710678118654713e-01 
    1858           172      7.0710678118654713e-01 
    1858           127     -1.4142135623730943e+00 
    1858           232     -1.4142135623730943e+00 
    1859           167     -9.9999999999999933e-01 
    1859           212      1.9999999999999987e+00 
    1862            52     -9.9999999999999900e-01 
    1862            58      1.9999999999999980e+00 
    1864            90      7.0710678118654668e-01 
    1864           100     -1.4142135623730934e+00 
    1865           160      7.0710678118654668e-01 
    1865           175     -1.4142135623730934e+00 
    1874            50      1.4142135623730936e+00 
    1876            88     -9.9999999999999867e-01 
    1877           158     -9.9999999999999878e-01 
    1890            19     -1.4142135623730945e+00 
    1890           205      1.4142135623730945e+00 
    1890           220     -2.8284271247461890e+00 
    1890           250     -1.4142135623730943e+00 
    1890           151      1.4142135623730945e+00 
    1890           211     -2.8284271247461890e+00 
    1891             9      2.0000000000000004e+00 
    1891            75      1.0000000000000000e+00 
    1891            14      9.9999999999999967e-01 
    1891            20      1.0000000000000000e+00 
    1891           125     -9.9999999999999967e-01 
    1891           210     -9.9999999999999978e-01 
    1891           230      9.9999999999999956e-01 
    1891           135      1.9999999999999993e+00 
    1891           240      1.9999999999999996e+00 
    1891           245      9.9999999999999956e-01 
    1891             0      2.0000000000000004e+00 
    1891            48     -2.0000000000000004e+00 
    1891            66      4.0000000000000009e+00 
    1891            21      1.0000000000000000e+00 
    1891            86     -9.9999999999999967e-01 
    1891           156     -9.9999999999999978e-01 
    1891           126      1.9999999999999993e+00 
    1891           231      1.9999999999999996e+00 
    1894            23      1.0000000000000002e+00 
    1907           152      1.7320508075688756e+00 
    1912            52     -1.7320508075688761e+00 
    1914            90     -1.7320508075688754e+00 
    1919           152     -9.9999999999999956e-01 
    1919           212      1.9999999999999991e+00 
    1920             1     -1.4142135623730949e+00 
    1920            55      1.4142135623730949e+00 
    1920            67     -2.8284271247461898e+00 
    1920            22     -1.4142135623730945e+00 
    1920            97      1.4142135623730949e+00 
    1920           127     -2.8284271247461898e+00 
    1924            52     -9.9999999999999900e-01 
    1924            58      1.9999999999999980e+00 
    1926            90     -9.9999999999999878e-01 
    1926           100      1.9999999999999976e+00 
    1936            50      1.4142135623730936e+00 
    1938            88      1.4142135623730931e+00 
    1951           230      1.0000000000000002e+00 
    1952            19     -1.4142135623730949e+00 
    1952           205      1.4142135623730947e+00 
    1952           220     -2.8284271247461894e+00 
    1952           225     -1.4142135623730945e+00 
    1952           151      1.4142135623730947e+00 
    1952           211     -2.8284271247461894e+00 
    1953             9      2.0000000000000004e+00 
    1953            75      1.0000000000000000e+00 
    1953            14      2.0000000000000004e+00 
    1953           125     -2.0000000000000004e+00 
    1953           135      4.0000000000000009e+00 
    1953           140      1.0000000000000000e+00 
    1953             0      2.0000000000000004e+00 
    1953            48     -2.0000000000000004e+00 
    1953            66      4.0000000000000009e+00 
    1953            21      1.0000000000000000e+00 
    1953            86     -2.0000000000000004e+00 
    1953           126      4.0000000000000009e+00 
    1957            23      1.0000000000000002e+00 
    1969            46      9.9999999999999889e-01 
    1970            55      1.1547005383792504e+00 
    1970            97     -5.7735026918962584e-01 
    1970           172     -5.7735026918962562e-01 
    1971            34      1.2247448713915876e+00 
    1971            55      4.0824829046386335e-01 
    1971            97     -8.1649658092772615e-01 
    1971           172     -8.1649658092772570e-01 
    1972           152      9.9999999999999811e-01 
    1973            97     -7.0710678118654691e-01 
    1973           172      7.0710678118654624e-01 
    1974           167     -9.9999999999999833e-01 
    1975            93      5.0000000000000044e-01 
    1976           163     -5.0000000000000033e-01 
    1977            52     -9.9999999999999989e-01 
    1978            90     -4.9999999999999983e-01 
    1979           160      4.9999999999999972e-01 
    1983             1     -1.4142135623730949e+00 
    1983            22     -1.4142135623730945e+00 
    1983            34      7.0710678118654713e-01 
    1983            55      7.0710678118654713e-01 
    1983            97      7.0710678118654668e-01 
    1983           172      7.0710678118654668e-01 
    1983            37     -1.4142135623730943e+00 
    1983            67     -1.4142135623730943e+00 
    1983           127     -1.4142135623730934e+00 
    1983           232     -1.4142135623730934e+00 
    1987            93     -8.6602540378443749e-01 
    1987           113      1.7320508075688750e+00 
    1988           163      8.6602540378443738e-01 
    1988           193     -1.7320508075688748e+00 
    1992            90      8.6602540378443738e-01 
    1992           100     -1.7320508075688748e+00 
    1993           160     -8.6602540378443726e-01 
    1993           175      1.7320508075688745e+00 
    1995            32     -9.9999999999999933e-01 
    2001            50      9.9999999999999933e-01 
    2002            88      4.9999999999999944e-01 
    2003           158     -4.9999999999999939e-01 
    2007            88      8.6602540378443749e-01 
    2008           158     -8.6602540378443738e-01 
    2013           187      1.7320508075688761e+00 
    2014           124     -1.2247448713915892e+00 
    2014           209      1.2247448713915881e+00 
    2015           204     -1.7320508075688750e+00 
    2016            20      1.0000000000000000e+00 
    2016             5      9.9999999999999967e-01 
    2016             9      1.0000000000000000e+00 
    2016            14      9.9999999999999956e-01 
    2016            65     -1.0000000000000004e+00 
    2016           111      5.0000000000000144e-01 
    2016           125      5.0000000000000144e-01 
    2016           191      5.0000000000000089e-01 
    2016           210      5.0000000000000089e-01 
    2016           230     -9.9999999999999967e-01 
    2016            71      9.9999999999999956e-01 
    2016           131      9.9999999999999889e-01 
    2016           135      9.9999999999999933e-01 
    2016           236      9.9999999999999878e-01 
    2016           240      9.9999999999999922e-01 
    2016           245      9.9999999999999933e-01 
    2016             0      2.0000000000000004e+00 
    2016            21      1.0000000000000000e+00 
    2016            30     -9.9999999999999967e-01 
    2016            48     -9.9999999999999978e-01 
    2016            86     -9.9999999999999922e-01 
    2016           156     -9.9999999999999900e-01 
    2016            36      1.9999999999999993e+00 
    2016            66      1.9999999999999996e+00 
    2016           126      1.9999999999999984e+00 
    2016           231      1.9999999999999980e+00 
    2021            23      1.0000000000000002e+00 
    2033           167     -1.4142135623730938e+00 
    2034           167      9.9999999999999856e-01 
    2035            34      1.2247448713915876e+00 
    2035            55     -1.2247448713915876e+00 
    2038           163     -1.2247448713915869e+00 
    2041           160     -1.2247448713915874e+00 
    2043            46     -9.9999999999999933e-01 
    2043            58      1.9999999999999987e+00 
    2047             1     -1.4142135623730949e+00 
    2047            22     -1.4142135623730945e+00 
    2047            34      7.0710678118654713e-01 
    2047            37     -1.4142135623730943e+00 
    2047            55      7.0710678118654713e-01 
    2047           172      1.4142135623730945e+00 
    2047            67     -1.4142135623730943e+00 
    2047           232     -2.8284271247461890e+00 
    2048           167     -9.9999999999999889e-01 
    2048           212      1.9999999999999978e+00 
    2050           163     -7.0710678118654635e-01 
    2050           193      1.4142135623730927e+00 
    2052            52     -9.9999999999999933e-01 
    2052            58      1.9999999999999987e+00 
    2055           160     -7.0710678118654635e-01 
    2055           175      1.4142135623730927e+00 
    2059            32     -9.9999999999999933e-01 
    2065           158      1.2247448713915865e+00 
    2067            50     -9.9999999999999944e-01 
    2070           158     -7.0710678118654635e-01 
    2076             8     -1.4142135623730945e+00 
    2076           209      1.4142135623730945e+00 
    2076           239     -2.8284271247461890e+00 
    2076            74     -1.4142135623730943e+00 
    2076            45      1.4142135623730945e+00 
    2076            57     -2.8284271247461890e+00 
    2077           204     -9.9999999999999933e-01 
    2077           219      1.9999999999999987e+00 
    2079           186     -1.2247448713915876e+00 
    2079           205      1.2247448713915883e+00 
    2080            20      2.0000000000000004e+00 
    2080           251      1.0000000000000000e+00 
    2080             5      9.9999999999999967e-01 
    2080             9      1.0000000000000000e+00 
    2080            65      9.9999999999999956e-01 
    2080           191     -9.9999999999999967e-01 
    2080           210     -1.0000000000000000e+00 
    2080            71      9.9999999999999956e-01 
    2080           236      1.9999999999999993e+00 
    2080           240      2.0000000000000000e+00 
    2080             0      2.0000000000000004e+00 
    2080            21      1.0000000000000000e+00 
    2080            30     -9.9999999999999967e-01 
    2080            36      1.9999999999999993e+00 
    2080            48     -9.9999999999999978e-01 
    2080           156     -2.0000000000000000e+00 
    2080            66      1.9999999999999996e+00 
    2080           231      4.0000000000000000e+00 
    2086            23      1.0000000000000002e+00 
    2097            97      9.9999999999999856e-01 
    2097           172     -9.9999999999999856e-01 
    2098            97     -7.0710678118654635e-01 
    2098           172      7.0710678118654646e-01 
    2100            34      1.2247448713915876e+00 
    2100            55     -1.2247448713915876e+00 
    2102            93      8.6602540378443749e-01 
    2103           163      8.6602540378443749e-01 
    2105            90      8.6602540378443771e-01 
    2106           160      8.6602540378443782e-01 
    2108            46     -9.9999999999999933e-01 
    2108            58      1.9999999999999987e+00 
    2111           152     -9.9999999999999900e-01 
    2111           212      1.9999999999999980e+00 
    2112             1     -1.4142135623730949e+00 
    2112            22     -1.4142135623730945e+00 
    2112            34      7.0710678118654713e-01 
    2112            37     -1.4142135623730943e+00 
    2112            55      7.0710678118654713e-01 
    2112            67     -1.4142135623730943e+00 
    2112            97      7.0710678118654691e-01 
    2112           172      7.0710678118654702e-01 
    2112           127     -1.4142135623730938e+00 
    2112           232     -1.4142135623730940e+00 
    2113           167     -9.9999999999999911e-01 
    2113           212      1.9999999999999982e+00 
    2114            93      4.9999999999999939e-01 
    2114           113     -9.9999999999999878e-01 
    2115           163      4.9999999999999944e-01 
    2115           193     -9.9999999999999889e-01 
    2117            52     -9.9999999999999933e-01 
    2117            58      1.9999999999999987e+00 
    2119            90      4.9999999999999933e-01 
    2119           100     -9.9999999999999867e-01 
    2120           160      4.9999999999999939e-01 
    2120           175     -9.9999999999999878e-01 
    2124            32     -9.9999999999999933e-01 
    2129            88     -8.6602540378443726e-01 
    2130           158     -8.6602540378443738e-01 
    2132            50     -9.9999999999999944e-01 
    2134            88      4.9999999999999939e-01 
    2135           158      4.9999999999999944e-01 
    2140           187     -9.9999999999999900e-01 
    2140           219      1.9999999999999980e+00 
    2141             8     -1.4142135623730945e+00 
    2141            74     -1.4142135623730943e+00 
    2141           124      7.0710678118654691e-01 
    2141           209      7.0710678118654702e-01 
    2141           134     -1.4142135623730938e+00 
    2141           239     -1.4142135623730940e+00 
    2141            45      1.4142135623730945e+00 
    2141            57     -2.8284271247461890e+00 
    2142           204     -9.9999999999999956e-01 
    2142           219      1.9999999999999991e+00 
    2143           111      8.6602540378443849e-01 
    2143           125     -8.6602540378443893e-01 
    2143           191     -8.6602540378443771e-01 
    2143           210      8.6602540378443826e-01 
    2144            19     -1.4142135623730945e+00 
    2144           250     -1.4142135623730943e+00 
    2144           186      7.0710678118654691e-01 
    2144           205      7.0710678118654713e-01 
    2144           216     -1.4142135623730938e+00 
    2144           220     -1.4142135623730943e+00 
    2144           151      1.4142135623730943e+00 
    2144           211     -2.8284271247461885e+00 
    2145            14      9.9999999999999967e-01 
    2145            20      1.0000000000000000e+00 
    2145           230      9.9999999999999956e-01 
    2145           245      9.9999999999999956e-01 
    2145             5      9.9999999999999967e-01 
    2145             9      1.0000000000000000e+00 
    2145            65      9.9999999999999956e-01 
    2145            71      9.9999999999999956e-01 
    2145           111     -4.9999999999999961e-01 
    2145           125     -4.9999999999999978e-01 
    2145           191     -4.9999999999999967e-01 
    2145           210     -4.9999999999999983e-01 
    2145           131      9.9999999999999922e-01 
    2145           135      9.9999999999999956e-01 
    2145           236      9.9999999999999933e-01 
    2145           240      9.9999999999999967e-01 
    2145             0      2.0000000000000004e+00 
    2145            21      1.0000000000000000e+00 
    2145            30     -9.9999999999999967e-01 
    2145            36      1.9999999999999993e+00 
    2145            48     -9.9999999999999978e-01 
    2145            66      1.9999999999999996e+00 
    2145            86     -9.9999999999999956e-01 
    2145           156     -9.9999999999999967e-01 
    2145           126      1.9999999999999991e+00 
    2145           231      1.9999999999999993e+00 
    2152            23      1.0000000000000002e+00 
    2162           152      1.4142135623730925e+00 
    2163           152     -9.9999999999999800e-01 
    2166            34      1.2247448713915876e+00 
    2166            55     -1.2247448713915876e+00 
    2168            93     -1.2247448713915874e+00 
    2171            90     -1.2247448713915876e+00 
    2174            46     -9.9999999999999933e-01 
    2174            58      1.9999999999999987e+00 
    2177           152     -9.9999999999999933e-01 
    2177           212      1.9999999999999987e+00 
    2178             1     -1.4142135623730949e+00 
    2178            22     -1.4142135623730945e+00 
    2178            34      7.0710678118654713e-01 
    2178            37     -1.4142135623730943e+00 
    2178            55      7.0710678118654713e-01 
    2178            67     -1.4142135623730943e+00 
    2178            97      1.4142135623730945e+00 
    2178           127     -2.8284271247461890e+00 
    2180            93     -7.0710678118654657e-01 
    2180           113      1.4142135623730931e+00 
    2183            52     -9.9999999999999933e-01 
    2183            58      1.9999999999999987e+00 
    2185            90     -7.0710678118654657e-01 
    2185           100      1.4142135623730931e+00 
    2190            32     -9.9999999999999933e-01 
    2195            88      1.2247448713915872e+00 
    2198            50     -9.9999999999999944e-01 
    2200            88     -7.0710678118654657e-01 
    2206           187     -9.9999999999999933e-01 
    2206           219      1.9999999999999987e+00 
    2207             8     -1.4142135623730945e+00 
    2207            74     -1.4142135623730943e+00 
    2207           124      1.4142135623730945e+00 
    2207           134     -2.8284271247461890e+00 
    2207            45      1.4142135623730945e+00 
    2207            57     -2.8284271247461890e+00 
    2208           186      1.2247448713915874e+00 
    2208           205     -1.2247448713915876e+00 
    2209           230      1.0000000000000002e+00 
    2210            19     -1.4142135623730949e+00 
    2210           225     -1.4142135623730945e+00 
    2210           186      7.0710678118654702e-01 
    2210           205      7.0710678118654724e-01 
    2210           216     -1.4142135623730940e+00 
    2210           220     -1.4142135623730945e+00 
    2210           151      1.4142135623730945e+00 
    2210           211     -2.8284271247461890e+00 
    2211            14      2.0000000000000004e+00 
    2211           140      1.0000000000000000e+00 
    2211             5      9.9999999999999967e-01 
    2211             9      1.0000000000000000e+00 
    2211            65      9.9999999999999956e-01 
    2211            71      9.9999999999999956e-01 
    2211           111     -9.9999999999999967e-01 
    2211           125     -1.0000000000000000e+00 
    2211           131      1.9999999999999993e+00 
    2211           135      2.0000000000000000e+00 
    2211             0      2.0000000000000004e+00 
    2211            21      1.0000000000000000e+00 
    2211            30     -9.9999999999999967e-01 
    2211            36      1.9999999999999993e+00 
    2211            48     -9.9999999999999978e-01 
    2211            66      1.9999999999999996e+00 
    2211            86     -2.0000000000000000e+00 
    2211           126      4.0000000000000000e+00 
    2219            23      1.0000000000000002e+00 
    2227            80      1.2247448713915869e+00 
    2228            83      1.4142135623730931e+00 
    2229            83      5.0000000000000022e-01 
    2230           148     -1.2247448713915863e+00 
    2231            83      8.6602540378443715e-01 
    2233            34      1.2247448713915876e+00 
    2233           172     -1.2247448713915863e+00 
    2234           167     -1.2247448713915865e+00 
    2236            52      1.2247448713915881e+00 
    2238           145     -9.9999999999999878e-01 
    2238           175      1.9999999999999976e+00 
    2239            80      7.0710678118654691e-01 
    2239           100     -1.4142135623730938e+00 
    2241            83     -8.6602540378443771e-01 
    2241           113      1.7320508075688754e+00 
    2242           148     -7.0710678118654657e-01 
    2242           193      1.4142135623730931e+00 
    2243            83      4.9999999999999950e-01 
    2243           113     -9.9999999999999900e-01 
    2245             1     -1.4142135623730949e+00 
    2245            22     -1.4142135623730945e+00 
    2245            34      7.0710678118654713e-01 
    2245            37     -1.4142135623730943e+00 
    2245            55      1.4142135623730940e+00 
    2245           172      7.0710678118654668e-01 
    2245            67     -2.8284271247461881e+00 
    2245           232     -1.4142135623730934e+00 
    2246           167      7.0710678118654635e-01 
    2246           212     -1.4142135623730927e+00 
    2250            52     -7.0710678118654691e-01 
    2250            58      1.4142135623730938e+00 
    2252           160     -9.9999999999999889e-01 
    2252           175      1.9999999999999978e+00 
    2257            32     -9.9999999999999933e-01 
    2260            50     -1.2247448713915874e+00 
    2265            50     -7.0710678118654702e-01 
    2267           158     -9.9999999999999900e-01 
    2271            17     -1.4142135623730936e+00 
    2271           200      1.4142135623730936e+00 
    2271           183     -2.8284271247461872e+00 
    2271           248     -1.4142135623730934e+00 
    2271           144      1.4142135623730936e+00 
    2271           174     -2.8284271247461872e+00 
    2272            12      9.9999999999999933e-01 
    2272           120     -9.9999999999999933e-01 
    2272           108      1.9999999999999987e+00 
    2272           228      9.9999999999999933e-01 
    2272           243      9.9999999999999922e-01 
    2272            79     -9.9999999999999933e-01 
    2272            99      1.9999999999999987e+00 
    2273           223     -1.4142135623730943e+00 
    2274            13     -1.2247448713915883e+00 
    2274           117     -1.2247448713915878e+00 
    2274           229      1.2247448713915876e+00 
    2274           244     -1.2247448713915881e+00 
    2274           121     -1.2247448713915881e+00 
    2274            82      1.2247448713915883e+00 
    2274           112     -2.4494897427831765e+00 
    2275            18     -9.9999999999999900e-01 
    2275           182      1.9999999999999973e+00 
    2275           197     -9.9999999999999878e-01 
    2275           249     -9.9999999999999900e-01 
    2275           201     -9.9999999999999889e-01 
    2275           147      9.9999999999999900e-01 
    2275           192     -1.9999999999999980e+00 
    2276            13      7.0710678118654713e-01 
    2276           107     -1.4142135623730936e+00 
    2276           117      7.0710678118654691e-01 
    2276           229      7.0710678118654702e-01 
    2276           244      7.0710678118654702e-01 
    2276           121      7.0710678118654702e-01 
    2276            82     -7.0710678118654713e-01 
    2276           112      1.4142135623730943e+00 
    2277           224     -9.9999999999999922e-01 
    2278            20      1.0000000000000000e+00 
    2278             5      9.9999999999999967e-01 
    2278             9      1.9999999999999996e+00 
    2278            65     -9.9999999999999933e-01 
    2278           191      9.9999999999999833e-01 
    2278           210     -9.9999999999999933e-01 
    2278            71      1.9999999999999987e+00 
    2278           236      9.9999999999999889e-01 
    2278           240      1.9999999999999987e+00 
    2278            75      9.9999999999999967e-01 
    2278             0      2.0000000000000004e+00 
    2278            21      1.0000000000000000e+00 
    2278            30     -9.9999999999999967e-01 
    2278            36      1.9999999999999993e+00 
    2278            48     -1.9999999999999993e+00 
    2278           156     -9.9999999999999922e-01 
    2278            66      3.9999999999999987e+00 
    2278           231      1.9999999999999984e+00 
    2287            23      1.0000000000000002e+00 
    2294           145     -1.2247448713915867e+00 
    2295           148     -1.4142135623730931e+00 
    2296           148     -5.0000000000000011e-01 
    2298           148      8.6602540378443726e-01 
    2299            83     -1.2247448713915869e+00 
    2300           152     -1.2247448713915861e+00 
    2301            34      1.2247448713915876e+00 
    2301            97     -1.2247448713915869e+00 
    2304            52      1.2247448713915881e+00 
    2306           145      7.0710678118654691e-01 
    2306           175     -1.4142135623730938e+00 
    2307            80     -9.9999999999999900e-01 
    2307           100      1.9999999999999980e+00 
    2308           148      8.6602540378443760e-01 
    2308           193     -1.7320508075688752e+00 
    2310           148      4.9999999999999956e-01 
    2310           193     -9.9999999999999911e-01 
    2311            83     -7.0710678118654680e-01 
    2311           113      1.4142135623730936e+00 
    2312           152      7.0710678118654646e-01 
    2312           212     -1.4142135623730929e+00 
    2313             1     -1.4142135623730949e+00 
    2313            22     -1.4142135623730945e+00 
    2313            34      7.0710678118654713e-01 
    2313            37     -1.4142135623730943e+00 
    2313            55      1.4142135623730940e+00 
    2313            67     -2.8284271247461881e+00 
    2313            97      7.0710678118654691e-01 
    2313           127     -1.4142135623730938e+00 
    2318            52     -7.0710678118654691e-01 
    2318            58      1.4142135623730938e+00 
    2319            90     -9.9999999999999911e-01 
    2319           100      1.9999999999999982e+00 
    2325            32     -9.9999999999999933e-01 
    2328            50     -1.2247448713915874e+00 
    2333            50     -7.0710678118654702e-01 
    2334            88     -9.9999999999999922e-01 
    2338           228     -1.4142135623730940e+00 
    2339            17      9.9999999999999933e-01 
    2339           200     -9.9999999999999944e-01 
    2339           223      9.9999999999999911e-01 
    2339           183      1.9999999999999989e+00 
    2339           188      9.9999999999999922e-01 
    2339           144     -9.9999999999999944e-01 
    2339           174      1.9999999999999989e+00 
    2340            12     -1.4142135623730940e+00 
    2340           120      1.4142135623730940e+00 
    2340           108     -2.8284271247461881e+00 
    2340           138     -1.4142135623730938e+00 
    2340            79      1.4142135623730940e+00 
    2340            99     -2.8284271247461881e+00 
    2341            18      1.2247448713915881e+00 
    2341           224     -1.2247448713915885e+00 
    2341           206      1.2247448713915881e+00 
    2341           197      1.2247448713915876e+00 
    2341           201      1.2247448713915878e+00 
    2341           147     -1.2247448713915881e+00 
    2341           192      2.4494897427831761e+00 
    2342           229     -9.9999999999999956e-01 
    2343            18      7.0710678118654724e-01 
    2343           224      7.0710678118654702e-01 
    2343           206      7.0710678118654713e-01 
    2343           182     -1.4142135623730936e+00 
    2343           197      7.0710678118654691e-01 
    2343           201      7.0710678118654702e-01 
    2343           147     -7.0710678118654713e-01 
    2343           192      1.4142135623730943e+00 
    2344            13     -9.9999999999999956e-01 
    2344           107      1.9999999999999978e+00 
    2344           117     -9.9999999999999900e-01 
    2344           139     -9.9999999999999933e-01 
    2344           121     -9.9999999999999922e-01 
    2344            82      9.9999999999999933e-01 
    2344           112     -1.9999999999999987e+00 
    2345            19      9.9999999999999933e-01 
    2345           186      9.9999999999999800e-01 
    2345           205     -9.9999999999999911e-01 
    2345           216      9.9999999999999867e-01 
    2345           220      1.9999999999999982e+00 
    2345           151     -9.9999999999999889e-01 
    2345           211      1.9999999999999978e+00 
    2346             5      9.9999999999999967e-01 
    2346             9      1.9999999999999996e+00 
    2346            65     -9.9999999999999933e-01 
    2346            71      1.9999999999999987e+00 
    2346            75      9.9999999999999967e-01 
    2346            14      1.0000000000000000e+00 
    2346           111      9.9999999999999889e-01 
    2346           125     -9.9999999999999967e-01 
    2346           131      9.9999999999999922e-01 
    2346           135      1.9999999999999993e+00 
    2346             0      2.0000000000000004e+00 
    2346            21      1.0000000000000000e+00 
    2346            30     -9.9999999999999967e-01 
    2346            36      1.9999999999999993e+00 
    2346            48     -1.9999999999999993e+00 
    2346            66      3.9999999999999987e+00 
    2346            86     -9.9999999999999956e-01 
    2346           126      1.9999999999999991e+00 
    2356            23      1.0000000000000002e+00 
    2365            46      1.7320508075688750e+00 
    2370           167     -1.7320508075688767e+00 
    2371           163     -1.7320508075688759e+00 
    2377            46     -9.9999999999999956e-01 
    2377            58      1.9999999999999991e+00 
    2382             1     -1.4142135623730949e+00 
    2382            22     -1.4142135623730945e+00 
    2382            34      1.4142135623730949e+00 
    2382           172      1.4142135623730949e+00 
    2382            37     -2.8284271247461898e+00 
    2382           232     -2.8284271247461898e+00 
    2383           167     -9.9999999999999900e-01 
    2383           212      1.9999999999999980e+00 
    2385           163     -9.9999999999999878e-01 
    2385           193      1.9999999999999976e+00 
    2397            32      1.4142135623730940e+00 
    2403           158      1.4142135623730927e+00 
    2406            65      1.0000000000000002e+00 
    2409           204     -1.7320508075688761e+00 
    2410             8     -1.4142135623730949e+00 
    2410           209      1.4142135623730949e+00 
    2410           239     -2.8284271247461898e+00 
    2410            62     -1.4142135623730945e+00 
    2410            45      1.4142135623730947e+00 
    2410            57     -2.8284271247461894e+00 
    2411           204     -9.9999999999999900e-01 
    2411           219      1.9999999999999980e+00 
    2413           200      1.4142135623730936e+00 
    2415            20      2.0000000000000004e+00 
    2415           251      1.0000000000000000e+00 
    2415             5      2.0000000000000004e+00 
    2415           191     -2.0000000000000004e+00 
    2415           236      4.0000000000000009e+00 
    2415            41      1.0000000000000000e+00 
    2415             0      2.0000000000000004e+00 
    2415            21      1.0000000000000000e+00 
    2415            30     -2.0000000000000004e+00 
    2415           156     -2.0000000000000004e+00 
    2415            36      4.0000000000000009e+00 
    2415           231      4.0000000000000009e+00 
    2426            23      1.0000000000000002e+00 
    2435            46      1.7320508075688750e+00 
    2439            97      1.2247448713915883e+00 
    2439           172     -1.2247448713915883e+00 
    2440            93      1.2247448713915885e+00 
    2441           163      1.2247448713915885e+00 
    2447            46     -9.9999999999999956e-01 
    2447            58      1.9999999999999991e+00 
    2451           152     -9.9999999999999933e-01 
    2451           212      1.9999999999999987e+00 
    2452             1     -1.4142135623730949e+00 
    2452            22     -1.4142135623730945e+00 
    2452            34      1.4142135623730949e+00 
    2452            37     -2.8284271247461898e+00 
    2452            97      7.0710678118654713e-01 
    2452           172      7.0710678118654713e-01 
    2452           127     -1.4142135623730943e+00 
    2452           232     -1.4142135623730943e+00 
    2453           167     -9.9999999999999933e-01 
    2453           212      1.9999999999999987e+00 
    2454            93      7.0710678118654691e-01 
    2454           113     -1.4142135623730938e+00 
    2455           163      7.0710678118654691e-01 
    2455           193     -1.4142135623730938e+00 
    2467            32      1.4142135623730940e+00 
    2472            88     -9.9999999999999867e-01 
    2473           158     -9.9999999999999878e-01 
    2476            65      1.0000000000000002e+00 
    2478           124      1.2247448713915876e+00 
    2478           209     -1.2247448713915876e+00 
    2479           187     -9.9999999999999933e-01 
    2479           219      1.9999999999999987e+00 
    2480             8     -1.4142135623730949e+00 
    2480            62     -1.4142135623730945e+00 
    2480           124      7.0710678118654713e-01 
    2480           209      7.0710678118654713e-01 
    2480           134     -1.4142135623730943e+00 
    2480           239     -1.4142135623730943e+00 
    2480            45      1.4142135623730947e+00 
    2480            57     -2.8284271247461894e+00 
    2481           204     -9.9999999999999933e-01 
    2481           219      1.9999999999999987e+00 
    2482           120     -9.9999999999999933e-01 
    2483           200     -9.9999999999999944e-01 
    2484            19     -1.4142135623730945e+00 
    2484           250     -1.4142135623730943e+00 
    2484           186      1.4142135623730945e+00 
    2484           216     -2.8284271247461890e+00 
    2484           151      1.4142135623730945e+00 
    2484           211     -2.8284271247461890e+00 
    2485            14      9.9999999999999967e-01 
    2485            20      1.0000000000000000e+00 
    2485           230      9.9999999999999956e-01 
    2485           245      9.9999999999999956e-01 
    2485             5      2.0000000000000004e+00 
    2485            41      1.0000000000000000e+00 
    2485           111     -9.9999999999999967e-01 
    2485           191     -9.9999999999999978e-01 
    2485           131      1.9999999999999993e+00 
    2485           236      1.9999999999999996e+00 
    2485             0      2.0000000000000004e+00 
    2485            21      1.0000000000000000e+00 
    2485            30     -2.0000000000000004e+00 
    2485            36      4.0000000000000009e+00 
    2485            86     -9.9999999999999967e-01 
    2485           156     -9.9999999999999978e-01 
    2485           126      1.9999999999999993e+00 
    2485           231      1.9999999999999996e+00 
    2497            23      1.0000000000000002e+00 
    2506            46      1.7320508075688750e+00 
    2509           152      1.7320508075688756e+00 
    2511            93     -1.7320508075688765e+00 
    2518            46     -9.9999999999999956e-01 
    2518            58      1.9999999999999991e+00 
    2522           152     -9.9999999999999956e-01 
    2522           212      1.9999999999999991e+00 
    2523             1     -1.4142135623730949e+00 
    2523            22     -1.4142135623730945e+00 
    2523            34      1.4142135623730949e+00 
    2523            37     -2.8284271247461898e+00 
    2523            97      1.4142135623730949e+00 
    2523           127     -2.8284271247461898e+00 
    2525            93     -9.9999999999999900e-01 
    2525           113      1.9999999999999980e+00 
    2538            32      1.4142135623730940e+00 
    2543            88      1.4142135623730931e+00 
    2547            65      1.0000000000000002e+00 
    2548           187      1.7320508075688750e+00 
    2550           187     -9.9999999999999956e-01 
    2550           219      1.9999999999999991e+00 
    2551             8     -1.4142135623730949e+00 
    2551            62     -1.4142135623730945e+00 
    2551           124      1.4142135623730949e+00 
    2551           134     -2.8284271247461898e+00 
    2551            45      1.4142135623730947e+00 
    2551            57     -2.8284271247461894e+00 
    2553           120      1.4142135623730940e+00 
    2554           230      1.0000000000000002e+00 
    2555            19     -1.4142135623730949e+00 
    2555           225     -1.4142135623730945e+00 
    2555           186      1.4142135623730947e+00 
    2555           216     -2.8284271247461894e+00 
    2555           151      1.4142135623730947e+00 
    2555           211     -2.8284271247461894e+00 
    2556            14      2.0000000000000004e+00 
    2556           140      1.0000000000000000e+00 
    2556             5      2.0000000000000004e+00 
    2556            41      1.0000000000000000e+00 
    2556           111     -2.0000000000000004e+00 
    2556           131      4.0000000000000009e+00 
    2556             0      2.0000000000000004e+00 
    2556            21      1.0000000000000000e+00 
    2556            30     -2.0000000000000004e+00 
    2556            36      4.0000000000000009e+00 
    2556            86     -2.0000000000000004e+00 
    2556           126      4.0000000000000009e+00 
    2569            23      1.0000000000000002e+00 
    2574            80     -1.4999999999999967e+00 
    2575           145      1.2247448713915861e+00 
    2576            80     -8.6602540378443682e-01 
    2578            46      1.2247448713915872e+00 
    2580            83      1.2247448713915878e+00 
    2581            55      1.2247448713915878e+00 
    2581           172     -1.2247448713915874e+00 
    2582           167     -1.2247448713915874e+00 
    2586            80      8.6602540378443760e-01 
    2586           100     -1.7320508075688752e+00 
    2587           145     -7.0710678118654646e-01 
    2587           175      1.4142135623730929e+00 
    2588            80      4.9999999999999944e-01 
    2588           100     -9.9999999999999889e-01 
    2590            46     -7.0710678118654713e-01 
    2590            58      1.4142135623730943e+00 
    2592           148     -9.9999999999999900e-01 
    2592           193      1.9999999999999980e+00 
    2593            83      7.0710678118654713e-01 
    2593           113     -1.4142135623730943e+00 
    2595             1     -1.4142135623730949e+00 
    2595            22     -1.4142135623730945e+00 
    2595            34      1.4142135623730949e+00 
    2595            37     -2.8284271247461898e+00 
    2595            55      7.0710678118654713e-01 
    2595           172      7.0710678118654691e-01 
    2595            67     -1.4142135623730943e+00 
    2595           232     -1.4142135623730938e+00 
    2596           167      7.0710678118654657e-01 
    2596           212     -1.4142135623730931e+00 
    2597           163     -9.9999999999999911e-01 
    2597           193      1.9999999999999982e+00 
    2610            32      1.4142135623730940e+00 
    2613            50     -9.9999999999999900e-01 
    2615           158     -9.9999999999999889e-01 
    2616           182      1.4142135623730940e+00 
    2617           107     -9.9999999999999967e-01 
    2619            12      1.2247448713915881e+00 
    2619           108      1.2247448713915876e+00 
    2619           228     -1.2247448713915872e+00 
    2619           243      1.2247448713915878e+00 
    2619           104      1.2247448713915876e+00 
    2619            79     -1.2247448713915878e+00 
    2619            99      2.4494897427831757e+00 
    2620            17     -9.9999999999999878e-01 
    2620           200      1.9999999999999969e+00 
    2620           183     -9.9999999999999856e-01 
    2620           248     -9.9999999999999867e-01 
    2620           179     -9.9999999999999856e-01 
    2620           144      9.9999999999999878e-01 
    2620           174     -1.9999999999999976e+00 
    2621            12      7.0710678118654691e-01 
    2621           120     -1.4142135623730936e+00 
    2621           108      7.0710678118654680e-01 
    2621           228      7.0710678118654691e-01 
    2621           243      7.0710678118654680e-01 
    2621           104      7.0710678118654680e-01 
    2621            79     -7.0710678118654691e-01 
    2621            99      1.4142135623730938e+00 
    2622           223     -9.9999999999999956e-01 
    2623             8     -9.9999999999999967e-01 
    2623           209      1.9999999999999980e+00 
    2623           239     -9.9999999999999922e-01 
    2623            74     -9.9999999999999956e-01 
    2623            62     -9.9999999999999956e-01 
    2623            45      9.9999999999999967e-01 
    2623            57     -1.9999999999999993e+00 
    2624           204      1.9999999999999978e+00 
    2624           219     -9.9999999999999889e-01 
    2625            18     -1.4142135623730940e+00 
    2625           182      1.4142135623730940e+00 
    2625           197     -2.8284271247461881e+00 
    2625           249     -1.4142135623730938e+00 
    2625           147      1.4142135623730940e+00 
    2625           192     -2.8284271247461881e+00 
    2626            13      9.9999999999999967e-01 
    2626           107     -9.9999999999999967e-01 
    2626           117      1.9999999999999993e+00 
    2626           229      9.9999999999999956e-01 
    2626           244      9.9999999999999956e-01 
    2626            82     -9.9999999999999967e-01 
    2626           112      1.9999999999999993e+00 
    2627           224     -1.4142135623730945e+00 
    2628            20      1.0000000000000000e+00 
    2628             5      2.0000000000000004e+00 
    2628            41      1.0000000000000000e+00 
    2628             9      9.9999999999999967e-01 
    2628            65     -9.9999999999999967e-01 
    2628           191     -9.9999999999999956e-01 
    2628           210      9.9999999999999889e-01 
    2628            71      1.9999999999999993e+00 
    2628           236      1.9999999999999991e+00 
    2628           240      9.9999999999999922e-01 
    2628             0      2.0000000000000004e+00 
    2628            21      1.0000000000000000e+00 
    2628            30     -2.0000000000000004e+00 
    2628            36      4.0000000000000009e+00 
    2628            48     -9.9999999999999967e-01 
    2628           156     -9.9999999999999956e-01 
    2628            66      1.9999999999999993e+00 
    2628           231      1.9999999999999991e+00 
    2642            23      1.0000000000000002e+00 
    2646           145      1.4999999999999964e+00 
    2648           145     -8.6602540378443693e-01 
    2649            80      1.2247448713915863e+00 
    2651            46      1.2247448713915872e+00 
    2652           148     -1.2247448713915876e+00 
    2653           152     -1.2247448713915869e+00 
    2654            55      1.2247448713915878e+00 
    2654            97     -1.2247448713915878e+00 
    2658           145     -8.6602540378443749e-01 
    2658           175      1.7320508075688750e+00 
    2660           145      4.9999999999999950e-01 
    2660           175     -9.9999999999999900e-01 
    2661            80     -7.0710678118654668e-01 
    2661           100      1.4142135623730934e+00 
    2663            46     -7.0710678118654713e-01 
    2663            58      1.4142135623730943e+00 
    2665           148      7.0710678118654713e-01 
    2665           193     -1.4142135623730943e+00 
    2666            83     -9.9999999999999933e-01 
    2666           113      1.9999999999999987e+00 
    2667           152      7.0710678118654668e-01 
    2667           212     -1.4142135623730934e+00 
    2668             1     -1.4142135623730949e+00 
    2668            22     -1.4142135623730945e+00 
    2668            34      1.4142135623730949e+00 
    2668            37     -2.8284271247461898e+00 
    2668            55      7.0710678118654713e-01 
    2668            67     -1.4142135623730943e+00 
    2668            97      7.0710678118654713e-01 
    2668           127     -1.4142135623730943e+00 
    2669            93     -9.9999999999999933e-01 
    2669           113      1.9999999999999987e+00 
    2683            32      1.4142135623730940e+00 
    2686            50     -9.9999999999999900e-01 
    2687            88     -9.9999999999999911e-01 
    2689           182     -9.9999999999999978e-01 
    2690           107      1.4142135623730945e+00 
    2691            17     -1.2247448713915878e+00 
    2691           223      1.2247448713915881e+00 
    2691           183     -1.2247448713915874e+00 
    2691           188     -1.2247448713915876e+00 
    2691           179     -1.2247448713915874e+00 
    2691           144      1.2247448713915876e+00 
    2691           174     -2.4494897427831752e+00 
    2692           228     -9.9999999999999900e-01 
    2693            17      7.0710678118654702e-01 
    2693           200     -1.4142135623730936e+00 
    2693           223      7.0710678118654668e-01 
    2693           183      7.0710678118654680e-01 
    2693           188      7.0710678118654680e-01 
    2693           179      7.0710678118654680e-01 
    2693           144     -7.0710678118654691e-01 
    2693           174      1.4142135623730938e+00 
    2694            12     -9.9999999999999900e-01 
    2694           120      1.9999999999999973e+00 
    2694           108     -9.9999999999999889e-01 
    2694           138     -9.9999999999999900e-01 
    2694           104     -9.9999999999999889e-01 
    2694            79      9.9999999999999900e-01 
    2694            99     -1.9999999999999980e+00 
    2695           187      1.9999999999999978e+00 
    2695           219     -9.9999999999999889e-01 
    2696             8     -9.9999999999999967e-01 
    2696            74     -9.9999999999999956e-01 
    2696            62     -9.9999999999999956e-01 
    2696           124      1.9999999999999991e+00 
    2696           134     -9.9999999999999956e-01 
    2696            45      9.9999999999999967e-01 
    2696            57     -1.9999999999999993e+00 
    2697           229     -1.4142135623730945e+00 
    2698            18      9.9999999999999967e-01 
    2698           224      9.9999999999999956e-01 
    2698           206      9.9999999999999956e-01 
    2698           182     -9.9999999999999978e-01 
    2698           197      1.9999999999999996e+00 
    2698           147     -9.9999999999999978e-01 
    2698           192      1.9999999999999996e+00 
    2699            13     -1.4142135623730945e+00 
    2699           107      1.4142135623730945e+00 
    2699           117     -2.8284271247461890e+00 
    2699           139     -1.4142135623730943e+00 
    2699            82      1.4142135623730945e+00 
    2699           112     -2.8284271247461890e+00 
    2700            19      9.9999999999999933e-01 
    2700           186     -9.9999999999999922e-01 
    2700           205      9.9999999999999878e-01 
    2700           216      1.9999999999999984e+00 
    2700           220      9.9999999999999889e-01 
    2700           151     -9.9999999999999922e-01 
    2700           211      1.9999999999999984e+00 
    2701            14      1.0000000000000000e+00 
    2701             5      2.0000000000000004e+00 
    2701            41      1.0000000000000000e+00 
    2701             9      9.9999999999999967e-01 
    2701            65     -9.9999999999999967e-01 
    2701            71      1.9999999999999993e+00 
    2701           111     -9.9999999999999978e-01 
    2701           125      9.9999999999999956e-01 
    2701           131      1.9999999999999996e+00 
    2701           135      9.9999999999999956e-01 
    2701             0      2.0000000000000004e+00 
    2701            21      1.0000000000000000e+00 
    2701            30     -2.0000000000000004e+00 
    2701            36      4.0000000000000009e+00 
    2701            48     -9.9999999999999967e-01 
    2701            66      1.9999999999999993e+00 
    2701            86     -9.9999999999999978e-01 
    2701           126      1.9999999999999996e+00 
    2716            23      1.0000000000000002e+00 
    2723           145      1.7320508075688741e+00 
    2724            80      1.7320508075688745e+00 
    2726           148      1.7320508075688750e+00 
    2727            83      1.7320508075688752e+00 
    2735           145     -9.9999999999999911e-01 
    2735           175      1.9999999999999982e+00 
    2736            80     -9.9999999999999933e-01 
    2736           100      1.9999999999999987e+00 
    2740           148     -9.9999999999999933e-01 
    2740           193      1.9999999999999987e+00 
    2741            83     -9.9999999999999956e-01 
    2741           113      1.9999999999999991e+00 
    2742             1     -1.4142135623730949e+00 
    2742            22     -1.4142135623730945e+00 
    2742            34      1.4142135623730949e+00 
    2742            37     -2.8284271247461898e+00 
    2742            55      1.4142135623730949e+00 
    2742            67     -2.8284271247461898e+00 
    2757            32      1.4142135623730940e+00 
    2760            50      1.4142135623730936e+00 
    2761           191      1.0000000000000002e+00 
    2762           186     -1.4142135623730947e+00 
    2763           111      1.0000000000000002e+00 
    2764           204     -1.7320508075688750e+00 
    2764           187      1.7320508075688750e+00 
    2765           209      1.4142135623730949e+00 
    2766           204     -9.9999999999999956e-01 
    2766           187     -9.9999999999999956e-01 
    2767           124      1.4142135623730949e+00 
    2768            17     -1.4142135623730943e+00 
    2768           200      1.4142135623730943e+00 
    2768           183     -2.8284271247461885e+00 
    2768           179     -1.4142135623730940e+00 
    2768           144      1.4142135623730943e+00 
    2768           174     -2.8284271247461885e+00 
    2769            12     -1.4142135623730945e+00 
    2769           120      1.4142135623730945e+00 
    2769           108     -2.8284271247461890e+00 
    2769           104     -1.4142135623730943e+00 
    2769            79      1.4142135623730945e+00 
    2769            99     -2.8284271247461890e+00 
    2770           210      1.0000000000000002e+00 
    2771           205     -1.4142135623730947e+00 
    2772           125      1.0000000000000002e+00 
    2773            18     -1.4142135623730945e+00 
    2773           182      1.4142135623730945e+00 
    2773           197     -2.8284271247461890e+00 
    2773           201     -1.4142135623730943e+00 
    2773           147      1.4142135623730945e+00 
    2773           192     -2.8284271247461890e+00 
    2774            13     -1.4142135623730949e+00 
    2774           107      1.4142135623730947e+00 
    2774           117     -2.8284271247461894e+00 
    2774           121     -1.4142135623730945e+00 
    2774            82      1.4142135623730947e+00 
    2774           112     -2.8284271247461894e+00 
    2775             5      2.0000000000000004e+00 
    2775            41      1.0000000000000000e+00 
    2775             9      2.0000000000000004e+00 
    2775            65     -2.0000000000000004e+00 
    2775            71      4.0000000000000009e+00 
    2775            75      1.0000000000000000e+00 
    2775             0      2.0000000000000004e+00 
    2775            21      1.0000000000000000e+00 
    2775            30     -2.0000000000000004e+00 
    2775            36      4.0000000000000009e+00 
    2775            48     -2.0000000000000004e+00 
    2775            66      4.0000000000000009e+00 
    2779            28     -9.9999999999999967e-01 
    2791             6      9.9999999999999878e-01 
    2791            44      9.9999999999999845e-01 
    2791           122     -1.4999999999999993e+00 
    2791           207     -1.4999999999999987e+00 
    2791           132      9.9999999999999811e-01 
    2791           237      9.9999999999999789e-01 
    2791            72      9.9999999999999845e-01 
    2791            42      9.9999999999999845e-01 
    2792            63     -1.1547005383792524e+00 
    2792           109      5.7735026918962673e-01 
    2792           189      5.7735026918962651e-01 
    2793             3      1.2247448713915881e+00 
    2793            29      1.2247448713915876e+00 
    2793            63     -4.0824829046386241e-01 
    2793           109     -1.0206207261596563e+00 
    2793           189     -1.0206207261596560e+00 
    2793            69      1.2247448713915878e+00 
    2793           129      1.2247448713915869e+00 
    2793           234      1.2247448713915869e+00 
    2793            27      1.2247448713915876e+00 
    2794           153      4.9999999999999867e-01 
    2795           109     -3.5355339059327318e-01 
    2795           189      3.5355339059327290e-01 
    2796           184     -4.9999999999999939e-01 
    2797           105      9.9999999999999911e-01 
    2797           115     -1.4999999999999976e+00 
    2798           180     -9.9999999999999889e-01 
    2798           195      1.4999999999999973e+00 
    2799            60      9.9999999999999967e-01 
    2800           102      4.9999999999999967e-01 
    2801           177     -4.9999999999999961e-01 
    2802           154      1.2247448713915869e+00 
    2803           122     -8.6602540378443804e-01 
    2803           207      8.6602540378443726e-01 
    2804           202     -1.2247448713915867e+00 
    2805             3      7.0710678118654691e-01 
    2805            32     -1.4142135623730936e+00 
    2805            29      7.0710678118654680e-01 
    2805            63     -7.0710678118654746e-01 
    2805           109      3.5355339059327456e-01 
    2805           189      3.5355339059327417e-01 
    2805            69      7.0710678118654680e-01 
    2805           129      7.0710678118654646e-01 
    2805           234      7.0710678118654635e-01 
    2805            27      7.0710678118654680e-01 
    2806           153     -8.6602540378443726e-01 
    2807           109      6.1237243569579403e-01 
    2807           189     -6.1237243569579347e-01 
    2808           184      8.6602540378443749e-01 
    2809           115     -8.6602540378443771e-01 
    2810           195      8.6602540378443760e-01 
    2814           102      8.6602540378443760e-01 
    2815           177     -8.6602540378443749e-01 
    2817             1     -9.9999999999999967e-01 
    2817            97      1.4999999999999996e+00 
    2817           172      1.4999999999999989e+00 
    2817            67     -9.9999999999999922e-01 
    2817           127     -9.9999999999999856e-01 
    2817           232     -9.9999999999999845e-01 
    2817            25     -9.9999999999999956e-01 
    2817            22     -9.9999999999999956e-01 
    2818           152     -1.2247448713915869e+00 
    2819            97      8.6602540378443804e-01 
    2819           172     -8.6602540378443726e-01 
    2820           167      1.2247448713915867e+00 
    2821            93     -1.2247448713915885e+00 
    2821           113      1.2247448713915874e+00 
    2822           163      1.2247448713915885e+00 
    2822           193     -1.2247448713915872e+00 
    2823            58     -9.9999999999999900e-01 
    2824           100     -4.9999999999999939e-01 
    2825           175      4.9999999999999933e-01 
    2829            90     -1.7320508075688741e+00 
    2829           100      8.6602540378443704e-01 
    2830           160      1.7320508075688739e+00 
    2830           175     -8.6602540378443693e-01 
    2835           170      1.7320508075688752e+00 
    2836           123     -1.2247448713915889e+00 
    2836           208      1.2247448713915876e+00 
    2837           203     -1.7320508075688745e+00 
    2838             4      9.9999999999999967e-01 
    2838            28     -9.9999999999999967e-01 
    2838            31      1.9999999999999993e+00 
    2838            64     -1.0000000000000004e+00 
    2838           110      5.0000000000000144e-01 
    2838           190      5.0000000000000089e-01 
    2838            70      9.9999999999999956e-01 
    2838           130      9.9999999999999889e-01 
    2838           235      9.9999999999999878e-01 
    2839           169     -1.2247448713915876e+00 
    2840           110      8.6602540378443849e-01 
    2840           190     -8.6602540378443771e-01 
    2841           185      1.2247448713915874e+00 
    2842           116     -1.2247448713915878e+00 
    2843           196      1.2247448713915876e+00 
    2847           103      1.2247448713915876e+00 
    2848           178     -1.2247448713915874e+00 
    2850            20      1.0000000000000000e+00 
    2850             9      1.0000000000000000e+00 
    2850            14      9.9999999999999956e-01 
    2850           125      5.0000000000000144e-01 
    2850           210      5.0000000000000089e-01 
    2850           230     -9.9999999999999967e-01 
    2850           135      9.9999999999999933e-01 
    2850           240      9.9999999999999922e-01 
    2850           245      9.9999999999999933e-01 
    2850             0      2.0000000000000004e+00 
    2850            21      1.0000000000000000e+00 
    2850             2      9.9999999999999967e-01 
    2850            23     -9.9999999999999967e-01 
    2850            48     -9.9999999999999956e-01 
    2850            56     -1.0000000000000000e+00 
    2850            86     -9.9999999999999889e-01 
    2850            98      5.0000000000000089e-01 
    2850           156     -9.9999999999999878e-01 
    2850           173      5.0000000000000044e-01 
    2850            24      1.9999999999999993e+00 
    2850            66      1.9999999999999991e+00 
    2850            68      9.9999999999999922e-01 
    2850           126      1.9999999999999978e+00 
    2850           128      9.9999999999999856e-01 
    2850           231      1.9999999999999976e+00 
    2850           233      9.9999999999999845e-01 
    2851            43      1.4142135623730940e+00 
    2855            28     -9.9999999999999967e-01 
    2866           202     -1.2247448713915869e+00 
    2867           184      1.4142135623730940e+00 
    2868           184      4.9999999999999944e-01 
    2869             3      1.2247448713915881e+00 
    2869            29      1.2247448713915876e+00 
    2869            27      1.2247448713915876e+00 
    2869            63     -1.2247448713915872e+00 
    2869           189     -1.2247448713915881e+00 
    2869            69      1.2247448713915878e+00 
    2869           234      2.4494897427831761e+00 
    2870           184      8.6602540378443749e-01 
    2870           214     -1.7320508075688750e+00 
    2872           195     -1.2247448713915865e+00 
    2875           177      1.2247448713915872e+00 
    2877             6     -9.9999999999999878e-01 
    2877            50      1.9999999999999969e+00 
    2877            44     -9.9999999999999856e-01 
    2877           207      9.9999999999999878e-01 
    2877           237     -1.9999999999999976e+00 
    2877            72     -9.9999999999999867e-01 
    2877            42     -9.9999999999999856e-01 
    2878           202     -7.0710678118654680e-01 
    2878           217      1.4142135623730936e+00 
    2880           184     -8.6602540378443749e-01 
    2881             3      7.0710678118654691e-01 
    2881            32     -1.4142135623730936e+00 
    2881            29      7.0710678118654680e-01 
    2881            27      7.0710678118654680e-01 
    2881            63      7.0710678118654691e-01 
    2881           189     -7.0710678118654691e-01 
    2881            69      7.0710678118654680e-01 
    2881           234      1.4142135623730938e+00 
    2882           184      4.9999999999999950e-01 
    2882           214     -9.9999999999999900e-01 
    2884           180      1.4142135623730929e+00 
    2884           195     -7.0710678118654657e-01 
    2886            60     -9.9999999999999956e-01 
    2889           177     -7.0710678118654646e-01 
    2892           167     -1.2247448713915869e+00 
    2893             1     -9.9999999999999967e-01 
    2893            25     -9.9999999999999956e-01 
    2893            22     -9.9999999999999956e-01 
    2893            55      1.9999999999999980e+00 
    2893           172      9.9999999999999933e-01 
    2893            67     -9.9999999999999922e-01 
    2893           232     -1.9999999999999987e+00 
    2894           167     -7.0710678118654668e-01 
    2894           212      1.4142135623730934e+00 
    2896           163      9.9999999999999767e-01 
    2896           193      9.9999999999999845e-01 
    2899           175     -1.2247448713915863e+00 
    2901            52      1.9999999999999978e+00 
    2901            58     -9.9999999999999889e-01 
    2904           160      1.4142135623730920e+00 
    2904           175     -7.0710678118654602e-01 
    2910             7     -1.4142135623730940e+00 
    2910            43      1.4142135623730940e+00 
    2910            49     -2.8284271247461881e+00 
    2910           208      1.4142135623730940e+00 
    2910           238     -2.8284271247461881e+00 
    2910            73     -1.4142135623730938e+00 
    2911           203     -9.9999999999999900e-01 
    2911           218      1.9999999999999980e+00 
    2913           185     -1.2247448713915876e+00 
    2914             4      9.9999999999999967e-01 
    2914            28     -9.9999999999999967e-01 
    2914            31      1.9999999999999993e+00 
    2914            64      9.9999999999999956e-01 
    2914           190     -9.9999999999999967e-01 
    2914            70      9.9999999999999956e-01 
    2914           235      1.9999999999999993e+00 
    2915           185      7.0710678118654691e-01 
    2915           215     -1.4142135623730938e+00 
    2917           181      1.9999999999999973e+00 
    2917           196     -9.9999999999999878e-01 
    2919            61     -1.4142135623730945e+00 
    2922           178     -9.9999999999999856e-01 
    2925           205      1.2247448713915883e+00 
    2925           168     -1.2247448713915869e+00 
    2926            20      2.0000000000000004e+00 
    2926           251      1.0000000000000000e+00 
    2926             9      1.0000000000000000e+00 
    2926           210     -1.0000000000000000e+00 
    2926           240      2.0000000000000000e+00 
    2926             0      2.0000000000000004e+00 
    2926            21      1.0000000000000000e+00 
    2926             2      9.9999999999999967e-01 
    2926            23     -9.9999999999999967e-01 
    2926            24      1.9999999999999993e+00 
    2926            48     -9.9999999999999956e-01 
    2926            56      9.9999999999999889e-01 
    2926           156     -1.9999999999999993e+00 
    2926           173     -9.9999999999999933e-01 
    2926            66      1.9999999999999991e+00 
    2926            68      9.9999999999999922e-01 
    2926           231      3.9999999999999987e+00 
    2926           233      1.9999999999999987e+00 
    2928            43      1.4142135623730940e+00 
    2932            28     -9.9999999999999967e-01 
    2942           122      8.6602540378443704e-01 
    2942           207     -8.6602540378443704e-01 
    2943           109     -9.9999999999999989e-01 
    2943           189      1.0000000000000000e+00 
    2944           109     -3.5355339059327290e-01 
    2944           189      3.5355339059327290e-01 
    2945           153      8.6602540378443749e-01 
    2945           214     -1.7320508075688750e+00 
    2946             3      1.2247448713915881e+00 
    2946            29      1.2247448713915876e+00 
    2946            27      1.2247448713915876e+00 
    2946            63     -1.2247448713915872e+00 
    2946            69      1.2247448713915878e+00 
    2946           109     -6.1237243569579369e-01 
    2946           189     -6.1237243569579369e-01 
    2946           129      1.2247448713915874e+00 
    2946           234      1.2247448713915874e+00 
    2947           184      8.6602540378443760e-01 
    2947           214     -1.7320508075688752e+00 
    2948           115      8.6602540378443726e-01 
    2949           195      8.6602540378443738e-01 
    2951           102     -8.6602540378443760e-01 
    2952           177     -8.6602540378443771e-01 
    2953           154     -7.0710678118654624e-01 
    2953           217      1.4142135623730925e+00 
    2954             6     -9.9999999999999878e-01 
    2954            50      1.9999999999999969e+00 
    2954            44     -9.9999999999999856e-01 
    2954            72     -9.9999999999999867e-01 
    2954            42     -9.9999999999999856e-01 
    2954           122      4.9999999999999911e-01 
    2954           207      4.9999999999999922e-01 
    2954           132     -9.9999999999999822e-01 
    2954           237     -9.9999999999999845e-01 
    2955           202     -7.0710678118654691e-01 
    2955           217      1.4142135623730938e+00 
    2956           109      6.1237243569579369e-01 
    2956           189     -6.1237243569579369e-01 
    2957           153      4.9999999999999928e-01 
    2957           214     -9.9999999999999856e-01 
    2958             3      7.0710678118654691e-01 
    2958            32     -1.4142135623730936e+00 
    2958            29      7.0710678118654680e-01 
    2958            27      7.0710678118654680e-01 
    2958            63      7.0710678118654691e-01 
    2958            69      7.0710678118654680e-01 
    2958           109     -3.5355339059327329e-01 
    2958           189     -3.5355339059327334e-01 
    2958           129      7.0710678118654657e-01 
    2958           234      7.0710678118654668e-01 
    2959           184      4.9999999999999967e-01 
    2959           214     -9.9999999999999933e-01 
    2960           105     -9.9999999999999878e-01 
    2960           115      4.9999999999999950e-01 
    2961           180     -9.9999999999999889e-01 
    2961           195      4.9999999999999956e-01 
    2963            60     -9.9999999999999956e-01 
    2965           102      4.9999999999999944e-01 
    2966           177      4.9999999999999950e-01 
    2968            97      8.6602540378443738e-01 
    2968           172     -8.6602540378443738e-01 
    2969           152     -7.0710678118654668e-01 
    2969           212      1.4142135623730934e+00 
    2970             1     -9.9999999999999967e-01 
    2970            25     -9.9999999999999956e-01 
    2970            22     -9.9999999999999956e-01 
    2970            55      1.9999999999999980e+00 
    2970            67     -9.9999999999999922e-01 
    2970            97      4.9999999999999944e-01 
    2970           172      4.9999999999999950e-01 
    2970           127     -9.9999999999999889e-01 
    2970           232     -9.9999999999999900e-01 
    2971           167     -7.0710678118654680e-01 
    2971           212      1.4142135623730936e+00 
    2972            93     -7.0710678118654635e-01 
    2972           113     -7.0710678118654668e-01 
    2973           163     -7.0710678118654635e-01 
    2973           193     -7.0710678118654668e-01 
    2975           100      8.6602540378443704e-01 
    2976           175      8.6602540378443715e-01 
    2978            52      1.9999999999999978e+00 
    2978            58     -9.9999999999999889e-01 
    2980            90     -9.9999999999999822e-01 
    2980           100      4.9999999999999911e-01 
    2981           160     -9.9999999999999833e-01 
    2981           175      4.9999999999999917e-01 
    2986           170     -9.9999999999999878e-01 
    2986           218      1.9999999999999976e+00 
    2987             7     -1.4142135623730940e+00 
    2987            43      1.4142135623730940e+00 
    2987            49     -2.8284271247461881e+00 
    2987            73     -1.4142135623730938e+00 
    2987           123      7.0710678118654668e-01 
    2987           208      7.0710678118654680e-01 
    2987           133     -1.4142135623730934e+00 
    2987           238     -1.4142135623730936e+00 
    2988           203     -9.9999999999999933e-01 
    2988           218      1.9999999999999987e+00 
    2989           110      8.6602540378443771e-01 
    2989           190     -8.6602540378443771e-01 
    2990           169      7.0710678118654691e-01 
    2990           215     -1.4142135623730938e+00 
    2991             4      9.9999999999999967e-01 
    2991            28     -9.9999999999999967e-01 
    2991            31      1.9999999999999993e+00 
    2991            64      9.9999999999999956e-01 
    2991            70      9.9999999999999956e-01 
    2991           110     -4.9999999999999961e-01 
    2991           190     -4.9999999999999967e-01 
    2991           130      9.9999999999999922e-01 
    2991           235      9.9999999999999933e-01 
    2992           185      7.0710678118654702e-01 
    2992           215     -1.4142135623730940e+00 
    2993           106     -1.4142135623730936e+00 
    2993           116      7.0710678118654691e-01 
    2994           181     -1.4142135623730936e+00 
    2994           196      7.0710678118654691e-01 
    2996            61     -1.4142135623730945e+00 
    2998           103      7.0710678118654680e-01 
    2999           178      7.0710678118654680e-01 
    3001           125     -8.6602540378443893e-01 
    3001           210      8.6602540378443826e-01 
    3001            98      8.6602540378443804e-01 
    3001           173     -8.6602540378443726e-01 
    3002            19     -1.4142135623730945e+00 
    3002           250     -1.4142135623730943e+00 
    3002           205      7.0710678118654713e-01 
    3002           220     -1.4142135623730943e+00 
    3002           151      1.4142135623730938e+00 
    3002           168      7.0710678118654668e-01 
    3002           211     -2.8284271247461876e+00 
    3002           213     -1.4142135623730934e+00 
    3003            14      9.9999999999999967e-01 
    3003            20      1.0000000000000000e+00 
    3003           230      9.9999999999999956e-01 
    3003           245      9.9999999999999956e-01 
    3003             9      1.0000000000000000e+00 
    3003           125     -4.9999999999999978e-01 
    3003           210     -4.9999999999999983e-01 
    3003           135      9.9999999999999956e-01 
    3003           240      9.9999999999999967e-01 
    3003             0      2.0000000000000004e+00 
    3003            21      1.0000000000000000e+00 
    3003             2      9.9999999999999967e-01 
    3003            23     -9.9999999999999967e-01 
    3003            24      1.9999999999999993e+00 
    3003            48     -9.9999999999999956e-01 
    3003            56      9.9999999999999889e-01 
    3003            66      1.9999999999999991e+00 
    3003            68      9.9999999999999922e-01 
    3003            86     -9.9999999999999922e-01 
    3003            98     -4.9999999999999944e-01 
    3003           156     -9.9999999999999933e-01 
    3003           173     -4.9999999999999950e-01 
    3003           126      1.9999999999999984e+00 
    3003           128      9.9999999999999889e-01 
    3003           231      1.9999999999999987e+00 
    3003           233      9.9999999999999900e-01 
    3006            43      1.4142135623730940e+00 
    3010            28     -9.9999999999999967e-01 
    3019           154      1.2247448713915863e+00 
    3020           153     -1.4142135623730945e+00 
    3021           153     -4.9999999999999861e-01 
    3023           153      8.6602540378443760e-01 
    3023           214     -1.7320508075688752e+00 
    3024             3      1.2247448713915881e+00 
    3024            29      1.2247448713915876e+00 
    3024            27      1.2247448713915876e+00 
    3024            63     -1.2247448713915872e+00 
    3024            69      1.2247448713915878e+00 
    3024           109     -1.2247448713915881e+00 
    3024           129      2.4494897427831761e+00 
    3026           115     -1.2247448713915872e+00 
    3029           102      1.2247448713915876e+00 
    3031           154     -7.0710678118654635e-01 
    3031           217      1.4142135623730927e+00 
    3032             6     -9.9999999999999878e-01 
    3032            50      1.9999999999999969e+00 
    3032            44     -9.9999999999999856e-01 
    3032            72     -9.9999999999999867e-01 
    3032            42     -9.9999999999999856e-01 
    3032           122      9.9999999999999878e-01 
    3032           132     -1.9999999999999976e+00 
    3033           153      8.6602540378443715e-01 
    3035           153      4.9999999999999944e-01 
    3035           214     -9.9999999999999889e-01 
    3036             3      7.0710678118654691e-01 
    3036            32     -1.4142135623730936e+00 
    3036            29      7.0710678118654680e-01 
    3036            27      7.0710678118654680e-01 
    3036            63      7.0710678118654691e-01 
    3036            69      7.0710678118654680e-01 
    3036           109     -7.0710678118654691e-01 
    3036           129      1.4142135623730938e+00 
    3038           105      1.4142135623730936e+00 
    3038           115     -7.0710678118654680e-01 
    3041            60     -9.9999999999999956e-01 
    3043           102     -7.0710678118654668e-01 
    3045           152      1.2247448713915867e+00 
    3047           152     -7.0710678118654680e-01 
    3047           212      1.4142135623730936e+00 
    3048             1     -9.9999999999999967e-01 
    3048            25     -9.9999999999999956e-01 
    3048            22     -9.9999999999999956e-01 
    3048            55      1.9999999999999980e+00 
    3048            67     -9.9999999999999922e-01 
    3048            97      9.9999999999999933e-01 
    3048           127     -1.9999999999999987e+00 
    3050            93      9.9999999999999822e-01 
    3050           113      9.9999999999999878e-01 
    3053           100     -1.2247448713915867e+00 
    3056            52      1.9999999999999978e+00 
    3056            58     -9.9999999999999889e-01 
    3058            90      1.4142135623730925e+00 
    3058           100     -7.0710678118654624e-01 
    3064           170     -9.9999999999999900e-01 
    3064           218      1.9999999999999980e+00 
    3065             7     -1.4142135623730940e+00 
    3065            43      1.4142135623730940e+00 
    3065            49     -2.8284271247461881e+00 
    3065            73     -1.4142135623730938e+00 
    3065           123      1.4142135623730940e+00 
    3065           133     -2.8284271247461881e+00 
    3066           169      1.2247448713915874e+00 
    3068           169      7.0710678118654702e-01 
    3068           215     -1.4142135623730940e+00 
    3069             4      9.9999999999999967e-01 
    3069            28     -9.9999999999999967e-01 
    3069            31      1.9999999999999993e+00 
    3069            64      9.9999999999999956e-01 
    3069            70      9.9999999999999956e-01 
    3069           110     -9.9999999999999967e-01 
    3069           130      1.9999999999999993e+00 
    3071           106      1.9999999999999978e+00 
    3071           116     -9.9999999999999900e-01 
    3074            61     -1.4142135623730945e+00 
    3076           103     -9.9999999999999889e-01 
    3078           205     -1.2247448713915876e+00 
    3078           168      1.2247448713915867e+00 
    3079           230      1.0000000000000002e+00 
    3080            19     -1.4142135623730949e+00 
    3080           225     -1.4142135623730945e+00 
    3080           205      7.0710678118654724e-01 
    3080           220     -1.4142135623730945e+00 
    3080           151      1.4142135623730940e+00 
    3080           168      7.0710678118654680e-01 
    3080           211     -2.8284271247461881e+00 
    3080           213     -1.4142135623730936e+00 
    3081            14      2.0000000000000004e+00 
    3081           140      1.0000000000000000e+00 
    3081             9      1.0000000000000000e+00 
    3081           125     -1.0000000000000000e+00 
    3081           135      2.0000000000000000e+00 
    3081             0      2.0000000000000004e+00 
    3081            21      1.0000000000000000e+00 
    3081             2      9.9999999999999967e-01 
    3081            23     -9.9999999999999967e-01 
    3081            24      1.9999999999999993e+00 
    3081            48     -9.9999999999999956e-01 
    3081            56      9.9999999999999889e-01 
    3081            66      1.9999999999999991e+00 
    3081            68      9.9999999999999922e-01 
    3081            86     -1.9999999999999993e+00 
    3081            98     -9.9999999999999933e-01 
    3081           126      3.9999999999999987e+00 
    3081           128      1.9999999999999987e+00 
    3082           142      1.4142135623730931e+00 
    3083            77     -9.9999999999999900e-01 
    3089            28     -9.9999999999999967e-01 
    3097            10      1.2247448713915865e+00 
    3097           118     -1.2247448713915867e+00 
    3097            78      1.2247448713915861e+00 
    3097            85      2.4494897427831734e+00 
    3097           226     -1.2247448713915858e+00 
    3097           241      1.2247448713915863e+00 
    3097            76      1.2247448713915861e+00 
    3098            84     -1.4142135623730956e+00 
    3099            84      9.9999999999999867e-01 
    3099           115     -1.4999999999999976e+00 
    3100           195     -1.2247448713915865e+00 
    3101           115      8.6602540378443726e-01 
    3103             3      1.2247448713915881e+00 
    3103            29      1.2247448713915876e+00 
    3103            27      1.2247448713915876e+00 
    3103            63     -1.2247448713915876e+00 
    3103           189     -1.2247448713915861e+00 
    3103            69      2.4494897427831752e+00 
    3103           234      1.2247448713915867e+00 
    3104           184     -1.2247448713915867e+00 
    3104           214      1.2247448713915865e+00 
    3106            60     -1.2247448713915878e+00 
    3108            15     -9.9999999999999811e-01 
    3108           158      1.9999999999999953e+00 
    3108           198      9.9999999999999811e-01 
    3108           143     -9.9999999999999789e-01 
    3108           150     -1.9999999999999962e+00 
    3108           246     -9.9999999999999800e-01 
    3108           141     -9.9999999999999789e-01 
    3109            10      7.0710678118654646e-01 
    3109            88     -1.4142135623730923e+00 
    3109           118     -7.0710678118654646e-01 
    3109            78      7.0710678118654635e-01 
    3109            85      1.4142135623730929e+00 
    3109           226      7.0710678118654624e-01 
    3109           241      7.0710678118654635e-01 
    3109            76      7.0710678118654635e-01 
    3110           221     -9.9999999999999922e-01 
    3111           115     -8.6602540378443726e-01 
    3112           149      1.4142135623730920e+00 
    3112           195     -7.0710678118654624e-01 
    3113            84     -9.9999999999999845e-01 
    3113           115      4.9999999999999928e-01 
    3115             3      7.0710678118654691e-01 
    3115            32     -1.4142135623730936e+00 
    3115            29      7.0710678118654680e-01 
    3115            27      7.0710678118654680e-01 
    3115            63     -7.0710678118654668e-01 
    3115           189      7.0710678118654602e-01 
    3115            69      1.4142135623730934e+00 
    3115           234      7.0710678118654635e-01 
    3116           184      7.0710678118654591e-01 
    3116           214      7.0710678118654646e-01 
    3120            60     -7.0710678118654713e-01 
    3122           177     -9.9999999999999911e-01 
    3123            83     -1.2247448713915885e+00 
    3123           113      1.2247448713915874e+00 
    3124           148      9.9999999999999767e-01 
    3124           193      9.9999999999999845e-01 
    3125            83     -7.0710678118654635e-01 
    3125           113     -7.0710678118654668e-01 
    3127             1     -9.9999999999999967e-01 
    3127            25     -9.9999999999999956e-01 
    3127            22     -9.9999999999999956e-01 
    3127            55      9.9999999999999900e-01 
    3127           172      1.9999999999999962e+00 
    3127            67     -1.9999999999999980e+00 
    3127           232     -9.9999999999999856e-01 
    3128           167      1.9999999999999956e+00 
    3128           212     -9.9999999999999833e-01 
    3130            58      1.2247448713915869e+00 
    3135            52      1.4142135623730934e+00 
    3135            58     -7.0710678118654668e-01 
    3137           160      1.9999999999999969e+00 
    3137           175     -9.9999999999999845e-01 
    3141            16     -1.4142135623730931e+00 
    3141           199      1.4142135623730931e+00 
    3141           166     -2.8284271247461863e+00 
    3141           142      1.4142135623730931e+00 
    3141           157     -2.8284271247461863e+00 
    3141           247     -1.4142135623730929e+00 
    3142            11      9.9999999999999900e-01 
    3142           119     -9.9999999999999900e-01 
    3142            96      1.9999999999999980e+00 
    3142            77     -9.9999999999999900e-01 
    3142            87      1.9999999999999980e+00 
    3142           227      9.9999999999999878e-01 
    3142           242      9.9999999999999889e-01 
    3143           222     -1.4142135623730938e+00 
    3144           116     -1.2247448713915878e+00 
    3145           165      1.9999999999999973e+00 
    3145           196     -9.9999999999999878e-01 
    3146            95     -1.4142135623730936e+00 
    3146           116      7.0710678118654691e-01 
    3148             4      9.9999999999999967e-01 
    3148            28     -9.9999999999999967e-01 
    3148            31      1.9999999999999993e+00 
    3148            64     -9.9999999999999933e-01 
    3148           190      9.9999999999999833e-01 
    3148            70      1.9999999999999987e+00 
    3148           235      9.9999999999999889e-01 
    3149           185      9.9999999999999800e-01 
    3149           215      9.9999999999999867e-01 
    3153            61     -9.9999999999999956e-01 
    3155           178     -1.4142135623730940e+00 
    3156            13     -1.2247448713915883e+00 
    3156           229      1.2247448713915876e+00 
    3156           244     -1.2247448713915881e+00 
    3156           121     -1.2247448713915881e+00 
    3156            82      1.2247448713915878e+00 
    3156           112     -2.4494897427831757e+00 
    3156           114     -1.2247448713915874e+00 
    3157            18     -9.9999999999999900e-01 
    3157           249     -9.9999999999999900e-01 
    3157           201     -9.9999999999999889e-01 
    3157           147      9.9999999999999878e-01 
    3157           164      1.9999999999999960e+00 
    3157           192     -1.9999999999999976e+00 
    3157           194     -9.9999999999999845e-01 
    3158            13      7.0710678118654713e-01 
    3158           229      7.0710678118654702e-01 
    3158           244      7.0710678118654702e-01 
    3158           121      7.0710678118654702e-01 
    3158            82     -7.0710678118654691e-01 
    3158            94     -1.4142135623730929e+00 
    3158           112      1.4142135623730938e+00 
    3158           114      7.0710678118654668e-01 
    3159           224     -9.9999999999999922e-01 
    3160            20      1.0000000000000000e+00 
    3160             9      1.9999999999999996e+00 
    3160           210     -9.9999999999999933e-01 
    3160           240      1.9999999999999987e+00 
    3160            75      9.9999999999999967e-01 
    3160             0      2.0000000000000004e+00 
    3160            21      1.0000000000000000e+00 
    3160             2      9.9999999999999967e-01 
    3160            23     -9.9999999999999967e-01 
    3160            24      1.9999999999999993e+00 
    3160            48     -1.9999999999999987e+00 
    3160            56     -9.9999999999999900e-01 
    3160           156     -9.9999999999999889e-01 
    3160           173      9.9999999999999756e-01 
    3160            66      3.9999999999999973e+00 
    3160            68      1.9999999999999980e+00 
    3160           231      1.9999999999999978e+00 
    3160           233      9.9999999999999856e-01 
    3162           142     -9.9999999999999911e-01 
    3163            77      1.4142135623730936e+00 
    3169            28     -9.9999999999999967e-01 
    3176            15     -1.2247448713915865e+00 
    3176           198      1.2247448713915865e+00 
    3176           221      1.2247448713915867e+00 
    3176           143     -1.2247448713915858e+00 
    3176           150     -2.4494897427831730e+00 
    3176           155     -1.2247448713915863e+00 
    3176           141     -1.2247448713915858e+00 
    3177           149      1.4142135623730954e+00 
    3178           149     -9.9999999999999856e-01 
    3178           195      1.4999999999999973e+00 
    3180           195      8.6602540378443738e-01 
    3181           115     -1.2247448713915872e+00 
    3182           153     -1.2247448713915858e+00 
    3182           214      1.2247448713915865e+00 
    3183             3      1.2247448713915881e+00 
    3183            29      1.2247448713915876e+00 
    3183            27      1.2247448713915876e+00 
    3183            63     -1.2247448713915876e+00 
    3183            69      2.4494897427831752e+00 
    3183           109     -1.2247448713915867e+00 
    3183           129      1.2247448713915874e+00 
    3186            60     -1.2247448713915878e+00 
    3187           226     -9.9999999999999845e-01 
    3188            15      7.0710678118654657e-01 
    3188           158     -1.4142135623730923e+00 
    3188           198     -7.0710678118654646e-01 
    3188           221      7.0710678118654624e-01 
    3188           143      7.0710678118654635e-01 
    3188           150      1.4142135623730929e+00 
    3188           155      7.0710678118654635e-01 
    3188           141      7.0710678118654635e-01 
    3189            10     -9.9999999999999845e-01 
    3189            88      1.9999999999999960e+00 
    3189           118      9.9999999999999845e-01 
    3189            78     -9.9999999999999822e-01 
    3189            85     -1.9999999999999969e+00 
    3189           136     -9.9999999999999833e-01 
    3189            76     -9.9999999999999822e-01 
    3190           195      8.6602540378443715e-01 
    3192           149     -9.9999999999999856e-01 
    3192           195      4.9999999999999933e-01 
    3193            84      1.4142135623730929e+00 
    3193           115     -7.0710678118654646e-01 
    3194           153      7.0710678118654569e-01 
    3194           214      7.0710678118654613e-01 
    3195             3      7.0710678118654691e-01 
    3195            32     -1.4142135623730936e+00 
    3195            29      7.0710678118654680e-01 
    3195            27      7.0710678118654680e-01 
    3195            63     -7.0710678118654668e-01 
    3195            69      1.4142135623730934e+00 
    3195           109      7.0710678118654657e-01 
    3195           129      7.0710678118654657e-01 
    3200            60     -7.0710678118654713e-01 
    3201           102     -9.9999999999999933e-01 
    3202           148      1.2247448713915885e+00 
    3202           193     -1.2247448713915872e+00 
    3204           148     -7.0710678118654635e-01 
    3204           193     -7.0710678118654668e-01 
    3205            83      9.9999999999999822e-01 
    3205           113      9.9999999999999878e-01 
    3206           152      1.9999999999999956e+00 
    3206           212     -9.9999999999999833e-01 
    3207             1     -9.9999999999999967e-01 
    3207            25     -9.9999999999999956e-01 
    3207            22     -9.9999999999999956e-01 
    3207            55      9.9999999999999900e-01 
    3207            67     -1.9999999999999980e+00 
    3207            97      1.9999999999999973e+00 
    3207           127     -9.9999999999999889e-01 
    3210            58      1.2247448713915869e+00 
    3215            52      1.4142135623730934e+00 
    3215            58     -7.0710678118654668e-01 
    3216            90      1.9999999999999973e+00 
    3216           100     -9.9999999999999867e-01 
    3220           227     -1.4142135623730936e+00 
    3221            16      9.9999999999999900e-01 
    3221           199     -9.9999999999999911e-01 
    3221           222      9.9999999999999878e-01 
    3221           166      1.9999999999999982e+00 
    3221           171      9.9999999999999889e-01 
    3221           142     -9.9999999999999911e-01 
    3221           157      1.9999999999999982e+00 
    3222            11     -1.4142135623730936e+00 
    3222           119      1.4142135623730936e+00 
    3222            96     -2.8284271247461872e+00 
    3222            77      1.4142135623730936e+00 
    3222            87     -2.8284271247461872e+00 
    3222           137     -1.4142135623730934e+00 
    3223           196      1.2247448713915876e+00 
    3225           165     -1.4142135623730936e+00 
    3225           196      7.0710678118654691e-01 
    3226            95      1.9999999999999978e+00 
    3226           116     -9.9999999999999900e-01 
    3227           169      9.9999999999999800e-01 
    3227           215      9.9999999999999867e-01 
    3228             4      9.9999999999999967e-01 
    3228            28     -9.9999999999999967e-01 
    3228            31      1.9999999999999993e+00 
    3228            64     -9.9999999999999933e-01 
    3228            70      1.9999999999999987e+00 
    3228           110      9.9999999999999889e-01 
    3228           130      9.9999999999999922e-01 
    3233            61     -9.9999999999999956e-01 
    3234           103     -1.4142135623730943e+00 
    3235            18      1.2247448713915881e+00 
    3235           224     -1.2247448713915885e+00 
    3235           206      1.2247448713915881e+00 
    3235           201      1.2247448713915878e+00 
    3235           147     -1.2247448713915876e+00 
    3235           192      2.4494897427831752e+00 
    3235           194      1.2247448713915872e+00 
    3236           229     -9.9999999999999956e-01 
    3237            18      7.0710678118654724e-01 
    3237           224      7.0710678118654702e-01 
    3237           206      7.0710678118654713e-01 
    3237           201      7.0710678118654702e-01 
    3237           147     -7.0710678118654691e-01 
    3237           164     -1.4142135623730929e+00 
    3237           192      1.4142135623730938e+00 
    3237           194      7.0710678118654668e-01 
    3238            13     -9.9999999999999956e-01 
    3238           139     -9.9999999999999933e-01 
    3238           121     -9.9999999999999922e-01 
    3238            82      9.9999999999999900e-01 
    3238            94      1.9999999999999969e+00 
    3238           112     -1.9999999999999980e+00 
    3238           114     -9.9999999999999878e-01 
    3239            19      9.9999999999999933e-01 
    3239           205     -9.9999999999999911e-01 
    3239           220      1.9999999999999982e+00 
    3239           151     -9.9999999999999867e-01 
    3239           168      9.9999999999999734e-01 
    3239           211      1.9999999999999973e+00 
    3239           213      9.9999999999999833e-01 
    3240             9      1.9999999999999996e+00 
    3240            75      9.9999999999999967e-01 
    3240            14      1.0000000000000000e+00 
    3240           125     -9.9999999999999967e-01 
    3240           135      1.9999999999999993e+00 
    3240             0      2.0000000000000004e+00 
    3240            21      1.0000000000000000e+00 
    3240             2      9.9999999999999967e-01 
    3240            23     -9.9999999999999967e-01 
    3240            24      1.9999999999999993e+00 
    3240            48     -1.9999999999999987e+00 
    3240            56     -9.9999999999999900e-01 
    3240            66      3.9999999999999973e+00 
    3240            68      1.9999999999999980e+00 
    3240            86     -9.9999999999999922e-01 
    3240            98      9.9999999999999833e-01 
    3240           126      1.9999999999999984e+00 
    3240           128      9.9999999999999889e-01 
    3244            43      9.9999999999999967e-01 
    3256            63      9.9999999999999967e-01 
    3257             6     -1.1547005383792519e+00 
    3257            44     -1.1547005383792517e+00 
    3257            47     -1.1547005383792517e+00 
    3257           122      1.1547005383792524e+00 
    3257           207      1.1547005383792519e+00 
    3257           132     -1.1547005383792512e+00 
    3257           237     -1.1547005383792510e+00 
    3257            42     -1.1547005383792517e+00 
    3258             6     -4.0824829046386296e-01 
    3258            60      1.2247448713915885e+00 
    3258            44     -4.0824829046386285e-01 
    3258            47     -4.0824829046386291e-01 
    3258           122     -2.0412414523193234e-01 
    3258           207     -2.0412414523193215e-01 
    3258           132     -4.0824829046386268e-01 
    3258           237     -4.0824829046386263e-01 
    3258            42     -4.0824829046386285e-01 
    3259           154     -4.9999999999999928e-01 
    3260           122      3.5355339059327362e-01 
    3260           207     -3.5355339059327329e-01 
    3261           202      4.9999999999999939e-01 
    3262           118      4.9999999999999956e-01 
    3263           198     -4.9999999999999950e-01 
    3264             3      9.9999999999999922e-01 
    3264            29      9.9999999999999900e-01 
    3264           109     -1.5000000000000004e+00 
    3264           189     -1.4999999999999996e+00 
    3264           129      9.9999999999999900e-01 
    3264           234      9.9999999999999889e-01 
    3264            39      9.9999999999999900e-01 
    3264            27      9.9999999999999900e-01 
    3265           105     -1.5000000000000004e+00 
    3265           115      9.9999999999999933e-01 
    3266           180      1.5000000000000000e+00 
    3266           195     -9.9999999999999922e-01 
    3270             6     -7.0710678118654702e-01 
    3270            50      1.4142135623730936e+00 
    3270            60      7.0710678118654757e-01 
    3270            44     -7.0710678118654680e-01 
    3270            47     -7.0710678118654691e-01 
    3270           122     -3.5355339059327484e-01 
    3270           207     -3.5355339059327451e-01 
    3270           132     -7.0710678118654657e-01 
    3270           237     -7.0710678118654657e-01 
    3270            42     -7.0710678118654680e-01 
    3271           154     -8.6602540378443693e-01 
    3272           122      6.1237243569579392e-01 
    3272           207     -6.1237243569579336e-01 
    3273           202      8.6602540378443715e-01 
    3274           118      8.6602540378443726e-01 
    3275           198     -8.6602540378443715e-01 
    3276           153      1.2247448713915876e+00 
    3277           109     -8.6602540378443849e-01 
    3277           189      8.6602540378443771e-01 
    3278           184     -1.2247448713915872e+00 
    3279           105     -8.6602540378443749e-01 
    3280           180      8.6602540378443749e-01 
    3282            58     -9.9999999999999900e-01 
    3288             1     -9.9999999999999967e-01 
    3288            25     -9.9999999999999956e-01 
    3288            22     -9.9999999999999956e-01 
    3288            97      1.5000000000000009e+00 
    3288           172      1.5000000000000000e+00 
    3288            37     -9.9999999999999956e-01 
    3288           127     -9.9999999999999933e-01 
    3288           232     -9.9999999999999922e-01 
    3289            93      1.4999999999999993e+00 
    3289           113     -9.9999999999999889e-01 
    3290           163     -1.4999999999999991e+00 
    3290           193      9.9999999999999878e-01 
    3291           152     -1.2247448713915878e+00 
    3292            97      8.6602540378443860e-01 
    3292           172     -8.6602540378443793e-01 
    3293           167      1.2247448713915876e+00 
    3294            93      8.6602540378443760e-01 
    3295           163     -8.6602540378443749e-01 
    3297            90     -1.2247448713915885e+00 
    3297           100      1.2247448713915869e+00 
    3298           160      1.2247448713915881e+00 
    3298           175     -1.2247448713915867e+00 
    3303             7     -9.9999999999999978e-01 
    3303            61      1.0000000000000004e+00 
    3303            54     -9.9999999999999956e-01 
    3303            43      9.9999999999999967e-01 
    3303            49     -1.9999999999999993e+00 
    3303           123     -5.0000000000000178e-01 
    3303           208     -5.0000000000000155e-01 
    3303           133     -9.9999999999999922e-01 
    3303           238     -9.9999999999999900e-01 
    3304           170     -1.2247448713915874e+00 
    3305           123      8.6602540378443826e-01 
    3305           208     -8.6602540378443738e-01 
    3306           203      1.2247448713915869e+00 
    3307           119      1.2247448713915872e+00 
    3308           199     -1.2247448713915869e+00 
    3309           169      1.7320508075688765e+00 
    3310           110     -1.2247448713915896e+00 
    3310           190      1.2247448713915883e+00 
    3311           185     -1.7320508075688752e+00 
    3312           106     -1.2247448713915876e+00 
    3313           181      1.2247448713915874e+00 
    3315             8      9.9999999999999956e-01 
    3315           124      5.0000000000000189e-01 
    3315           209      5.0000000000000133e-01 
    3315           134      9.9999999999999889e-01 
    3315           239      9.9999999999999878e-01 
    3315            45     -9.9999999999999944e-01 
    3315            53     -9.9999999999999933e-01 
    3315            57      1.9999999999999989e+00 
    3315            59      9.9999999999999900e-01 
    3316           187      1.2247448713915869e+00 
    3317           124     -8.6602540378443804e-01 
    3317           209      8.6602540378443726e-01 
    3318           204     -1.2247448713915876e+00 
    3319           120     -1.2247448713915878e+00 
    3320           200      1.2247448713915876e+00 
    3321            20      1.0000000000000000e+00 
    3321            14      9.9999999999999956e-01 
    3321           230     -9.9999999999999967e-01 
    3321           245      9.9999999999999933e-01 
    3321             5      1.0000000000000000e+00 
    3321           111      5.0000000000000144e-01 
    3321           191      5.0000000000000089e-01 
    3321           131      9.9999999999999978e-01 
    3321           236      9.9999999999999967e-01 
    3321             0      2.0000000000000004e+00 
    3321            21      1.0000000000000000e+00 
    3321             2      9.9999999999999967e-01 
    3321            23     -9.9999999999999967e-01 
    3321            24      1.9999999999999993e+00 
    3321            30     -9.9999999999999978e-01 
    3321            35     -1.0000000000000004e+00 
    3321            86     -9.9999999999999967e-01 
    3321            98      5.0000000000000144e-01 
    3321           156     -9.9999999999999956e-01 
    3321           173      5.0000000000000089e-01 
    3321            36      1.9999999999999996e+00 
    3321            38      9.9999999999999956e-01 
    3321           126      1.9999999999999993e+00 
    3321           128      9.9999999999999933e-01 
    3321           231      1.9999999999999991e+00 
    3321           233      9.9999999999999922e-01 
    3325            77      4.9999999999999967e-01 
    3326           142      1.2247448713915872e+00 
    3327            77     -8.6602540378443760e-01 
    3329            43     -1.2247448713915878e+00 
    3337           105      5.0000000000000022e-01 
    3337            84     -1.4999999999999991e+00 
    3338            10      1.1547005383792512e+00 
    3338           118     -1.1547005383792519e+00 
    3338            78      1.1547005383792512e+00 
    3338            81      1.1547005383792512e+00 
    3338            85      1.1547005383792512e+00 
    3338           226     -1.1547005383792506e+00 
    3338           241      1.1547005383792510e+00 
    3338            76      1.1547005383792512e+00 
    3339            10     -2.0412414523193143e-01 
    3339           102      6.1237243569579403e-01 
    3339           118     -4.0824829046386368e-01 
    3339            78     -2.0412414523193137e-01 
    3339            81     -2.0412414523193140e-01 
    3339            85     -2.0412414523193140e-01 
    3339           226      2.0412414523193131e-01 
    3339           241     -2.0412414523193140e-01 
    3339            76     -2.0412414523193137e-01 
    3340            15     -4.9999999999999928e-01 
    3340           177      1.4999999999999971e+00 
    3340           143     -4.9999999999999911e-01 
    3340           146     -4.9999999999999922e-01 
    3340           150     -4.9999999999999922e-01 
    3340           246     -4.9999999999999922e-01 
    3340           141     -4.9999999999999911e-01 
    3341            10      3.5355339059327340e-01 
    3341           102     -1.0606601717798199e+00 
    3341            78      3.5355339059327329e-01 
    3341            81      3.5355339059327334e-01 
    3341            85      3.5355339059327334e-01 
    3341           226      3.5355339059327340e-01 
    3341           241      3.5355339059327334e-01 
    3341            76      3.5355339059327329e-01 
    3342           221     -4.9999999999999961e-01 
    3343             6      4.9999999999999961e-01 
    3343            60     -1.4999999999999982e+00 
    3343            44      4.9999999999999944e-01 
    3343            47      4.9999999999999950e-01 
    3343           237      4.9999999999999939e-01 
    3343            72      4.9999999999999956e-01 
    3343            42      4.9999999999999944e-01 
    3344           217      4.9999999999999939e-01 
    3345            84     -1.4999999999999991e+00 
    3345           115      9.9999999999999878e-01 
    3346             3      9.9999999999999922e-01 
    3346            29      9.9999999999999900e-01 
    3346            39      9.9999999999999900e-01 
    3346            27      9.9999999999999900e-01 
    3346            63     -1.5000000000000000e+00 
    3346           189     -1.4999999999999987e+00 
    3346            69      9.9999999999999856e-01 
    3346           234      9.9999999999999811e-01 
    3347           184     -1.4999999999999991e+00 
    3347           214      9.9999999999999845e-01 
    3348           180     -1.2247448713915872e+00 
    3348           149      1.2247448713915872e+00 
    3349           105      8.6602540378443760e-01 
    3349            84     -8.6602540378443760e-01 
    3351            10     -3.5355339059327340e-01 
    3351            88      7.0710678118654646e-01 
    3351           102      3.5355339059327368e-01 
    3351           118     -7.0710678118654813e-01 
    3351            78     -3.5355339059327329e-01 
    3351            81     -3.5355339059327334e-01 
    3351            85     -3.5355339059327334e-01 
    3351           226      3.5355339059327318e-01 
    3351           241     -3.5355339059327334e-01 
    3351            76     -3.5355339059327329e-01 
    3352            15     -8.6602540378443693e-01 
    3352           158      1.7320508075688730e+00 
    3352           177      8.6602540378443760e-01 
    3352           143     -8.6602540378443660e-01 
    3352           146     -8.6602540378443682e-01 
    3352           150     -8.6602540378443660e-01 
    3352           246     -8.6602540378443682e-01 
    3352           141     -8.6602540378443660e-01 
    3353            10      6.1237243569579347e-01 
    3353            88     -1.2247448713915863e+00 
    3353           102     -6.1237243569579403e-01 
    3353            78      6.1237243569579336e-01 
    3353            81      6.1237243569579347e-01 
    3353            85      6.1237243569579336e-01 
    3353           226      6.1237243569579347e-01 
    3353           241      6.1237243569579336e-01 
    3353            76      6.1237243569579336e-01 
    3354           221     -8.6602540378443749e-01 
    3355             6      8.6602540378443738e-01 
    3355            50     -1.7320508075688739e+00 
    3355            60     -8.6602540378443815e-01 
    3355            44      8.6602540378443715e-01 
    3355            47      8.6602540378443726e-01 
    3355           237      8.6602540378443693e-01 
    3355            72      8.6602540378443738e-01 
    3355            42      8.6602540378443715e-01 
    3356           217      8.6602540378443704e-01 
    3357           149      1.2247448713915872e+00 
    3358            84     -8.6602540378443760e-01 
    3360            63     -8.6602540378443837e-01 
    3360           189      8.6602540378443704e-01 
    3361           184      8.6602540378443682e-01 
    3362           180     -1.2247448713915867e+00 
    3363           100     -4.9999999999999939e-01 
    3364           175     -1.2247448713915863e+00 
    3365           100      8.6602540378443704e-01 
    3367            58      1.2247448713915869e+00 
    3369            83      1.4999999999999993e+00 
    3369           113     -9.9999999999999889e-01 
    3370             1     -9.9999999999999967e-01 
    3370            25     -9.9999999999999956e-01 
    3370            22     -9.9999999999999956e-01 
    3370            37     -9.9999999999999956e-01 
    3370            55      1.5000000000000004e+00 
    3370           172      1.4999999999999989e+00 
    3370            67     -9.9999999999999889e-01 
    3370           232     -9.9999999999999845e-01 
    3371           167      1.4999999999999984e+00 
    3371           212     -9.9999999999999811e-01 
    3372           148     -1.2247448713915874e+00 
    3373            83      8.6602540378443771e-01 
    3375            55      8.6602540378443849e-01 
    3375           172     -8.6602540378443726e-01 
    3376           167     -8.6602540378443715e-01 
    3377           163      1.2247448713915872e+00 
    3378            52     -1.2247448713915892e+00 
    3378            58      1.2247448713915878e+00 
    3380           160      1.2247448713915887e+00 
    3380           175     -1.2247448713915874e+00 
    3381           181     -1.7320508075688754e+00 
    3381           165      1.7320508075688754e+00 
    3382           106      1.2247448713915883e+00 
    3382            95     -1.2247448713915883e+00 
    3384            11     -4.9999999999999978e-01 
    3384           103      5.0000000000000022e-01 
    3384           119     -1.0000000000000013e+00 
    3384            92     -4.9999999999999967e-01 
    3384            96     -4.9999999999999967e-01 
    3384            77      4.9999999999999967e-01 
    3384            87     -9.9999999999999933e-01 
    3384           227      4.9999999999999944e-01 
    3384           242     -4.9999999999999967e-01 
    3385            16     -1.2247448713915872e+00 
    3385           178      1.2247448713915881e+00 
    3385           162     -1.2247448713915869e+00 
    3385           166     -1.2247448713915869e+00 
    3385           142      1.2247448713915872e+00 
    3385           157     -2.4494897427831743e+00 
    3385           247     -1.2247448713915872e+00 
    3386            11      8.6602540378443771e-01 
    3386           103     -8.6602540378443837e-01 
    3386            92      8.6602540378443749e-01 
    3386            96      8.6602540378443749e-01 
    3386            77     -8.6602540378443760e-01 
    3386            87      1.7320508075688752e+00 
    3386           227      8.6602540378443749e-01 
    3386           242      8.6602540378443760e-01 
    3387           222     -1.2247448713915876e+00 
    3388             7      1.2247448713915881e+00 
    3388            61     -1.2247448713915889e+00 
    3388            54      1.2247448713915876e+00 
    3388            43     -1.2247448713915878e+00 
    3388            49      2.4494897427831757e+00 
    3388           238      1.2247448713915874e+00 
    3388            73      1.2247448713915878e+00 
    3389           218      1.2247448713915869e+00 
    3390           165      1.7320508075688754e+00 
    3391            95     -1.2247448713915883e+00 
    3393            64     -1.2247448713915892e+00 
    3393           190      1.2247448713915876e+00 
    3394           185      1.2247448713915867e+00 
    3395           181     -1.7320508075688745e+00 
    3396            12      4.9999999999999961e-01 
    3396           120      1.0000000000000013e+00 
    3396           108      4.9999999999999956e-01 
    3396           228     -4.9999999999999928e-01 
    3396           243      4.9999999999999950e-01 
    3396            79     -4.9999999999999956e-01 
    3396            91     -4.9999999999999956e-01 
    3396            99      9.9999999999999911e-01 
    3396           101      4.9999999999999939e-01 
    3397            17      1.2247448713915869e+00 
    3397           183      1.2247448713915865e+00 
    3397           248      1.2247448713915869e+00 
    3397           144     -1.2247448713915867e+00 
    3397           161     -1.2247448713915867e+00 
    3397           174      2.4494897427831734e+00 
    3397           176      1.2247448713915863e+00 
    3398            12     -8.6602540378443749e-01 
    3398           108     -8.6602540378443726e-01 
    3398           228     -8.6602540378443749e-01 
    3398           243     -8.6602540378443738e-01 
    3398            79      8.6602540378443738e-01 
    3398            91      8.6602540378443726e-01 
    3398            99     -1.7320508075688748e+00 
    3398           101     -8.6602540378443704e-01 
    3399           223      1.2247448713915878e+00 
    3400             8     -1.2247448713915876e+00 
    3400           239     -1.2247448713915869e+00 
    3400            74     -1.2247448713915876e+00 
    3400            45      1.2247448713915876e+00 
    3400            53      1.2247448713915874e+00 
    3400            57     -2.4494897427831752e+00 
    3400            59     -1.2247448713915869e+00 
    3401           219     -1.2247448713915874e+00 
    3402            13      9.9999999999999967e-01 
    3402           229     -9.9999999999999911e-01 
    3402           244      9.9999999999999956e-01 
    3402           107      5.0000000000000022e-01 
    3402           117      9.9999999999999944e-01 
    3402            82     -9.9999999999999933e-01 
    3402            94      5.0000000000000044e-01 
    3402           112      1.9999999999999987e+00 
    3402           114      9.9999999999999889e-01 
    3403            20      1.0000000000000000e+00 
    3403             9      9.9999999999999956e-01 
    3403           210     -9.9999999999999933e-01 
    3403           240      9.9999999999999900e-01 
    3403             5      1.0000000000000000e+00 
    3403            65      5.0000000000000144e-01 
    3403           191      5.0000000000000056e-01 
    3403            71      9.9999999999999933e-01 
    3403           236      9.9999999999999889e-01 
    3403             0      2.0000000000000004e+00 
    3403            21      1.0000000000000000e+00 
    3403             2      9.9999999999999967e-01 
    3403            23     -9.9999999999999967e-01 
    3403            24      1.9999999999999993e+00 
    3403            30     -9.9999999999999978e-01 
    3403            35     -1.0000000000000004e+00 
    3403            36      1.9999999999999996e+00 
    3403            38      9.9999999999999956e-01 
    3403            48     -9.9999999999999922e-01 
    3403            56      5.0000000000000144e-01 
    3403           156     -9.9999999999999878e-01 
    3403           173      5.0000000000000044e-01 
    3403            66      1.9999999999999984e+00 
    3403            68      9.9999999999999889e-01 
    3403           231      1.9999999999999976e+00 
    3403           233      9.9999999999999845e-01 
    3407           142     -4.9999999999999961e-01 
    3409           142     -8.6602540378443771e-01 
    3410            77      1.2247448713915876e+00 
    3412            43     -1.2247448713915878e+00 
    3419           180     -5.0000000000000011e-01 
    3419           149      1.4999999999999987e+00 
    3420            15     -1.1547005383792512e+00 
    3420           198      1.1547005383792519e+00 
    3420           221      1.1547005383792515e+00 
    3420           143     -1.1547005383792510e+00 
    3420           146     -1.1547005383792510e+00 
    3420           150     -1.1547005383792510e+00 
    3420           155     -1.1547005383792510e+00 
    3420           141     -1.1547005383792510e+00 
    3421            15      2.0412414523193140e-01 
    3421           177     -6.1237243569579392e-01 
    3421           198      4.0824829046386357e-01 
    3421           221     -2.0412414523193145e-01 
    3421           143      2.0412414523193134e-01 
    3421           146      2.0412414523193137e-01 
    3421           150      2.0412414523193137e-01 
    3421           155      2.0412414523193137e-01 
    3421           141      2.0412414523193134e-01 
    3422           226     -4.9999999999999944e-01 
    3423            15      3.5355339059327345e-01 
    3423           177     -1.0606601717798199e+00 
    3423           221      3.5355339059327340e-01 
    3423           143      3.5355339059327329e-01 
    3423           146      3.5355339059327334e-01 
    3423           150      3.5355339059327334e-01 
    3423           155      3.5355339059327334e-01 
    3423           141      3.5355339059327329e-01 
    3424            10     -4.9999999999999944e-01 
    3424           102      1.4999999999999980e+00 
    3424            78     -4.9999999999999928e-01 
    3424            81     -4.9999999999999939e-01 
    3424            85     -4.9999999999999939e-01 
    3424           136     -4.9999999999999939e-01 
    3424            76     -4.9999999999999928e-01 
    3425           217      4.9999999999999922e-01 
    3426             6      4.9999999999999961e-01 
    3426            60     -1.4999999999999982e+00 
    3426            44      4.9999999999999944e-01 
    3426            47      4.9999999999999950e-01 
    3426            72      4.9999999999999956e-01 
    3426            42      4.9999999999999944e-01 
    3426           132      4.9999999999999950e-01 
    3427           149      1.4999999999999987e+00 
    3427           195     -9.9999999999999867e-01 
    3428           153     -1.4999999999999982e+00 
    3428           214      9.9999999999999778e-01 
    3429             3      9.9999999999999922e-01 
    3429            29      9.9999999999999900e-01 
    3429            39      9.9999999999999900e-01 
    3429            27      9.9999999999999900e-01 
    3429            63     -1.5000000000000000e+00 
    3429            69      9.9999999999999856e-01 
    3429           109     -1.4999999999999991e+00 
    3429           129      9.9999999999999845e-01 
    3431           180      8.6602540378443771e-01 
    3431           149     -8.6602540378443771e-01 
    3432           105     -1.2247448713915876e+00 
    3432            84      1.2247448713915876e+00 
    3433            15      3.5355339059327334e-01 
    3433           158     -7.0710678118654635e-01 
    3433           177     -3.5355339059327362e-01 
    3433           198      7.0710678118654791e-01 
    3433           221     -3.5355339059327345e-01 
    3433           143      3.5355339059327323e-01 
    3433           146      3.5355339059327329e-01 
    3433           150      3.5355339059327329e-01 
    3433           155      3.5355339059327334e-01 
    3433           141      3.5355339059327323e-01 
    3434           226     -8.6602540378443726e-01 
    3435            15      6.1237243569579358e-01 
    3435           158     -1.2247448713915863e+00 
    3435           177     -6.1237243569579403e-01 
    3435           221      6.1237243569579336e-01 
    3435           143      6.1237243569579336e-01 
    3435           146      6.1237243569579347e-01 
    3435           150      6.1237243569579336e-01 
    3435           155      6.1237243569579347e-01 
    3435           141      6.1237243569579336e-01 
    3436            10     -8.6602540378443726e-01 
    3436            88      1.7320508075688736e+00 
    3436           102      8.6602540378443793e-01 
    3436            78     -8.6602540378443693e-01 
    3436            81     -8.6602540378443715e-01 
    3436            85     -8.6602540378443693e-01 
    3436           136     -8.6602540378443715e-01 
    3436            76     -8.6602540378443693e-01 
    3437           217      8.6602540378443671e-01 
    3438             6      8.6602540378443738e-01 
    3438            50     -1.7320508075688739e+00 
    3438            60     -8.6602540378443815e-01 
    3438            44      8.6602540378443715e-01 
    3438            47      8.6602540378443726e-01 
    3438            72      8.6602540378443738e-01 
    3438            42      8.6602540378443715e-01 
    3438           132      8.6602540378443726e-01 
    3440           149     -8.6602540378443771e-01 
    3441            84      1.2247448713915876e+00 
    3442           153      8.6602540378443693e-01 
    3443            63     -8.6602540378443837e-01 
    3443           109      8.6602540378443760e-01 
    3444           105     -1.2247448713915869e+00 
    3445           175      4.9999999999999933e-01 
    3447           175      8.6602540378443715e-01 
    3448           100     -1.2247448713915867e+00 
    3450            58      1.2247448713915869e+00 
    3451           148     -1.4999999999999991e+00 
    3451           193      9.9999999999999878e-01 
    3452           152      1.4999999999999984e+00 
    3452           212     -9.9999999999999811e-01 
    3453             1     -9.9999999999999967e-01 
    3453            25     -9.9999999999999956e-01 
    3453            22     -9.9999999999999956e-01 
    3453            37     -9.9999999999999956e-01 
    3453            55      1.5000000000000004e+00 
    3453            67     -9.9999999999999889e-01 
    3453            97      1.4999999999999996e+00 
    3453           127     -9.9999999999999878e-01 
    3455           148      8.6602540378443782e-01 
    3456            83     -1.2247448713915876e+00 
    3457           152     -8.6602540378443715e-01 
    3458            55      8.6602540378443849e-01 
    3458            97     -8.6602540378443771e-01 
    3459            93      1.2247448713915874e+00 
    3461            52     -1.2247448713915892e+00 
    3461            58      1.2247448713915878e+00 
    3462            90      1.2247448713915889e+00 
    3462           100     -1.2247448713915876e+00 
    3464           181      1.2247448713915883e+00 
    3464           165     -1.2247448713915883e+00 
    3465           106     -1.7320508075688761e+00 
    3465            95      1.7320508075688761e+00 
    3466            16      4.9999999999999967e-01 
    3466           178     -5.0000000000000011e-01 
    3466           199      1.0000000000000013e+00 
    3466           222     -4.9999999999999978e-01 
    3466           162      4.9999999999999961e-01 
    3466           166      4.9999999999999961e-01 
    3466           171      4.9999999999999967e-01 
    3466           142     -4.9999999999999961e-01 
    3466           157      9.9999999999999922e-01 
    3467           227     -1.2247448713915876e+00 
    3468            16      8.6602540378443771e-01 
    3468           178     -8.6602540378443837e-01 
    3468           222      8.6602540378443771e-01 
    3468           162      8.6602540378443760e-01 
    3468           166      8.6602540378443760e-01 
    3468           171      8.6602540378443760e-01 
    3468           142     -8.6602540378443771e-01 
    3468           157      1.7320508075688754e+00 
    3469            11     -1.2247448713915876e+00 
    3469           103      1.2247448713915885e+00 
    3469            92     -1.2247448713915874e+00 
    3469            96     -1.2247448713915874e+00 
    3469            77      1.2247448713915876e+00 
    3469            87     -2.4494897427831752e+00 
    3469           137     -1.2247448713915876e+00 
    3470           218      1.2247448713915869e+00 
    3471             7      1.2247448713915881e+00 
    3471            61     -1.2247448713915889e+00 
    3471            54      1.2247448713915876e+00 
    3471            43     -1.2247448713915878e+00 
    3471            49      2.4494897427831757e+00 
    3471            73      1.2247448713915878e+00 
    3471           133      1.2247448713915878e+00 
    3473           165     -1.2247448713915883e+00 
    3474            95      1.7320508075688761e+00 
    3475           169      1.2247448713915872e+00 
    3476            64     -1.2247448713915892e+00 
    3476           110      1.2247448713915881e+00 
    3477           106     -1.7320508075688750e+00 
    3478            17     -4.9999999999999950e-01 
    3478           200     -1.0000000000000011e+00 
    3478           223      4.9999999999999961e-01 
    3478           183     -4.9999999999999950e-01 
    3478           188     -4.9999999999999950e-01 
    3478           144      4.9999999999999950e-01 
    3478           161      4.9999999999999950e-01 
    3478           174     -9.9999999999999900e-01 
    3478           176     -4.9999999999999933e-01 
    3479           228      1.2247448713915874e+00 
    3480            17     -8.6602540378443749e-01 
    3480           223     -8.6602540378443726e-01 
    3480           183     -8.6602540378443738e-01 
    3480           188     -8.6602540378443749e-01 
    3480           144      8.6602540378443749e-01 
    3480           161      8.6602540378443749e-01 
    3480           174     -1.7320508075688750e+00 
    3480           176     -8.6602540378443715e-01 
    3481            12      1.2247448713915874e+00 
    3481           108      1.2247448713915872e+00 
    3481           138      1.2247448713915874e+00 
    3481            79     -1.2247448713915872e+00 
    3481            91     -1.2247448713915872e+00 
    3481            99      2.4494897427831743e+00 
    3481           101      1.2247448713915867e+00 
    3482           219     -1.2247448713915867e+00 
    3483             8     -1.2247448713915876e+00 
    3483            74     -1.2247448713915876e+00 
    3483           134     -1.2247448713915874e+00 
    3483            45      1.2247448713915876e+00 
    3483            53      1.2247448713915874e+00 
    3483            57     -2.4494897427831752e+00 
    3483            59     -1.2247448713915869e+00 
    3484            18     -9.9999999999999956e-01 
    3484           224      9.9999999999999967e-01 
    3484           206     -9.9999999999999944e-01 
    3484           182     -5.0000000000000022e-01 
    3484           197     -9.9999999999999933e-01 
    3484           147      9.9999999999999922e-01 
    3484           164     -5.0000000000000022e-01 
    3484           192     -1.9999999999999984e+00 
    3484           194     -9.9999999999999878e-01 
    3485            19      9.9999999999999933e-01 
    3485           205     -9.9999999999999911e-01 
    3485           220      9.9999999999999878e-01 
    3485           186      5.0000000000000033e-01 
    3485           216      9.9999999999999867e-01 
    3485           151     -9.9999999999999845e-01 
    3485           168      5.0000000000000044e-01 
    3485           211      1.9999999999999969e+00 
    3485           213      9.9999999999999811e-01 
    3486            14      1.0000000000000000e+00 
    3486             9      9.9999999999999956e-01 
    3486           125     -9.9999999999999967e-01 
    3486           135      9.9999999999999933e-01 
    3486             5      1.0000000000000000e+00 
    3486            65      5.0000000000000144e-01 
    3486            71      9.9999999999999933e-01 
    3486           111      5.0000000000000089e-01 
    3486           131      9.9999999999999922e-01 
    3486             0      2.0000000000000004e+00 
    3486            21      1.0000000000000000e+00 
    3486             2      9.9999999999999967e-01 
    3486            23     -9.9999999999999967e-01 
    3486            24      1.9999999999999993e+00 
    3486            30     -9.9999999999999978e-01 
    3486            35     -1.0000000000000004e+00 
    3486            36      1.9999999999999996e+00 
    3486            38      9.9999999999999956e-01 
    3486            48     -9.9999999999999922e-01 
    3486            56      5.0000000000000144e-01 
    3486            66      1.9999999999999984e+00 
    3486            68      9.9999999999999889e-01 
    3486            86     -9.9999999999999900e-01 
    3486            98      5.0000000000000089e-01 
    3486           126      1.9999999999999980e+00 
    3486           128      9.9999999999999878e-01 
    3491            43     -9.9999999999999978e-01 
    3496            28      1.4142135623730945e+00 
    3504           202     -1.4999999999999980e+00 
    3505             6     -1.2247448713915878e+00 
    3505            60      1.2247448713915881e+00 
    3505            44     -1.2247448713915874e+00 
    3505            47     -1.2247448713915876e+00 
    3505           207      1.2247448713915878e+00 
    3505           237     -2.4494897427831757e+00 
    3505            42     -1.2247448713915874e+00 
    3506           202     -8.6602540378443715e-01 
    3506           217      1.7320508075688743e+00 
    3508           198      1.2247448713915867e+00 
    3510           184     -1.2247448713915876e+00 
    3511           180     -1.2247448713915869e+00 
    3513            63     -9.9999999999999900e-01 
    3516           202      8.6602540378443738e-01 
    3517             6      7.0710678118654702e-01 
    3517            50     -1.4142135623730936e+00 
    3517            60      7.0710678118654668e-01 
    3517            44      7.0710678118654680e-01 
    3517            47      7.0710678118654680e-01 
    3517           207     -7.0710678118654702e-01 
    3517           237      1.4142135623730940e+00 
    3517            42      7.0710678118654680e-01 
    3518           202      4.9999999999999922e-01 
    3518           217     -9.9999999999999845e-01 
    3520           198     -7.0710678118654635e-01 
    3522             3     -9.9999999999999900e-01 
    3522            32      1.9999999999999973e+00 
    3522            29     -9.9999999999999889e-01 
    3522           189      9.9999999999999900e-01 
    3522           234     -1.9999999999999980e+00 
    3522            39     -9.9999999999999900e-01 
    3522            27     -9.9999999999999889e-01 
    3523           184     -7.0710678118654691e-01 
    3523           214      1.4142135623730938e+00 
    3525           180     -7.0710678118654668e-01 
    3525           195      1.4142135623730934e+00 
    3529            46      1.9999999999999978e+00 
    3529            58     -9.9999999999999889e-01 
    3534           167     -1.2247448713915878e+00 
    3535           163     -1.2247448713915874e+00 
    3537             1     -9.9999999999999967e-01 
    3537            25     -9.9999999999999956e-01 
    3537            22     -9.9999999999999956e-01 
    3537            34      1.9999999999999991e+00 
    3537           172      9.9999999999999967e-01 
    3537            37     -9.9999999999999956e-01 
    3537           232     -1.9999999999999993e+00 
    3538           167     -7.0710678118654691e-01 
    3538           212      1.4142135623730938e+00 
    3540           163     -7.0710678118654668e-01 
    3540           193      1.4142135623730934e+00 
    3543           160      9.9999999999999811e-01 
    3543           175      9.9999999999999845e-01 
    3546            64     -1.4142135623730945e+00 
    3549           203      1.2247448713915876e+00 
    3550             7      9.9999999999999967e-01 
    3550            61      9.9999999999999956e-01 
    3550            54      9.9999999999999956e-01 
    3550            43     -9.9999999999999978e-01 
    3550            49      1.9999999999999996e+00 
    3550           208     -9.9999999999999967e-01 
    3550           238      1.9999999999999993e+00 
    3551           203      7.0710678118654646e-01 
    3551           218     -1.4142135623730929e+00 
    3553           199     -9.9999999999999845e-01 
    3555             4     -1.4142135623730945e+00 
    3555            28      1.4142135623730945e+00 
    3555            31     -2.8284271247461890e+00 
    3555           190      1.4142135623730945e+00 
    3555           235     -2.8284271247461890e+00 
    3555            40     -1.4142135623730943e+00 
    3556           185     -9.9999999999999933e-01 
    3556           215      1.9999999999999987e+00 
    3558           181     -9.9999999999999900e-01 
    3558           196      1.9999999999999980e+00 
    3561           204      1.2247448713915878e+00 
    3562             8      9.9999999999999933e-01 
    3562           209     -9.9999999999999933e-01 
    3562           239      1.9999999999999987e+00 
    3562            45     -9.9999999999999922e-01 
    3562            53      9.9999999999999878e-01 
    3562            57      1.9999999999999984e+00 
    3562            59      9.9999999999999889e-01 
    3563           204      7.0710678118654680e-01 
    3563           219     -1.4142135623730936e+00 
    3565           200     -9.9999999999999889e-01 
    3567           186      1.2247448713915885e+00 
    3567           168     -1.2247448713915878e+00 
    3568           182      1.2247448713915878e+00 
    3568           164     -1.2247448713915874e+00 
    3570            20      2.0000000000000004e+00 
    3570           251      1.0000000000000000e+00 
    3570             5      1.0000000000000000e+00 
    3570           191     -1.0000000000000000e+00 
    3570           236      2.0000000000000000e+00 
    3570             0      2.0000000000000004e+00 
    3570            21      1.0000000000000000e+00 
    3570             2      9.9999999999999967e-01 
    3570            23     -9.9999999999999967e-01 
    3570            24      1.9999999999999993e+00 
    3570            30     -9.9999999999999978e-01 
    3570            35      9.9999999999999956e-01 
    3570           156     -2.0000000000000000e+00 
    3570           173     -9.9999999999999967e-01 
    3570            36      1.9999999999999996e+00 
    3570            38      9.9999999999999956e-01 
    3570           231      4.0000000000000000e+00 
    3570           233      1.9999999999999993e+00 
    3576            43     -9.9999999999999978e-01 
    3581            28      1.4142135623730945e+00 
    3588           122      1.0606601717798192e+00 
    3588           207     -1.0606601717798194e+00 
    3589           154     -8.6602540378443726e-01 
    3589           217      1.7320508075688745e+00 
    3590             6     -1.2247448713915878e+00 
    3590            60      1.2247448713915881e+00 
    3590            44     -1.2247448713915874e+00 
    3590            47     -1.2247448713915876e+00 
    3590            42     -1.2247448713915874e+00 
    3590           122      6.1237243569579358e-01 
    3590           207      6.1237243569579369e-01 
    3590           132     -1.2247448713915872e+00 
    3590           237     -1.2247448713915874e+00 
    3591           202     -8.6602540378443738e-01 
    3591           217      1.7320508075688748e+00 
    3592           118     -8.6602540378443738e-01 
    3593           198     -8.6602540378443749e-01 
    3594           109      8.6602540378443760e-01 
    3594           189     -8.6602540378443760e-01 
    3595           105      8.6602540378443749e-01 
    3596           180      8.6602540378443749e-01 
    3598            63     -9.9999999999999900e-01 
    3600           122     -6.1237243569579347e-01 
    3600           207      6.1237243569579347e-01 
    3601           154      4.9999999999999939e-01 
    3601           217     -9.9999999999999878e-01 
    3602             6      7.0710678118654702e-01 
    3602            50     -1.4142135623730936e+00 
    3602            60      7.0710678118654668e-01 
    3602            44      7.0710678118654680e-01 
    3602            47      7.0710678118654680e-01 
    3602            42      7.0710678118654680e-01 
    3602           122     -3.5355339059327334e-01 
    3602           207     -3.5355339059327340e-01 
    3602           132      7.0710678118654668e-01 
    3602           237      7.0710678118654680e-01 
    3603           202      4.9999999999999933e-01 
    3603           217     -9.9999999999999867e-01 
    3604           118      4.9999999999999933e-01 
    3605           198      4.9999999999999939e-01 
    3606           153     -7.0710678118654646e-01 
    3606           214      1.4142135623730929e+00 
    3607             3     -9.9999999999999900e-01 
    3607            32      1.9999999999999973e+00 
    3607            29     -9.9999999999999889e-01 
    3607            39     -9.9999999999999900e-01 
    3607            27     -9.9999999999999889e-01 
    3607           109      4.9999999999999928e-01 
    3607           189      4.9999999999999939e-01 
    3607           129     -9.9999999999999856e-01 
    3607           234     -9.9999999999999878e-01 
    3608           184     -7.0710678118654702e-01 
    3608           214      1.4142135623730940e+00 
    3609           105      4.9999999999999961e-01 
    3609           115     -9.9999999999999922e-01 
    3610           180      4.9999999999999967e-01 
    3610           195     -9.9999999999999933e-01 
    3614            46      1.9999999999999978e+00 
    3614            58     -9.9999999999999889e-01 
    3618            97      8.6602540378443793e-01 
    3618           172     -8.6602540378443793e-01 
    3619            93      8.6602540378443771e-01 
    3620           163      8.6602540378443782e-01 
    3621           152     -7.0710678118654691e-01 
    3621           212      1.4142135623730938e+00 
    3622             1     -9.9999999999999967e-01 
    3622            25     -9.9999999999999956e-01 
    3622            22     -9.9999999999999956e-01 
    3622            34      1.9999999999999991e+00 
    3622            37     -9.9999999999999956e-01 
    3622            97      4.9999999999999961e-01 
    3622           172      4.9999999999999967e-01 
    3622           127     -9.9999999999999922e-01 
    3622           232     -9.9999999999999933e-01 
    3623           167     -7.0710678118654702e-01 
    3623           212      1.4142135623730940e+00 
    3624            93      4.9999999999999961e-01 
    3624           113     -9.9999999999999922e-01 
    3625           163      4.9999999999999967e-01 
    3625           193     -9.9999999999999933e-01 
    3627            90     -7.0710678118654657e-01 
    3627           100     -7.0710678118654668e-01 
    3628           160     -7.0710678118654657e-01 
    3628           175     -7.0710678118654668e-01 
    3631            64     -1.4142135623730945e+00 
    3633           123     -8.6602540378443749e-01 
    3633           208      8.6602540378443749e-01 
    3634           170      7.0710678118654691e-01 
    3634           218     -1.4142135623730938e+00 
    3635             7      9.9999999999999967e-01 
    3635            61      9.9999999999999956e-01 
    3635            54      9.9999999999999956e-01 
    3635            43     -9.9999999999999978e-01 
    3635            49      1.9999999999999996e+00 
    3635           123     -4.9999999999999961e-01 
    3635           208     -4.9999999999999967e-01 
    3635           133      9.9999999999999922e-01 
    3635           238      9.9999999999999933e-01 
    3636           203      7.0710678118654657e-01 
    3636           218     -1.4142135623730931e+00 
    3637           119      7.0710678118654668e-01 
    3638           199      7.0710678118654668e-01 
    3639           169     -9.9999999999999900e-01 
    3639           215      1.9999999999999980e+00 
    3640             4     -1.4142135623730945e+00 
    3640            28      1.4142135623730945e+00 
    3640            31     -2.8284271247461890e+00 
    3640            40     -1.4142135623730943e+00 
    3640           110      7.0710678118654691e-01 
    3640           190      7.0710678118654702e-01 
    3640           130     -1.4142135623730938e+00 
    3640           235     -1.4142135623730940e+00 
    3641           185     -9.9999999999999956e-01 
    3641           215      1.9999999999999991e+00 
    3642           106      7.0710678118654713e-01 
    3642           116     -1.4142135623730943e+00 
    3643           181      7.0710678118654713e-01 
    3643           196     -1.4142135623730943e+00 
    3645           124     -8.6602540378443726e-01 
    3645           209      8.6602540378443726e-01 
    3646           187      7.0710678118654668e-01 
    3646           219     -1.4142135623730934e+00 
    3647             8      9.9999999999999933e-01 
    3647           124     -4.9999999999999944e-01 
    3647           209     -4.9999999999999950e-01 
    3647           134      9.9999999999999889e-01 
    3647           239      9.9999999999999900e-01 
    3647            45     -9.9999999999999922e-01 
    3647            53      9.9999999999999878e-01 
    3647            57      1.9999999999999984e+00 
    3647            59      9.9999999999999889e-01 
    3648           204      7.0710678118654691e-01 
    3648           219     -1.4142135623730938e+00 
    3649           120      7.0710678118654702e-01 
    3650           200      7.0710678118654702e-01 
    3651           111     -8.6602540378443915e-01 
    3651           191      8.6602540378443826e-01 
    3651            98      8.6602540378443860e-01 
    3651           173     -8.6602540378443793e-01 
    3652           107     -8.6602540378443826e-01 
    3652            94      8.6602540378443771e-01 
    3653           182     -8.6602540378443826e-01 
    3653           164      8.6602540378443782e-01 
    3654            19     -1.4142135623730945e+00 
    3654           250     -1.4142135623730943e+00 
    3654           186      7.0710678118654713e-01 
    3654           216     -1.4142135623730943e+00 
    3654           151      1.4142135623730943e+00 
    3654           168      7.0710678118654691e-01 
    3654           211     -2.8284271247461885e+00 
    3654           213     -1.4142135623730938e+00 
    3655            14      9.9999999999999967e-01 
    3655            20      1.0000000000000000e+00 
    3655           230      9.9999999999999956e-01 
    3655           245      9.9999999999999956e-01 
    3655             5      1.0000000000000000e+00 
    3655           111     -4.9999999999999978e-01 
    3655           191     -4.9999999999999983e-01 
    3655           131      9.9999999999999956e-01 
    3655           236      9.9999999999999967e-01 
    3655             0      2.0000000000000004e+00 
    3655            21      1.0000000000000000e+00 
    3655             2      9.9999999999999967e-01 
    3655            23     -9.9999999999999967e-01 
    3655            24      1.9999999999999993e+00 
    3655            30     -9.9999999999999978e-01 
    3655            35      9.9999999999999956e-01 
    3655            36      1.9999999999999996e+00 
    3655            38      9.9999999999999956e-01 
    3655            86     -9.9999999999999956e-01 
    3655            98     -4.9999999999999961e-01 
    3655           156     -9.9999999999999967e-01 
    3655           173     -4.9999999999999967e-01 
    3655           126      1.9999999999999991e+00 
    3655           128      9.9999999999999922e-01 
    3655           231      1.9999999999999993e+00 
    3655           233      9.9999999999999933e-01 
    3662            43     -9.9999999999999978e-01 
    3667            28      1.4142135623730945e+00 
    3673           154      1.4999999999999967e+00 
    3675           154     -8.6602540378443749e-01 
    3675           217      1.7320508075688750e+00 
    3676             6     -1.2247448713915878e+00 
    3676            60      1.2247448713915881e+00 
    3676            44     -1.2247448713915874e+00 
    3676            47     -1.2247448713915876e+00 
    3676            42     -1.2247448713915874e+00 
    3676           122      1.2247448713915878e+00 
    3676           132     -2.4494897427831757e+00 
    3678           118      1.2247448713915872e+00 
    3679           153      1.2247448713915872e+00 
    3681           105     -1.2247448713915874e+00 
    3684            63     -9.9999999999999900e-01 
    3685           154     -8.6602540378443693e-01 
    3687           154      4.9999999999999950e-01 
    3687           217     -9.9999999999999900e-01 
    3688             6      7.0710678118654702e-01 
    3688            50     -1.4142135623730936e+00 
    3688            60      7.0710678118654668e-01 
    3688            44      7.0710678118654680e-01 
    3688            47      7.0710678118654680e-01 
    3688            42      7.0710678118654680e-01 
    3688           122     -7.0710678118654702e-01 
    3688           132      1.4142135623730940e+00 
    3690           118     -7.0710678118654657e-01 
    3692           153     -7.0710678118654657e-01 
    3692           214      1.4142135623730931e+00 
    3693             3     -9.9999999999999900e-01 
    3693            32      1.9999999999999973e+00 
    3693            29     -9.9999999999999889e-01 
    3693            39     -9.9999999999999900e-01 
    3693            27     -9.9999999999999889e-01 
    3693           109      9.9999999999999900e-01 
    3693           129     -1.9999999999999980e+00 
    3695           105     -7.0710678118654691e-01 
    3695           115      1.4142135623730938e+00 
    3700            46      1.9999999999999978e+00 
    3700            58     -9.9999999999999889e-01 
    3703           152      1.2247448713915876e+00 
    3705            93     -1.2247448713915876e+00 
    3707           152     -7.0710678118654702e-01 
    3707           212      1.4142135623730940e+00 
    3708             1     -9.9999999999999967e-01 
    3708            25     -9.9999999999999956e-01 
    3708            22     -9.9999999999999956e-01 
    3708            34      1.9999999999999991e+00 
    3708            37     -9.9999999999999956e-01 
    3708            97      9.9999999999999967e-01 
    3708           127     -1.9999999999999993e+00 
    3710            93     -7.0710678118654691e-01 
    3710           113      1.4142135623730938e+00 
    3713            90      9.9999999999999867e-01 
    3713           100      9.9999999999999878e-01 
    3717            64     -1.4142135623730945e+00 
    3718           170     -1.2247448713915869e+00 
    3720           170      7.0710678118654702e-01 
    3720           218     -1.4142135623730940e+00 
    3721             7      9.9999999999999967e-01 
    3721            61      9.9999999999999956e-01 
    3721            54      9.9999999999999956e-01 
    3721            43     -9.9999999999999978e-01 
    3721            49      1.9999999999999996e+00 
    3721           123     -9.9999999999999967e-01 
    3721           133      1.9999999999999993e+00 
    3723           119     -9.9999999999999878e-01 
    3725           169     -9.9999999999999933e-01 
    3725           215      1.9999999999999987e+00 
    3726             4     -1.4142135623730945e+00 
    3726            28      1.4142135623730945e+00 
    3726            31     -2.8284271247461890e+00 
    3726            40     -1.4142135623730943e+00 
    3726           110      1.4142135623730945e+00 
    3726           130     -2.8284271247461890e+00 
    3728           106     -9.9999999999999933e-01 
    3728           116      1.9999999999999987e+00 
    3730           187     -1.2247448713915865e+00 
    3732           187      7.0710678118654680e-01 
    3732           219     -1.4142135623730936e+00 
    3733             8      9.9999999999999933e-01 
    3733           124     -9.9999999999999933e-01 
    3733           134      1.9999999999999987e+00 
    3733            45     -9.9999999999999922e-01 
    3733            53      9.9999999999999878e-01 
    3733            57      1.9999999999999984e+00 
    3733            59      9.9999999999999889e-01 
    3735           120     -9.9999999999999922e-01 
    3736           186     -1.2247448713915878e+00 
    3736           168      1.2247448713915876e+00 
    3738           107      1.2247448713915883e+00 
    3738            94     -1.2247448713915876e+00 
    3739           230      1.0000000000000002e+00 
    3740            19     -1.4142135623730949e+00 
    3740           225     -1.4142135623730945e+00 
    3740           186      7.0710678118654724e-01 
    3740           216     -1.4142135623730945e+00 
    3740           151      1.4142135623730945e+00 
    3740           168      7.0710678118654702e-01 
    3740           211     -2.8284271247461890e+00 
    3740           213     -1.4142135623730940e+00 
    3741            14      2.0000000000000004e+00 
    3741           140      1.0000000000000000e+00 
    3741             5      1.0000000000000000e+00 
    3741           111     -1.0000000000000000e+00 
    3741           131      2.0000000000000000e+00 
    3741             0      2.0000000000000004e+00 
    3741            21      1.0000000000000000e+00 
    3741             2      9.9999999999999967e-01 
    3741            23     -9.9999999999999967e-01 
    3741            24      1.9999999999999993e+00 
    3741            30     -9.9999999999999978e-01 
    3741            35      9.9999999999999956e-01 
    3741            36      1.9999999999999996e+00 
    3741            38      9.9999999999999956e-01 
    3741            86     -2.0000000000000000e+00 
    3741            98     -9.9999999999999967e-01 
    3741           126      4.0000000000000000e+00 
    3741           128      1.9999999999999993e+00 
    3745            77      8.6602540378443782e-01 
    3746           142     -7.0710678118654657e-01 
    3747            77      4.9999999999999956e-01 
    3749            43     -7.0710678118654724e-01 
    3754            28      1.4142135623730945e+00 
    3757           105     -8.6602540378443749e-01 
    3757            84      8.6602540378443749e-01 
    3759            10      1.0606601717798194e+00 
    3759           102     -1.0606601717798196e+00 
    3759            78      1.0606601717798192e+00 
    3759            81      1.0606601717798194e+00 
    3759            85      1.0606601717798192e+00 
    3759           226     -1.0606601717798190e+00 
    3759           241      1.0606601717798194e+00 
    3759            76      1.0606601717798192e+00 
    3760            15     -8.6602540378443693e-01 
    3760           177      8.6602540378443704e-01 
    3760           198      1.7320508075688732e+00 
    3760           143     -8.6602540378443660e-01 
    3760           146     -8.6602540378443682e-01 
    3760           150     -8.6602540378443660e-01 
    3760           246     -8.6602540378443682e-01 
    3760           141     -8.6602540378443660e-01 
    3761            10      6.1237243569579347e-01 
    3761           102     -6.1237243569579358e-01 
    3761           118     -1.2247448713915867e+00 
    3761            78      6.1237243569579336e-01 
    3761            81      6.1237243569579347e-01 
    3761            85      6.1237243569579336e-01 
    3761           226      6.1237243569579347e-01 
    3761           241      6.1237243569579336e-01 
    3761            76      6.1237243569579336e-01 
    3762           221     -8.6602540378443760e-01 
    3763             6     -8.6602540378443771e-01 
    3763            60      8.6602540378443782e-01 
    3763            44     -8.6602540378443738e-01 
    3763            47     -8.6602540378443760e-01 
    3763           207      1.7320508075688745e+00 
    3763           237     -8.6602540378443726e-01 
    3763            72     -8.6602540378443749e-01 
    3763            42     -8.6602540378443738e-01 
    3764           202      1.7320508075688736e+00 
    3764           217     -8.6602540378443704e-01 
    3765            84      8.6602540378443749e-01 
    3766            63      8.6602540378443749e-01 
    3766           189     -8.6602540378443693e-01 
    3767           184     -8.6602540378443671e-01 
    3768           180     -7.0710678118654624e-01 
    3768           149     -7.0710678118654624e-01 
    3769           105      4.9999999999999928e-01 
    3769            84      4.9999999999999928e-01 
    3771            10     -6.1237243569579358e-01 
    3771            88      1.2247448713915869e+00 
    3771           102     -6.1237243569579358e-01 
    3771            78     -6.1237243569579347e-01 
    3771            81     -6.1237243569579347e-01 
    3771            85     -6.1237243569579347e-01 
    3771           226      6.1237243569579325e-01 
    3771           241     -6.1237243569579347e-01 
    3771            76     -6.1237243569579347e-01 
    3772            15      4.9999999999999911e-01 
    3772           158     -9.9999999999999778e-01 
    3772           177      4.9999999999999900e-01 
    3772           198     -9.9999999999999789e-01 
    3772           143      4.9999999999999895e-01 
    3772           146      4.9999999999999895e-01 
    3772           150      4.9999999999999906e-01 
    3772           246      4.9999999999999906e-01 
    3772           141      4.9999999999999895e-01 
    3773            10     -3.5355339059327329e-01 
    3773            88      7.0710678118654635e-01 
    3773           102     -3.5355339059327323e-01 
    3773           118      7.0710678118654635e-01 
    3773            78     -3.5355339059327318e-01 
    3773            81     -3.5355339059327318e-01 
    3773            85     -3.5355339059327323e-01 
    3773           226     -3.5355339059327318e-01 
    3773           241     -3.5355339059327323e-01 
    3773            76     -3.5355339059327318e-01 
    3774           221      4.9999999999999944e-01 
    3775             6      4.9999999999999961e-01 
    3775            50     -9.9999999999999867e-01 
    3775            60      4.9999999999999939e-01 
    3775            44      4.9999999999999944e-01 
    3775            47      4.9999999999999944e-01 
    3775           207     -9.9999999999999856e-01 
    3775           237      4.9999999999999939e-01 
    3775            72      4.9999999999999950e-01 
    3775            42      4.9999999999999944e-01 
    3776           202     -9.9999999999999811e-01 
    3776           217      4.9999999999999917e-01 
    3777           149     -7.0710678118654624e-01 
    3777           195      1.4142135623730925e+00 
    3778            84      4.9999999999999928e-01 
    3778           115     -9.9999999999999856e-01 
    3780             3     -9.9999999999999900e-01 
    3780            32      1.9999999999999973e+00 
    3780            29     -9.9999999999999889e-01 
    3780            39     -9.9999999999999900e-01 
    3780            27     -9.9999999999999889e-01 
    3780            63      4.9999999999999928e-01 
    3780           189      4.9999999999999922e-01 
    3780            69     -9.9999999999999856e-01 
    3780           234     -9.9999999999999845e-01 
    3781           184      4.9999999999999939e-01 
    3781           214     -9.9999999999999878e-01 
    3782           180     -7.0710678118654691e-01 
    3782           195      1.4142135623730938e+00 
    3783            80     -1.7320508075688741e+00 
    3783           100      8.6602540378443704e-01 
    3784           145      1.4142135623730920e+00 
    3784           175     -7.0710678118654602e-01 
    3785            80     -9.9999999999999822e-01 
    3785           100      4.9999999999999911e-01 
    3787            46      1.4142135623730934e+00 
    3787            58     -7.0710678118654668e-01 
    3789            83      8.6602540378443760e-01 
    3790            55      8.6602540378443771e-01 
    3790           172     -8.6602540378443726e-01 
    3791           167     -8.6602540378443715e-01 
    3792           148     -7.0710678118654668e-01 
    3792           193      1.4142135623730934e+00 
    3793            83      4.9999999999999961e-01 
    3793           113     -9.9999999999999922e-01 
    3795             1     -9.9999999999999967e-01 
    3795            25     -9.9999999999999956e-01 
    3795            22     -9.9999999999999956e-01 
    3795            34      1.9999999999999991e+00 
    3795            37     -9.9999999999999956e-01 
    3795            55      4.9999999999999961e-01 
    3795           172      4.9999999999999950e-01 
    3795            67     -9.9999999999999922e-01 
    3795           232     -9.9999999999999900e-01 
    3796           167      4.9999999999999939e-01 
    3796           212     -9.9999999999999878e-01 
    3797           163     -7.0710678118654691e-01 
    3797           193      1.4142135623730938e+00 
    3798            52     -7.0710678118654657e-01 
    3798            58     -7.0710678118654691e-01 
    3800           160     -7.0710678118654668e-01 
    3800           175     -7.0710678118654680e-01 
    3801           181     -9.9999999999999878e-01 
    3801           165     -9.9999999999999878e-01 
    3802           106      7.0710678118654691e-01 
    3802            95      7.0710678118654691e-01 
    3804            11     -8.6602540378443771e-01 
    3804           103     -8.6602540378443771e-01 
    3804            92     -8.6602540378443760e-01 
    3804            96     -8.6602540378443760e-01 
    3804            77      8.6602540378443782e-01 
    3804            87     -1.7320508075688756e+00 
    3804           227      8.6602540378443726e-01 
    3804           242     -8.6602540378443760e-01 
    3805            16      7.0710678118654657e-01 
    3805           178      7.0710678118654635e-01 
    3805           199     -1.4142135623730929e+00 
    3805           162      7.0710678118654646e-01 
    3805           166      7.0710678118654646e-01 
    3805           142     -7.0710678118654657e-01 
    3805           157      1.4142135623730931e+00 
    3805           247      7.0710678118654646e-01 
    3806            11     -4.9999999999999950e-01 
    3806           103     -4.9999999999999939e-01 
    3806           119      9.9999999999999867e-01 
    3806            92     -4.9999999999999944e-01 
    3806            96     -4.9999999999999944e-01 
    3806            77      4.9999999999999956e-01 
    3806            87     -9.9999999999999911e-01 
    3806           227     -4.9999999999999939e-01 
    3806           242     -4.9999999999999944e-01 
    3807           222      7.0710678118654691e-01 
    3808             7      7.0710678118654724e-01 
    3808            61      7.0710678118654702e-01 
    3808            54      7.0710678118654713e-01 
    3808            43     -7.0710678118654724e-01 
    3808            49      1.4142135623730945e+00 
    3808           208     -1.4142135623730936e+00 
    3808           238      7.0710678118654691e-01 
    3808            73      7.0710678118654713e-01 
    3809           203     -1.4142135623730927e+00 
    3809           218      7.0710678118654635e-01 
    3810           165     -9.9999999999999878e-01 
    3810           196      1.9999999999999976e+00 
    3811            95      7.0710678118654691e-01 
    3811           116     -1.4142135623730938e+00 
    3813             4     -1.4142135623730945e+00 
    3813            28      1.4142135623730945e+00 
    3813            31     -2.8284271247461890e+00 
    3813            40     -1.4142135623730943e+00 
    3813            64      7.0710678118654691e-01 
    3813           190      7.0710678118654680e-01 
    3813            70     -1.4142135623730938e+00 
    3813           235     -1.4142135623730936e+00 
    3814           185      7.0710678118654668e-01 
    3814           215     -1.4142135623730934e+00 
    3815           181     -9.9999999999999933e-01 
    3815           196      1.9999999999999987e+00 
    3816            12     -8.6602540378443738e-01 
    3816           108     -8.6602540378443726e-01 
    3816           228      8.6602540378443704e-01 
    3816           243     -8.6602540378443726e-01 
    3816            79      8.6602540378443726e-01 
    3816            91     -8.6602540378443704e-01 
    3816            99     -1.7320508075688745e+00 
    3816           101     -8.6602540378443704e-01 
    3817            17      7.0710678118654635e-01 
    3817           200     -1.4142135623730920e+00 
    3817           183      7.0710678118654624e-01 
    3817           248      7.0710678118654624e-01 
    3817           144     -7.0710678118654624e-01 
    3817           161      7.0710678118654591e-01 
    3817           174      1.4142135623730925e+00 
    3817           176      7.0710678118654602e-01 
    3818            12     -4.9999999999999939e-01 
    3818           120      9.9999999999999845e-01 
    3818           108     -4.9999999999999928e-01 
    3818           228     -4.9999999999999922e-01 
    3818           243     -4.9999999999999928e-01 
    3818            79      4.9999999999999928e-01 
    3818            91     -4.9999999999999911e-01 
    3818            99     -9.9999999999999856e-01 
    3818           101     -4.9999999999999911e-01 
    3819           223      7.0710678118654713e-01 
    3820             8      7.0710678118654702e-01 
    3820           209     -1.4142135623730931e+00 
    3820           239      7.0710678118654668e-01 
    3820            74      7.0710678118654691e-01 
    3820            45     -7.0710678118654691e-01 
    3820            53      7.0710678118654680e-01 
    3820            57      1.4142135623730938e+00 
    3820            59      7.0710678118654668e-01 
    3821           204     -1.4142135623730931e+00 
    3821           219      7.0710678118654657e-01 
    3822           107     -8.6602540378443804e-01 
    3822            94      8.6602540378443760e-01 
    3823            65     -8.6602540378443893e-01 
    3823           191      8.6602540378443760e-01 
    3823            56      8.6602540378443849e-01 
    3823           173     -8.6602540378443726e-01 
    3824           186      8.6602540378443749e-01 
    3824           168     -8.6602540378443715e-01 
    3825            18     -1.4142135623730940e+00 
    3825           249     -1.4142135623730938e+00 
    3825           182      7.0710678118654680e-01 
    3825           197     -1.4142135623730936e+00 
    3825           147      1.4142135623730936e+00 
    3825           164      7.0710678118654668e-01 
    3825           192     -2.8284271247461872e+00 
    3825           194     -1.4142135623730934e+00 
    3826            13      9.9999999999999967e-01 
    3826           229      9.9999999999999956e-01 
    3826           244      9.9999999999999956e-01 
    3826           107     -4.9999999999999972e-01 
    3826           117      9.9999999999999944e-01 
    3826            82     -9.9999999999999944e-01 
    3826            94     -4.9999999999999961e-01 
    3826           112      1.9999999999999989e+00 
    3826           114      9.9999999999999922e-01 
    3827           224     -1.4142135623730945e+00 
    3828            20      1.0000000000000000e+00 
    3828             9      9.9999999999999967e-01 
    3828           210      9.9999999999999889e-01 
    3828           240      9.9999999999999922e-01 
    3828             5      1.0000000000000000e+00 
    3828            65     -4.9999999999999978e-01 
    3828           191     -4.9999999999999967e-01 
    3828            71      9.9999999999999956e-01 
    3828           236      9.9999999999999933e-01 
    3828             0      2.0000000000000004e+00 
    3828            21      1.0000000000000000e+00 
    3828             2      9.9999999999999967e-01 
    3828            23     -9.9999999999999967e-01 
    3828            24      1.9999999999999993e+00 
    3828            30     -9.9999999999999978e-01 
    3828            35      9.9999999999999956e-01 
    3828            36      1.9999999999999996e+00 
    3828            38      9.9999999999999956e-01 
    3828            48     -9.9999999999999956e-01 
    3828            56     -4.9999999999999961e-01 
    3828           156     -9.9999999999999933e-01 
    3828           173     -4.9999999999999950e-01 
    3828            66      1.9999999999999991e+00 
    3828            68      9.9999999999999922e-01 
    3828           231      1.9999999999999987e+00 
    3828           233      9.9999999999999900e-01 
    3832           142     -8.6602540378443771e-01 
    3834           142      4.9999999999999961e-01 
    3835            77     -7.0710678118654680e-01 
    3837            43     -7.0710678118654724e-01 
    3842            28      1.4142135623730945e+00 
    3844           180      8.6602540378443749e-01 
    3844           149     -8.6602540378443749e-01 
    3846            15     -1.0606601717798194e+00 
    3846           177      1.0606601717798194e+00 
    3846           221      1.0606601717798196e+00 
    3846           143     -1.0606601717798190e+00 
    3846           146     -1.0606601717798192e+00 
    3846           150     -1.0606601717798190e+00 
    3846           155     -1.0606601717798192e+00 
    3846           141     -1.0606601717798190e+00 
    3847           226     -8.6602540378443726e-01 
    3848            15      6.1237243569579358e-01 
    3848           177     -6.1237243569579358e-01 
    3848           198     -1.2247448713915867e+00 
    3848           221      6.1237243569579336e-01 
    3848           143      6.1237243569579336e-01 
    3848           146      6.1237243569579347e-01 
    3848           150      6.1237243569579336e-01 
    3848           155      6.1237243569579347e-01 
    3848           141      6.1237243569579336e-01 
    3849            10     -8.6602540378443726e-01 
    3849           102      8.6602540378443726e-01 
    3849           118      1.7320508075688739e+00 
    3849            78     -8.6602540378443693e-01 
    3849            81     -8.6602540378443715e-01 
    3849            85     -8.6602540378443693e-01 
    3849           136     -8.6602540378443715e-01 
    3849            76     -8.6602540378443693e-01 
    3850           154      1.7320508075688741e+00 
    3850           217     -8.6602540378443704e-01 
    3851             6     -8.6602540378443771e-01 
    3851            60      8.6602540378443782e-01 
    3851            44     -8.6602540378443738e-01 
    3851            47     -8.6602540378443760e-01 
    3851            72     -8.6602540378443749e-01 
    3851            42     -8.6602540378443738e-01 
    3851           122      1.7320508075688752e+00 
    3851           132     -8.6602540378443760e-01 
    3852           149     -8.6602540378443749e-01 
    3853           153     -8.6602540378443682e-01 
    3854            63      8.6602540378443749e-01 
    3854           109     -8.6602540378443749e-01 
    3856           180      4.9999999999999933e-01 
    3856           149      4.9999999999999933e-01 
    3857           105     -7.0710678118654646e-01 
    3857            84     -7.0710678118654646e-01 
    3858            15      6.1237243569579347e-01 
    3858           158     -1.2247448713915867e+00 
    3858           177      6.1237243569579347e-01 
    3858           221     -6.1237243569579358e-01 
    3858           143      6.1237243569579336e-01 
    3858           146      6.1237243569579336e-01 
    3858           150      6.1237243569579336e-01 
    3858           155      6.1237243569579347e-01 
    3858           141      6.1237243569579336e-01 
    3859           226      4.9999999999999928e-01 
    3860            15     -3.5355339059327334e-01 
    3860           158      7.0710678118654635e-01 
    3860           177     -3.5355339059327323e-01 
    3860           198      7.0710678118654635e-01 
    3860           221     -3.5355339059327318e-01 
    3860           143     -3.5355339059327318e-01 
    3860           146     -3.5355339059327318e-01 
    3860           150     -3.5355339059327323e-01 
    3860           155     -3.5355339059327323e-01 
    3860           141     -3.5355339059327318e-01 
    3861            10      4.9999999999999928e-01 
    3861            88     -9.9999999999999822e-01 
    3861           102      4.9999999999999922e-01 
    3861           118     -9.9999999999999822e-01 
    3861            78      4.9999999999999911e-01 
    3861            81      4.9999999999999911e-01 
    3861            85      4.9999999999999922e-01 
    3861           136      4.9999999999999922e-01 
    3861            76      4.9999999999999911e-01 
    3862           154     -9.9999999999999822e-01 
    3862           217      4.9999999999999922e-01 
    3863             6      4.9999999999999961e-01 
    3863            50     -9.9999999999999867e-01 
    3863            60      4.9999999999999939e-01 
    3863            44      4.9999999999999944e-01 
    3863            47      4.9999999999999944e-01 
    3863            72      4.9999999999999950e-01 
    3863            42      4.9999999999999944e-01 
    3863           122     -9.9999999999999900e-01 
    3863           132      4.9999999999999950e-01 
    3865           149      4.9999999999999933e-01 
    3865           195     -9.9999999999999867e-01 
    3866            84     -7.0710678118654646e-01 
    3866           115      1.4142135623730929e+00 
    3867           153      4.9999999999999906e-01 
    3867           214     -9.9999999999999811e-01 
    3868             3     -9.9999999999999900e-01 
    3868            32      1.9999999999999973e+00 
    3868            29     -9.9999999999999889e-01 
    3868            39     -9.9999999999999900e-01 
    3868            27     -9.9999999999999889e-01 
    3868            63      4.9999999999999928e-01 
    3868            69     -9.9999999999999856e-01 
    3868           109      4.9999999999999939e-01 
    3868           129     -9.9999999999999878e-01 
    3869           105     -7.0710678118654702e-01 
    3869           115      1.4142135623730940e+00 
    3870           145      1.7320508075688739e+00 
    3870           175     -8.6602540378443693e-01 
    3872           145     -9.9999999999999833e-01 
    3872           175      4.9999999999999917e-01 
    3873            80      1.4142135623730925e+00 
    3873           100     -7.0710678118654624e-01 
    3875            46      1.4142135623730934e+00 
    3875            58     -7.0710678118654668e-01 
    3876           148     -8.6602540378443749e-01 
    3877           152     -8.6602540378443715e-01 
    3878            55      8.6602540378443771e-01 
    3878            97     -8.6602540378443771e-01 
    3880           148      4.9999999999999967e-01 
    3880           193     -9.9999999999999933e-01 
    3881            83     -7.0710678118654691e-01 
    3881           113      1.4142135623730938e+00 
    3882           152      4.9999999999999939e-01 
    3882           212     -9.9999999999999878e-01 
    3883             1     -9.9999999999999967e-01 
    3883            25     -9.9999999999999956e-01 
    3883            22     -9.9999999999999956e-01 
    3883            34      1.9999999999999991e+00 
    3883            37     -9.9999999999999956e-01 
    3883            55      4.9999999999999961e-01 
    3883            67     -9.9999999999999922e-01 
    3883            97      4.9999999999999967e-01 
    3883           127     -9.9999999999999933e-01 
    3884            93     -7.0710678118654702e-01 
    3884           113      1.4142135623730940e+00 
    3886            52     -7.0710678118654657e-01 
    3886            58     -7.0710678118654691e-01 
    3887            90     -7.0710678118654657e-01 
    3887           100     -7.0710678118654691e-01 
    3889           181      7.0710678118654691e-01 
    3889           165      7.0710678118654691e-01 
    3890           106     -9.9999999999999900e-01 
    3890            95     -9.9999999999999900e-01 
    3891            16      8.6602540378443749e-01 
    3891           178      8.6602540378443749e-01 
    3891           222     -8.6602540378443782e-01 
    3891           162      8.6602540378443749e-01 
    3891           166      8.6602540378443749e-01 
    3891           171      8.6602540378443749e-01 
    3891           142     -8.6602540378443771e-01 
    3891           157      1.7320508075688754e+00 
    3892           227      7.0710678118654680e-01 
    3893            16     -4.9999999999999950e-01 
    3893           178     -4.9999999999999944e-01 
    3893           199      9.9999999999999889e-01 
    3893           222     -4.9999999999999939e-01 
    3893           162     -4.9999999999999950e-01 
    3893           166     -4.9999999999999950e-01 
    3893           171     -4.9999999999999944e-01 
    3893           142      4.9999999999999961e-01 
    3893           157     -9.9999999999999922e-01 
    3894            11      7.0710678118654680e-01 
    3894           103      7.0710678118654680e-01 
    3894           119     -1.4142135623730934e+00 
    3894            92      7.0710678118654668e-01 
    3894            96      7.0710678118654668e-01 
    3894            77     -7.0710678118654680e-01 
    3894            87      1.4142135623730936e+00 
    3894           137      7.0710678118654668e-01 
    3895           170     -1.4142135623730931e+00 
    3895           218      7.0710678118654668e-01 
    3896             7      7.0710678118654724e-01 
    3896            61      7.0710678118654702e-01 
    3896            54      7.0710678118654713e-01 
    3896            43     -7.0710678118654724e-01 
    3896            49      1.4142135623730945e+00 
    3896            73      7.0710678118654713e-01 
    3896           123     -1.4142135623730943e+00 
    3896           133      7.0710678118654713e-01 
    3898           165      7.0710678118654691e-01 
    3898           196     -1.4142135623730938e+00 
    3899            95     -9.9999999999999900e-01 
    3899           116      1.9999999999999980e+00 
    3900           169      7.0710678118654657e-01 
    3900           215     -1.4142135623730931e+00 
    3901             4     -1.4142135623730945e+00 
    3901            28      1.4142135623730945e+00 
    3901            31     -2.8284271247461890e+00 
    3901            40     -1.4142135623730943e+00 
    3901            64      7.0710678118654691e-01 
    3901            70     -1.4142135623730938e+00 
    3901           110      7.0710678118654702e-01 
    3901           130     -1.4142135623730940e+00 
    3902           106     -9.9999999999999956e-01 
    3902           116      1.9999999999999991e+00 
    3903            17      8.6602540378443726e-01 
    3903           223     -8.6602540378443749e-01 
    3903           183      8.6602540378443715e-01 
    3903           188      8.6602540378443726e-01 
    3903           144     -8.6602540378443715e-01 
    3903           161      8.6602540378443682e-01 
    3903           174      1.7320508075688743e+00 
    3903           176      8.6602540378443693e-01 
    3904           228      7.0710678118654657e-01 
    3905            17     -4.9999999999999939e-01 
    3905           200      9.9999999999999856e-01 
    3905           223     -4.9999999999999922e-01 
    3905           183     -4.9999999999999933e-01 
    3905           188     -4.9999999999999933e-01 
    3905           144      4.9999999999999933e-01 
    3905           161     -4.9999999999999922e-01 
    3905           174     -9.9999999999999867e-01 
    3905           176     -4.9999999999999917e-01 
    3906            12      7.0710678118654657e-01 
    3906           120     -1.4142135623730929e+00 
    3906           108      7.0710678118654646e-01 
    3906           138      7.0710678118654646e-01 
    3906            79     -7.0710678118654646e-01 
    3906            91      7.0710678118654635e-01 
    3906            99      1.4142135623730929e+00 
    3906           101      7.0710678118654624e-01 
    3907           187     -1.4142135623730929e+00 
    3907           219      7.0710678118654646e-01 
    3908             8      7.0710678118654702e-01 
    3908            74      7.0710678118654691e-01 
    3908           124     -1.4142135623730938e+00 
    3908           134      7.0710678118654691e-01 
    3908            45     -7.0710678118654691e-01 
    3908            53      7.0710678118654680e-01 
    3908            57      1.4142135623730938e+00 
    3908            59      7.0710678118654668e-01 
    3909           182      8.6602540378443793e-01 
    3909           164     -8.6602540378443749e-01 
    3910           186      8.6602540378443749e-01 
    3910           168     -8.6602540378443715e-01 
    3911            65     -8.6602540378443893e-01 
    3911           111      8.6602540378443826e-01 
    3911            56      8.6602540378443849e-01 
    3911            98     -8.6602540378443771e-01 
    3912           229     -1.4142135623730945e+00 
    3913            18      9.9999999999999967e-01 
    3913           224      9.9999999999999956e-01 
    3913           206      9.9999999999999956e-01 
    3913           182     -4.9999999999999978e-01 
    3913           197      9.9999999999999956e-01 
    3913           147     -9.9999999999999956e-01 
    3913           164     -4.9999999999999967e-01 
    3913           192      1.9999999999999991e+00 
    3913           194      9.9999999999999933e-01 
    3914            13     -1.4142135623730945e+00 
    3914           139     -1.4142135623730943e+00 
    3914           107      7.0710678118654713e-01 
    3914           117     -1.4142135623730943e+00 
    3914            82      1.4142135623730943e+00 
    3914            94      7.0710678118654691e-01 
    3914           112     -2.8284271247461885e+00 
    3914           114     -1.4142135623730938e+00 
    3915            19      9.9999999999999933e-01 
    3915           205      9.9999999999999878e-01 
    3915           220      9.9999999999999889e-01 
    3915           186     -4.9999999999999956e-01 
    3915           216      9.9999999999999911e-01 
    3915           151     -9.9999999999999911e-01 
    3915           168     -4.9999999999999939e-01 
    3915           211      1.9999999999999982e+00 
    3915           213      9.9999999999999878e-01 
    3916            14      1.0000000000000000e+00 
    3916             9      9.9999999999999967e-01 
    3916           125      9.9999999999999956e-01 
    3916           135      9.9999999999999956e-01 
    3916             5      1.0000000000000000e+00 
    3916            65     -4.9999999999999978e-01 
    3916            71      9.9999999999999956e-01 
    3916           111     -4.9999999999999983e-01 
    3916           131      9.9999999999999967e-01 
    3916             0      2.0000000000000004e+00 
    3916            21      1.0000000000000000e+00 
    3916             2      9.9999999999999967e-01 
    3916            23     -9.9999999999999967e-01 
    3916            24      1.9999999999999993e+00 
    3916            30     -9.9999999999999978e-01 
    3916            35      9.9999999999999956e-01 
    3916            36      1.9999999999999996e+00 
    3916            38      9.9999999999999956e-01 
    3916            48     -9.9999999999999956e-01 
    3916            56     -4.9999999999999961e-01 
    3916            66      1.9999999999999991e+00 
    3916            68      9.9999999999999922e-01 
    3916            86     -9.9999999999999967e-01 
    3916            98     -4.9999999999999967e-01 
    3916           126      1.9999999999999993e+00 
    3916           128      9.9999999999999933e-01 
    3924           142     -9.9999999999999933e-01 
    3925            77     -9.9999999999999956e-01 
    3931            28      1.4142135623730945e+00 
    3932           184      1.2247448713915872e+00 
    3932           153     -1.2247448713915872e+00 
    3934           202     -1.4999999999999967e+00 
    3934           154      1.4999999999999967e+00 
    3935           207      1.2247448713915878e+00 
    3936           202     -8.6602540378443749e-01 
    3936           154     -8.6602540378443749e-01 
    3937           122      1.2247448713915878e+00 
    3938            15     -1.2247448713915872e+00 
    3938           177      1.2247448713915876e+00 
    3938           198      1.2247448713915874e+00 
    3938           143     -1.2247448713915869e+00 
    3938           146     -1.2247448713915872e+00 
    3938           150     -2.4494897427831748e+00 
    3938           141     -1.2247448713915869e+00 
    3939            10     -1.2247448713915874e+00 
    3939           102      1.2247448713915876e+00 
    3939           118      1.2247448713915876e+00 
    3939            78     -1.2247448713915872e+00 
    3939            81     -1.2247448713915874e+00 
    3939            85     -2.4494897427831752e+00 
    3939            76     -1.2247448713915872e+00 
    3941           149      1.2247448713915867e+00 
    3942            84      1.2247448713915869e+00 
    3943           189     -9.9999999999999900e-01 
    3944           184      7.0710678118654657e-01 
    3944           153      7.0710678118654657e-01 
    3945           109     -9.9999999999999900e-01 
    3946           202      8.6602540378443693e-01 
    3946           154     -8.6602540378443693e-01 
    3947           207     -7.0710678118654702e-01 
    3948           202      4.9999999999999950e-01 
    3948           154      4.9999999999999950e-01 
    3949           122     -7.0710678118654702e-01 
    3950            15      7.0710678118654668e-01 
    3950           158     -1.4142135623730929e+00 
    3950           177      7.0710678118654657e-01 
    3950           198     -7.0710678118654680e-01 
    3950           143      7.0710678118654657e-01 
    3950           146      7.0710678118654657e-01 
    3950           150      1.4142135623730936e+00 
    3950           141      7.0710678118654657e-01 
    3951            10      7.0710678118654691e-01 
    3951            88     -1.4142135623730931e+00 
    3951           102      7.0710678118654680e-01 
    3951           118     -7.0710678118654691e-01 
    3951            78      7.0710678118654668e-01 
    3951            81      7.0710678118654668e-01 
    3951            85      1.4142135623730938e+00 
    3951            76      7.0710678118654668e-01 
    3955           149     -7.0710678118654646e-01 
    3955           195      1.4142135623730929e+00 
    3956            84     -7.0710678118654657e-01 
    3956           115      1.4142135623730931e+00 
    3957             3     -9.9999999999999900e-01 
    3957            32      1.9999999999999973e+00 
    3957            29     -9.9999999999999889e-01 
    3957            39     -9.9999999999999900e-01 
    3957            27     -9.9999999999999889e-01 
    3957            63      9.9999999999999900e-01 
    3957            69     -1.9999999999999980e+00 
    3962           145      1.9999999999999969e+00 
    3962           175     -9.9999999999999845e-01 
    3963            80      1.9999999999999973e+00 
    3963           100     -9.9999999999999867e-01 
    3965           148      1.2247448713915872e+00 
    3966            83      1.2247448713915874e+00 
    3970           148     -7.0710678118654691e-01 
    3970           193      1.4142135623730938e+00 
    3971            83     -7.0710678118654702e-01 
    3971           113      1.4142135623730940e+00 
    3972             1     -9.9999999999999967e-01 
    3972            25     -9.9999999999999956e-01 
    3972            22     -9.9999999999999956e-01 
    3972            34      1.9999999999999991e+00 
    3972            37     -9.9999999999999956e-01 
    3972            55      9.9999999999999967e-01 
    3972            67     -1.9999999999999993e+00 
    3975            52      9.9999999999999867e-01 
    3975            58      9.9999999999999900e-01 
    3976           190     -1.4142135623730945e+00 
    3977           185      9.9999999999999933e-01 
    3977           169      9.9999999999999933e-01 
    3978           110     -1.4142135623730945e+00 
    3979           203      1.2247448713915869e+00 
    3979           170     -1.2247448713915869e+00 
    3980           208     -9.9999999999999967e-01 
    3981           203      7.0710678118654702e-01 
    3981           170      7.0710678118654702e-01 
    3982           123     -9.9999999999999967e-01 
    3983            16      9.9999999999999933e-01 
    3983           178      9.9999999999999889e-01 
    3983           199     -9.9999999999999933e-01 
    3983           162      9.9999999999999911e-01 
    3983           166      1.9999999999999987e+00 
    3983           142     -9.9999999999999933e-01 
    3983           157      1.9999999999999987e+00 
    3984            11      9.9999999999999956e-01 
    3984           103      9.9999999999999922e-01 
    3984           119     -9.9999999999999956e-01 
    3984            92      9.9999999999999933e-01 
    3984            96      1.9999999999999991e+00 
    3984            77     -9.9999999999999956e-01 
    3984            87      1.9999999999999991e+00 
    3988           165     -9.9999999999999911e-01 
    3988           196      1.9999999999999982e+00 
    3989            95     -9.9999999999999933e-01 
    3989           116      1.9999999999999987e+00 
    3990             4     -1.4142135623730945e+00 
    3990            28      1.4142135623730945e+00 
    3990            31     -2.8284271247461890e+00 
    3990            40     -1.4142135623730943e+00 
    3990            64      1.4142135623730945e+00 
    3990            70     -2.8284271247461890e+00 
    3991           204      1.2247448713915865e+00 
    3991           187     -1.2247448713915865e+00 
    3992           209     -9.9999999999999933e-01 
    3993           204      7.0710678118654680e-01 
    3993           187      7.0710678118654680e-01 
    3994           124     -9.9999999999999933e-01 
    3995            17      9.9999999999999900e-01 
    3995           200     -9.9999999999999900e-01 
    3995           183      1.9999999999999980e+00 
    3995           144     -9.9999999999999878e-01 
    3995           161      9.9999999999999833e-01 
    3995           174      1.9999999999999976e+00 
    3995           176      9.9999999999999845e-01 
    3996            12      9.9999999999999922e-01 
    3996           120     -9.9999999999999922e-01 
    3996           108      1.9999999999999984e+00 
    3996            79     -9.9999999999999900e-01 
    3996            91      9.9999999999999867e-01 
    3996            99      1.9999999999999980e+00 
    3996           101      9.9999999999999867e-01 
    3998           182     -1.2247448713915876e+00 
    3998           164      1.2247448713915872e+00 
    3999           107     -1.2247448713915876e+00 
    3999            94      1.2247448713915874e+00 
    4000           210      1.0000000000000002e+00 
    4001           205     -1.4142135623730947e+00 
    4002           125      1.0000000000000002e+00 
    4003            18     -1.4142135623730945e+00 
    4003           201     -1.4142135623730943e+00 
    4003           182      7.0710678118654713e-01 
    4003           197     -1.4142135623730943e+00 
    4003           147      1.4142135623730943e+00 
    4003           164      7.0710678118654691e-01 
    4003           192     -2.8284271247461885e+00 
    4003           194     -1.4142135623730938e+00 
    4004            13     -1.4142135623730949e+00 
    4004           121     -1.4142135623730945e+00 
    4004           107      7.0710678118654724e-01 
    4004           117     -1.4142135623730945e+00 
    4004            82      1.4142135623730945e+00 
    4004            94      7.0710678118654702e-01 
    4004           112     -2.8284271247461890e+00 
    4004           114     -1.4142135623730940e+00 
    4005             9      2.0000000000000004e+00 
    4005            75      1.0000000000000000e+00 
    4005             5      1.0000000000000000e+00 
    4005            65     -1.0000000000000000e+00 
    4005            71      2.0000000000000000e+00 
    4005             0      2.0000000000000004e+00 
    4005            21      1.0000000000000000e+00 
    4005             2      9.9999999999999967e-01 
    4005            23     -9.9999999999999967e-01 
    4005            24      1.9999999999999993e+00 
    4005            30     -9.9999999999999978e-01 
    4005            35      9.9999999999999956e-01 
    4005            36      1.9999999999999996e+00 
    4005            38      9.9999999999999956e-01 
    4005            48     -2.0000000000000000e+00 
    4005            56     -9.9999999999999967e-01 
    4005            66      4.0000000000000000e+00 
    4005            68      1.9999999999999993e+00 
    4015           142      1.4142135623730931e+00 
    4016            77     -9.9999999999999900e-01 
    4018            43     -9.9999999999999933e-01 
    4022           105      1.4142135623730956e+00 
    4022            84     -1.4142135623730956e+00 
    4023           105      4.9999999999999889e-01 
    4023            84      9.9999999999999867e-01 
    4024           180      1.2247448713915858e+00 
    4025           105     -8.6602540378443682e-01 
    4027            63     -1.2247448713915876e+00 
    4029            10      1.2247448713915865e+00 
    4029           102     -1.2247448713915865e+00 
    4029            78      1.2247448713915861e+00 
    4029            81      2.4494897427831730e+00 
    4029           226     -1.2247448713915858e+00 
    4029           241      1.2247448713915863e+00 
    4029            76      1.2247448713915861e+00 
    4030             6      1.2247448713915872e+00 
    4030            60     -1.2247448713915872e+00 
    4030            44      1.2247448713915869e+00 
    4030            47      2.4494897427831743e+00 
    4030           207     -1.2247448713915858e+00 
    4030           237      1.2247448713915865e+00 
    4030            42      1.2247448713915869e+00 
    4031           202     -1.2247448713915872e+00 
    4031           217      1.2247448713915867e+00 
    4035           105      8.6602540378443815e-01 
    4036           180     -7.0710678118654591e-01 
    4036           149      1.4142135623730920e+00 
    4037           105      4.9999999999999911e-01 
    4037            84     -9.9999999999999845e-01 
    4039            63     -7.0710678118654668e-01 
    4041            15     -9.9999999999999811e-01 
    4041           158      1.9999999999999953e+00 
    4041           177      9.9999999999999811e-01 
    4041           143     -9.9999999999999789e-01 
    4041           146     -1.9999999999999962e+00 
    4041           246     -9.9999999999999800e-01 
    4041           141     -9.9999999999999789e-01 
    4042            10      7.0710678118654646e-01 
    4042            88     -1.4142135623730923e+00 
    4042           102     -7.0710678118654646e-01 
    4042            78      7.0710678118654635e-01 
    4042            81      1.4142135623730929e+00 
    4042           226      7.0710678118654624e-01 
    4042           241      7.0710678118654635e-01 
    4042            76      7.0710678118654635e-01 
    4043           221     -9.9999999999999922e-01 
    4044             6      7.0710678118654668e-01 
    4044            50     -1.4142135623730929e+00 
    4044            60     -7.0710678118654668e-01 
    4044            44      7.0710678118654657e-01 
    4044            47      1.4142135623730934e+00 
    4044           207      7.0710678118654624e-01 
    4044           237      7.0710678118654635e-01 
    4044            42      7.0710678118654657e-01 
    4045           202      7.0710678118654657e-01 
    4045           217      7.0710678118654657e-01 
    4046           198     -9.9999999999999922e-01 
    4053            80     -1.2247448713915885e+00 
    4053           100      1.2247448713915869e+00 
    4054            46     -1.2247448713915892e+00 
    4054            58      1.2247448713915878e+00 
    4056           145      9.9999999999999811e-01 
    4056           175      9.9999999999999845e-01 
    4057            80     -7.0710678118654657e-01 
    4057           100     -7.0710678118654668e-01 
    4059            46     -7.0710678118654657e-01 
    4059            58     -7.0710678118654691e-01 
    4062             1     -9.9999999999999967e-01 
    4062            25     -9.9999999999999956e-01 
    4062            22     -9.9999999999999956e-01 
    4062            34      9.9999999999999933e-01 
    4062           172      1.9999999999999962e+00 
    4062            37     -1.9999999999999987e+00 
    4062           232     -9.9999999999999856e-01 
    4063           167      1.9999999999999956e+00 
    4063           212     -9.9999999999999833e-01 
    4064           163      1.9999999999999960e+00 
    4064           193     -9.9999999999999845e-01 
    4068           106      1.2247448713915892e+00 
    4069           181     -9.9999999999999867e-01 
    4069           165      1.9999999999999973e+00 
    4070           106      7.0710678118654657e-01 
    4070            95     -1.4142135623730936e+00 
    4072            64     -9.9999999999999933e-01 
    4074            16     -1.4142135623730931e+00 
    4074           178      1.4142135623730931e+00 
    4074           162     -2.8284271247461863e+00 
    4074           142      1.4142135623730931e+00 
    4074           157     -2.8284271247461863e+00 
    4074           247     -1.4142135623730929e+00 
    4075            11      9.9999999999999900e-01 
    4075           103     -9.9999999999999900e-01 
    4075            92      1.9999999999999980e+00 
    4075            77     -9.9999999999999900e-01 
    4075            87      1.9999999999999980e+00 
    4075           227      9.9999999999999878e-01 
    4075           242      9.9999999999999889e-01 
    4076           222     -1.4142135623730938e+00 
    4077             7      9.9999999999999933e-01 
    4077            61     -9.9999999999999933e-01 
    4077            54      1.9999999999999987e+00 
    4077            43     -9.9999999999999933e-01 
    4077            49      1.9999999999999987e+00 
    4077           208      9.9999999999999856e-01 
    4077           238      9.9999999999999889e-01 
    4078           203      9.9999999999999867e-01 
    4078           218      9.9999999999999878e-01 
    4079           199     -1.4142135623730940e+00 
    4080           107     -1.2247448713915881e+00 
    4081           182     -9.9999999999999889e-01 
    4082           107      7.0710678118654702e-01 
    4084            65      9.9999999999999956e-01 
    4086            12     -1.2247448713915876e+00 
    4086           228      1.2247448713915869e+00 
    4086           243     -1.2247448713915874e+00 
    4086           104     -1.2247448713915872e+00 
    4086            79      1.2247448713915874e+00 
    4086            99     -2.4494897427831748e+00 
    4086           101     -1.2247448713915869e+00 
    4087             8     -1.2247448713915883e+00 
    4087           209      1.2247448713915872e+00 
    4087           239     -1.2247448713915876e+00 
    4087            62     -1.2247448713915881e+00 
    4087            45      1.2247448713915883e+00 
    4087            57     -2.4494897427831765e+00 
    4087            59     -1.2247448713915878e+00 
    4088           204      1.2247448713915872e+00 
    4088           219     -1.2247448713915867e+00 
    4089            17     -9.9999999999999878e-01 
    4089           248     -9.9999999999999867e-01 
    4089           179     -9.9999999999999856e-01 
    4089           144      9.9999999999999878e-01 
    4089           161      1.9999999999999964e+00 
    4089           174     -1.9999999999999976e+00 
    4089           176     -9.9999999999999845e-01 
    4090            12      7.0710678118654691e-01 
    4090           228      7.0710678118654691e-01 
    4090           243      7.0710678118654680e-01 
    4090           104      7.0710678118654680e-01 
    4090            79     -7.0710678118654691e-01 
    4090            91     -1.4142135623730931e+00 
    4090            99      1.4142135623730938e+00 
    4090           101      7.0710678118654668e-01 
    4091           223     -9.9999999999999911e-01 
    4092             8      7.0710678118654713e-01 
    4092           209      7.0710678118654668e-01 
    4092           239      7.0710678118654680e-01 
    4092            62      7.0710678118654702e-01 
    4092            45     -7.0710678118654713e-01 
    4092            53     -1.4142135623730936e+00 
    4092            57      1.4142135623730943e+00 
    4092            59      7.0710678118654691e-01 
    4093           204      7.0710678118654635e-01 
    4093           219      7.0710678118654646e-01 
    4094           200     -9.9999999999999900e-01 
    4095            20      1.0000000000000000e+00 
    4095             5      1.9999999999999996e+00 
    4095           191     -9.9999999999999900e-01 
    4095           236      1.9999999999999980e+00 
    4095            41      9.9999999999999967e-01 
    4095             0      2.0000000000000004e+00 
    4095            21      1.0000000000000000e+00 
    4095             2      9.9999999999999967e-01 
    4095            23     -9.9999999999999967e-01 
    4095            24      1.9999999999999993e+00 
    4095            30     -1.9999999999999993e+00 
    4095            35     -9.9999999999999933e-01 
    4095           156     -9.9999999999999889e-01 
    4095           173      9.9999999999999756e-01 
    4095            36      3.9999999999999987e+00 
    4095            38      1.9999999999999987e+00 
    4095           231      1.9999999999999978e+00 
    4095           233      9.9999999999999856e-01 
    4106           142     -9.9999999999999911e-01 
    4107            77      1.4142135623730936e+00 
    4109            43     -9.9999999999999933e-01 
    4112           180     -1.4142135623730954e+00 
    4112           149      1.4142135623730954e+00 
    4113           180     -4.9999999999999878e-01 
    4113           149     -9.9999999999999856e-01 
    4115           180     -8.6602540378443704e-01 
    4116           105      1.2247448713915867e+00 
    4118            63     -1.2247448713915876e+00 
    4119            15     -1.2247448713915865e+00 
    4119           177      1.2247448713915863e+00 
    4119           221      1.2247448713915867e+00 
    4119           143     -1.2247448713915858e+00 
    4119           146     -2.4494897427831726e+00 
    4119           155     -1.2247448713915863e+00 
    4119           141     -1.2247448713915858e+00 
    4120           154     -1.2247448713915856e+00 
    4120           217      1.2247448713915863e+00 
    4121             6      1.2247448713915872e+00 
    4121            60     -1.2247448713915872e+00 
    4121            44      1.2247448713915869e+00 
    4121            47      2.4494897427831743e+00 
    4121            42      1.2247448713915869e+00 
    4121           122     -1.2247448713915865e+00 
    4121           132      1.2247448713915869e+00 
    4125           180     -8.6602540378443804e-01 
    4127           180      4.9999999999999922e-01 
    4127           149     -9.9999999999999856e-01 
    4128           105     -7.0710678118654635e-01 
    4128            84      1.4142135623730929e+00 
    4130            63     -7.0710678118654668e-01 
    4131           226     -9.9999999999999845e-01 
    4132            15      7.0710678118654657e-01 
    4132           158     -1.4142135623730923e+00 
    4132           177     -7.0710678118654646e-01 
    4132           221      7.0710678118654624e-01 
    4132           143      7.0710678118654635e-01 
    4132           146      1.4142135623730929e+00 
    4132           155      7.0710678118654635e-01 
    4132           141      7.0710678118654635e-01 
    4133            10     -9.9999999999999845e-01 
    4133            88      1.9999999999999960e+00 
    4133           102      9.9999999999999845e-01 
    4133            78     -9.9999999999999822e-01 
    4133            81     -1.9999999999999969e+00 
    4133           136     -9.9999999999999833e-01 
    4133            76     -9.9999999999999822e-01 
    4134           154      7.0710678118654591e-01 
    4134           217      7.0710678118654613e-01 
    4135             6      7.0710678118654668e-01 
    4135            50     -1.4142135623730929e+00 
    4135            60     -7.0710678118654668e-01 
    4135            44      7.0710678118654657e-01 
    4135            47      1.4142135623730934e+00 
    4135            42      7.0710678118654657e-01 
    4135           122      7.0710678118654657e-01 
    4135           132      7.0710678118654657e-01 
    4136           118     -9.9999999999999944e-01 
    4143           145      1.2247448713915881e+00 
    4143           175     -1.2247448713915867e+00 
    4145            46     -1.2247448713915892e+00 
    4145            58      1.2247448713915878e+00 
    4147           145     -7.0710678118654657e-01 
    4147           175     -7.0710678118654668e-01 
    4148            80      9.9999999999999867e-01 
    4148           100      9.9999999999999878e-01 
    4150            46     -7.0710678118654657e-01 
    4150            58     -7.0710678118654691e-01 
    4152           152      1.9999999999999956e+00 
    4152           212     -9.9999999999999833e-01 
    4153             1     -9.9999999999999967e-01 
    4153            25     -9.9999999999999956e-01 
    4153            22     -9.9999999999999956e-01 
    4153            34      9.9999999999999933e-01 
    4153            37     -1.9999999999999987e+00 
    4153            97      1.9999999999999973e+00 
    4153           127     -9.9999999999999889e-01 
    4154            93      1.9999999999999967e+00 
    4154           113     -9.9999999999999867e-01 
    4158           181     -1.2247448713915889e+00 
    4160           181      7.0710678118654657e-01 
    4160           165     -1.4142135623730936e+00 
    4161           106     -9.9999999999999867e-01 
    4161            95      1.9999999999999978e+00 
    4163            64     -9.9999999999999933e-01 
    4164           227     -1.4142135623730936e+00 
    4165            16      9.9999999999999900e-01 
    4165           178     -9.9999999999999911e-01 
    4165           222      9.9999999999999878e-01 
    4165           162      1.9999999999999982e+00 
    4165           171      9.9999999999999889e-01 
    4165           142     -9.9999999999999911e-01 
    4165           157      1.9999999999999982e+00 
    4166            11     -1.4142135623730936e+00 
    4166           103      1.4142135623730936e+00 
    4166            92     -2.8284271247461872e+00 
    4166            77      1.4142135623730936e+00 
    4166            87     -2.8284271247461872e+00 
    4166           137     -1.4142135623730934e+00 
    4167           170      9.9999999999999845e-01 
    4167           218      9.9999999999999867e-01 
    4168             7      9.9999999999999933e-01 
    4168            61     -9.9999999999999933e-01 
    4168            54      1.9999999999999987e+00 
    4168            43     -9.9999999999999933e-01 
    4168            49      1.9999999999999987e+00 
    4168           123      9.9999999999999933e-01 
    4168           133      9.9999999999999922e-01 
    4169           119     -1.4142135623730943e+00 
    4170           182      1.2247448713915878e+00 
    4172           182      7.0710678118654702e-01 
    4173           107     -9.9999999999999922e-01 
    4175            65      9.9999999999999956e-01 
    4176            17      1.2247448713915874e+00 
    4176           223     -1.2247448713915876e+00 
    4176           188      1.2247448713915874e+00 
    4176           179      1.2247448713915869e+00 
    4176           144     -1.2247448713915872e+00 
    4176           174      2.4494897427831743e+00 
    4176           176      1.2247448713915867e+00 
    4177           187      1.2247448713915867e+00 
    4177           219     -1.2247448713915874e+00 
    4178             8     -1.2247448713915883e+00 
    4178            62     -1.2247448713915881e+00 
    4178           124      1.2247448713915876e+00 
    4178           134     -1.2247448713915881e+00 
    4178            45      1.2247448713915883e+00 
    4178            57     -2.4494897427831765e+00 
    4178            59     -1.2247448713915878e+00 
    4179           228     -9.9999999999999900e-01 
    4180            17      7.0710678118654702e-01 
    4180           223      7.0710678118654668e-01 
    4180           188      7.0710678118654680e-01 
    4180           179      7.0710678118654680e-01 
    4180           144     -7.0710678118654691e-01 
    4180           161     -1.4142135623730931e+00 
    4180           174      1.4142135623730938e+00 
    4180           176      7.0710678118654668e-01 
    4181            12     -9.9999999999999900e-01 
    4181           138     -9.9999999999999900e-01 
    4181           104     -9.9999999999999889e-01 
    4181            79      9.9999999999999900e-01 
    4181            91      1.9999999999999973e+00 
    4181            99     -1.9999999999999980e+00 
    4181           101     -9.9999999999999878e-01 
    4182           187      7.0710678118654657e-01 
    4182           219      7.0710678118654657e-01 
    4183             8      7.0710678118654713e-01 
    4183            62      7.0710678118654702e-01 
    4183           124      7.0710678118654702e-01 
    4183           134      7.0710678118654702e-01 
    4183            45     -7.0710678118654713e-01 
    4183            53     -1.4142135623730936e+00 
    4183            57      1.4142135623730943e+00 
    4183            59      7.0710678118654691e-01 
    4184           120     -9.9999999999999922e-01 
    4185            19      9.9999999999999933e-01 
    4185           186     -9.9999999999999878e-01 
    4185           216      1.9999999999999976e+00 
    4185           151     -9.9999999999999867e-01 
    4185           168      9.9999999999999734e-01 
    4185           211      1.9999999999999973e+00 
    4185           213      9.9999999999999833e-01 
    4186            14      1.0000000000000000e+00 
    4186             5      1.9999999999999996e+00 
    4186            41      9.9999999999999967e-01 
    4186           111     -9.9999999999999933e-01 
    4186           131      1.9999999999999987e+00 
    4186             0      2.0000000000000004e+00 
    4186            21      1.0000000000000000e+00 
    4186             2      9.9999999999999967e-01 
    4186            23     -9.9999999999999967e-01 
    4186            24      1.9999999999999993e+00 
    4186            30     -1.9999999999999993e+00 
    4186            35     -9.9999999999999933e-01 
    4186            36      3.9999999999999987e+00 
    4186            38      1.9999999999999987e+00 
    4186            86     -9.9999999999999922e-01 
    4186            98      9.9999999999999833e-01 
    4186           126      1.9999999999999984e+00 
    4186           128      9.9999999999999889e-01 
    4199           142     -9.9999999999999922e-01 
    4200            77     -9.9999999999999944e-01 
    4201            43      1.4142135623730940e+00 
    4203           184      1.4142135623730945e+00 
    4203           153     -1.4142135623730945e+00 
    4204           184      4.9999999999999861e-01 
    4204           153     -4.9999999999999861e-01 
    4205           189     -1.2247448713915881e+00 
    4206           184      8.6602540378443760e-01 
    4206           153      8.6602540378443760e-01 
    4207           109     -1.2247448713915881e+00 
    4208           149      1.2247448713915863e+00 
    4209            84      1.2247448713915863e+00 
    4210           202      1.2247448713915863e+00 
    4210           154     -1.2247448713915863e+00 
    4211            15     -1.2247448713915867e+00 
    4211           177      1.2247448713915867e+00 
    4211           198      1.2247448713915872e+00 
    4211           143     -1.2247448713915865e+00 
    4211           146     -2.4494897427831734e+00 
    4211           150     -1.2247448713915867e+00 
    4211           141     -1.2247448713915865e+00 
    4212            10     -1.2247448713915869e+00 
    4212           102      1.2247448713915869e+00 
    4212           118      1.2247448713915872e+00 
    4212            78     -1.2247448713915867e+00 
    4212            81     -2.4494897427831739e+00 
    4212            85     -1.2247448713915869e+00 
    4212            76     -1.2247448713915867e+00 
    4216           184     -8.6602540378443715e-01 
    4216           153      8.6602540378443715e-01 
    4217           189     -7.0710678118654691e-01 
    4218           184      4.9999999999999944e-01 
    4218           153      4.9999999999999944e-01 
    4219           109     -7.0710678118654691e-01 
    4220           180      1.4142135623730923e+00 
    4220           149     -7.0710678118654613e-01 
    4221           105      1.4142135623730927e+00 
    4221            84     -7.0710678118654624e-01 
    4222           207     -9.9999999999999878e-01 
    4223           202      7.0710678118654635e-01 
    4223           154      7.0710678118654635e-01 
    4224           122     -9.9999999999999878e-01 
    4225            15      7.0710678118654668e-01 
    4225           158     -1.4142135623730927e+00 
    4225           177     -7.0710678118654657e-01 
    4225           198      7.0710678118654635e-01 
    4225           143      7.0710678118654646e-01 
    4225           146      1.4142135623730931e+00 
    4225           150      7.0710678118654646e-01 
    4225           141      7.0710678118654646e-01 
    4226            10      7.0710678118654680e-01 
    4226            88     -1.4142135623730929e+00 
    4226           102     -7.0710678118654668e-01 
    4226           118      7.0710678118654657e-01 
    4226            78      7.0710678118654657e-01 
    4226            81      1.4142135623730934e+00 
    4226            85      7.0710678118654657e-01 
    4226            76      7.0710678118654657e-01 
    4227             6     -9.9999999999999878e-01 
    4227            50      1.9999999999999969e+00 
    4227            60      9.9999999999999878e-01 
    4227            44     -9.9999999999999856e-01 
    4227            47     -1.9999999999999976e+00 
    4227            72     -9.9999999999999867e-01 
    4227            42     -9.9999999999999856e-01 
    4235           145      1.2247448713915887e+00 
    4235           175     -1.2247448713915874e+00 
    4236            80      1.2247448713915889e+00 
    4236           100     -1.2247448713915876e+00 
    4240           145     -7.0710678118654668e-01 
    4240           175     -7.0710678118654680e-01 
    4241            80     -7.0710678118654657e-01 
    4241           100     -7.0710678118654691e-01 
    4242            46      9.9999999999999867e-01 
    4242            58      9.9999999999999900e-01 
    4243           148      1.9999999999999960e+00 
    4243           193     -9.9999999999999845e-01 
    4244            83      1.9999999999999967e+00 
    4244           113     -9.9999999999999867e-01 
    4245             1     -9.9999999999999967e-01 
    4245            25     -9.9999999999999956e-01 
    4245            22     -9.9999999999999956e-01 
    4245            34      9.9999999999999933e-01 
    4245            37     -1.9999999999999987e+00 
    4245            55      1.9999999999999980e+00 
    4245            67     -9.9999999999999922e-01 
    4249           185     -1.2247448713915874e+00 
    4249           169      1.2247448713915874e+00 
    4250           190     -9.9999999999999967e-01 
    4251           185      7.0710678118654702e-01 
    4251           169      7.0710678118654702e-01 
    4252           110     -9.9999999999999967e-01 
    4253           181      1.9999999999999973e+00 
    4253           165     -9.9999999999999867e-01 
    4254           106      1.9999999999999978e+00 
    4254            95     -9.9999999999999878e-01 
    4255           208     -1.4142135623730940e+00 
    4256           203      9.9999999999999900e-01 
    4256           170      9.9999999999999900e-01 
    4257           123     -1.4142135623730940e+00 
    4258            16      9.9999999999999922e-01 
    4258           178     -9.9999999999999922e-01 
    4258           199      9.9999999999999867e-01 
    4258           162      1.9999999999999984e+00 
    4258           166      9.9999999999999900e-01 
    4258           142     -9.9999999999999922e-01 
    4258           157      1.9999999999999984e+00 
    4259            11      9.9999999999999933e-01 
    4259           103     -9.9999999999999944e-01 
    4259           119      9.9999999999999911e-01 
    4259            92      1.9999999999999989e+00 
    4259            96      9.9999999999999922e-01 
    4259            77     -9.9999999999999944e-01 
    4259            87      1.9999999999999989e+00 
    4260             7     -1.4142135623730940e+00 
    4260            61      1.4142135623730940e+00 
    4260            54     -2.8284271247461881e+00 
    4260            43      1.4142135623730940e+00 
    4260            49     -2.8284271247461881e+00 
    4260            73     -1.4142135623730938e+00 
    4262           191      9.9999999999999978e-01 
    4263           186     -1.4142135623730943e+00 
    4264           111      9.9999999999999978e-01 
    4265           182     -9.9999999999999889e-01 
    4266           107     -9.9999999999999911e-01 
    4267           204     -1.2247448713915876e+00 
    4267           187      1.2247448713915876e+00 
    4268            17      1.2247448713915878e+00 
    4268           200     -1.2247448713915883e+00 
    4268           183      1.2247448713915878e+00 
    4268           179      1.2247448713915876e+00 
    4268           144     -1.2247448713915878e+00 
    4268           174      2.4494897427831757e+00 
    4268           176      1.2247448713915874e+00 
    4269            12      1.2247448713915881e+00 
    4269           120     -1.2247448713915885e+00 
    4269           108      1.2247448713915881e+00 
    4269           104      1.2247448713915878e+00 
    4269            79     -1.2247448713915881e+00 
    4269            99      2.4494897427831761e+00 
    4269           101      1.2247448713915876e+00 
    4270           209     -9.9999999999999956e-01 
    4271           204      7.0710678118654691e-01 
    4271           187      7.0710678118654691e-01 
    4272           124     -9.9999999999999956e-01 
    4273            17      7.0710678118654713e-01 
    4273           200      7.0710678118654680e-01 
    4273           183      7.0710678118654702e-01 
    4273           179      7.0710678118654691e-01 
    4273           144     -7.0710678118654702e-01 
    4273           161     -1.4142135623730936e+00 
    4273           174      1.4142135623730940e+00 
    4273           176      7.0710678118654680e-01 
    4274            12      7.0710678118654724e-01 
    4274           120      7.0710678118654702e-01 
    4274           108      7.0710678118654713e-01 
    4274           104      7.0710678118654702e-01 
    4274            79     -7.0710678118654713e-01 
    4274            91     -1.4142135623730936e+00 
    4274            99      1.4142135623730943e+00 
    4274           101      7.0710678118654691e-01 
    4275             8     -9.9999999999999956e-01 
    4275            74     -9.9999999999999933e-01 
    4275            62     -9.9999999999999922e-01 
    4275            45      9.9999999999999933e-01 
    4275            53      1.9999999999999978e+00 
    4275            57     -1.9999999999999987e+00 
    4275            59     -9.9999999999999900e-01 
    4276            18      9.9999999999999922e-01 
    4276           182     -9.9999999999999889e-01 
    4276           197      1.9999999999999978e+00 
    4276           147     -9.9999999999999867e-01 
    4276           164      9.9999999999999767e-01 
    4276           192      1.9999999999999973e+00 
    4276           194      9.9999999999999845e-01 
    4277            13      9.9999999999999933e-01 
    4277           107     -9.9999999999999911e-01 
    4277           117      1.9999999999999982e+00 
    4277            82     -9.9999999999999889e-01 
    4277            94      9.9999999999999800e-01 
    4277           112      1.9999999999999978e+00 
    4277           114      9.9999999999999867e-01 
    4278             5      1.9999999999999996e+00 
    4278            41      9.9999999999999967e-01 
    4278             9      1.0000000000000000e+00 
    4278            65     -9.9999999999999967e-01 
    4278            71      1.9999999999999993e+00 
    4278             0      2.0000000000000004e+00 
    4278            21      1.0000000000000000e+00 
    4278             2      9.9999999999999967e-01 
    4278            23     -9.9999999999999967e-01 
    4278            24      1.9999999999999993e+00 
    4278            30     -1.9999999999999993e+00 
    4278            35     -9.9999999999999933e-01 
    4278            36      3.9999999999999987e+00 
    4278            38      1.9999999999999987e+00 
    4278            48     -9.9999999999999956e-01 
    4278            56      9.9999999999999889e-01 
    4278            66      1.9999999999999991e+00 
    4278            68      9.9999999999999922e-01 
    4279            48      1.0000000000000002e+00 
    4283            45     -1.4142135623730947e+00 
    4288            30      1.0000000000000002e+00 
    4297            52     -1.7320508075688750e+00 
    4297            46      1.7320508075688750e+00 
    4305            55      1.4142135623730949e+00 
    4309            52     -9.9999999999999956e-01 
    4309            46     -9.9999999999999956e-01 
    4314            34      1.4142135623730949e+00 
    4320           202     -1.7320508075688748e+00 
    4321             6     -1.4142135623730943e+00 
    4321            50      1.4142135623730943e+00 
    4321            44     -2.8284271247461885e+00 
    4321           207      1.4142135623730943e+00 
    4321           237     -2.8284271247461885e+00 
    4321            42     -1.4142135623730940e+00 
    4322           202     -9.9999999999999845e-01 
    4322           217      1.9999999999999969e+00 
    4324           198      1.4142135623730927e+00 
    4326           184     -1.7320508075688759e+00 
    4327           180     -1.7320508075688748e+00 
    4329             3     -1.4142135623730945e+00 
    4329            32      1.4142135623730945e+00 
    4329            29     -2.8284271247461890e+00 
    4329           189      1.4142135623730945e+00 
    4329           234     -2.8284271247461890e+00 
    4329            27     -1.4142135623730943e+00 
    4330           184     -9.9999999999999878e-01 
    4330           214      1.9999999999999976e+00 
    4332           180     -9.9999999999999845e-01 
    4332           195      1.9999999999999969e+00 
    4335           177      1.4142135623730927e+00 
    4338            56      1.0000000000000002e+00 
    4342            53     -1.4142135623730947e+00 
    4347            35      1.0000000000000002e+00 
    4353           203     -1.7320508075688752e+00 
    4354             7     -1.4142135623730945e+00 
    4354            43      1.4142135623730945e+00 
    4354            49     -2.8284271247461890e+00 
    4354           208      1.4142135623730945e+00 
    4354           238     -2.8284271247461890e+00 
    4354            51     -1.4142135623730943e+00 
    4355           203     -9.9999999999999878e-01 
    4355           218      1.9999999999999976e+00 
    4357           199      1.4142135623730931e+00 
    4359           185     -1.7320508075688765e+00 
    4360           181     -1.7320508075688754e+00 
    4362             4     -1.4142135623730949e+00 
    4362            28      1.4142135623730947e+00 
    4362            31     -2.8284271247461894e+00 
    4362           190      1.4142135623730949e+00 
    4362           235     -2.8284271247461898e+00 
    4362            33     -1.4142135623730945e+00 
    4363           185     -9.9999999999999900e-01 
    4363           215      1.9999999999999980e+00 
    4365           181     -9.9999999999999878e-01 
    4365           196      1.9999999999999976e+00 
    4368           178      1.4142135623730931e+00 
    4371            20      2.0000000000000004e+00 
    4371           251      1.0000000000000000e+00 
    4371             0      2.0000000000000004e+00 
    4371            21      1.0000000000000000e+00 
    4371             2      2.0000000000000004e+00 
    4371            23     -2.0000000000000004e+00 
    4371           156     -2.0000000000000004e+00 
    4371           173     -2.0000000000000004e+00 
    4371            24      4.0000000000000009e+00 
    4371           231      4.0000000000000009e+00 
    4371           233      4.0000000000000009e+00 
    4371            26      1.0000000000000000e+00 
    4373            48      1.0000000000000002e+00 
    4377            45     -1.4142135623730947e+00 
    4382            30      1.0000000000000002e+00 
    4391            52     -1.7320508075688750e+00 
    4391            46      1.7320508075688750e+00 
    4399            55      1.4142135623730949e+00 
    4403            52     -9.9999999999999956e-01 
    4403            46     -9.9999999999999956e-01 
    4408            34      1.4142135623730949e+00 
    4413           122      1.2247448713915872e+00 
    4413           207     -1.2247448713915872e+00 
    4414           154     -9.9999999999999889e-01 
    4414           217      1.9999999999999978e+00 
    4415             6     -1.4142135623730943e+00 
    4415            50      1.4142135623730943e+00 
    4415            44     -2.8284271247461885e+00 
    4415            42     -1.4142135623730940e+00 
    4415           122      7.0710678118654680e-01 
    4415           207      7.0710678118654680e-01 
    4415           132     -1.4142135623730936e+00 
    4415           237     -1.4142135623730936e+00 
    4416           202     -9.9999999999999867e-01 
    4416           217      1.9999999999999973e+00 
    4417           118     -9.9999999999999867e-01 
    4418           198     -9.9999999999999878e-01 
    4419           109      1.2247448713915876e+00 
    4419           189     -1.2247448713915876e+00 
    4420           105      1.2247448713915876e+00 
    4421           180      1.2247448713915876e+00 
    4422           153     -9.9999999999999900e-01 
    4422           214      1.9999999999999980e+00 
    4423             3     -1.4142135623730945e+00 
    4423            32      1.4142135623730945e+00 
    4423            29     -2.8284271247461890e+00 
    4423            27     -1.4142135623730943e+00 
    4423           109      7.0710678118654691e-01 
    4423           189      7.0710678118654702e-01 
    4423           129     -1.4142135623730938e+00 
    4423           234     -1.4142135623730940e+00 
    4424           184     -9.9999999999999900e-01 
    4424           214      1.9999999999999980e+00 
    4425           105      7.0710678118654668e-01 
    4425           115     -1.4142135623730934e+00 
    4426           180      7.0710678118654668e-01 
    4426           195     -1.4142135623730934e+00 
    4428           102     -9.9999999999999867e-01 
    4429           177     -9.9999999999999878e-01 
    4432            56      1.0000000000000002e+00 
    4436            53     -1.4142135623730947e+00 
    4441            35      1.0000000000000002e+00 
    4446           123      1.2247448713915874e+00 
    4446           208     -1.2247448713915876e+00 
    4447           170     -9.9999999999999900e-01 
    4447           218      1.9999999999999980e+00 
    4448             7     -1.4142135623730945e+00 
    4448            43      1.4142135623730945e+00 
    4448            49     -2.8284271247461890e+00 
    4448            51     -1.4142135623730943e+00 
    4448           123      7.0710678118654691e-01 
    4448           208      7.0710678118654702e-01 
    4448           133     -1.4142135623730938e+00 
    4448           238     -1.4142135623730940e+00 
    4449           203     -9.9999999999999900e-01 
    4449           218      1.9999999999999980e+00 
    4450           119     -9.9999999999999900e-01 
    4451           199     -9.9999999999999911e-01 
    4452           110      1.2247448713915878e+00 
    4452           190     -1.2247448713915878e+00 
    4453           106      1.2247448713915883e+00 
    4454           181      1.2247448713915883e+00 
    4455           169     -9.9999999999999933e-01 
    4455           215      1.9999999999999987e+00 
    4456             4     -1.4142135623730949e+00 
    4456            28      1.4142135623730947e+00 
    4456            31     -2.8284271247461894e+00 
    4456            33     -1.4142135623730945e+00 
    4456           110      7.0710678118654713e-01 
    4456           190      7.0710678118654713e-01 
    4456           130     -1.4142135623730943e+00 
    4456           235     -1.4142135623730943e+00 
    4457           185     -9.9999999999999933e-01 
    4457           215      1.9999999999999987e+00 
    4458           106      7.0710678118654691e-01 
    4458           116     -1.4142135623730938e+00 
    4459           181      7.0710678118654691e-01 
    4459           196     -1.4142135623730938e+00 
    4461           103     -9.9999999999999900e-01 
    4462           178     -9.9999999999999911e-01 
    4464            19     -1.4142135623730945e+00 
    4464           250     -1.4142135623730943e+00 
    4464           151      1.4142135623730945e+00 
    4464           168      1.4142135623730945e+00 
    4464           211     -2.8284271247461890e+00 
    4464           213     -2.8284271247461890e+00 
    4465            14      9.9999999999999967e-01 
    4465            20      1.0000000000000000e+00 
    4465           230      9.9999999999999956e-01 
    4465           245      9.9999999999999956e-01 
    4465             0      2.0000000000000004e+00 
    4465            21      1.0000000000000000e+00 
    4465             2      2.0000000000000004e+00 
    4465            23     -2.0000000000000004e+00 
    4465            24      4.0000000000000009e+00 
    4465            26      1.0000000000000000e+00 
    4465            86     -9.9999999999999967e-01 
    4465            98     -9.9999999999999967e-01 
    4465           156     -9.9999999999999978e-01 
    4465           173     -9.9999999999999978e-01 
    4465           126      1.9999999999999993e+00 
    4465           128      1.9999999999999993e+00 
    4465           231      1.9999999999999996e+00 
    4465           233      1.9999999999999996e+00 
    4468            48      1.0000000000000002e+00 
    4472            45     -1.4142135623730947e+00 
    4477            30      1.0000000000000002e+00 
    4486            52     -1.7320508075688750e+00 
    4486            46      1.7320508075688750e+00 
    4494            55      1.4142135623730949e+00 
    4498            52     -9.9999999999999956e-01 
    4498            46     -9.9999999999999956e-01 
    4503            34      1.4142135623730949e+00 
    4507           154      1.7320508075688741e+00 
    4509           154     -9.9999999999999911e-01 
    4509           217      1.9999999999999982e+00 
    4510             6     -1.4142135623730943e+00 
    4510            50      1.4142135623730943e+00 
    4510            44     -2.8284271247461885e+00 
    4510            42     -1.4142135623730940e+00 
    4510           122      1.4142135623730943e+00 
    4510           132     -2.8284271247461885e+00 
    4512           118      1.4142135623730931e+00 
    4513           153      1.7320508075688750e+00 
    4515           105     -1.7320508075688752e+00 
    4517           153     -9.9999999999999933e-01 
    4517           214      1.9999999999999987e+00 
    4518             3     -1.4142135623730945e+00 
    4518            32      1.4142135623730945e+00 
    4518            29     -2.8284271247461890e+00 
    4518            27     -1.4142135623730943e+00 
    4518           109      1.4142135623730945e+00 
    4518           129     -2.8284271247461890e+00 
    4520           105     -9.9999999999999878e-01 
    4520           115      1.9999999999999976e+00 
    4523           102      1.4142135623730931e+00 
    4527            56      1.0000000000000002e+00 
    4531            53     -1.4142135623730947e+00 
    4536            35      1.0000000000000002e+00 
    4540           170      1.7320508075688745e+00 
    4542           170     -9.9999999999999933e-01 
    4542           218      1.9999999999999987e+00 
    4543             7     -1.4142135623730945e+00 
    4543            43      1.4142135623730945e+00 
    4543            49     -2.8284271247461890e+00 
    4543            51     -1.4142135623730943e+00 
    4543           123      1.4142135623730945e+00 
    4543           133     -2.8284271247461890e+00 
    4545           119      1.4142135623730936e+00 
    4546           169      1.7320508075688752e+00 
    4548           106     -1.7320508075688761e+00 
    4550           169     -9.9999999999999956e-01 
    4550           215      1.9999999999999991e+00 
    4551             4     -1.4142135623730949e+00 
    4551            28      1.4142135623730947e+00 
    4551            31     -2.8284271247461894e+00 
    4551            33     -1.4142135623730945e+00 
    4551           110      1.4142135623730949e+00 
    4551           130     -2.8284271247461898e+00 
    4553           106     -9.9999999999999900e-01 
    4553           116      1.9999999999999980e+00 
    4556           103      1.4142135623730936e+00 
    4558           230      1.0000000000000002e+00 
    4559            19     -1.4142135623730949e+00 
    4559           225     -1.4142135623730945e+00 
    4559           151      1.4142135623730947e+00 
    4559           168      1.4142135623730947e+00 
    4559           211     -2.8284271247461894e+00 
    4559           213     -2.8284271247461894e+00 
    4560            14      2.0000000000000004e+00 
    4560           140      1.0000000000000000e+00 
    4560             0      2.0000000000000004e+00 
    4560            21      1.0000000000000000e+00 
    4560             2      2.0000000000000004e+00 
    4560            23     -2.0000000000000004e+00 
    4560            24      4.0000000000000009e+00 
    4560            26      1.0000000000000000e+00 
    4560            86     -2.0000000000000004e+00 
    4560            98     -2.0000000000000004e+00 
    4560           126      4.0000000000000009e+00 
    4560           128      4.0000000000000009e+00 
    4561           147      1.4142135623730940e+00 
    4562            82     -9.9999999999999967e-01 
    4564            79      1.2247448713915878e+00 
    4565           144     -9.9999999999999878e-01 
    4566            79      7.0710678118654691e-01 
    4568            45     -9.9999999999999967e-01 
    4573            30      1.0000000000000002e+00 
    4576            93      1.2247448713915878e+00 
    4576            83     -1.2247448713915878e+00 
    4578            90      1.4999999999999967e+00 
    4578            80     -1.4999999999999967e+00 
    4579           160     -1.2247448713915861e+00 
    4579           145      1.2247448713915861e+00 
    4580            90      8.6602540378443682e-01 
    4580            80     -8.6602540378443682e-01 
    4582            52     -1.2247448713915872e+00 
    4582            46      1.2247448713915872e+00 
    4587           163      9.9999999999999900e-01 
    4587           148      9.9999999999999900e-01 
    4588            93     -7.0710678118654713e-01 
    4588            83     -7.0710678118654713e-01 
    4590            90      8.6602540378443760e-01 
    4590            80      8.6602540378443760e-01 
    4591           160     -7.0710678118654646e-01 
    4591           145     -7.0710678118654646e-01 
    4592            90      4.9999999999999944e-01 
    4592            80      4.9999999999999944e-01 
    4594            52     -7.0710678118654713e-01 
    4594            46     -7.0710678118654713e-01 
    4599            34      1.4142135623730949e+00 
    4602            10      1.2247448713915874e+00 
    4602            88     -1.2247448713915874e+00 
    4602            78      2.4494897427831748e+00 
    4602            85      1.2247448713915869e+00 
    4602           226     -1.2247448713915867e+00 
    4602           241      1.2247448713915872e+00 
    4602            76      1.2247448713915872e+00 
    4603            15     -9.9999999999999845e-01 
    4603           158      9.9999999999999845e-01 
    4603           198      1.9999999999999960e+00 
    4603           143     -1.9999999999999969e+00 
    4603           150     -9.9999999999999811e-01 
    4603           246     -9.9999999999999822e-01 
    4603           141     -9.9999999999999822e-01 
    4604            10      7.0710678118654668e-01 
    4604            88     -7.0710678118654668e-01 
    4604           118     -1.4142135623730929e+00 
    4604            78      1.4142135623730934e+00 
    4604            85      7.0710678118654646e-01 
    4604           226      7.0710678118654657e-01 
    4604           241      7.0710678118654657e-01 
    4604            76      7.0710678118654657e-01 
    4605           221     -9.9999999999999889e-01 
    4606             6     -9.9999999999999922e-01 
    4606            50      9.9999999999999933e-01 
    4606            44     -1.9999999999999987e+00 
    4606           207      1.9999999999999973e+00 
    4606           237     -9.9999999999999878e-01 
    4606            72     -9.9999999999999911e-01 
    4606            42     -9.9999999999999922e-01 
    4607           202      1.9999999999999962e+00 
    4607           217     -9.9999999999999833e-01 
    4608            84      1.2247448713915874e+00 
    4609            63      1.2247448713915874e+00 
    4609           189     -1.2247448713915867e+00 
    4610           184     -1.2247448713915867e+00 
    4611           149     -9.9999999999999878e-01 
    4611           195      1.9999999999999976e+00 
    4612            84      7.0710678118654691e-01 
    4612           115     -1.4142135623730938e+00 
    4614             3     -1.4142135623730945e+00 
    4614            32      1.4142135623730945e+00 
    4614            29     -2.8284271247461890e+00 
    4614            27     -1.4142135623730943e+00 
    4614            63      7.0710678118654691e-01 
    4614           189      7.0710678118654680e-01 
    4614            69     -1.4142135623730938e+00 
    4614           234     -1.4142135623730936e+00 
    4615           184      7.0710678118654635e-01 
    4615           214     -1.4142135623730927e+00 
    4616           180     -9.9999999999999878e-01 
    4616           195      1.9999999999999976e+00 
    4617            60     -9.9999999999999900e-01 
    4619           177     -9.9999999999999889e-01 
    4620           164      1.4142135623730940e+00 
    4621            94     -9.9999999999999967e-01 
    4623            91      1.2247448713915878e+00 
    4624           161     -9.9999999999999878e-01 
    4625            91      7.0710678118654691e-01 
    4627            53     -9.9999999999999967e-01 
    4632            35      1.0000000000000002e+00 
    4635            11      1.2247448713915876e+00 
    4635            96      1.2247448713915874e+00 
    4635            77     -1.2247448713915876e+00 
    4635            87      2.4494897427831752e+00 
    4635           227     -1.2247448713915869e+00 
    4635           242      1.2247448713915874e+00 
    4635            89      1.2247448713915874e+00 
    4636            16     -9.9999999999999856e-01 
    4636           199      1.9999999999999964e+00 
    4636           166     -9.9999999999999845e-01 
    4636           142      9.9999999999999856e-01 
    4636           157     -1.9999999999999971e+00 
    4636           247     -9.9999999999999845e-01 
    4636           159     -9.9999999999999845e-01 
    4637            11      7.0710678118654680e-01 
    4637           119     -1.4142135623730931e+00 
    4637            96      7.0710678118654668e-01 
    4637            77     -7.0710678118654680e-01 
    4637            87      1.4142135623730936e+00 
    4637           227      7.0710678118654680e-01 
    4637           242      7.0710678118654668e-01 
    4637            89      7.0710678118654668e-01 
    4638           222     -9.9999999999999922e-01 
    4639             7     -9.9999999999999956e-01 
    4639            43      9.9999999999999956e-01 
    4639            49     -1.9999999999999991e+00 
    4639           208      1.9999999999999978e+00 
    4639           238     -9.9999999999999900e-01 
    4639            73     -9.9999999999999933e-01 
    4639            51     -9.9999999999999933e-01 
    4640           203      1.9999999999999971e+00 
    4640           218     -9.9999999999999867e-01 
    4641            95      1.2247448713915876e+00 
    4642            64      1.2247448713915876e+00 
    4642           190     -1.2247448713915869e+00 
    4643           185     -1.2247448713915872e+00 
    4644           165     -9.9999999999999900e-01 
    4644           196      1.9999999999999980e+00 
    4645            95      7.0710678118654713e-01 
    4645           116     -1.4142135623730943e+00 
    4647             4     -1.4142135623730949e+00 
    4647            28      1.4142135623730947e+00 
    4647            31     -2.8284271247461894e+00 
    4647            33     -1.4142135623730945e+00 
    4647            64      7.0710678118654713e-01 
    4647           190      7.0710678118654691e-01 
    4647            70     -1.4142135623730943e+00 
    4647           235     -1.4142135623730938e+00 
    4648           185      7.0710678118654657e-01 
    4648           215     -1.4142135623730931e+00 
    4649           181     -9.9999999999999911e-01 
    4649           196      1.9999999999999982e+00 
    4650            61     -9.9999999999999933e-01 
    4652           178     -9.9999999999999922e-01 
    4653            18     -1.4142135623730940e+00 
    4653           249     -1.4142135623730938e+00 
    4653           147      1.4142135623730940e+00 
    4653           164      1.4142135623730940e+00 
    4653           192     -2.8284271247461881e+00 
    4653           194     -2.8284271247461881e+00 
    4654            13      9.9999999999999967e-01 
    4654           229      9.9999999999999956e-01 
    4654           244      9.9999999999999956e-01 
    4654            82     -9.9999999999999967e-01 
    4654            94     -9.9999999999999967e-01 
    4654           112      1.9999999999999993e+00 
    4654           114      1.9999999999999993e+00 
    4655           224     -1.4142135623730945e+00 
    4656            20      1.0000000000000000e+00 
    4656             9      9.9999999999999967e-01 
    4656           210      9.9999999999999889e-01 
    4656           240      9.9999999999999922e-01 
    4656             0      2.0000000000000004e+00 
    4656            21      1.0000000000000000e+00 
    4656             2      2.0000000000000004e+00 
    4656            23     -2.0000000000000004e+00 
    4656            24      4.0000000000000009e+00 
    4656            26      1.0000000000000000e+00 
    4656            48     -9.9999999999999967e-01 
    4656            56     -9.9999999999999967e-01 
    4656           156     -9.9999999999999956e-01 
    4656           173     -9.9999999999999956e-01 
    4656            66      1.9999999999999993e+00 
    4656            68      1.9999999999999993e+00 
    4656           231      1.9999999999999991e+00 
    4656           233      1.9999999999999991e+00 
    4658           147     -9.9999999999999978e-01 
    4659            82      1.4142135623730945e+00 
    4660           144     -1.2247448713915876e+00 
    4662           144      7.0710678118654691e-01 
    4663            79     -9.9999999999999900e-01 
    4665            45     -9.9999999999999967e-01 
    4670            30      1.0000000000000002e+00 
    4672           163     -1.2247448713915876e+00 
    4672           148      1.2247448713915876e+00 
    4674           160     -1.4999999999999964e+00 
    4674           145      1.4999999999999964e+00 
    4676           160      8.6602540378443693e-01 
    4676           145     -8.6602540378443693e-01 
    4677            90     -1.2247448713915863e+00 
    4677            80      1.2247448713915863e+00 
    4679            52     -1.2247448713915872e+00 
    4679            46      1.2247448713915872e+00 
    4684           163     -7.0710678118654713e-01 
    4684           148     -7.0710678118654713e-01 
    4685            93      9.9999999999999933e-01 
    4685            83      9.9999999999999933e-01 
    4686           160     -8.6602540378443749e-01 
    4686           145     -8.6602540378443749e-01 
    4688           160      4.9999999999999950e-01 
    4688           145      4.9999999999999950e-01 
    4689            90     -7.0710678118654668e-01 
    4689            80     -7.0710678118654668e-01 
    4691            52     -7.0710678118654713e-01 
    4691            46     -7.0710678118654713e-01 
    4696            34      1.4142135623730949e+00 
    4698            15     -1.2247448713915872e+00 
    4698           158      1.2247448713915872e+00 
    4698           221      1.2247448713915874e+00 
    4698           143     -2.4494897427831743e+00 
    4698           150     -1.2247448713915867e+00 
    4698           155     -1.2247448713915869e+00 
    4698           141     -1.2247448713915869e+00 
    4699           226     -9.9999999999999878e-01 
    4700            15      7.0710678118654668e-01 
    4700           158     -7.0710678118654668e-01 
    4700           198     -1.4142135623730929e+00 
    4700           221      7.0710678118654635e-01 
    4700           143      1.4142135623730934e+00 
    4700           150      7.0710678118654646e-01 
    4700           155      7.0710678118654657e-01 
    4700           141      7.0710678118654657e-01 
    4701            10     -9.9999999999999878e-01 
    4701            88      9.9999999999999878e-01 
    4701           118      1.9999999999999969e+00 
    4701            78     -1.9999999999999976e+00 
    4701            85     -9.9999999999999845e-01 
    4701           136     -9.9999999999999856e-01 
    4701            76     -9.9999999999999856e-01 
    4702           154      1.9999999999999969e+00 
    4702           217     -9.9999999999999845e-01 
    4703             6     -9.9999999999999922e-01 
    4703            50      9.9999999999999933e-01 
    4703            44     -1.9999999999999987e+00 
    4703            72     -9.9999999999999911e-01 
    4703            42     -9.9999999999999922e-01 
    4703           122      1.9999999999999984e+00 
    4703           132     -9.9999999999999900e-01 
    4704           149     -1.2247448713915872e+00 
    4705           153     -1.2247448713915865e+00 
    4706            63      1.2247448713915874e+00 
    4706           109     -1.2247448713915876e+00 
    4708           149      7.0710678118654691e-01 
    4708           195     -1.4142135623730938e+00 
    4709            84     -9.9999999999999900e-01 
    4709           115      1.9999999999999980e+00 
    4710           153      7.0710678118654657e-01 
    4710           214     -1.4142135623730931e+00 
    4711             3     -1.4142135623730945e+00 
    4711            32      1.4142135623730945e+00 
    4711            29     -2.8284271247461890e+00 
    4711            27     -1.4142135623730943e+00 
    4711            63      7.0710678118654691e-01 
    4711            69     -1.4142135623730938e+00 
    4711           109      7.0710678118654702e-01 
    4711           129     -1.4142135623730940e+00 
    4712           105     -9.9999999999999900e-01 
    4712           115      1.9999999999999980e+00 
    4714            60     -9.9999999999999900e-01 
    4715           102     -9.9999999999999911e-01 
    4717           164     -9.9999999999999978e-01 
    4718            94      1.4142135623730945e+00 
    4719           161     -1.2247448713915876e+00 
    4721           161      7.0710678118654691e-01 
    4722            91     -9.9999999999999900e-01 
    4724            53     -9.9999999999999967e-01 
    4729            35      1.0000000000000002e+00 
    4731            16     -1.2247448713915874e+00 
    4731           222      1.2247448713915876e+00 
    4731           166     -1.2247448713915872e+00 
    4731           171     -1.2247448713915874e+00 
    4731           142      1.2247448713915874e+00 
    4731           157     -2.4494897427831748e+00 
    4731           159     -1.2247448713915872e+00 
    4732           227     -9.9999999999999889e-01 
    4733            16      7.0710678118654691e-01 
    4733           199     -1.4142135623730931e+00 
    4733           222      7.0710678118654680e-01 
    4733           166      7.0710678118654668e-01 
    4733           171      7.0710678118654668e-01 
    4733           142     -7.0710678118654680e-01 
    4733           157      1.4142135623730936e+00 
    4733           159      7.0710678118654668e-01 
    4734            11     -9.9999999999999889e-01 
    4734           119      1.9999999999999973e+00 
    4734            96     -9.9999999999999878e-01 
    4734            77      9.9999999999999889e-01 
    4734            87     -1.9999999999999978e+00 
    4734           137     -9.9999999999999878e-01 
    4734            89     -9.9999999999999878e-01 
    4735           170      1.9999999999999973e+00 
    4735           218     -9.9999999999999878e-01 
    4736             7     -9.9999999999999956e-01 
    4736            43      9.9999999999999956e-01 
    4736            49     -1.9999999999999991e+00 
    4736            73     -9.9999999999999933e-01 
    4736            51     -9.9999999999999933e-01 
    4736           123      1.9999999999999987e+00 
    4736           133     -9.9999999999999933e-01 
    4737           165     -1.2247448713915874e+00 
    4738           169     -1.2247448713915867e+00 
    4739            64      1.2247448713915876e+00 
    4739           110     -1.2247448713915876e+00 
    4741           165      7.0710678118654713e-01 
    4741           196     -1.4142135623730943e+00 
    4742            95     -9.9999999999999933e-01 
    4742           116      1.9999999999999987e+00 
    4743           169      7.0710678118654668e-01 
    4743           215     -1.4142135623730934e+00 
    4744             4     -1.4142135623730949e+00 
    4744            28      1.4142135623730947e+00 
    4744            31     -2.8284271247461894e+00 
    4744            33     -1.4142135623730945e+00 
    4744            64      7.0710678118654713e-01 
    4744            70     -1.4142135623730943e+00 
    4744           110      7.0710678118654713e-01 
    4744           130     -1.4142135623730943e+00 
    4745           106     -9.9999999999999933e-01 
    4745           116      1.9999999999999987e+00 
    4747            61     -9.9999999999999933e-01 
    4748           103     -9.9999999999999944e-01 
    4749           229     -1.4142135623730945e+00 
    4750            18      9.9999999999999967e-01 
    4750           224      9.9999999999999956e-01 
    4750           206      9.9999999999999956e-01 
    4750           147     -9.9999999999999978e-01 
    4750           164     -9.9999999999999978e-01 
    4750           192      1.9999999999999996e+00 
    4750           194      1.9999999999999996e+00 
    4751            13     -1.4142135623730945e+00 
    4751           139     -1.4142135623730943e+00 
    4751            82      1.4142135623730945e+00 
    4751            94      1.4142135623730945e+00 
    4751           112     -2.8284271247461890e+00 
    4751           114     -2.8284271247461890e+00 
    4752            19      9.9999999999999933e-01 
    4752           205      9.9999999999999878e-01 
    4752           220      9.9999999999999889e-01 
    4752           151     -9.9999999999999922e-01 
    4752           168     -9.9999999999999922e-01 
    4752           211      1.9999999999999984e+00 
    4752           213      1.9999999999999984e+00 
    4753            14      1.0000000000000000e+00 
    4753             9      9.9999999999999967e-01 
    4753           125      9.9999999999999956e-01 
    4753           135      9.9999999999999956e-01 
    4753             0      2.0000000000000004e+00 
    4753            21      1.0000000000000000e+00 
    4753             2      2.0000000000000004e+00 
    4753            23     -2.0000000000000004e+00 
    4753            24      4.0000000000000009e+00 
    4753            26      1.0000000000000000e+00 
    4753            48     -9.9999999999999967e-01 
    4753            56     -9.9999999999999967e-01 
    4753            66      1.9999999999999993e+00 
    4753            68      1.9999999999999993e+00 
    4753            86     -9.9999999999999978e-01 
    4753            98     -9.9999999999999978e-01 
    4753           126      1.9999999999999996e+00 
    4753           128      1.9999999999999996e+00 
    4754           156      1.0000000000000002e+00 
    4755           151     -1.4142135623730947e+00 
    4756            86      1.0000000000000002e+00 
    4761           144     -1.4142135623730943e+00 
    4762            79     -1.4142135623730945e+00 
    4768            30      1.0000000000000002e+00 
    4769           167     -1.7320508075688756e+00 
    4769           152      1.7320508075688756e+00 
    4775           160     -1.7320508075688741e+00 
    4775           145      1.7320508075688741e+00 
    4776            90     -1.7320508075688745e+00 
    4776            80      1.7320508075688745e+00 
    4780           172      1.4142135623730949e+00 
    4781           167     -9.9999999999999956e-01 
    4781           152     -9.9999999999999956e-01 
    4782            97      1.4142135623730949e+00 
    4787           160     -9.9999999999999911e-01 
    4787           145     -9.9999999999999911e-01 
    4788            90     -9.9999999999999933e-01 
    4788            80     -9.9999999999999933e-01 
    4794            34      1.4142135623730949e+00 
    4795           202     -1.7320508075688741e+00 
    4795           154      1.7320508075688741e+00 
    4796           207      1.4142135623730943e+00 
    4797           202     -9.9999999999999911e-01 
    4797           154     -9.9999999999999911e-01 
    4798           122      1.4142135623730943e+00 
    4799            15     -1.4142135623730936e+00 
    4799           158      1.4142135623730938e+00 
    4799           198      1.4142135623730936e+00 
    4799           143     -2.8284271247461876e+00 
    4799           150     -2.8284271247461872e+00 
    4799           141     -1.4142135623730936e+00 
    4800            10     -1.4142135623730938e+00 
    4800            88      1.4142135623730940e+00 
    4800           118      1.4142135623730938e+00 
    4800            78     -2.8284271247461881e+00 
    4800            85     -2.8284271247461876e+00 
    4800            76     -1.4142135623730938e+00 
    4802           149      1.7320508075688741e+00 
    4803            84      1.7320508075688745e+00 
    4807           149     -9.9999999999999911e-01 
    4807           195      1.9999999999999982e+00 
    4808            84     -9.9999999999999933e-01 
    4808           115      1.9999999999999987e+00 
    4809             3     -1.4142135623730945e+00 
    4809            32      1.4142135623730945e+00 
    4809            29     -2.8284271247461890e+00 
    4809            27     -1.4142135623730943e+00 
    4809            63      1.4142135623730945e+00 
    4809            69     -2.8284271247461890e+00 
    4812            60      1.4142135623730936e+00 
    4813           173      1.0000000000000002e+00 
    4814           168     -1.4142135623730947e+00 
    4815            98      1.0000000000000002e+00 
    4820           161     -1.4142135623730943e+00 
    4821            91     -1.4142135623730945e+00 
    4827            35      1.0000000000000002e+00 
    4828           203     -1.7320508075688745e+00 
    4828           170      1.7320508075688745e+00 
    4829           208      1.4142135623730945e+00 
    4830           203     -9.9999999999999933e-01 
    4830           170     -9.9999999999999933e-01 
    4831           123      1.4142135623730945e+00 
    4832            16     -1.4142135623730938e+00 
    4832           199      1.4142135623730940e+00 
    4832           166     -2.8284271247461881e+00 
    4832           142      1.4142135623730940e+00 
    4832           157     -2.8284271247461881e+00 
    4832           159     -1.4142135623730938e+00 
    4833            11     -1.4142135623730943e+00 
    4833           119      1.4142135623730943e+00 
    4833            96     -2.8284271247461885e+00 
    4833            77      1.4142135623730943e+00 
    4833            87     -2.8284271247461885e+00 
    4833            89     -1.4142135623730940e+00 
    4835           165      1.7320508075688745e+00 
    4836            95      1.7320508075688750e+00 
    4840           165     -9.9999999999999933e-01 
    4840           196      1.9999999999999987e+00 
    4841            95     -9.9999999999999956e-01 
    4841           116      1.9999999999999991e+00 
    4842             4     -1.4142135623730949e+00 
    4842            28      1.4142135623730947e+00 
    4842            31     -2.8284271247461894e+00 
    4842            33     -1.4142135623730945e+00 
    4842            64      1.4142135623730949e+00 
    4842            70     -2.8284271247461898e+00 
    4845            61      1.4142135623730940e+00 
    4846           210      1.0000000000000002e+00 
    4847           205     -1.4142135623730947e+00 
    4848           125      1.0000000000000002e+00 
    4849            18     -1.4142135623730945e+00 
    4849           201     -1.4142135623730943e+00 
    4849           147      1.4142135623730945e+00 
    4849           164      1.4142135623730945e+00 
    4849           192     -2.8284271247461890e+00 
    4849           194     -2.8284271247461890e+00 
    4850            13     -1.4142135623730949e+00 
    4850           121     -1.4142135623730945e+00 
    4850            82      1.4142135623730947e+00 
    4850            94      1.4142135623730947e+00 
    4850           112     -2.8284271247461894e+00 
    4850           114     -2.8284271247461894e+00 
    4851             9      2.0000000000000004e+00 
    4851            75      1.0000000000000000e+00 
    4851             0      2.0000000000000004e+00 
    4851            21      1.0000000000000000e+00 
    4851             2      2.0000000000000004e+00 
    4851            23     -2.0000000000000004e+00 
    4851            24      4.0000000000000009e+00 
    4851            26      1.0000000000000000e+00 
    4851            48     -2.0000000000000004e+00 
    4851            56     -2.0000000000000004e+00 
    4851            66      4.0000000000000009e+00 
    4851            68      4.0000000000000009e+00 
    4855            82     -1.2247448713915883e+00 
    4856           147     -9.9999999999999900e-01 
    4857            82      7.0710678118654713e-01 
    4859            48      9.9999999999999967e-01 
    4861           144      1.4142135623730936e+00 
    4862            79     -9.9999999999999933e-01 
    4864            45     -9.9999999999999967e-01 
    4868            93     -1.4142135623730931e+00 
    4868            83      1.4142135623730931e+00 
    4869            93     -5.0000000000000022e-01 
    4869            83      5.0000000000000022e-01 
    4870           163      1.2247448713915863e+00 
    4870           148     -1.2247448713915863e+00 
    4871            93     -8.6602540378443715e-01 
    4871            83      8.6602540378443715e-01 
    4875            90      1.2247448713915869e+00 
    4875            80     -1.2247448713915869e+00 
    4876            52      1.2247448713915876e+00 
    4876            46     -1.2247448713915876e+00 
    4881            93     -8.6602540378443771e-01 
    4881            83     -8.6602540378443771e-01 
    4882           163     -7.0710678118654657e-01 
    4882           148     -7.0710678118654657e-01 
    4883            93      4.9999999999999950e-01 
    4883            83      4.9999999999999950e-01 
    4885            55      1.4142135623730940e+00 
    4887           160      9.9999999999999878e-01 
    4887           145      9.9999999999999878e-01 
    4888            90     -7.0710678118654691e-01 
    4888            80     -7.0710678118654691e-01 
    4890            52     -7.0710678118654713e-01 
    4890            46     -7.0710678118654713e-01 
    4893            84      1.2247448713915889e+00 
    4894           180      1.9999999999999969e+00 
    4894           149     -9.9999999999999822e-01 
    4895           105     -1.4142135623730936e+00 
    4895            84      7.0710678118654668e-01 
    4897            63     -9.9999999999999922e-01 
    4899            10      1.2247448713915869e+00 
    4899            88     -1.2247448713915869e+00 
    4899            78      2.4494897427831739e+00 
    4899            81      1.2247448713915867e+00 
    4899           226     -1.2247448713915863e+00 
    4899           241      1.2247448713915867e+00 
    4899            76      1.2247448713915867e+00 
    4900             6      1.2247448713915876e+00 
    4900            50     -1.2247448713915876e+00 
    4900            44      2.4494897427831752e+00 
    4900            47      1.2247448713915874e+00 
    4900           207     -1.2247448713915863e+00 
    4900           237      1.2247448713915869e+00 
    4900            42      1.2247448713915874e+00 
    4901           202     -1.2247448713915869e+00 
    4901           217      1.2247448713915865e+00 
    4902            15     -9.9999999999999822e-01 
    4902           158      9.9999999999999822e-01 
    4902           177      1.9999999999999958e+00 
    4902           143     -1.9999999999999964e+00 
    4902           146     -9.9999999999999811e-01 
    4902           246     -9.9999999999999811e-01 
    4902           141     -9.9999999999999811e-01 
    4903            10      7.0710678118654657e-01 
    4903            88     -7.0710678118654657e-01 
    4903           102     -1.4142135623730927e+00 
    4903            78      1.4142135623730931e+00 
    4903            81      7.0710678118654646e-01 
    4903           226      7.0710678118654635e-01 
    4903           241      7.0710678118654646e-01 
    4903            76      7.0710678118654646e-01 
    4904           221     -9.9999999999999911e-01 
    4905             6      7.0710678118654680e-01 
    4905            50     -7.0710678118654680e-01 
    4905            60     -1.4142135623730931e+00 
    4905            44      1.4142135623730936e+00 
    4905            47      7.0710678118654668e-01 
    4905           207      7.0710678118654613e-01 
    4905           237      7.0710678118654646e-01 
    4905            42      7.0710678118654668e-01 
    4906           202      7.0710678118654635e-01 
    4906           217      7.0710678118654646e-01 
    4907           198     -9.9999999999999900e-01 
    4908             3     -9.9999999999999956e-01 
    4908            32      9.9999999999999956e-01 
    4908            29     -1.9999999999999991e+00 
    4908           189      1.9999999999999969e+00 
    4908           234     -9.9999999999999878e-01 
    4908            39     -9.9999999999999933e-01 
    4908            27     -9.9999999999999933e-01 
    4909           184      1.9999999999999958e+00 
    4909           214     -9.9999999999999833e-01 
    4910           180      1.9999999999999964e+00 
    4910           195     -9.9999999999999845e-01 
    4914            94     -1.2247448713915883e+00 
    4915           164     -9.9999999999999900e-01 
    4916            94      7.0710678118654713e-01 
    4918            56      9.9999999999999967e-01 
    4920           161      1.4142135623730936e+00 
    4921            91     -9.9999999999999933e-01 
    4923            53     -9.9999999999999967e-01 
    4926            95      1.2247448713915892e+00 
    4927           181      1.9999999999999973e+00 
    4927           165     -9.9999999999999867e-01 
    4928           106     -1.4142135623730936e+00 
    4928            95      7.0710678118654657e-01 
    4930            64     -9.9999999999999933e-01 
    4932            11      1.2247448713915872e+00 
    4932            92      1.2247448713915869e+00 
    4932            77     -1.2247448713915869e+00 
    4932            87      2.4494897427831739e+00 
    4932           227     -1.2247448713915865e+00 
    4932           242      1.2247448713915869e+00 
    4932            89      1.2247448713915869e+00 
    4933             7      1.2247448713915881e+00 
    4933            54      1.2247448713915876e+00 
    4933            43     -1.2247448713915878e+00 
    4933            49      2.4494897427831757e+00 
    4933           208     -1.2247448713915867e+00 
    4933           238      1.2247448713915874e+00 
    4933            51      1.2247448713915876e+00 
    4934           203     -1.2247448713915872e+00 
    4934           218      1.2247448713915869e+00 
    4935            16     -9.9999999999999845e-01 
    4935           178      1.9999999999999960e+00 
    4935           162     -9.9999999999999822e-01 
    4935           142      9.9999999999999845e-01 
    4935           157     -1.9999999999999969e+00 
    4935           247     -9.9999999999999833e-01 
    4935           159     -9.9999999999999822e-01 
    4936            11      7.0710678118654668e-01 
    4936           103     -1.4142135623730929e+00 
    4936            92      7.0710678118654657e-01 
    4936            77     -7.0710678118654668e-01 
    4936            87      1.4142135623730934e+00 
    4936           227      7.0710678118654657e-01 
    4936           242      7.0710678118654657e-01 
    4936            89      7.0710678118654657e-01 
    4937           222     -9.9999999999999944e-01 
    4938             7      7.0710678118654691e-01 
    4938            61     -1.4142135623730936e+00 
    4938            54      7.0710678118654680e-01 
    4938            43     -7.0710678118654691e-01 
    4938            49      1.4142135623730938e+00 
    4938           208      7.0710678118654657e-01 
    4938           238      7.0710678118654657e-01 
    4938            51      7.0710678118654680e-01 
    4939           203      7.0710678118654657e-01 
    4939           218      7.0710678118654668e-01 
    4940           199     -9.9999999999999933e-01 
    4941             4     -9.9999999999999967e-01 
    4941            28      9.9999999999999967e-01 
    4941            31     -1.9999999999999993e+00 
    4941           190      1.9999999999999973e+00 
    4941           235     -9.9999999999999889e-01 
    4941            40     -9.9999999999999956e-01 
    4941            33     -9.9999999999999956e-01 
    4942           185      1.9999999999999967e+00 
    4942           215     -9.9999999999999867e-01 
    4943           181      1.9999999999999973e+00 
    4943           196     -9.9999999999999867e-01 
    4944            17     -1.4142135623730936e+00 
    4944           144      1.4142135623730936e+00 
    4944           161      1.4142135623730936e+00 
    4944           174     -2.8284271247461872e+00 
    4944           176     -2.8284271247461872e+00 
    4944           248     -1.4142135623730934e+00 
    4945            12      9.9999999999999933e-01 
    4945            79     -9.9999999999999933e-01 
    4945            91     -9.9999999999999933e-01 
    4945            99      1.9999999999999987e+00 
    4945           101      1.9999999999999987e+00 
    4945           228      9.9999999999999933e-01 
    4945           243      9.9999999999999922e-01 
    4946           223     -1.4142135623730943e+00 
    4947             8      9.9999999999999967e-01 
    4947            45     -9.9999999999999967e-01 
    4947            53     -9.9999999999999967e-01 
    4947            57      1.9999999999999993e+00 
    4947            59      1.9999999999999993e+00 
    4947           209      9.9999999999999889e-01 
    4947           239      9.9999999999999922e-01 
    4948           204      9.9999999999999878e-01 
    4948           219      9.9999999999999889e-01 
    4949           200     -1.4142135623730943e+00 
    4950            20      1.0000000000000000e+00 
    4950             0      2.0000000000000004e+00 
    4950            21      1.0000000000000000e+00 
    4950             2      2.0000000000000004e+00 
    4950            23     -2.0000000000000004e+00 
    4950            24      4.0000000000000009e+00 
    4950            26      1.0000000000000000e+00 
    4950             5      9.9999999999999967e-01 
    4950            30     -9.9999999999999967e-01 
    4950            35     -9.9999999999999967e-01 
    4950           156     -9.9999999999999922e-01 
    4950           173     -9.9999999999999922e-01 
    4950           191      9.9999999999999833e-01 
    4950            36      1.9999999999999993e+00 
    4950            38      1.9999999999999993e+00 
    4950           231      1.9999999999999984e+00 
    4950           233      1.9999999999999984e+00 
    4950           236      9.9999999999999889e-01 
    4954           147      1.2247448713915881e+00 
    4956           147      7.0710678118654713e-01 
    4957            82     -9.9999999999999933e-01 
    4959            48      9.9999999999999967e-01 
    4961           144     -9.9999999999999944e-01 
    4962            79      1.4142135623730940e+00 
    4964            45     -9.9999999999999967e-01 
    4967           163      1.4142135623730931e+00 
    4967           148     -1.4142135623730931e+00 
    4968           163      5.0000000000000011e-01 
    4968           148     -5.0000000000000011e-01 
    4970           163     -8.6602540378443726e-01 
    4970           148      8.6602540378443726e-01 
    4971            93      1.2247448713915869e+00 
    4971            83     -1.2247448713915869e+00 
    4974           160     -1.2247448713915867e+00 
    4974           145      1.2247448713915867e+00 
    4976            52      1.2247448713915876e+00 
    4976            46     -1.2247448713915876e+00 
    4980           163      8.6602540378443760e-01 
    4980           148      8.6602540378443760e-01 
    4982           163      4.9999999999999956e-01 
    4982           148      4.9999999999999956e-01 
    4983            93     -7.0710678118654680e-01 
    4983            83     -7.0710678118654680e-01 
    4985            55      1.4142135623730940e+00 
    4987           160     -7.0710678118654691e-01 
    4987           145     -7.0710678118654691e-01 
    4988            90      9.9999999999999900e-01 
    4988            80      9.9999999999999900e-01 
    4990            52     -7.0710678118654713e-01 
    4990            46     -7.0710678118654713e-01 
    4992           149     -1.2247448713915887e+00 
    4994           180     -1.4142135623730936e+00 
    4994           149      7.0710678118654668e-01 
    4995           105      1.9999999999999973e+00 
    4995            84     -9.9999999999999856e-01 
    4997            63     -9.9999999999999922e-01 
    4998            15     -1.2247448713915869e+00 
    4998           158      1.2247448713915867e+00 
    4998           221      1.2247448713915872e+00 
    4998           143     -2.4494897427831734e+00 
    4998           146     -1.2247448713915865e+00 
    4998           155     -1.2247448713915867e+00 
    4998           141     -1.2247448713915865e+00 
    4999           154     -1.2247448713915863e+00 
    4999           217      1.2247448713915867e+00 
    5000             6      1.2247448713915876e+00 
    5000            50     -1.2247448713915876e+00 
    5000            44      2.4494897427831752e+00 
    5000            47      1.2247448713915874e+00 
    5000            42      1.2247448713915874e+00 
    5000           122     -1.2247448713915869e+00 
    5000           132      1.2247448713915874e+00 
    5001           226     -9.9999999999999856e-01 
    5002            15      7.0710678118654668e-01 
    5002           158     -7.0710678118654657e-01 
    5002           177     -1.4142135623730927e+00 
    5002           221      7.0710678118654635e-01 
    5002           143      1.4142135623730931e+00 
    5002           146      7.0710678118654646e-01 
    5002           155      7.0710678118654646e-01 
    5002           141      7.0710678118654646e-01 
    5003            10     -9.9999999999999856e-01 
    5003            88      9.9999999999999856e-01 
    5003           102      1.9999999999999964e+00 
    5003            78     -1.9999999999999971e+00 
    5003            81     -9.9999999999999845e-01 
    5003           136     -9.9999999999999845e-01 
    5003            76     -9.9999999999999845e-01 
    5004           154      7.0710678118654613e-01 
    5004           217      7.0710678118654624e-01 
    5005             6      7.0710678118654680e-01 
    5005            50     -7.0710678118654680e-01 
    5005            60     -1.4142135623730931e+00 
    5005            44      1.4142135623730936e+00 
    5005            47      7.0710678118654668e-01 
    5005            42      7.0710678118654668e-01 
    5005           122      7.0710678118654680e-01 
    5005           132      7.0710678118654668e-01 
    5006           118     -9.9999999999999922e-01 
    5007           153      1.9999999999999964e+00 
    5007           214     -9.9999999999999845e-01 
    5008             3     -9.9999999999999956e-01 
    5008            32      9.9999999999999956e-01 
    5008            29     -1.9999999999999991e+00 
    5008            39     -9.9999999999999933e-01 
    5008            27     -9.9999999999999933e-01 
    5008           109      1.9999999999999978e+00 
    5008           129     -9.9999999999999900e-01 
    5009           105      1.9999999999999971e+00 
    5009           115     -9.9999999999999867e-01 
    5013           164      1.2247448713915881e+00 
    5015           164      7.0710678118654713e-01 
    5016            94     -9.9999999999999933e-01 
    5018            56      9.9999999999999967e-01 
    5020           161     -9.9999999999999944e-01 
    5021            91      1.4142135623730940e+00 
    5023            53     -9.9999999999999967e-01 
    5025           165     -1.2247448713915889e+00 
    5027           181     -1.4142135623730936e+00 
    5027           165      7.0710678118654657e-01 
    5028           106      1.9999999999999978e+00 
    5028            95     -9.9999999999999867e-01 
    5030            64     -9.9999999999999933e-01 
    5031            16     -1.2247448713915869e+00 
    5031           222      1.2247448713915872e+00 
    5031           162     -1.2247448713915867e+00 
    5031           171     -1.2247448713915869e+00 
    5031           142      1.2247448713915867e+00 
    5031           157     -2.4494897427831734e+00 
    5031           159     -1.2247448713915867e+00 
    5032           170     -1.2247448713915863e+00 
    5032           218      1.2247448713915869e+00 
    5033             7      1.2247448713915881e+00 
    5033            54      1.2247448713915876e+00 
    5033            43     -1.2247448713915878e+00 
    5033            49      2.4494897427831757e+00 
    5033            51      1.2247448713915876e+00 
    5033           123     -1.2247448713915872e+00 
    5033           133      1.2247448713915878e+00 
    5034           227     -9.9999999999999878e-01 
    5035            16      7.0710678118654680e-01 
    5035           178     -1.4142135623730929e+00 
    5035           222      7.0710678118654657e-01 
    5035           162      7.0710678118654657e-01 
    5035           171      7.0710678118654657e-01 
    5035           142     -7.0710678118654668e-01 
    5035           157      1.4142135623730934e+00 
    5035           159      7.0710678118654657e-01 
    5036            11     -9.9999999999999878e-01 
    5036           103      1.9999999999999969e+00 
    5036            92     -9.9999999999999856e-01 
    5036            77      9.9999999999999878e-01 
    5036            87     -1.9999999999999976e+00 
    5036           137     -9.9999999999999867e-01 
    5036            89     -9.9999999999999856e-01 
    5037           170      7.0710678118654624e-01 
    5037           218      7.0710678118654635e-01 
    5038             7      7.0710678118654691e-01 
    5038            61     -1.4142135623730936e+00 
    5038            54      7.0710678118654680e-01 
    5038            43     -7.0710678118654691e-01 
    5038            49      1.4142135623730938e+00 
    5038            51      7.0710678118654680e-01 
    5038           123      7.0710678118654691e-01 
    5038           133      7.0710678118654680e-01 
    5039           119     -9.9999999999999956e-01 
    5040           169      1.9999999999999967e+00 
    5040           215     -9.9999999999999867e-01 
    5041             4     -9.9999999999999967e-01 
    5041            28      9.9999999999999967e-01 
    5041            31     -1.9999999999999993e+00 
    5041            40     -9.9999999999999956e-01 
    5041            33     -9.9999999999999956e-01 
    5041           110      1.9999999999999980e+00 
    5041           130     -9.9999999999999922e-01 
    5042           106      1.9999999999999978e+00 
    5042           116     -9.9999999999999889e-01 
    5043           228     -1.4142135623730940e+00 
    5044            17      9.9999999999999933e-01 
    5044           223      9.9999999999999911e-01 
    5044           188      9.9999999999999922e-01 
    5044           144     -9.9999999999999944e-01 
    5044           161     -9.9999999999999944e-01 
    5044           174      1.9999999999999989e+00 
    5044           176      1.9999999999999989e+00 
    5045            12     -1.4142135623730940e+00 
    5045            79      1.4142135623730940e+00 
    5045            91      1.4142135623730940e+00 
    5045            99     -2.8284271247461881e+00 
    5045           101     -2.8284271247461881e+00 
    5045           138     -1.4142135623730938e+00 
    5046           187      9.9999999999999878e-01 
    5046           219      9.9999999999999889e-01 
    5047             8      9.9999999999999967e-01 
    5047            45     -9.9999999999999967e-01 
    5047            53     -9.9999999999999967e-01 
    5047            57      1.9999999999999993e+00 
    5047            59      1.9999999999999993e+00 
    5047           124      9.9999999999999956e-01 
    5047           134      9.9999999999999956e-01 
    5048           120     -1.4142135623730945e+00 
    5049            19      9.9999999999999933e-01 
    5049           151     -9.9999999999999889e-01 
    5049           168     -9.9999999999999889e-01 
    5049           186      9.9999999999999800e-01 
    5049           211      1.9999999999999978e+00 
    5049           213      1.9999999999999978e+00 
    5049           216      9.9999999999999867e-01 
    5050            14      1.0000000000000000e+00 
    5050             0      2.0000000000000004e+00 
    5050            21      1.0000000000000000e+00 
    5050             2      2.0000000000000004e+00 
    5050            23     -2.0000000000000004e+00 
    5050            24      4.0000000000000009e+00 
    5050            26      1.0000000000000000e+00 
    5050             5      9.9999999999999967e-01 
    5050            30     -9.9999999999999967e-01 
    5050            35     -9.9999999999999967e-01 
    5050            36      1.9999999999999993e+00 
    5050            38      1.9999999999999993e+00 
    5050            86     -9.9999999999999956e-01 
    5050            98     -9.9999999999999956e-01 
    5050           111      9.9999999999999889e-01 
    5050           126      1.9999999999999991e+00 
    5050           128      1.9999999999999991e+00 
    5050           131      9.9999999999999922e-01 
    5055           156      1.0000000000000000e+00 
    5056           151     -1.4142135623730945e+00 
    5057            86      1.0000000000000000e+00 
    5058           147     -9.9999999999999900e-01 
    5059            82     -9.9999999999999922e-01 
    5063           144     -9.9999999999999956e-01 
    5064            79     -9.9999999999999978e-01 
    5065            45      1.4142135623730945e+00 
    5067           167     -1.4142135623730925e+00 
    5067           152      1.4142135623730925e+00 
    5068           167      9.9999999999999800e-01 
    5068           152     -9.9999999999999800e-01 
    5072           163     -1.2247448713915865e+00 
    5072           148      1.2247448713915865e+00 
    5073            93     -1.2247448713915867e+00 
    5073            83      1.2247448713915867e+00 
    5075           160     -1.2247448713915872e+00 
    5075           145      1.2247448713915872e+00 
    5076            90     -1.2247448713915874e+00 
    5076            80      1.2247448713915874e+00 
    5081           172      1.4142135623730945e+00 
    5082           167     -9.9999999999999933e-01 
    5082           152     -9.9999999999999933e-01 
    5083            97      1.4142135623730945e+00 
    5084           163     -7.0710678118654657e-01 
    5084           148     -7.0710678118654657e-01 
    5085            93     -7.0710678118654668e-01 
    5085            83     -7.0710678118654668e-01 
    5089           160     -7.0710678118654702e-01 
    5089           145     -7.0710678118654702e-01 
    5090            90     -7.0710678118654713e-01 
    5090            80     -7.0710678118654713e-01 
    5091            52      9.9999999999999933e-01 
    5091            46      9.9999999999999933e-01 
    5092           184      1.2247448713915872e+00 
    5092           153     -1.2247448713915872e+00 
    5093           189     -9.9999999999999956e-01 
    5094           184      7.0710678118654691e-01 
    5094           153      7.0710678118654691e-01 
    5095           109     -9.9999999999999956e-01 
    5096           180     -9.9999999999999822e-01 
    5096           149      1.9999999999999969e+00 
    5097           105     -9.9999999999999867e-01 
    5097            84      1.9999999999999973e+00 
    5098           202      1.2247448713915867e+00 
    5098           154     -1.2247448713915867e+00 
    5099            15     -1.2247448713915872e+00 
    5099           158      1.2247448713915872e+00 
    5099           198      1.2247448713915876e+00 
    5099           143     -2.4494897427831743e+00 
    5099           146     -1.2247448713915869e+00 
    5099           150     -1.2247448713915872e+00 
    5099           141     -1.2247448713915869e+00 
    5100            10     -1.2247448713915874e+00 
    5100            88      1.2247448713915874e+00 
    5100           118      1.2247448713915876e+00 
    5100            78     -2.4494897427831748e+00 
    5100            81     -1.2247448713915872e+00 
    5100            85     -1.2247448713915874e+00 
    5100            76     -1.2247448713915872e+00 
    5101           207     -9.9999999999999889e-01 
    5102           202      7.0710678118654646e-01 
    5102           154      7.0710678118654646e-01 
    5103           122     -9.9999999999999889e-01 
    5104            15      7.0710678118654668e-01 
    5104           158     -7.0710678118654668e-01 
    5104           177     -1.4142135623730929e+00 
    5104           198      7.0710678118654657e-01 
    5104           143      1.4142135623730934e+00 
    5104           146      7.0710678118654657e-01 
    5104           150      7.0710678118654657e-01 
    5104           141      7.0710678118654657e-01 
    5105            10      7.0710678118654691e-01 
    5105            88     -7.0710678118654680e-01 
    5105           102     -1.4142135623730931e+00 
    5105           118      7.0710678118654680e-01 
    5105            78      1.4142135623730936e+00 
    5105            81      7.0710678118654668e-01 
    5105            85      7.0710678118654668e-01 
    5105            76      7.0710678118654668e-01 
    5106             6     -9.9999999999999889e-01 
    5106            50      9.9999999999999889e-01 
    5106            60      1.9999999999999973e+00 
    5106            44     -1.9999999999999978e+00 
    5106            47     -9.9999999999999878e-01 
    5106            72     -9.9999999999999878e-01 
    5106            42     -9.9999999999999878e-01 
    5107           149      1.9999999999999969e+00 
    5107           195     -9.9999999999999856e-01 
    5108            84      1.9999999999999973e+00 
    5108           115     -9.9999999999999878e-01 
    5109             3     -9.9999999999999956e-01 
    5109            32      9.9999999999999956e-01 
    5109            29     -1.9999999999999991e+00 
    5109            39     -9.9999999999999933e-01 
    5109            27     -9.9999999999999933e-01 
    5109            63      1.9999999999999987e+00 
    5109            69     -9.9999999999999933e-01 
    5114           173      1.0000000000000000e+00 
    5115           168     -1.4142135623730945e+00 
    5116            98      1.0000000000000000e+00 
    5117           164     -9.9999999999999900e-01 
    5118            94     -9.9999999999999922e-01 
    5122           161     -9.9999999999999956e-01 
    5123            91     -9.9999999999999978e-01 
    5124            53      1.4142135623730945e+00 
    5125           185      1.2247448713915874e+00 
    5125           169     -1.2247448713915874e+00 
    5126           190     -9.9999999999999967e-01 
    5127           185      7.0710678118654702e-01 
    5127           169      7.0710678118654702e-01 
    5128           110     -9.9999999999999967e-01 
    5129           181     -9.9999999999999867e-01 
    5129           165      1.9999999999999973e+00 
    5130           106     -9.9999999999999878e-01 
    5130            95      1.9999999999999978e+00 
    5131           203      1.2247448713915869e+00 
    5131           170     -1.2247448713915869e+00 
    5132            16     -1.2247448713915874e+00 
    5132           199      1.2247448713915876e+00 
    5132           162     -1.2247448713915872e+00 
    5132           166     -1.2247448713915874e+00 
    5132           142      1.2247448713915874e+00 
    5132           157     -2.4494897427831748e+00 
    5132           159     -1.2247448713915872e+00 
    5133            11     -1.2247448713915878e+00 
    5133           119      1.2247448713915881e+00 
    5133            92     -1.2247448713915874e+00 
    5133            96     -1.2247448713915876e+00 
    5133            77      1.2247448713915876e+00 
    5133            87     -2.4494897427831752e+00 
    5133            89     -1.2247448713915874e+00 
    5134           208     -9.9999999999999900e-01 
    5135           203      7.0710678118654657e-01 
    5135           170      7.0710678118654657e-01 
    5136           123     -9.9999999999999900e-01 
    5137            16      7.0710678118654691e-01 
    5137           178     -1.4142135623730931e+00 
    5137           199      7.0710678118654680e-01 
    5137           162      7.0710678118654668e-01 
    5137           166      7.0710678118654668e-01 
    5137           142     -7.0710678118654680e-01 
    5137           157      1.4142135623730936e+00 
    5137           159      7.0710678118654668e-01 
    5138            11      7.0710678118654702e-01 
    5138           103     -1.4142135623730936e+00 
    5138           119      7.0710678118654668e-01 
    5138            92      7.0710678118654680e-01 
    5138            96      7.0710678118654680e-01 
    5138            77     -7.0710678118654691e-01 
    5138            87      1.4142135623730938e+00 
    5138            89      7.0710678118654680e-01 
    5139             7     -9.9999999999999900e-01 
    5139            61      1.9999999999999973e+00 
    5139            54     -9.9999999999999889e-01 
    5139            43      9.9999999999999900e-01 
    5139            49     -1.9999999999999980e+00 
    5139            73     -9.9999999999999900e-01 
    5139            51     -9.9999999999999889e-01 
    5140           165      1.9999999999999973e+00 
    5140           196     -9.9999999999999867e-01 
    5141            95      1.9999999999999978e+00 
    5141           116     -9.9999999999999889e-01 
    5142             4     -9.9999999999999967e-01 
    5142            28      9.9999999999999967e-01 
    5142            31     -1.9999999999999993e+00 
    5142            40     -9.9999999999999956e-01 
    5142            33     -9.9999999999999956e-01 
    5142            64      1.9999999999999991e+00 
    5142            70     -9.9999999999999956e-01 
    5143           209     -1.4142135623730945e+00 
    5144           204      9.9999999999999933e-01 
    5144           187      9.9999999999999933e-01 
    5145           124     -1.4142135623730945e+00 
    5146            17      9.9999999999999956e-01 
    5146           200      9.9999999999999922e-01 
    5146           183      9.9999999999999933e-01 
    5146           144     -9.9999999999999956e-01 
    5146           161     -9.9999999999999956e-01 
    5146           174      1.9999999999999991e+00 
    5146           176      1.9999999999999991e+00 
    5147            12      9.9999999999999967e-01 
    5147           120      9.9999999999999956e-01 
    5147           108      9.9999999999999956e-01 
    5147            79     -9.9999999999999978e-01 
    5147            91     -9.9999999999999978e-01 
    5147            99      1.9999999999999996e+00 
    5147           101      1.9999999999999996e+00 
    5148             8     -1.4142135623730945e+00 
    5148            45      1.4142135623730945e+00 
    5148            53      1.4142135623730945e+00 
    5148            57     -2.8284271247461890e+00 
    5148            59     -2.8284271247461890e+00 
    5148            74     -1.4142135623730943e+00 
    5149            18      9.9999999999999922e-01 
    5149           147     -9.9999999999999900e-01 
    5149           164     -9.9999999999999900e-01 
    5149           182      9.9999999999999867e-01 
    5149           192      1.9999999999999980e+00 
    5149           194      1.9999999999999980e+00 
    5149           197      9.9999999999999867e-01 
    5150            13      9.9999999999999933e-01 
    5150            82     -9.9999999999999922e-01 
    5150            94     -9.9999999999999922e-01 
    5150           107      9.9999999999999878e-01 
    5150           112      1.9999999999999984e+00 
    5150           114      1.9999999999999984e+00 
    5150           117      9.9999999999999889e-01 
    5151             9      1.0000000000000000e+00 
    5151             0      2.0000000000000004e+00 
    5151            21      1.0000000000000000e+00 
    5151             2      2.0000000000000004e+00 
    5151            23     -2.0000000000000004e+00 
    5151            24      4.0000000000000009e+00 
    5151            26      1.0000000000000000e+00 
    5151             5      9.9999999999999967e-01 
    5151            30     -9.9999999999999967e-01 
    5151            35     -9.9999999999999967e-01 
    5151            36      1.9999999999999993e+00 
    5151            38      1.9999999999999993e+00 
    5151            48     -9.9999999999999978e-01 
    5151            56     -9.9999999999999978e-01 
    5151            65      9.9999999999999956e-01 
    5151            66      1.9999999999999996e+00 
    5151            68      1.9999999999999996e+00 
    5151            71      9.9999999999999956e-01 
    5161           156      1.0000000000000002e+00 
    5162           151     -1.4142135623730947e+00 
    5163            86      1.0000000000000002e+00 
    5164           147     -1.4142135623730945e+00 
    5165            82     -1.4142135623730947e+00 
    5166            48      1.0000000000000002e+00 
    5175           167     -1.7320508075688756e+00 
    5175           152      1.7320508075688756e+00 
    5176           163     -1.7320508075688750e+00 
    5176           148      1.7320508075688750e+00 
    5177            93     -1.7320508075688752e+00 
    5177            83      1.7320508075688752e+00 
    5187           172      1.4142135623730949e+00 
    5188           167     -9.9999999999999956e-01 
    5188           152     -9.9999999999999956e-01 
    5189            97      1.4142135623730949e+00 
    5190           163     -9.9999999999999933e-01 
    5190           148     -9.9999999999999933e-01 
    5191            93     -9.9999999999999956e-01 
    5191            83     -9.9999999999999956e-01 
    5192            55      1.4142135623730949e+00 
    5199           184     -1.7320508075688750e+00 
    5199           153      1.7320508075688750e+00 
    5200           180     -1.7320508075688741e+00 
    5200           149      1.7320508075688741e+00 
    5201           105     -1.7320508075688745e+00 
    5201            84      1.7320508075688745e+00 
    5202           189      1.4142135623730945e+00 
    5203           184     -9.9999999999999933e-01 
    5203           153     -9.9999999999999933e-01 
    5204           109      1.4142135623730945e+00 
    5205           180     -9.9999999999999911e-01 
    5205           149     -9.9999999999999911e-01 
    5206           105     -9.9999999999999933e-01 
    5206            84     -9.9999999999999933e-01 
    5207            63      1.4142135623730945e+00 
    5208            15     -1.4142135623730936e+00 
    5208           158      1.4142135623730938e+00 
    5208           177      1.4142135623730938e+00 
    5208           143     -2.8284271247461876e+00 
    5208           146     -2.8284271247461876e+00 
    5208           141     -1.4142135623730936e+00 
    5209            10     -1.4142135623730938e+00 
    5209            88      1.4142135623730940e+00 
    5209           102      1.4142135623730940e+00 
    5209            78     -2.8284271247461881e+00 
    5209            81     -2.8284271247461881e+00 
    5209            76     -1.4142135623730938e+00 
    5210             6     -1.4142135623730943e+00 
    5210            50      1.4142135623730943e+00 
    5210            60      1.4142135623730943e+00 
    5210            44     -2.8284271247461885e+00 
    5210            47     -2.8284271247461885e+00 
    5210            42     -1.4142135623730940e+00 
    5220           173      1.0000000000000002e+00 
    5221           168     -1.4142135623730947e+00 
    5222            98      1.0000000000000002e+00 
    5223           164     -1.4142135623730945e+00 
    5224            94     -1.4142135623730947e+00 
    5225            56      1.0000000000000002e+00 
    5232           185     -1.7320508075688752e+00 
    5232           169      1.7320508075688752e+00 
    5233           181     -1.7320508075688745e+00 
    5233           165      1.7320508075688745e+00 
    5234           106     -1.7320508075688750e+00 
    5234            95      1.7320508075688750e+00 
    5235           190      1.4142135623730949e+00 
    5236           185     -9.9999999999999956e-01 
    5236           169     -9.9999999999999956e-01 
    5237           110      1.4142135623730949e+00 
    5238           181     -9.9999999999999933e-01 
    5238           165     -9.9999999999999933e-01 
    5239           106     -9.9999999999999956e-01 
    5239            95     -9.9999999999999956e-01 
    5240            64      1.4142135623730949e+00 
    5241            16     -1.4142135623730938e+00 
    5241           178      1.4142135623730940e+00 
    5241           162     -2.8284271247461881e+00 
    5241           142      1.4142135623730940e+00 
    5241           157     -2.8284271247461881e+00 
    5241           159     -1.4142135623730938e+00 
    5242            11     -1.4142135623730943e+00 
    5242           103      1.4142135623730943e+00 
    5242            92     -2.8284271247461885e+00 
    5242            77      1.4142135623730943e+00 
    5242            87     -2.8284271247461885e+00 
    5242            89     -1.4142135623730940e+00 
    5243             7     -1.4142135623730945e+00 
    5243            61      1.4142135623730945e+00 
    5243            54     -2.8284271247461890e+00 
    5243            43      1.4142135623730945e+00 
    5243            49     -2.8284271247461890e+00 
    5243            51     -1.4142135623730943e+00 
    5244           191      1.0000000000000002e+00 
    5245           186     -1.4142135623730947e+00 
    5246           111      1.0000000000000002e+00 
    5247           182     -1.4142135623730945e+00 
    5248           107     -1.4142135623730947e+00 
    5249            65      1.0000000000000002e+00 
    5250            17     -1.4142135623730943e+00 
    5250           144      1.4142135623730943e+00 
    5250           161      1.4142135623730943e+00 
    5250           174     -2.8284271247461885e+00 
    5250           176     -2.8284271247461885e+00 
    5250           179     -1.4142135623730940e+00 
    5251            12     -1.4142135623730945e+00 
    5251            79      1.4142135623730945e+00 
    5251            91      1.4142135623730945e+00 
    5251            99     -2.8284271247461890e+00 
    5251           101     -2.8284271247461890e+00 
    5251           104     -1.4142135623730943e+00 
    5252             8     -1.4142135623730949e+00 
    5252            45      1.4142135623730947e+00 
    5252            53      1.4142135623730947e+00 
    5252            57     -2.8284271247461894e+00 
    5252            59     -2.8284271247461894e+00 
    5252            62     -1.4142135623730945e+00 
    5253             0      2.0000000000000004e+00 
    5253            21      1.0000000000000000e+00 
    5253             2      2.0000000000000004e+00 
    5253            23     -2.0000000000000004e+00 
    5253            24      4.0000000000000009e+00 
    5253            26      1.0000000000000000e+00 
    5253             5      2.0000000000000004e+00 
    5253            30     -2.0000000000000004e+00 
    5253            35     -2.0000000000000004e+00 
    5253            36      4.0000000000000009e+00 
    5253            38      4.0000000000000009e+00 
    5253            41      1.0000000000000000e+00 
