 CSF List 
["u", "e", "e", "u", "f", "f"]
["u", "e", "e", "f", "u", "f"]
["u", "e", "e", "f", "f", "u"]
["u", "e", "u", "e", "f", "f"]
["u", "e", "u", "u", "d", "f"]
["u", "e", "u", "u", "f", "d"]
["u", "e", "u", "d", "u", "f"]
["u", "e", "u", "d", "f", "u"]
["u", "e", "u", "f", "e", "f"]
["u", "e", "u", "f", "u", "d"]
["u", "e", "u", "f", "d", "u"]
["u", "e", "u", "f", "f", "e"]
["u", "e", "d", "u", "u", "f"]
["u", "e", "d", "u", "f", "u"]
["u", "e", "d", "f", "u", "u"]
["u", "e", "f", "e", "u", "f"]
["u", "e", "f", "e", "f", "u"]
["u", "e", "f", "u", "e", "f"]
["u", "e", "f", "u", "u", "d"]
["u", "e", "f", "u", "d", "u"]
["u", "e", "f", "u", "f", "e"]
["u", "e", "f", "d", "u", "u"]
["u", "e", "f", "f", "e", "u"]
["u", "e", "f", "f", "u", "e"]
["u", "u", "e", "e", "f", "f"]
["u", "u", "e", "u", "d", "f"]
["u", "u", "e", "u", "f", "d"]
["u", "u", "e", "d", "u", "f"]
["u", "u", "e", "d", "f", "u"]
["u", "u", "e", "f", "e", "f"]
["u", "u", "e", "f", "u", "d"]
["u", "u", "e", "f", "d", "u"]
["u", "u", "e", "f", "f", "e"]
["u", "u", "u", "e", "d", "f"]
["u", "u", "u", "e", "f", "d"]
["u", "u", "u", "u", "d", "d"]
["u", "u", "u", "d", "e", "f"]
["u", "u", "u", "d", "u", "d"]
["u", "u", "u", "d", "d", "u"]
["u", "u", "u", "d", "f", "e"]
["u", "u", "u", "f", "e", "d"]
["u", "u", "u", "f", "d", "e"]
["u", "u", "d", "e", "u", "f"]
["u", "u", "d", "e", "f", "u"]
["u", "u", "d", "u", "e", "f"]
["u", "u", "d", "u", "u", "d"]
["u", "u", "d", "u", "d", "u"]
["u", "u", "d", "u", "f", "e"]
["u", "u", "d", "d", "u", "u"]
["u", "u", "d", "f", "e", "u"]
["u", "u", "d", "f", "u", "e"]
["u", "u", "f", "e", "e", "f"]
["u", "u", "f", "e", "u", "d"]
["u", "u", "f", "e", "d", "u"]
["u", "u", "f", "e", "f", "e"]
["u", "u", "f", "u", "e", "d"]
["u", "u", "f", "u", "d", "e"]
["u", "u", "f", "d", "e", "u"]
["u", "u", "f", "d", "u", "e"]
["u", "u", "f", "f", "e", "e"]
["u", "d", "e", "u", "u", "f"]
["u", "d", "e", "u", "f", "u"]
["u", "d", "e", "f", "u", "u"]
["u", "d", "u", "e", "u", "f"]
["u", "d", "u", "e", "f", "u"]
["u", "d", "u", "u", "e", "f"]
["u", "d", "u", "u", "u", "d"]
["u", "d", "u", "u", "d", "u"]
["u", "d", "u", "u", "f", "e"]
["u", "d", "u", "d", "u", "u"]
["u", "d", "u", "f", "e", "u"]
["u", "d", "u", "f", "u", "e"]
["u", "d", "f", "e", "u", "u"]
["u", "d", "f", "u", "e", "u"]
["u", "d", "f", "u", "u", "e"]
["u", "f", "e", "e", "u", "f"]
["u", "f", "e", "e", "f", "u"]
["u", "f", "e", "u", "e", "f"]
["u", "f", "e", "u", "u", "d"]
["u", "f", "e", "u", "d", "u"]
["u", "f", "e", "u", "f", "e"]
["u", "f", "e", "d", "u", "u"]
["u", "f", "e", "f", "e", "u"]
["u", "f", "e", "f", "u", "e"]
["u", "f", "u", "e", "e", "f"]
["u", "f", "u", "e", "u", "d"]
["u", "f", "u", "e", "d", "u"]
["u", "f", "u", "e", "f", "e"]
["u", "f", "u", "u", "e", "d"]
["u", "f", "u", "u", "d", "e"]
["u", "f", "u", "d", "e", "u"]
["u", "f", "u", "d", "u", "e"]
["u", "f", "u", "f", "e", "e"]
["u", "f", "d", "e", "u", "u"]
["u", "f", "d", "u", "e", "u"]
["u", "f", "d", "u", "u", "e"]
["u", "f", "f", "e", "e", "u"]
["u", "f", "f", "e", "u", "e"]
["u", "f", "f", "u", "e", "e"]
["f", "e", "e", "u", "u", "f"]
["f", "e", "e", "u", "f", "u"]
["f", "e", "e", "f", "u", "u"]
["f", "e", "u", "e", "u", "f"]
["f", "e", "u", "e", "f", "u"]
["f", "e", "u", "u", "e", "f"]
["f", "e", "u", "u", "u", "d"]
["f", "e", "u", "u", "d", "u"]
["f", "e", "u", "u", "f", "e"]
["f", "e", "u", "d", "u", "u"]
["f", "e", "u", "f", "e", "u"]
["f", "e", "u", "f", "u", "e"]
["f", "e", "f", "e", "u", "u"]
["f", "e", "f", "u", "e", "u"]
["f", "e", "f", "u", "u", "e"]
["f", "u", "e", "e", "u", "f"]
["f", "u", "e", "e", "f", "u"]
["f", "u", "e", "u", "e", "f"]
["f", "u", "e", "u", "u", "d"]
["f", "u", "e", "u", "d", "u"]
["f", "u", "e", "u", "f", "e"]
["f", "u", "e", "d", "u", "u"]
["f", "u", "e", "f", "e", "u"]
["f", "u", "e", "f", "u", "e"]
["f", "u", "u", "e", "e", "f"]
["f", "u", "u", "e", "u", "d"]
["f", "u", "u", "e", "d", "u"]
["f", "u", "u", "e", "f", "e"]
["f", "u", "u", "u", "e", "d"]
["f", "u", "u", "u", "d", "e"]
["f", "u", "u", "d", "e", "u"]
["f", "u", "u", "d", "u", "e"]
["f", "u", "u", "f", "e", "e"]
["f", "u", "d", "e", "u", "u"]
["f", "u", "d", "u", "e", "u"]
["f", "u", "d", "u", "u", "e"]
["f", "u", "f", "e", "e", "u"]
["f", "u", "f", "e", "u", "e"]
["f", "u", "f", "u", "e", "e"]
["f", "f", "e", "e", "u", "u"]
["f", "f", "e", "u", "e", "u"]
["f", "f", "e", "u", "u", "e"]
["f", "f", "u", "e", "e", "u"]
["f", "f", "u", "e", "u", "e"]
["f", "f", "u", "u", "e", "e"]
 Energy Expression 
      IJ       pqrs     Coef 
       1             0      9.9999999999999967e-01 
       1             9      1.0000000000000000e+00 
       1            14      2.0000000000000013e+00 
       1            20      2.0000000000000013e+00 
       2            13     -9.9999999999999967e-01 
       3             0      9.9999999999999967e-01 
       3            20      2.0000000000000013e+00 
       3             9      1.9999999999999996e+00 
       3            14      1.0000000000000000e+00 
       4            18     -9.9999999999999900e-01 
       5            19     -9.9999999999999967e-01 
       6             0      9.9999999999999967e-01 
       6             9      1.9999999999999996e+00 
       6            14      1.9999999999999996e+00 
       6            20      1.0000000000000000e+00 
       7             8      9.9999999999999956e-01 
      10             0      9.9999999999999967e-01 
      10            14      2.0000000000000013e+00 
      10            20      2.0000000000000013e+00 
      10             5      1.0000000000000000e+00 
      11            12      1.1547005383792515e+00 
      14            13     -1.1547005383792517e+00 
      15             0      9.9999999999999967e-01 
      15            20      2.0000000000000013e+00 
      15             5      1.0000000000000000e+00 
      15             9      1.0000000000000000e+00 
      15            14      1.0000000000000002e+00 
      16            17      1.1547005383792512e+00 
      19            18     -1.1547005383792515e+00 
      20            19     -1.0000000000000002e+00 
      21             0      9.9999999999999967e-01 
      21             5      1.0000000000000000e+00 
      21             9      1.0000000000000000e+00 
      21            14      2.0000000000000004e+00 
      21            20      1.0000000000000002e+00 
      22            12      4.0824829046386280e-01 
      23             8     -1.2247448713915876e+00 
      25            13      8.1649658092772592e-01 
      28             0      9.9999999999999967e-01 
      28            20      2.0000000000000013e+00 
      28            14      1.0000000000000000e+00 
      28             5      1.0000000000000000e+00 
      28             9      9.9999999999999956e-01 
      29            17      4.0824829046386257e-01 
      31             8     -1.2247448713915876e+00 
      32            18      8.1649658092772537e-01 
      35            19     -9.9999999999999967e-01 
      36             0      9.9999999999999967e-01 
      36            14      1.9999999999999996e+00 
      36            20      1.0000000000000000e+00 
      36             5      1.0000000000000000e+00 
      36             9      9.9999999999999956e-01 
      38            12      9.9999999999999933e-01 
      41            13     -1.1547005383792521e+00 
      43            13      8.1649658092772570e-01 
      45             0      9.9999999999999967e-01 
      45            20      2.0000000000000013e+00 
      45             5      1.0000000000000000e+00 
      45             9      2.0000000000000013e+00 
      47            17      1.1547005383792512e+00 
      50            18     -3.3333333333333359e-01 
      51            13     -1.0000000000000002e+00 
      52            18      9.4280904158206336e-01 
      54            19     -1.1547005383792517e+00 
      55             0      9.9999999999999967e-01 
      55             5      1.0000000000000000e+00 
      55            20      1.0000000000000002e+00 
      55             9      2.0000000000000013e+00 
      55            14      1.0000000000000000e+00 
      57            17      4.0824829046386268e-01 
      58            12     -1.2247448713915874e+00 
      60            18      9.4280904158206358e-01 
      62            18      3.3333333333333320e-01 
      63            13     -9.9999999999999889e-01 
      64            19      8.1649658092772592e-01 
      66             0      9.9999999999999967e-01 
      66            20      1.0000000000000000e+00 
      66             5      1.0000000000000000e+00 
      66             9      2.0000000000000013e+00 
      66            14      9.9999999999999956e-01 
      69            17      9.9999999999999922e-01 
      72            18     -1.1547005383792521e+00 
      74            18      8.1649658092772570e-01 
      76            19     -1.1547005383792521e+00 
      77            19      8.1649658092772570e-01 
      78             0      9.9999999999999967e-01 
      78             5      1.0000000000000000e+00 
      78             9      2.0000000000000013e+00 
      78            14      2.0000000000000013e+00 
      79            12     -7.0710678118654668e-01 
      80             8      7.0710678118654702e-01 
      91             0      9.9999999999999967e-01 
      91            20      2.0000000000000013e+00 
      91            14      1.0000000000000000e+00 
      91             5      1.0000000000000000e+00 
      91             9      9.9999999999999967e-01 
      92            17     -7.0710678118654624e-01 
      94             8      7.0710678118654702e-01 
     104            19     -9.9999999999999967e-01 
     105             0      9.9999999999999967e-01 
     105            14      1.9999999999999996e+00 
     105            20      1.0000000000000000e+00 
     105             5      1.0000000000000000e+00 
     105             9      9.9999999999999967e-01 
     107            17     -7.0710678118654657e-01 
     108            12      7.0710678118654691e-01 
     118            18      9.9999999999999922e-01 
     119            13     -9.9999999999999967e-01 
     120             0      9.9999999999999967e-01 
     120            20      1.0000000000000000e+00 
     120             5      1.0000000000000000e+00 
     120             9      2.0000000000000004e+00 
     120            14      9.9999999999999967e-01 
     124            12     -9.9999999999999900e-01 
     127             8     -1.2247448713915883e+00 
     133             8      7.0710678118654713e-01 
     136             0      9.9999999999999967e-01 
     136            20      2.0000000000000013e+00 
     136            14      1.0000000000000000e+00 
     136             5      1.9999999999999996e+00 
     140            17     -9.9999999999999856e-01 
     144             8     -1.2247448713915883e+00 
     150             8      7.0710678118654713e-01 
     152            19     -9.9999999999999967e-01 
     153             0      9.9999999999999967e-01 
     153            14      1.9999999999999996e+00 
     153            20      1.0000000000000000e+00 
     153             5      1.9999999999999996e+00 
     158            12      1.1547005383792524e+00 
     160            12      4.0824829046386307e-01 
     162             8     -9.9999999999999967e-01 
     166            12     -7.0710678118654713e-01 
     169            13      9.9999999999999956e-01 
     171             0      9.9999999999999967e-01 
     171            20      2.0000000000000013e+00 
     171             5      1.9999999999999996e+00 
     171             9      1.0000000000000000e+00 
     176            17      3.3333333333333365e-01 
     177            12      1.0000000000000002e+00 
     178            17      4.7140452079103201e-01 
     181             8     -9.9999999999999967e-01 
     184            17     -8.1649658092772592e-01 
     187            18      1.1547005383792515e+00 
     189            19     -1.1547005383792517e+00 
     190             0      9.9999999999999967e-01 
     190            20      1.0000000000000002e+00 
     190            14      1.0000000000000000e+00 
     190             5      1.9999999999999996e+00 
     190             9      1.0000000000000000e+00 
     195            17     -9.4280904158206369e-01 
     197            17      1.6666666666666669e-01 
     198            12     -4.9999999999999978e-01 
     201             8     -9.9999999999999967e-01 
     203            17     -2.8867513459481270e-01 
     204            12      8.6602540378443771e-01 
     206            18      4.0824829046386280e-01 
     207            13     -1.2247448713915876e+00 
     208            19      8.1649658092772592e-01 
     210             0      9.9999999999999967e-01 
     210            20      1.0000000000000000e+00 
     210            14      9.9999999999999956e-01 
     210             5      1.9999999999999996e+00 
     210             9      1.0000000000000000e+00 
     216            17      1.1547005383792524e+00 
     218            17      4.0824829046386302e-01 
     222             8     -9.9999999999999967e-01 
     224            17     -7.0710678118654713e-01 
     227            18      9.9999999999999933e-01 
     229            19     -1.1547005383792521e+00 
     230            19      8.1649658092772570e-01 
     231             0      9.9999999999999967e-01 
     231            14      2.0000000000000013e+00 
     231             5      1.9999999999999996e+00 
     231             9      1.0000000000000000e+00 
     238            17     -8.6602540378443749e-01 
     239            12      8.6602540378443782e-01 
     244            17     -4.9999999999999950e-01 
     245            12      4.9999999999999978e-01 
     246             8     -9.9999999999999956e-01 
     247            18     -7.0710678118654668e-01 
     248            13      7.0710678118654702e-01 
     253             0      9.9999999999999967e-01 
     253            20      1.0000000000000000e+00 
     253            14      9.9999999999999967e-01 
     253             5      1.9999999999999996e+00 
     253             9      1.0000000000000000e+00 
     262            17     -9.9999999999999856e-01 
     264            12     -1.2247448713915876e+00 
     268            12      7.0710678118654691e-01 
     271            18     -9.9999999999999900e-01 
     273            13     -1.2247448713915883e+00 
     275            13      7.0710678118654713e-01 
     276             0      9.9999999999999967e-01 
     276            20      1.0000000000000000e+00 
     276             5      1.9999999999999996e+00 
     276             9      1.9999999999999996e+00 
     286            17      1.1547005383792517e+00 
     287            17      4.0824829046386285e-01 
     288            12     -9.9999999999999900e-01 
     291            17     -7.0710678118654702e-01 
     295            18      1.1547005383792524e+00 
     296            18      4.0824829046386307e-01 
     297            13     -9.9999999999999967e-01 
     298            18     -7.0710678118654713e-01 
     299            19      9.9999999999999956e-01 
     300             0      9.9999999999999967e-01 
     300             5      1.9999999999999996e+00 
     300             9      1.9999999999999996e+00 
     300            14      1.0000000000000000e+00 
     301             7      9.9999999999999933e-01 
     304             4      9.9999999999999956e-01 
     325             0      9.9999999999999967e-01 
     325            14      2.0000000000000013e+00 
     325            20      2.0000000000000013e+00 
     325             2      1.0000000000000000e+00 
     326            11      1.1547005383792512e+00 
     330             4      9.9999999999999956e-01 
     350            13     -1.1547005383792517e+00 
     351             0      9.9999999999999967e-01 
     351            20      2.0000000000000013e+00 
     351             9      1.0000000000000000e+00 
     351            14      1.0000000000000002e+00 
     351             2      1.0000000000000000e+00 
     352            16      1.1547005383792510e+00 
     357             4      9.9999999999999956e-01 
     376            18     -1.1547005383792515e+00 
     377            19     -1.0000000000000002e+00 
     378             0      9.9999999999999967e-01 
     378             9      1.0000000000000000e+00 
     378            14      2.0000000000000004e+00 
     378            20      1.0000000000000002e+00 
     378             2      1.0000000000000000e+00 
     379            11      4.0824829046386268e-01 
     380             7     -1.2247448713915874e+00 
     385             4      9.9999999999999956e-01 
     403            13      8.1649658092772592e-01 
     406             0      9.9999999999999967e-01 
     406            20      2.0000000000000013e+00 
     406            14      1.0000000000000000e+00 
     406             9      9.9999999999999956e-01 
     406             2      1.0000000000000000e+00 
     407            16      4.0824829046386246e-01 
     409             7     -1.2247448713915874e+00 
     414             4      9.9999999999999956e-01 
     431            18      8.1649658092772537e-01 
     434            19     -9.9999999999999967e-01 
     435             0      9.9999999999999967e-01 
     435            14      1.9999999999999996e+00 
     435            20      1.0000000000000000e+00 
     435             9      9.9999999999999956e-01 
     435             2      1.0000000000000000e+00 
     437            11      9.9999999999999922e-01 
     444             4      9.9999999999999956e-01 
     461            13     -1.1547005383792521e+00 
     463            13      8.1649658092772570e-01 
     465             0      9.9999999999999967e-01 
     465            20      2.0000000000000013e+00 
     465             9      2.0000000000000013e+00 
     465             2      1.0000000000000000e+00 
     467            16      1.1547005383792512e+00 
     475             4      9.9999999999999956e-01 
     491            18     -3.3333333333333359e-01 
     492            13     -1.0000000000000002e+00 
     493            18      9.4280904158206336e-01 
     495            19     -1.1547005383792517e+00 
     496             0      9.9999999999999967e-01 
     496            20      1.0000000000000002e+00 
     496             9      2.0000000000000013e+00 
     496            14      1.0000000000000000e+00 
     496             2      1.0000000000000000e+00 
     498            16      4.0824829046386263e-01 
     499            11     -1.2247448713915872e+00 
     507             4      9.9999999999999956e-01 
     522            18      9.4280904158206358e-01 
     524            18      3.3333333333333320e-01 
     525            13     -9.9999999999999889e-01 
     526            19      8.1649658092772592e-01 
     528             0      9.9999999999999967e-01 
     528            20      1.0000000000000000e+00 
     528             9      2.0000000000000013e+00 
     528            14      9.9999999999999956e-01 
     528             2      1.0000000000000000e+00 
     531            16      9.9999999999999900e-01 
     540             4      9.9999999999999956e-01 
     555            18     -1.1547005383792521e+00 
     557            18      8.1649658092772570e-01 
     559            19     -1.1547005383792521e+00 
     560            19      8.1649658092772570e-01 
     561             0      9.9999999999999967e-01 
     561             9      2.0000000000000013e+00 
     561            14      2.0000000000000013e+00 
     561             2      1.0000000000000000e+00 
     565            11      1.1547005383792512e+00 
     566             7     -9.9999999999999967e-01 
     586            12     -1.1547005383792515e+00 
     587             8      1.0000000000000000e+00 
     595             0      9.9999999999999967e-01 
     595            20      2.0000000000000013e+00 
     595            14      1.0000000000000002e+00 
     595             2      1.0000000000000000e+00 
     595             5      1.0000000000000000e+00 
     599            16      1.1547005383792510e+00 
     601             7     -9.9999999999999967e-01 
     620            17     -1.1547005383792512e+00 
     622             8      1.0000000000000000e+00 
     629            19     -1.0000000000000002e+00 
     630             0      9.9999999999999967e-01 
     630            14      2.0000000000000004e+00 
     630            20      1.0000000000000002e+00 
     630             2      1.0000000000000000e+00 
     630             5      1.0000000000000000e+00 
     635            16      1.1180339887498953e+00 
     636            11     -1.1180339887498953e+00 
     656            17     -1.1180339887498956e+00 
     657            12      1.1180339887498956e+00 
     664            18      1.1180339887498949e+00 
     665            13     -1.1180339887498949e+00 
     666             0      9.9999999999999967e-01 
     666            20      1.0000000000000002e+00 
     666             2      1.0000000000000000e+00 
     666             5      1.0000000000000000e+00 
     666             9      1.0000000000000002e+00 
     666            14      1.0000000000000000e+00 
     671            11     -3.3333333333333354e-01 
     673            11      9.4280904158206369e-01 
     675             7      1.1547005383792515e+00 
     692            12      3.3333333333333359e-01 
     694            12     -9.4280904158206380e-01 
     696             8     -1.1547005383792517e+00 
     700            13      1.0000000000000002e+00 
     703             0      9.9999999999999967e-01 
     703            20      2.0000000000000013e+00 
     703             2      1.0000000000000000e+00 
     703             5      1.0000000000000000e+00 
     703             9      1.0000000000000002e+00 
     708            16     -9.6225044864937714e-02 
     709            11     -2.8867513459481292e-01 
     710            16      1.0886621079036354e+00 
     713             7      1.1547005383792515e+00 
     729            17      9.6225044864937728e-02 
     730            12      2.8867513459481303e-01 
     731            17     -1.0886621079036358e+00 
     734             8     -1.1547005383792517e+00 
     737            18      2.8867513459481303e-01 
     738            13      8.6602540378443849e-01 
     740            19     -1.1547005383792517e+00 
     741             0      9.9999999999999967e-01 
     741            20      1.0000000000000002e+00 
     741            14      1.0000000000000000e+00 
     741             2      1.0000000000000000e+00 
     741             5      1.0000000000000000e+00 
     741             9      1.0000000000000002e+00 
     746            16      2.7216552697590873e-01 
     748            16      3.8490017945975064e-01 
     749            11     -1.1547005383792512e+00 
     752             7      1.1547005383792515e+00 
     767            17     -2.7216552697590879e-01 
     769            17     -3.8490017945975069e-01 
     770            12      1.1547005383792512e+00 
     773             8     -1.1547005383792517e+00 
     775            18     -8.1649658092772592e-01 
     778            19      8.1649658092772592e-01 
     780             0      9.9999999999999967e-01 
     780            20      1.0000000000000000e+00 
     780            14      9.9999999999999956e-01 
     780             2      1.0000000000000000e+00 
     780             5      1.0000000000000000e+00 
     780             9      1.0000000000000002e+00 
     786            16     -3.3333333333333354e-01 
     788            16      9.4280904158206358e-01 
     792             7      1.1547005383792515e+00 
     807            17      3.3333333333333359e-01 
     809            17     -9.4280904158206369e-01 
     813             8     -1.1547005383792517e+00 
     815            18      1.0000000000000002e+00 
     818            19     -1.1547005383792521e+00 
     819            19      8.1649658092772570e-01 
     820             0      9.9999999999999967e-01 
     820            14      2.0000000000000013e+00 
     820             2      1.0000000000000000e+00 
     820             5      1.0000000000000000e+00 
     820             9      1.0000000000000002e+00 
     829            16      1.1547005383792510e+00 
     830            11     -9.9999999999999956e-01 
     850            17     -1.1547005383792512e+00 
     851            12      9.9999999999999967e-01 
     856            13     -1.1180339887498951e+00 
     857            18     -1.0000000000000002e+00 
     858            13      8.6602540378443882e-01 
     861             0      9.9999999999999967e-01 
     861            20      1.0000000000000002e+00 
     861             2      1.0000000000000000e+00 
     861             5      1.0000000000000000e+00 
     861             9      2.0000000000000004e+00 
     871            16     -3.3333333333333348e-01 
     872            16      9.4280904158206358e-01 
     873            11      1.1547005383792512e+00 
     892            17      3.3333333333333354e-01 
     893            17     -9.4280904158206369e-01 
     894            12     -1.1547005383792515e+00 
     897            18      1.1180339887498956e+00 
     899            18      2.8867513459481320e-01 
     900            18     -8.1649658092772670e-01 
     901            13     -1.0000000000000002e+00 
     902            19      1.0000000000000002e+00 
     903             0      9.9999999999999967e-01 
     903             2      1.0000000000000000e+00 
     903             5      1.0000000000000000e+00 
     903             9      2.0000000000000004e+00 
     903            14      1.0000000000000002e+00 
     907            11      4.0824829046386257e-01 
     910             7      4.9999999999999961e-01 
     916             7     -8.6602540378443749e-01 
     919             4     -1.2247448713915876e+00 
     928            12      8.1649658092772537e-01 
     931             8      9.9999999999999967e-01 
     946             0      9.9999999999999967e-01 
     946            20      2.0000000000000013e+00 
     946            14      1.0000000000000000e+00 
     946             2      1.0000000000000000e+00 
     946             5      9.9999999999999956e-01 
     950            16      4.0824829046386230e-01 
     954             7      4.9999999999999961e-01 
     960             7     -8.6602540378443749e-01 
     963             4     -1.2247448713915876e+00 
     971            17      8.1649658092772492e-01 
     975             8      9.9999999999999967e-01 
     989            19     -9.9999999999999967e-01 
     990             0      9.9999999999999967e-01 
     990            14      1.9999999999999996e+00 
     990            20      1.0000000000000000e+00 
     990             2      1.0000000000000000e+00 
     990             5      9.9999999999999956e-01 
     995            11     -4.7140452079103190e-01 
     997            11     -1.6666666666666669e-01 
     999             7      4.0824829046386280e-01 
    1003            11      8.6602540378443771e-01 
    1008             4     -1.2247448713915876e+00 
    1016            12     -9.4280904158206413e-01 
    1018            12     -3.3333333333333354e-01 
    1020             8      8.1649658092772592e-01 
    1033            13      9.9999999999999956e-01 
    1035             0      9.9999999999999967e-01 
    1035            20      2.0000000000000013e+00 
    1035             9      1.0000000000000000e+00 
    1035             2      1.0000000000000000e+00 
    1035             5      9.9999999999999956e-01 
    1040            16     -1.3608276348795442e-01 
    1041            11     -4.0824829046386307e-01 
    1042            16     -1.9245008972987535e-01 
    1045             7      4.0824829046386280e-01 
    1048            16      9.9999999999999922e-01 
    1054             4     -1.2247448713915876e+00 
    1061            17     -2.7216552697590896e-01 
    1062            12     -8.1649658092772648e-01 
    1063            17     -3.8490017945975086e-01 
    1066             8      8.1649658092772592e-01 
    1078            18      1.1547005383792515e+00 
    1080            19     -1.1547005383792517e+00 
    1081             0      9.9999999999999967e-01 
    1081            20      1.0000000000000002e+00 
    1081            14      1.0000000000000000e+00 
    1081             9      1.0000000000000000e+00 
    1081             2      1.0000000000000000e+00 
    1081             5      9.9999999999999956e-01 
    1086            16      3.8490017945975052e-01 
    1088            16     -6.8041381743977170e-02 
    1089            11      2.0412414523193140e-01 
    1092             7      4.0824829046386280e-01 
    1094            16      3.5355339059327334e-01 
    1095            11     -1.0606601717798194e+00 
    1101             4     -1.2247448713915876e+00 
    1107            17      7.6980035891950149e-01 
    1109            17     -1.3608276348795439e-01 
    1110            12      4.0824829046386296e-01 
    1113             8      8.1649658092772592e-01 
    1124            18      4.0824829046386280e-01 
    1125            13     -1.2247448713915876e+00 
    1126            19      8.1649658092772592e-01 
    1128             0      9.9999999999999967e-01 
    1128            20      1.0000000000000000e+00 
    1128            14      9.9999999999999956e-01 
    1128             9      1.0000000000000000e+00 
    1128             2      1.0000000000000000e+00 
    1128             5      9.9999999999999956e-01 
    1134            16     -4.7140452079103190e-01 
    1136            16     -1.6666666666666666e-01 
    1140             7      4.0824829046386280e-01 
    1142            16      8.6602540378443749e-01 
    1149             4     -1.2247448713915876e+00 
    1155            17     -9.4280904158206413e-01 
    1157            17     -3.3333333333333343e-01 
    1161             8      8.1649658092772592e-01 
    1172            18      9.9999999999999933e-01 
    1174            19     -1.1547005383792521e+00 
    1175            19      8.1649658092772570e-01 
    1176             0      9.9999999999999967e-01 
    1176            14      2.0000000000000013e+00 
    1176             9      1.0000000000000000e+00 
    1176             2      1.0000000000000000e+00 
    1176             5      9.9999999999999956e-01 
    1183            16      3.5355339059327323e-01 
    1184            11     -3.5355339059327340e-01 
    1189            16      6.1237243569579347e-01 
    1190            11     -6.1237243569579369e-01 
    1191             7      1.2247448713915874e+00 
    1198             4     -1.2247448713915876e+00 
    1204            17      7.0710678118654680e-01 
    1205            12     -7.0710678118654713e-01 
    1219            18     -7.0710678118654668e-01 
    1220            13      7.0710678118654702e-01 
    1225             0      9.9999999999999967e-01 
    1225            20      1.0000000000000000e+00 
    1225            14      9.9999999999999967e-01 
    1225             9      1.0000000000000000e+00 
    1225             2      1.0000000000000000e+00 
    1225             5      9.9999999999999956e-01 
    1234            16      4.0824829046386230e-01 
    1236            11      4.9999999999999939e-01 
    1240            11     -8.6602540378443726e-01 
    1248             4     -1.2247448713915876e+00 
    1255            17      8.1649658092772492e-01 
    1257            12      9.9999999999999900e-01 
    1270            18     -9.9999999999999900e-01 
    1272            13     -1.2247448713915883e+00 
    1274            13      7.0710678118654713e-01 
    1275             0      9.9999999999999967e-01 
    1275            20      1.0000000000000000e+00 
    1275             9      1.9999999999999996e+00 
    1275             2      1.0000000000000000e+00 
    1275             5      9.9999999999999956e-01 
    1285            16     -4.7140452079103168e-01 
    1286            16     -1.6666666666666657e-01 
    1287            11      4.0824829046386257e-01 
    1290            16      8.6602540378443738e-01 
    1299             4     -1.2247448713915876e+00 
    1306            17     -9.4280904158206369e-01 
    1307            17     -3.3333333333333331e-01 
    1308            12      8.1649658092772537e-01 
    1321            18      1.1547005383792524e+00 
    1322            18      4.0824829046386307e-01 
    1323            13     -9.9999999999999967e-01 
    1324            18     -7.0710678118654713e-01 
    1325            19      9.9999999999999956e-01 
    1326             0      9.9999999999999967e-01 
    1326             9      1.9999999999999996e+00 
    1326            14      1.0000000000000000e+00 
    1326             2      1.0000000000000000e+00 
    1326             5      9.9999999999999956e-01 
    1342            11      9.9999999999999922e-01 
    1344             7      9.9999999999999933e-01 
    1360            12     -1.1547005383792521e+00 
    1363             8     -1.1547005383792521e+00 
    1369            12      8.1649658092772570e-01 
    1371             8      8.1649658092772570e-01 
    1378             0      9.9999999999999967e-01 
    1378            20      2.0000000000000013e+00 
    1378             2      1.0000000000000000e+00 
    1378             5      2.0000000000000013e+00 
    1394            16      1.1547005383792512e+00 
    1397             7      9.9999999999999933e-01 
    1412            17     -3.3333333333333359e-01 
    1413            12     -1.0000000000000002e+00 
    1416             8     -1.1547005383792521e+00 
    1421            17      9.4280904158206325e-01 
    1424             8      8.1649658092772570e-01 
    1430            19     -1.1547005383792517e+00 
    1431             0      9.9999999999999967e-01 
    1431            20      1.0000000000000002e+00 
    1431            14      1.0000000000000000e+00 
    1431             2      1.0000000000000000e+00 
    1431             5      2.0000000000000013e+00 
    1447            16      4.0824829046386263e-01 
    1448            11     -1.2247448713915872e+00 
    1451             7      9.9999999999999933e-01 
    1465            17      9.4280904158206358e-01 
    1470             8     -1.1547005383792521e+00 
    1474            17      3.3333333333333315e-01 
    1475            12     -9.9999999999999889e-01 
    1478             8      8.1649658092772570e-01 
    1483            19      8.1649658092772592e-01 
    1485             0      9.9999999999999967e-01 
    1485            20      1.0000000000000000e+00 
    1485            14      9.9999999999999956e-01 
    1485             2      1.0000000000000000e+00 
    1485             5      2.0000000000000013e+00 
    1502            16      9.9999999999999900e-01 
    1506             7      9.9999999999999933e-01 
    1520            17     -1.1547005383792521e+00 
    1525             8     -1.1547005383792521e+00 
    1529            17      8.1649658092772559e-01 
    1533             8      8.1649658092772570e-01 
    1538            19     -1.1547005383792521e+00 
    1539            19      8.1649658092772570e-01 
    1540             0      9.9999999999999967e-01 
    1540            14      2.0000000000000013e+00 
    1540             2      1.0000000000000000e+00 
    1540             5      2.0000000000000013e+00 
    1558            16      1.1547005383792510e+00 
    1559            11     -9.9999999999999956e-01 
    1576            12      1.1180339887498951e+00 
    1577            17     -3.3333333333333354e-01 
    1578            12      2.8867513459481303e-01 
    1581             8     -1.0000000000000002e+00 
    1585            17      9.4280904158206325e-01 
    1586            12     -8.1649658092772592e-01 
    1592            18     -1.1547005383792515e+00 
    1593            13      1.0000000000000000e+00 
    1596             0      9.9999999999999967e-01 
    1596            20      1.0000000000000002e+00 
    1596             2      1.0000000000000000e+00 
    1596             5      2.0000000000000013e+00 
    1596             9      1.0000000000000000e+00 
    1615            16     -3.3333333333333348e-01 
    1616            16      9.4280904158206358e-01 
    1617            11      1.1547005383792512e+00 
    1632            17     -1.1180339887498956e+00 
    1634            17      9.6225044864937770e-02 
    1635            17     -2.7216552697590901e-01 
    1636            12     -3.3333333333333359e-01 
    1638             8     -1.0000000000000002e+00 
    1642            17     -2.7216552697590890e-01 
    1643            17      7.6980035891950138e-01 
    1644            12      9.4280904158206336e-01 
    1649            18      3.3333333333333359e-01 
    1650            18     -9.4280904158206380e-01 
    1651            13     -1.1547005383792517e+00 
    1652            19      1.0000000000000002e+00 
    1653             0      9.9999999999999967e-01 
    1653             2      1.0000000000000000e+00 
    1653            14      1.0000000000000002e+00 
    1653             5      2.0000000000000013e+00 
    1653             9      1.0000000000000000e+00 
    1671            16      4.0824829046386246e-01 
    1673            11      4.9999999999999950e-01 
    1675            11     -8.6602540378443738e-01 
    1676             7     -1.2247448713915874e+00 
    1690            17      9.4280904158206291e-01 
    1692            12      1.1547005383792515e+00 
    1698            17      3.3333333333333304e-01 
    1700            12      4.0824829046386280e-01 
    1702            12     -7.0710678118654668e-01 
    1703             8     -9.9999999999999889e-01 
    1705            18      8.1649658092772537e-01 
    1707            13      9.9999999999999967e-01 
    1711             0      9.9999999999999967e-01 
    1711            20      1.0000000000000000e+00 
    1711             2      1.0000000000000000e+00 
    1711             5      2.0000000000000013e+00 
    1711             9      9.9999999999999956e-01 
    1730            16     -4.7140452079103184e-01 
    1731            16     -1.6666666666666666e-01 
    1732            11      4.0824829046386268e-01 
    1733            16      8.6602540378443749e-01 
    1735             7     -1.2247448713915874e+00 
    1749            17     -1.0886621079036360e+00 
    1750            17     -3.8490017945975075e-01 
    1751            12      9.4280904158206358e-01 
    1757            17     -3.8490017945975075e-01 
    1758            17     -1.3608276348795437e-01 
    1759            12      3.3333333333333320e-01 
    1760            17      7.0710678118654668e-01 
    1762             8     -9.9999999999999889e-01 
    1764            18     -9.4280904158206413e-01 
    1765            18     -3.3333333333333354e-01 
    1766            13      8.1649658092772592e-01 
    1769            19      9.9999999999999956e-01 
    1770             0      9.9999999999999967e-01 
    1770            14      1.0000000000000000e+00 
    1770             2      1.0000000000000000e+00 
    1770             5      2.0000000000000013e+00 
    1770             9      9.9999999999999956e-01 
    1793            16      9.9999999999999900e-01 
    1794            11      9.9999999999999922e-01 
    1811            17     -1.1547005383792521e+00 
    1812            12     -1.1547005383792521e+00 
    1820            17      8.1649658092772559e-01 
    1821            12      8.1649658092772570e-01 
    1826            18     -1.1547005383792521e+00 
    1827            13     -1.1547005383792521e+00 
    1828            18      8.1649658092772570e-01 
    1829            13      8.1649658092772570e-01 
    1830             0      9.9999999999999967e-01 
    1830             2      1.0000000000000000e+00 
    1830             5      2.0000000000000013e+00 
    1830             9      2.0000000000000013e+00 
    1831            11     -7.0710678118654657e-01 
    1832             7      7.0710678118654691e-01 
    1843             4      9.9999999999999933e-01 
    1891             0      9.9999999999999967e-01 
    1891            20      2.0000000000000013e+00 
    1891            14      1.0000000000000000e+00 
    1891             9      9.9999999999999967e-01 
    1891             2      1.0000000000000000e+00 
    1892            16     -7.0710678118654613e-01 
    1894             7      7.0710678118654691e-01 
    1905             4      9.9999999999999933e-01 
    1952            19     -9.9999999999999967e-01 
    1953             0      9.9999999999999967e-01 
    1953            14      1.9999999999999996e+00 
    1953            20      1.0000000000000000e+00 
    1953             9      9.9999999999999967e-01 
    1953             2      1.0000000000000000e+00 
    1955            16     -7.0710678118654646e-01 
    1956            11      7.0710678118654680e-01 
    1968             4      9.9999999999999933e-01 
    2014            18      9.9999999999999922e-01 
    2015            13     -9.9999999999999967e-01 
    2016             0      9.9999999999999967e-01 
    2016            20      1.0000000000000000e+00 
    2016             9      2.0000000000000004e+00 
    2016            14      9.9999999999999967e-01 
    2016             2      1.0000000000000000e+00 
    2020            11     -7.0710678118654624e-01 
    2023             7     -8.6602540378443738e-01 
    2029             7     -4.9999999999999939e-01 
    2032             4      7.0710678118654702e-01 
    2077             8      9.9999999999999967e-01 
    2080             0      9.9999999999999967e-01 
    2080            20      2.0000000000000013e+00 
    2080            14      1.0000000000000000e+00 
    2080             2      1.0000000000000000e+00 
    2080             5      9.9999999999999967e-01 
    2084            16     -7.0710678118654580e-01 
    2088             7     -8.6602540378443738e-01 
    2094             7     -4.9999999999999939e-01 
    2097             4      7.0710678118654702e-01 
    2142             8      9.9999999999999967e-01 
    2144            19     -9.9999999999999967e-01 
    2145             0      9.9999999999999967e-01 
    2145            14      1.9999999999999996e+00 
    2145            20      1.0000000000000000e+00 
    2145             2      1.0000000000000000e+00 
    2145             5      9.9999999999999967e-01 
    2150            11      8.1649658092772603e-01 
    2152            11      2.8867513459481270e-01 
    2154             7     -7.0710678118654668e-01 
    2158            11      4.9999999999999939e-01 
    2163             4      7.0710678118654702e-01 
    2206            12     -9.9999999999999978e-01 
    2209            13      9.9999999999999956e-01 
    2211             0      9.9999999999999967e-01 
    2211            20      2.0000000000000013e+00 
    2211             9      1.0000000000000000e+00 
    2211             2      1.0000000000000000e+00 
    2211             5      9.9999999999999967e-01 
    2216            16      2.3570226039551589e-01 
    2217            11      7.0710678118654724e-01 
    2218            16      3.3333333333333326e-01 
    2221             7     -7.0710678118654668e-01 
    2224            16      5.7735026918962529e-01 
    2230             4      7.0710678118654702e-01 
    2272            17     -1.1547005383792517e+00 
    2275            18      1.1547005383792515e+00 
    2277            19     -1.1547005383792517e+00 
    2278             0      9.9999999999999967e-01 
    2278            20      1.0000000000000002e+00 
    2278            14      1.0000000000000000e+00 
    2278             9      1.0000000000000000e+00 
    2278             2      1.0000000000000000e+00 
    2278             5      9.9999999999999967e-01 
    2283            16     -6.6666666666666641e-01 
    2285            16      1.1785113019775782e-01 
    2286            11     -3.5355339059327329e-01 
    2289             7     -7.0710678118654668e-01 
    2291            16      2.0412414523193123e-01 
    2292            11     -6.1237243569579325e-01 
    2298             4      7.0710678118654702e-01 
    2339            17     -4.0824829046386285e-01 
    2340            12      1.2247448713915881e+00 
    2342            18      4.0824829046386280e-01 
    2343            13     -1.2247448713915876e+00 
    2344            19      8.1649658092772592e-01 
    2346             0      9.9999999999999967e-01 
    2346            20      1.0000000000000000e+00 
    2346            14      9.9999999999999956e-01 
    2346             9      1.0000000000000000e+00 
    2346             2      1.0000000000000000e+00 
    2346             5      9.9999999999999967e-01 
    2352            16      8.1649658092772603e-01 
    2354            16      2.8867513459481264e-01 
    2358             7     -7.0710678118654668e-01 
    2360            16      4.9999999999999922e-01 
    2367             4      7.0710678118654702e-01 
    2408            17     -9.9999999999999956e-01 
    2411            18      9.9999999999999933e-01 
    2413            19     -1.1547005383792521e+00 
    2414            19      8.1649658092772570e-01 
    2415             0      9.9999999999999967e-01 
    2415            14      2.0000000000000013e+00 
    2415             9      1.0000000000000000e+00 
    2415             2      1.0000000000000000e+00 
    2415             5      9.9999999999999967e-01 
    2422            16     -6.1237243569579325e-01 
    2423            11      6.1237243569579347e-01 
    2428            16      3.5355339059327312e-01 
    2429            11     -3.5355339059327329e-01 
    2430             7      7.0710678118654657e-01 
    2437             4      7.0710678118654702e-01 
    2476            17     -7.0710678118654691e-01 
    2477            12      7.0710678118654724e-01 
    2478             8     -1.4142135623730945e+00 
    2479            18     -7.0710678118654668e-01 
    2480            13      7.0710678118654702e-01 
    2485             0      9.9999999999999967e-01 
    2485            20      1.0000000000000000e+00 
    2485            14      9.9999999999999967e-01 
    2485             9      1.0000000000000000e+00 
    2485             2      1.0000000000000000e+00 
    2485             5      9.9999999999999967e-01 
    2494            16     -7.0710678118654580e-01 
    2496            11     -8.6602540378443693e-01 
    2500            11     -4.9999999999999922e-01 
    2508             4      7.0710678118654702e-01 
    2548            12      9.9999999999999933e-01 
    2551            18     -9.9999999999999900e-01 
    2553            13     -1.2247448713915883e+00 
    2555            13      7.0710678118654713e-01 
    2556             0      9.9999999999999967e-01 
    2556            20      1.0000000000000000e+00 
    2556             9      1.9999999999999996e+00 
    2556             2      1.0000000000000000e+00 
    2556             5      9.9999999999999967e-01 
    2566            16      8.1649658092772537e-01 
    2567            16      2.8867513459481253e-01 
    2568            11     -7.0710678118654624e-01 
    2571            16      4.9999999999999922e-01 
    2580             4      7.0710678118654702e-01 
    2619            17     -9.9999999999999933e-01 
    2623            18      1.1547005383792524e+00 
    2624            18      4.0824829046386307e-01 
    2625            13     -9.9999999999999967e-01 
    2626            18     -7.0710678118654713e-01 
    2627            19      9.9999999999999956e-01 
    2628             0      9.9999999999999967e-01 
    2628             9      1.9999999999999996e+00 
    2628            14      1.0000000000000000e+00 
    2628             2      1.0000000000000000e+00 
    2628             5      9.9999999999999967e-01 
    2644            16     -7.0710678118654646e-01 
    2645            11      7.0710678118654680e-01 
    2650             7      9.9999999999999922e-01 
    2692            17      9.9999999999999900e-01 
    2693            12     -9.9999999999999956e-01 
    2698             8     -1.4142135623730949e+00 
    2701             0      9.9999999999999967e-01 
    2701            20      1.0000000000000000e+00 
    2701            14      9.9999999999999967e-01 
    2701             2      1.0000000000000000e+00 
    2701             5      2.0000000000000004e+00 
    2719            16     -7.0710678118654613e-01 
    2721            11     -8.6602540378443726e-01 
    2723            11     -4.9999999999999928e-01 
    2724             7      7.0710678118654691e-01 
    2767            17      9.9999999999999878e-01 
    2769            12      1.2247448713915881e+00 
    2771            12      7.0710678118654691e-01 
    2772             8     -9.9999999999999967e-01 
    2774            13      9.9999999999999967e-01 
    2775             0      9.9999999999999967e-01 
    2775            20      1.0000000000000000e+00 
    2775             2      1.0000000000000000e+00 
    2775             5      2.0000000000000004e+00 
    2775             9      9.9999999999999967e-01 
    2794            16      8.1649658092772592e-01 
    2795            16      2.8867513459481264e-01 
    2796            11     -7.0710678118654657e-01 
    2797            16      4.9999999999999922e-01 
    2799             7      7.0710678118654691e-01 
    2842            17     -1.1547005383792519e+00 
    2843            17     -4.0824829046386296e-01 
    2844            12      9.9999999999999922e-01 
    2845            17     -7.0710678118654702e-01 
    2847             8     -9.9999999999999967e-01 
    2848            18     -9.9999999999999978e-01 
    2849            19      9.9999999999999956e-01 
    2850             0      9.9999999999999967e-01 
    2850            14      1.0000000000000000e+00 
    2850             2      1.0000000000000000e+00 
    2850             5      2.0000000000000004e+00 
    2850             9      9.9999999999999967e-01 
    2875            11     -9.9999999999999856e-01 
    2878             7     -1.2247448713915876e+00 
    2893             4     -1.2247448713915883e+00 
    2911             7      7.0710678118654691e-01 
    2914             4      7.0710678118654713e-01 
    2926             0      9.9999999999999967e-01 
    2926            20      2.0000000000000013e+00 
    2926            14      1.0000000000000000e+00 
    2926             2      1.9999999999999996e+00 
    2951            16     -9.9999999999999789e-01 
    2955             7     -1.2247448713915876e+00 
    2970             4     -1.2247448713915883e+00 
    2988             7      7.0710678118654691e-01 
    2991             4      7.0710678118654713e-01 
    3002            19     -9.9999999999999967e-01 
    3003             0      9.9999999999999967e-01 
    3003            14      1.9999999999999996e+00 
    3003            20      1.0000000000000000e+00 
    3003             2      1.9999999999999996e+00 
    3029            11      1.1547005383792517e+00 
    3031            11      4.0824829046386285e-01 
    3033             7     -9.9999999999999900e-01 
    3048             4     -1.2247448713915883e+00 
    3064            11     -7.0710678118654702e-01 
    3069             4      7.0710678118654713e-01 
    3079            13      9.9999999999999956e-01 
    3081             0      9.9999999999999967e-01 
    3081            20      2.0000000000000013e+00 
    3081             9      1.0000000000000000e+00 
    3081             2      1.9999999999999996e+00 
    3107            16      3.3333333333333348e-01 
    3108            11      9.9999999999999978e-01 
    3109            16      4.7140452079103168e-01 
    3112             7     -9.9999999999999900e-01 
    3127             4     -1.2247448713915883e+00 
    3142            16     -8.1649658092772570e-01 
    3148             4      7.0710678118654713e-01 
    3157            18      1.1547005383792515e+00 
    3159            19     -1.1547005383792517e+00 
    3160             0      9.9999999999999967e-01 
    3160            20      1.0000000000000002e+00 
    3160            14      1.0000000000000000e+00 
    3160             9      1.0000000000000000e+00 
    3160             2      1.9999999999999996e+00 
    3186            16     -9.4280904158206325e-01 
    3188            16      1.6666666666666660e-01 
    3189            11     -4.9999999999999944e-01 
    3192             7     -9.9999999999999900e-01 
    3207             4     -1.2247448713915883e+00 
    3221            16     -2.8867513459481264e-01 
    3222            11      8.6602540378443738e-01 
    3228             4      7.0710678118654713e-01 
    3236            18      4.0824829046386280e-01 
    3237            13     -1.2247448713915876e+00 
    3238            19      8.1649658092772592e-01 
    3240             0      9.9999999999999967e-01 
    3240            20      1.0000000000000000e+00 
    3240            14      9.9999999999999956e-01 
    3240             9      1.0000000000000000e+00 
    3240             2      1.9999999999999996e+00 
    3267            16      1.1547005383792517e+00 
    3269            16      4.0824829046386285e-01 
    3273             7     -9.9999999999999900e-01 
    3288             4     -1.2247448713915883e+00 
    3302            16     -7.0710678118654691e-01 
    3309             4      7.0710678118654713e-01 
    3317            18      9.9999999999999933e-01 
    3319            19     -1.1547005383792521e+00 
    3320            19      8.1649658092772570e-01 
    3321             0      9.9999999999999967e-01 
    3321            14      2.0000000000000013e+00 
    3321             9      1.0000000000000000e+00 
    3321             2      1.9999999999999996e+00 
    3349            16     -8.6602540378443704e-01 
    3350            11      8.6602540378443738e-01 
    3370             4     -1.2247448713915883e+00 
    3382            16     -4.9999999999999939e-01 
    3383            11      4.9999999999999961e-01 
    3384             7     -9.9999999999999900e-01 
    3391             4      7.0710678118654713e-01 
    3397            18     -7.0710678118654668e-01 
    3398            13      7.0710678118654702e-01 
    3403             0      9.9999999999999967e-01 
    3403            20      1.0000000000000000e+00 
    3403            14      9.9999999999999967e-01 
    3403             9      1.0000000000000000e+00 
    3403             2      1.9999999999999996e+00 
    3433            16     -9.9999999999999789e-01 
    3435            11     -1.2247448713915869e+00 
    3453             4     -1.2247448713915883e+00 
    3466            11      7.0710678118654668e-01 
    3474             4      7.0710678118654713e-01 
    3481            18     -9.9999999999999900e-01 
    3483            13     -1.2247448713915883e+00 
    3485            13      7.0710678118654713e-01 
    3486             0      9.9999999999999967e-01 
    3486            20      1.0000000000000000e+00 
    3486             9      1.9999999999999996e+00 
    3486             2      1.9999999999999996e+00 
    3517            16      1.1547005383792510e+00 
    3518            16      4.0824829046386263e-01 
    3519            11     -9.9999999999999856e-01 
    3537             4     -1.2247448713915883e+00 
    3549            16     -7.0710678118654668e-01 
    3558             4      7.0710678118654713e-01 
    3565            18      1.1547005383792524e+00 
    3566            18      4.0824829046386307e-01 
    3567            13     -9.9999999999999967e-01 
    3568            18     -7.0710678118654713e-01 
    3569            19      9.9999999999999956e-01 
    3570             0      9.9999999999999967e-01 
    3570             9      1.9999999999999996e+00 
    3570            14      1.0000000000000000e+00 
    3570             2      1.9999999999999996e+00 
    3604            11      1.1547005383792524e+00 
    3607             7      1.1547005383792524e+00 
    3613            11      4.0824829046386302e-01 
    3615             7      4.0824829046386307e-01 
    3622             4     -9.9999999999999967e-01 
    3634            11     -7.0710678118654713e-01 
    3636             7     -7.0710678118654713e-01 
    3646            12      9.9999999999999933e-01 
    3648             8      9.9999999999999956e-01 
    3655             0      9.9999999999999967e-01 
    3655            20      2.0000000000000013e+00 
    3655             2      1.9999999999999996e+00 
    3655             5      1.0000000000000000e+00 
    3689            16      3.3333333333333365e-01 
    3690            11      1.0000000000000002e+00 
    3693             7      1.1547005383792524e+00 
    3698            16      4.7140452079103190e-01 
    3701             7      4.0824829046386307e-01 
    3708             4     -9.9999999999999967e-01 
    3719            16     -8.1649658092772592e-01 
    3722             7     -7.0710678118654713e-01 
    3731            17      1.1547005383792512e+00 
    3734             8      9.9999999999999956e-01 
    3740            19     -1.1547005383792517e+00 
    3741             0      9.9999999999999967e-01 
    3741            20      1.0000000000000002e+00 
    3741            14      1.0000000000000000e+00 
    3741             2      1.9999999999999996e+00 
    3741             5      1.0000000000000000e+00 
    3775            16     -9.4280904158206369e-01 
    3780             7      1.1547005383792524e+00 
    3784            16      1.6666666666666666e-01 
    3785            11     -4.9999999999999967e-01 
    3788             7      4.0824829046386307e-01 
    3795             4     -9.9999999999999967e-01 
    3805            16     -2.8867513459481264e-01 
    3806            11      8.6602540378443749e-01 
    3809             7     -7.0710678118654713e-01 
    3817            17      4.0824829046386268e-01 
    3818            12     -1.2247448713915874e+00 
    3821             8      9.9999999999999956e-01 
    3826            19      8.1649658092772592e-01 
    3828             0      9.9999999999999967e-01 
    3828            20      1.0000000000000000e+00 
    3828            14      9.9999999999999956e-01 
    3828             2      1.9999999999999996e+00 
    3828             5      1.0000000000000000e+00 
    3863            16      1.1547005383792524e+00 
    3868             7      1.1547005383792524e+00 
    3872            16      4.0824829046386302e-01 
    3876             7      4.0824829046386307e-01 
    3883             4     -9.9999999999999967e-01 
    3893            16     -7.0710678118654702e-01 
    3897             7     -7.0710678118654713e-01 
    3905            17      9.9999999999999922e-01 
    3909             8      9.9999999999999956e-01 
    3914            19     -1.1547005383792521e+00 
    3915            19      8.1649658092772570e-01 
    3916             0      9.9999999999999967e-01 
    3916            14      2.0000000000000013e+00 
    3916             2      1.9999999999999996e+00 
    3916             5      1.0000000000000000e+00 
    3952            11     -1.1180339887498953e+00 
    3953            16      3.3333333333333359e-01 
    3954            11     -2.8867513459481309e-01 
    3957             7      1.0000000000000002e+00 
    3961            16      4.7140452079103190e-01 
    3962            11     -4.0824829046386318e-01 
    3972             4     -9.9999999999999967e-01 
    3982            16     -8.1649658092772592e-01 
    3983            11      7.0710678118654735e-01 
    3994            17      1.1547005383792512e+00 
    3995            12     -9.9999999999999967e-01 
    4001            18     -1.1547005383792515e+00 
    4002            13      1.0000000000000000e+00 
    4005             0      9.9999999999999967e-01 
    4005            20      1.0000000000000002e+00 
    4005             9      1.0000000000000000e+00 
    4005             2      1.9999999999999996e+00 
    4005             5      1.0000000000000000e+00 
    4041            16      1.1180339887498960e+00 
    4043            16     -9.6225044864937798e-02 
    4044            16      2.7216552697590912e-01 
    4045            11      3.3333333333333365e-01 
    4047             7      1.0000000000000002e+00 
    4051            16     -1.3608276348795453e-01 
    4052            16      3.8490017945975091e-01 
    4053            11      4.7140452079103201e-01 
    4062             4     -9.9999999999999967e-01 
    4072            16      2.3570226039551601e-01 
    4073            16     -6.6666666666666685e-01 
    4074            11     -8.1649658092772592e-01 
    4084            17     -3.3333333333333354e-01 
    4085            17      9.4280904158206369e-01 
    4086            12      1.1547005383792515e+00 
    4091            18      3.3333333333333359e-01 
    4092            18     -9.4280904158206380e-01 
    4093            13     -1.1547005383792517e+00 
    4094            19      1.0000000000000002e+00 
    4095             0      9.9999999999999967e-01 
    4095            14      1.0000000000000002e+00 
    4095             9      1.0000000000000000e+00 
    4095             2      1.9999999999999996e+00 
    4095             5      1.0000000000000000e+00 
    4132            16     -9.4280904158206325e-01 
    4134            11     -1.1547005383792517e+00 
    4140            16      1.6666666666666660e-01 
    4142            11      2.0412414523193148e-01 
    4144            11     -3.5355339059327351e-01 
    4145             7     -4.9999999999999978e-01 
    4153             4     -9.9999999999999967e-01 
    4161            16     -2.8867513459481253e-01 
    4163            11     -3.5355339059327345e-01 
    4165            11      6.1237243569579369e-01 
    4166             7      8.6602540378443771e-01 
    4173            17      4.0824829046386257e-01 
    4175            12      4.9999999999999961e-01 
    4177            12     -8.6602540378443749e-01 
    4178             8     -1.2247448713915876e+00 
    4180            18      8.1649658092772537e-01 
    4182            13      9.9999999999999967e-01 
    4186             0      9.9999999999999967e-01 
    4186            20      1.0000000000000000e+00 
    4186             9      9.9999999999999956e-01 
    4186             2      1.9999999999999996e+00 
    4186             5      1.0000000000000000e+00 
    4224            16      1.0886621079036365e+00 
    4225            16      3.8490017945975091e-01 
    4226            11     -9.4280904158206369e-01 
    4232            16     -1.9245008972987551e-01 
    4233            16     -6.8041381743977211e-02 
    4234            11      1.6666666666666669e-01 
    4235            16      3.5355339059327356e-01 
    4237             7     -4.9999999999999978e-01 
    4245             4     -9.9999999999999967e-01 
    4253            16      3.3333333333333348e-01 
    4254            16      1.1785113019775792e-01 
    4255            11     -2.8867513459481270e-01 
    4256            16     -6.1237243569579369e-01 
    4258             7      8.6602540378443771e-01 
    4265            17     -4.7140452079103190e-01 
    4266            17     -1.6666666666666669e-01 
    4267            12      4.0824829046386280e-01 
    4268            17      8.6602540378443771e-01 
    4270             8     -1.2247448713915876e+00 
    4272            18     -9.4280904158206413e-01 
    4273            18     -3.3333333333333354e-01 
    4274            13      8.1649658092772592e-01 
    4277            19      9.9999999999999956e-01 
    4278             0      9.9999999999999967e-01 
    4278            14      1.0000000000000000e+00 
    4278             9      9.9999999999999956e-01 
    4278             2      1.9999999999999996e+00 
    4278             5      1.0000000000000000e+00 
    4319            16      1.1547005383792524e+00 
    4320            11      1.1547005383792524e+00 
    4328            16      4.0824829046386302e-01 
    4329            11      4.0824829046386302e-01 
    4338             4     -9.9999999999999967e-01 
    4349            16     -7.0710678118654702e-01 
    4350            11     -7.0710678118654713e-01 
    4361            17      9.9999999999999922e-01 
    4362            12      9.9999999999999933e-01 
    4367            18     -1.1547005383792521e+00 
    4368            13     -1.1547005383792521e+00 
    4369            18      8.1649658092772570e-01 
    4370            13      8.1649658092772570e-01 
    4371             0      9.9999999999999967e-01 
    4371             9      2.0000000000000013e+00 
    4371             2      1.9999999999999996e+00 
    4371             5      1.0000000000000000e+00 
    4414            16     -8.6602540378443738e-01 
    4415            11      8.6602540378443771e-01 
    4420             7      1.2247448713915881e+00 
    4435            16     -4.9999999999999944e-01 
    4436            11      4.9999999999999961e-01 
    4441             7      7.0710678118654724e-01 
    4444             4     -9.9999999999999956e-01 
    4447            17     -7.0710678118654657e-01 
    4448            12      7.0710678118654691e-01 
    4453             8      9.9999999999999933e-01 
    4465             0      9.9999999999999967e-01 
    4465            20      1.0000000000000000e+00 
    4465            14      9.9999999999999967e-01 
    4465             2      1.9999999999999996e+00 
    4465             5      1.0000000000000000e+00 
    4510            16     -8.6602540378443704e-01 
    4512            11     -1.0606601717798199e+00 
    4514            11     -6.1237243569579369e-01 
    4515             7      8.6602540378443782e-01 
    4531            16     -4.9999999999999928e-01 
    4533            11     -6.1237243569579380e-01 
    4535            11     -3.5355339059327340e-01 
    4536             7      4.9999999999999978e-01 
    4539             4     -9.9999999999999956e-01 
    4543            17     -7.0710678118654624e-01 
    4545            12     -8.6602540378443738e-01 
    4547            12     -4.9999999999999939e-01 
    4548             8      7.0710678118654702e-01 
    4559            13      9.9999999999999967e-01 
    4560             0      9.9999999999999967e-01 
    4560            20      1.0000000000000000e+00 
    4560             9      9.9999999999999967e-01 
    4560             2      1.9999999999999996e+00 
    4560             5      1.0000000000000000e+00 
    4606            16      9.9999999999999978e-01 
    4607            16      3.5355339059327356e-01 
    4608            11     -8.6602540378443749e-01 
    4609            16      6.1237243569579369e-01 
    4611             7      8.6602540378443782e-01 
    4627            16      5.7735026918962584e-01 
    4628            16      2.0412414523193143e-01 
    4629            11     -4.9999999999999950e-01 
    4630            16      3.5355339059327340e-01 
    4632             7      4.9999999999999978e-01 
    4635             4     -9.9999999999999956e-01 
    4639            17      8.1649658092772603e-01 
    4640            17      2.8867513459481270e-01 
    4641            12     -7.0710678118654668e-01 
    4642            17      4.9999999999999939e-01 
    4644             8      7.0710678118654702e-01 
    4654            18     -9.9999999999999978e-01 
    4655            19      9.9999999999999956e-01 
    4656             0      9.9999999999999967e-01 
    4656            14      1.0000000000000000e+00 
    4656             9      9.9999999999999967e-01 
    4656             2      1.9999999999999996e+00 
    4656             5      1.0000000000000000e+00 
    4708            16     -9.9999999999999789e-01 
    4710            11     -1.2247448713915869e+00 
    4714             7     -1.2247448713915876e+00 
    4729            11      7.0710678118654668e-01 
    4730             7      7.0710678118654691e-01 
    4741            17     -9.9999999999999856e-01 
    4743            12     -1.2247448713915876e+00 
    4747             8     -1.2247448713915883e+00 
    4750            12      7.0710678118654691e-01 
    4751             8      7.0710678118654713e-01 
    4753             0      9.9999999999999967e-01 
    4753            20      1.0000000000000000e+00 
    4753             2      1.9999999999999996e+00 
    4753             5      1.9999999999999996e+00 
    4806            16      1.1547005383792510e+00 
    4807            16      4.0824829046386263e-01 
    4808            11     -9.9999999999999856e-01 
    4812             7     -1.2247448713915876e+00 
    4826            16     -7.0710678118654668e-01 
    4828             7      7.0710678118654691e-01 
    4839            17      1.1547005383792517e+00 
    4840            17      4.0824829046386285e-01 
    4841            12     -9.9999999999999900e-01 
    4845             8     -1.2247448713915883e+00 
    4847            17     -7.0710678118654702e-01 
    4849             8      7.0710678118654713e-01 
    4850            19      9.9999999999999956e-01 
    4851             0      9.9999999999999967e-01 
    4851            14      1.0000000000000000e+00 
    4851             2      1.9999999999999996e+00 
    4851             5      1.9999999999999996e+00 
    4907            16      1.1547005383792517e+00 
    4908            11      1.1547005383792517e+00 
    4909            16      4.0824829046386285e-01 
    4910            11      4.0824829046386285e-01 
    4911             7     -9.9999999999999900e-01 
    4925            16     -7.0710678118654691e-01 
    4926            11     -7.0710678118654702e-01 
    4940            17      1.1547005383792524e+00 
    4941            12      1.1547005383792524e+00 
    4942            17      4.0824829046386302e-01 
    4943            12      4.0824829046386307e-01 
    4944             8     -9.9999999999999967e-01 
    4946            17     -7.0710678118654713e-01 
    4947            12     -7.0710678118654713e-01 
    4948            18      9.9999999999999933e-01 
    4949            13      9.9999999999999956e-01 
    4950             0      9.9999999999999967e-01 
    4950             2      1.9999999999999996e+00 
    4950             5      1.9999999999999996e+00 
    4950             9      1.0000000000000000e+00 
    4951            10      9.9999999999999889e-01 
    4952             6     -9.9999999999999922e-01 
    4963             3     -1.4142135623730945e+00 
    5011             1     -1.4142135623730949e+00 
    5050            20      2.0000000000000013e+00 
    5050            14      1.0000000000000000e+00 
    5050             9      9.9999999999999967e-01 
    5050             0      2.0000000000000004e+00 
    5051            15      9.9999999999999822e-01 
    5053             6     -9.9999999999999922e-01 
    5064             3     -1.4142135623730945e+00 
    5112             1     -1.4142135623730949e+00 
    5150            19     -9.9999999999999967e-01 
    5151            14      1.9999999999999996e+00 
    5151            20      1.0000000000000000e+00 
    5151             9      9.9999999999999967e-01 
    5151             0      2.0000000000000004e+00 
    5153            15      9.9999999999999856e-01 
    5154            10     -9.9999999999999900e-01 
    5166             3     -1.4142135623730945e+00 
    5214             1     -1.4142135623730949e+00 
    5251            18      9.9999999999999922e-01 
    5252            13     -9.9999999999999967e-01 
    5253            20      1.0000000000000000e+00 
    5253             9      2.0000000000000004e+00 
    5253            14      9.9999999999999967e-01 
    5253             0      2.0000000000000004e+00 
    5257            10      9.9999999999999856e-01 
    5260             6      1.2247448713915876e+00 
    5266             6      7.0710678118654680e-01 
    5269             3     -9.9999999999999956e-01 
    5317             1     -1.4142135623730949e+00 
    5353             8      9.9999999999999967e-01 
    5356            20      2.0000000000000013e+00 
    5356            14      1.0000000000000000e+00 
    5356             5      9.9999999999999967e-01 
    5356             0      2.0000000000000004e+00 
    5360            15      9.9999999999999789e-01 
    5364             6      1.2247448713915876e+00 
    5370             6      7.0710678118654680e-01 
    5373             3     -9.9999999999999956e-01 
    5421             1     -1.4142135623730949e+00 
    5457             8      9.9999999999999967e-01 
    5459            19     -9.9999999999999967e-01 
    5460            14      1.9999999999999996e+00 
    5460            20      1.0000000000000000e+00 
    5460             5      9.9999999999999967e-01 
    5460             0      2.0000000000000004e+00 
    5465            10     -1.1547005383792517e+00 
    5467            10     -4.0824829046386285e-01 
    5469             6      9.9999999999999900e-01 
    5473            10     -7.0710678118654680e-01 
    5478             3     -9.9999999999999956e-01 
    5526             1     -1.4142135623730949e+00 
    5560            12     -9.9999999999999978e-01 
    5563            13      9.9999999999999956e-01 
    5565            20      2.0000000000000013e+00 
    5565             9      1.0000000000000000e+00 
    5565             5      9.9999999999999967e-01 
    5565             0      2.0000000000000004e+00 
    5570            15     -3.3333333333333348e-01 
    5571            10     -9.9999999999999978e-01 
    5572            15     -4.7140452079103168e-01 
    5575             6      9.9999999999999900e-01 
    5578            15     -8.1649658092772537e-01 
    5584             3     -9.9999999999999956e-01 
    5632             1     -1.4142135623730949e+00 
    5665            17     -1.1547005383792517e+00 
    5668            18      1.1547005383792515e+00 
    5670            19     -1.1547005383792517e+00 
    5671            20      1.0000000000000002e+00 
    5671            14      1.0000000000000000e+00 
    5671             9      1.0000000000000000e+00 
    5671             5      9.9999999999999967e-01 
    5671             0      2.0000000000000004e+00 
    5676            15      9.4280904158206325e-01 
    5678            15     -1.6666666666666660e-01 
    5679            10      4.9999999999999944e-01 
    5682             6      9.9999999999999900e-01 
    5684            15     -2.8867513459481253e-01 
    5685            10      8.6602540378443726e-01 
    5691             3     -9.9999999999999956e-01 
    5739             1     -1.4142135623730949e+00 
    5771            17     -4.0824829046386285e-01 
    5772            12      1.2247448713915881e+00 
    5774            18      4.0824829046386280e-01 
    5775            13     -1.2247448713915876e+00 
    5776            19      8.1649658092772592e-01 
    5778            20      1.0000000000000000e+00 
    5778            14      9.9999999999999956e-01 
    5778             9      1.0000000000000000e+00 
    5778             5      9.9999999999999967e-01 
    5778             0      2.0000000000000004e+00 
    5784            15     -1.1547005383792517e+00 
    5786            15     -4.0824829046386285e-01 
    5790             6      9.9999999999999900e-01 
    5792            15     -7.0710678118654668e-01 
    5799             3     -9.9999999999999956e-01 
    5847             1     -1.4142135623730949e+00 
    5879            17     -9.9999999999999956e-01 
    5882            18      9.9999999999999933e-01 
    5884            19     -1.1547005383792521e+00 
    5885            19      8.1649658092772570e-01 
    5886            14      2.0000000000000013e+00 
    5886             9      1.0000000000000000e+00 
    5886             5      9.9999999999999967e-01 
    5886             0      2.0000000000000004e+00 
    5893            15      8.6602540378443704e-01 
    5894            10     -8.6602540378443738e-01 
    5899            15     -4.9999999999999928e-01 
    5900            10      4.9999999999999944e-01 
    5901             6     -9.9999999999999889e-01 
    5908             3     -9.9999999999999956e-01 
    5956             1     -1.4142135623730949e+00 
    5986            17     -7.0710678118654691e-01 
    5987            12      7.0710678118654724e-01 
    5988             8     -1.4142135623730945e+00 
    5989            18     -7.0710678118654668e-01 
    5990            13      7.0710678118654702e-01 
    5995            20      1.0000000000000000e+00 
    5995            14      9.9999999999999967e-01 
    5995             9      1.0000000000000000e+00 
    5995             5      9.9999999999999967e-01 
    5995             0      2.0000000000000004e+00 
    6004            15      9.9999999999999789e-01 
    6006            10      1.2247448713915869e+00 
    6010            10      7.0710678118654657e-01 
    6018             3     -9.9999999999999956e-01 
    6066             1     -1.4142135623730949e+00 
    6097            12      9.9999999999999933e-01 
    6100            18     -9.9999999999999900e-01 
    6102            13     -1.2247448713915883e+00 
    6104            13      7.0710678118654713e-01 
    6105            20      1.0000000000000000e+00 
    6105             9      1.9999999999999996e+00 
    6105             5      9.9999999999999967e-01 
    6105             0      2.0000000000000004e+00 
    6115            15     -1.1547005383792510e+00 
    6116            15     -4.0824829046386263e-01 
    6117            10      9.9999999999999856e-01 
    6120            15     -7.0710678118654657e-01 
    6129             3     -9.9999999999999956e-01 
    6177             1     -1.4142135623730949e+00 
    6207            17     -9.9999999999999933e-01 
    6211            18      1.1547005383792524e+00 
    6212            18      4.0824829046386307e-01 
    6213            13     -9.9999999999999967e-01 
    6214            18     -7.0710678118654713e-01 
    6215            19      9.9999999999999956e-01 
    6216             9      1.9999999999999996e+00 
    6216            14      1.0000000000000000e+00 
    6216             5      9.9999999999999967e-01 
    6216             0      2.0000000000000004e+00 
    6232            15      9.9999999999999856e-01 
    6233            10     -9.9999999999999900e-01 
    6238             6     -1.4142135623730943e+00 
    6289             1     -1.4142135623730949e+00 
    6319            17      9.9999999999999900e-01 
    6320            12     -9.9999999999999956e-01 
    6325             8     -1.4142135623730949e+00 
    6328            20      1.0000000000000000e+00 
    6328            14      9.9999999999999967e-01 
    6328             5      2.0000000000000004e+00 
    6328             0      2.0000000000000004e+00 
    6346            15      9.9999999999999822e-01 
    6348            10      1.2247448713915874e+00 
    6350            10      7.0710678118654668e-01 
    6351             6     -9.9999999999999922e-01 
    6402             1     -1.4142135623730949e+00 
    6433            17      9.9999999999999878e-01 
    6435            12      1.2247448713915881e+00 
    6437            12      7.0710678118654691e-01 
    6438             8     -9.9999999999999967e-01 
    6440            13      9.9999999999999967e-01 
    6441            20      1.0000000000000000e+00 
    6441             5      2.0000000000000004e+00 
    6441             9      9.9999999999999967e-01 
    6441             0      2.0000000000000004e+00 
    6460            15     -1.1547005383792515e+00 
    6461            15     -4.0824829046386280e-01 
    6462            10      9.9999999999999889e-01 
    6463            15     -7.0710678118654668e-01 
    6465             6     -9.9999999999999922e-01 
    6516             1     -1.4142135623730949e+00 
    6547            17     -1.1547005383792519e+00 
    6548            17     -4.0824829046386296e-01 
    6549            12      9.9999999999999922e-01 
    6550            17     -7.0710678118654702e-01 
    6552             8     -9.9999999999999967e-01 
    6553            18     -9.9999999999999978e-01 
    6554            19      9.9999999999999956e-01 
    6555            14      1.0000000000000000e+00 
    6555             5      2.0000000000000004e+00 
    6555             9      9.9999999999999967e-01 
    6555             0      2.0000000000000004e+00 
    6580            10      9.9999999999999811e-01 
    6583             6      1.2247448713915872e+00 
    6598             3      1.2247448713915881e+00 
    6616             6      7.0710678118654668e-01 
    6619             3      7.0710678118654691e-01 
    6631             1     -9.9999999999999967e-01 
    6655             7      9.9999999999999933e-01 
    6658             4      9.9999999999999967e-01 
    6670            20      2.0000000000000013e+00 
    6670            14      1.0000000000000000e+00 
    6670             0      2.0000000000000004e+00 
    6670             2      9.9999999999999967e-01 
    6695            15      9.9999999999999767e-01 
    6699             6      1.2247448713915872e+00 
    6714             3      1.2247448713915881e+00 
    6732             6      7.0710678118654668e-01 
    6735             3      7.0710678118654691e-01 
    6747             1     -9.9999999999999967e-01 
    6771             7      9.9999999999999933e-01 
    6774             4      9.9999999999999967e-01 
    6785            19     -9.9999999999999967e-01 
    6786            14      1.9999999999999996e+00 
    6786            20      1.0000000000000000e+00 
    6786             0      2.0000000000000004e+00 
    6786             2      9.9999999999999967e-01 
    6812            10     -1.1547005383792512e+00 
    6814            10     -4.0824829046386268e-01 
    6816             6      9.9999999999999878e-01 
    6831             3      1.2247448713915881e+00 
    6847            10     -7.0710678118654668e-01 
    6852             3      7.0710678118654691e-01 
    6864             1     -9.9999999999999967e-01 
    6886            11     -9.9999999999999933e-01 
    6891             4      9.9999999999999967e-01 
    6901            13      9.9999999999999956e-01 
    6903            20      2.0000000000000013e+00 
    6903             9      1.0000000000000000e+00 
    6903             0      2.0000000000000004e+00 
    6903             2      9.9999999999999967e-01 
    6929            15     -3.3333333333333337e-01 
    6930            10     -9.9999999999999956e-01 
    6931            15     -4.7140452079103151e-01 
    6934             6      9.9999999999999878e-01 
    6949             3      1.2247448713915881e+00 
    6964            15     -8.1649658092772537e-01 
    6970             3      7.0710678118654691e-01 
    6982             1     -9.9999999999999967e-01 
    7003            16     -1.1547005383792512e+00 
    7009             4      9.9999999999999967e-01 
    7018            18      1.1547005383792515e+00 
    7020            19     -1.1547005383792517e+00 
    7021            20      1.0000000000000002e+00 
    7021            14      1.0000000000000000e+00 
    7021             9      1.0000000000000000e+00 
    7021             0      2.0000000000000004e+00 
    7021             2      9.9999999999999967e-01 
    7047            15      9.4280904158206291e-01 
    7049            15     -1.6666666666666655e-01 
    7050            10      4.9999999999999928e-01 
    7053             6      9.9999999999999878e-01 
    7068             3      1.2247448713915881e+00 
    7082            15     -2.8867513459481253e-01 
    7083            10      8.6602540378443704e-01 
    7089             3      7.0710678118654691e-01 
    7101             1     -9.9999999999999967e-01 
    7121            16     -4.0824829046386268e-01 
    7122            11      1.2247448713915874e+00 
    7128             4      9.9999999999999967e-01 
    7136            18      4.0824829046386280e-01 
    7137            13     -1.2247448713915876e+00 
    7138            19      8.1649658092772592e-01 
    7140            20      1.0000000000000000e+00 
    7140            14      9.9999999999999956e-01 
    7140             9      1.0000000000000000e+00 
    7140             0      2.0000000000000004e+00 
    7140             2      9.9999999999999967e-01 
    7167            15     -1.1547005383792512e+00 
    7169            15     -4.0824829046386268e-01 
    7173             6      9.9999999999999878e-01 
    7188             3      1.2247448713915881e+00 
    7202            15     -7.0710678118654668e-01 
    7209             3      7.0710678118654691e-01 
    7221             1     -9.9999999999999967e-01 
    7241            16     -9.9999999999999922e-01 
    7248             4      9.9999999999999967e-01 
    7256            18      9.9999999999999933e-01 
    7258            19     -1.1547005383792521e+00 
    7259            19      8.1649658092772570e-01 
    7260            14      2.0000000000000013e+00 
    7260             9      1.0000000000000000e+00 
    7260             0      2.0000000000000004e+00 
    7260             2      9.9999999999999967e-01 
    7288            15      8.6602540378443671e-01 
    7289            10     -8.6602540378443704e-01 
    7309             3      1.2247448713915881e+00 
    7321            15     -4.9999999999999922e-01 
    7322            10      4.9999999999999944e-01 
    7323             6     -9.9999999999999878e-01 
    7330             3      7.0710678118654691e-01 
    7342             1     -9.9999999999999967e-01 
    7360            16     -7.0710678118654668e-01 
    7361            11      7.0710678118654702e-01 
    7362             7     -1.4142135623730940e+00 
    7369             4      9.9999999999999967e-01 
    7375            18     -7.0710678118654668e-01 
    7376            13      7.0710678118654702e-01 
    7381            20      1.0000000000000000e+00 
    7381            14      9.9999999999999967e-01 
    7381             9      1.0000000000000000e+00 
    7381             0      2.0000000000000004e+00 
    7381             2      9.9999999999999967e-01 
    7411            15      9.9999999999999767e-01 
    7413            10      1.2247448713915865e+00 
    7431             3      1.2247448713915881e+00 
    7444            10      7.0710678118654646e-01 
    7452             3      7.0710678118654691e-01 
    7464             1     -9.9999999999999967e-01 
    7483            11      9.9999999999999900e-01 
    7491             4      9.9999999999999967e-01 
    7498            18     -9.9999999999999900e-01 
    7500            13     -1.2247448713915883e+00 
    7502            13      7.0710678118654713e-01 
    7503            20      1.0000000000000000e+00 
    7503             9      1.9999999999999996e+00 
    7503             0      2.0000000000000004e+00 
    7503             2      9.9999999999999967e-01 
    7534            15     -1.1547005383792506e+00 
    7535            15     -4.0824829046386246e-01 
    7536            10      9.9999999999999811e-01 
    7554             3      1.2247448713915881e+00 
    7566            15     -7.0710678118654646e-01 
    7575             3      7.0710678118654691e-01 
    7587             1     -9.9999999999999967e-01 
    7605            16     -9.9999999999999900e-01 
    7614             4      9.9999999999999967e-01 
    7621            18      1.1547005383792524e+00 
    7622            18      4.0824829046386307e-01 
    7623            13     -9.9999999999999967e-01 
    7624            18     -7.0710678118654713e-01 
    7625            19      9.9999999999999956e-01 
    7626             9      1.9999999999999996e+00 
    7626            14      1.0000000000000000e+00 
    7626             0      2.0000000000000004e+00 
    7626             2      9.9999999999999967e-01 
    7660            10     -1.1547005383792519e+00 
    7663             6     -1.1547005383792519e+00 
    7669            10     -4.0824829046386296e-01 
    7671             6     -4.0824829046386296e-01 
    7678             3      9.9999999999999922e-01 
    7690            10     -7.0710678118654691e-01 
    7692             6     -7.0710678118654702e-01 
    7711             1     -9.9999999999999967e-01 
    7729            11     -9.9999999999999956e-01 
    7731             7     -9.9999999999999978e-01 
    7741            12      9.9999999999999933e-01 
    7743             8      9.9999999999999956e-01 
    7750            20      2.0000000000000013e+00 
    7750             5      1.0000000000000000e+00 
    7750             0      2.0000000000000004e+00 
    7750             2      9.9999999999999967e-01 
    7784            15     -3.3333333333333354e-01 
    7785            10     -1.0000000000000000e+00 
    7788             6     -1.1547005383792519e+00 
    7793            15     -4.7140452079103179e-01 
    7796             6     -4.0824829046386296e-01 
    7803             3      9.9999999999999922e-01 
    7814            15     -8.1649658092772559e-01 
    7817             6     -7.0710678118654702e-01 
    7836             1     -9.9999999999999967e-01 
    7853            16     -1.1547005383792515e+00 
    7856             7     -9.9999999999999978e-01 
    7865            17      1.1547005383792512e+00 
    7868             8      9.9999999999999956e-01 
    7874            19     -1.1547005383792517e+00 
    7875            20      1.0000000000000002e+00 
    7875            14      1.0000000000000000e+00 
    7875             5      1.0000000000000000e+00 
    7875             0      2.0000000000000004e+00 
    7875             2      9.9999999999999967e-01 
    7909            15      9.4280904158206336e-01 
    7914             6     -1.1547005383792519e+00 
    7918            15     -1.6666666666666660e-01 
    7919            10      4.9999999999999950e-01 
    7922             6     -4.0824829046386296e-01 
    7929             3      9.9999999999999922e-01 
    7939            15     -2.8867513459481259e-01 
    7940            10      8.6602540378443726e-01 
    7943             6     -7.0710678118654702e-01 
    7962             1     -9.9999999999999967e-01 
    7978            16     -4.0824829046386280e-01 
    7979            11      1.2247448713915876e+00 
    7982             7     -9.9999999999999978e-01 
    7990            17      4.0824829046386268e-01 
    7991            12     -1.2247448713915874e+00 
    7994             8      9.9999999999999956e-01 
    7999            19      8.1649658092772592e-01 
    8001            20      1.0000000000000000e+00 
    8001            14      9.9999999999999956e-01 
    8001             5      1.0000000000000000e+00 
    8001             0      2.0000000000000004e+00 
    8001             2      9.9999999999999967e-01 
    8036            15     -1.1547005383792519e+00 
    8041             6     -1.1547005383792519e+00 
    8045            15     -4.0824829046386285e-01 
    8049             6     -4.0824829046386296e-01 
    8056             3      9.9999999999999922e-01 
    8066            15     -7.0710678118654680e-01 
    8070             6     -7.0710678118654702e-01 
    8089             1     -9.9999999999999967e-01 
    8105            16     -9.9999999999999933e-01 
    8109             7     -9.9999999999999978e-01 
    8117            17      9.9999999999999922e-01 
    8121             8      9.9999999999999956e-01 
    8126            19     -1.1547005383792521e+00 
    8127            19      8.1649658092772570e-01 
    8128            14      2.0000000000000013e+00 
    8128             5      1.0000000000000000e+00 
    8128             0      2.0000000000000004e+00 
    8128             2      9.9999999999999967e-01 
    8164            10      1.1180339887498949e+00 
    8165            15     -3.3333333333333348e-01 
    8166            10      2.8867513459481303e-01 
    8169             6     -1.0000000000000000e+00 
    8173            15     -4.7140452079103179e-01 
    8174            10      4.0824829046386302e-01 
    8184             3      9.9999999999999922e-01 
    8194            15     -8.1649658092772559e-01 
    8195            10      7.0710678118654713e-01 
    8217             1     -9.9999999999999967e-01 
    8233            16     -1.1547005383792515e+00 
    8234            11      1.0000000000000000e+00 
    8245            17      1.1547005383792512e+00 
    8246            12     -9.9999999999999967e-01 
    8252            18     -1.1547005383792515e+00 
    8253            13      1.0000000000000000e+00 
    8256            20      1.0000000000000002e+00 
    8256             9      1.0000000000000000e+00 
    8256             5      1.0000000000000000e+00 
    8256             0      2.0000000000000004e+00 
    8256             2      9.9999999999999967e-01 
    8292            15     -1.1180339887498956e+00 
    8294            15      9.6225044864937770e-02 
    8295            15     -2.7216552697590896e-01 
    8296            10     -3.3333333333333354e-01 
    8298             6     -1.0000000000000000e+00 
    8302            15      1.3608276348795448e-01 
    8303            15     -3.8490017945975075e-01 
    8304            10     -4.7140452079103179e-01 
    8313             3      9.9999999999999922e-01 
    8323            15      2.3570226039551592e-01 
    8324            15     -6.6666666666666674e-01 
    8325            10     -8.1649658092772570e-01 
    8346             1     -9.9999999999999967e-01 
    8362            16      3.3333333333333359e-01 
    8363            16     -9.4280904158206380e-01 
    8364            11     -1.1547005383792517e+00 
    8374            17     -3.3333333333333354e-01 
    8375            17      9.4280904158206369e-01 
    8376            12      1.1547005383792515e+00 
    8381            18      3.3333333333333359e-01 
    8382            18     -9.4280904158206380e-01 
    8383            13     -1.1547005383792517e+00 
    8384            19      1.0000000000000002e+00 
    8385            14      1.0000000000000002e+00 
    8385             9      1.0000000000000000e+00 
    8385             5      1.0000000000000000e+00 
    8385             0      2.0000000000000004e+00 
    8385             2      9.9999999999999967e-01 
    8422            15      9.4280904158206291e-01 
    8424            10      1.1547005383792512e+00 
    8430            15     -1.6666666666666655e-01 
    8432            10     -2.0412414523193143e-01 
    8434            10      3.5355339059327340e-01 
    8435             6      4.9999999999999961e-01 
    8443             3      9.9999999999999922e-01 
    8451            15     -2.8867513459481248e-01 
    8453            10     -3.5355339059327340e-01 
    8455            10      6.1237243569579347e-01 
    8456             6      8.6602540378443738e-01 
    8476             1     -9.9999999999999967e-01 
    8490            16     -4.0824829046386263e-01 
    8492            11     -4.9999999999999978e-01 
    8494            11      8.6602540378443771e-01 
    8495             7      1.2247448713915881e+00 
    8502            17      4.0824829046386257e-01 
    8504            12      4.9999999999999961e-01 
    8506            12     -8.6602540378443749e-01 
    8507             8     -1.2247448713915876e+00 
    8509            18      8.1649658092772537e-01 
    8511            13      9.9999999999999967e-01 
    8515            20      1.0000000000000000e+00 
    8515             9      9.9999999999999956e-01 
    8515             5      1.0000000000000000e+00 
    8515             0      2.0000000000000004e+00 
    8515             2      9.9999999999999967e-01 
    8553            15     -1.0886621079036358e+00 
    8554            15     -3.8490017945975075e-01 
    8555            10      9.4280904158206336e-01 
    8561            15      1.9245008972987543e-01 
    8562            15      6.8041381743977183e-02 
    8563            10     -1.6666666666666663e-01 
    8564            15     -3.5355339059327340e-01 
    8566             6      4.9999999999999961e-01 
    8574             3      9.9999999999999922e-01 
    8582            15      3.3333333333333337e-01 
    8583            15      1.1785113019775788e-01 
    8584            10     -2.8867513459481264e-01 
    8585            15     -6.1237243569579358e-01 
    8587             6      8.6602540378443738e-01 
    8607             1     -9.9999999999999967e-01 
    8621            16      4.7140452079103201e-01 
    8622            16      1.6666666666666671e-01 
    8623            11     -4.0824829046386285e-01 
    8624            16     -8.6602540378443771e-01 
    8626             7      1.2247448713915881e+00 
    8633            17     -4.7140452079103190e-01 
    8634            17     -1.6666666666666669e-01 
    8635            12      4.0824829046386280e-01 
    8636            17      8.6602540378443771e-01 
    8638             8     -1.2247448713915876e+00 
    8640            18     -9.4280904158206413e-01 
    8641            18     -3.3333333333333354e-01 
    8642            13      8.1649658092772592e-01 
    8645            19      9.9999999999999956e-01 
    8646            14      1.0000000000000000e+00 
    8646             9      9.9999999999999956e-01 
    8646             5      1.0000000000000000e+00 
    8646             0      2.0000000000000004e+00 
    8646             2      9.9999999999999967e-01 
    8687            15     -1.1547005383792519e+00 
    8688            10     -1.1547005383792519e+00 
    8696            15     -4.0824829046386285e-01 
    8697            10     -4.0824829046386296e-01 
    8706             3      9.9999999999999922e-01 
    8717            15     -7.0710678118654680e-01 
    8718            10     -7.0710678118654691e-01 
    8739             1     -9.9999999999999967e-01 
    8756            16     -9.9999999999999933e-01 
    8757            11     -9.9999999999999956e-01 
    8768            17      9.9999999999999922e-01 
    8769            12      9.9999999999999933e-01 
    8774            18     -1.1547005383792521e+00 
    8775            13     -1.1547005383792521e+00 
    8776            18      8.1649658092772570e-01 
    8777            13      8.1649658092772570e-01 
    8778             9      2.0000000000000013e+00 
    8778             5      1.0000000000000000e+00 
    8778             0      2.0000000000000004e+00 
    8778             2      9.9999999999999967e-01 
    8821            15      8.6602540378443704e-01 
    8822            10     -8.6602540378443738e-01 
    8827             6     -1.2247448713915878e+00 
    8842            15     -4.9999999999999928e-01 
    8843            10      4.9999999999999944e-01 
    8848             6      7.0710678118654702e-01 
    8851             3     -9.9999999999999900e-01 
    8872             1     -9.9999999999999967e-01 
    8881            16     -7.0710678118654680e-01 
    8882            11      7.0710678118654713e-01 
    8887             7      9.9999999999999967e-01 
    8890             4     -1.4142135623730945e+00 
    8893            17     -7.0710678118654657e-01 
    8894            12      7.0710678118654691e-01 
    8899             8      9.9999999999999933e-01 
    8911            20      1.0000000000000000e+00 
    8911            14      9.9999999999999967e-01 
    8911             5      1.0000000000000000e+00 
    8911             0      2.0000000000000004e+00 
    8911             2      9.9999999999999967e-01 
    8956            15      8.6602540378443693e-01 
    8958            10      1.0606601717798194e+00 
    8960            10      6.1237243569579347e-01 
    8961             6     -8.6602540378443771e-01 
    8977            15     -4.9999999999999906e-01 
    8979            10     -6.1237243569579358e-01 
    8981            10     -3.5355339059327329e-01 
    8982             6      4.9999999999999961e-01 
    8985             3     -9.9999999999999900e-01 
    9006             1     -9.9999999999999967e-01 
    9016            16     -7.0710678118654646e-01 
    9018            11     -8.6602540378443771e-01 
    9020            11     -4.9999999999999950e-01 
    9021             7      7.0710678118654724e-01 
    9024             4     -1.4142135623730945e+00 
    9028            17     -7.0710678118654624e-01 
    9030            12     -8.6602540378443738e-01 
    9032            12     -4.9999999999999939e-01 
    9033             8      7.0710678118654702e-01 
    9044            13      9.9999999999999967e-01 
    9045            20      1.0000000000000000e+00 
    9045             9      9.9999999999999967e-01 
    9045             5      1.0000000000000000e+00 
    9045             0      2.0000000000000004e+00 
    9045             2      9.9999999999999967e-01 
    9091            15     -9.9999999999999956e-01 
    9092            15     -3.5355339059327345e-01 
    9093            10      8.6602540378443738e-01 
    9094            15     -6.1237243569579358e-01 
    9096             6     -8.6602540378443771e-01 
    9112            15      5.7735026918962562e-01 
    9113            15      2.0412414523193134e-01 
    9114            10     -4.9999999999999939e-01 
    9115            15      3.5355339059327329e-01 
    9117             6      4.9999999999999961e-01 
    9120             3     -9.9999999999999900e-01 
    9141             1     -9.9999999999999967e-01 
    9151            16      8.1649658092772615e-01 
    9152            16      2.8867513459481281e-01 
    9153            11     -7.0710678118654691e-01 
    9154            16      4.9999999999999950e-01 
    9156             7      7.0710678118654724e-01 
    9159             4     -1.4142135623730945e+00 
    9163            17      8.1649658092772603e-01 
    9164            17      2.8867513459481270e-01 
    9165            12     -7.0710678118654668e-01 
    9166            17      4.9999999999999939e-01 
    9168             8      7.0710678118654702e-01 
    9178            18     -9.9999999999999978e-01 
    9179            19      9.9999999999999956e-01 
    9180            14      1.0000000000000000e+00 
    9180             9      9.9999999999999967e-01 
    9180             5      1.0000000000000000e+00 
    9180             0      2.0000000000000004e+00 
    9180             2      9.9999999999999967e-01 
    9232            15      9.9999999999999767e-01 
    9234            10      1.2247448713915865e+00 
    9238             6      1.2247448713915872e+00 
    9253            10      7.0710678118654646e-01 
    9254             6      7.0710678118654668e-01 
    9277             1     -9.9999999999999967e-01 
    9292            11      9.9999999999999900e-01 
    9293             7      9.9999999999999933e-01 
    9304            17     -9.9999999999999856e-01 
    9306            12     -1.2247448713915876e+00 
    9310             8     -1.2247448713915883e+00 
    9313            12      7.0710678118654691e-01 
    9314             8      7.0710678118654713e-01 
    9316            20      1.0000000000000000e+00 
    9316             5      1.9999999999999996e+00 
    9316             0      2.0000000000000004e+00 
    9316             2      9.9999999999999967e-01 
    9369            15     -1.1547005383792506e+00 
    9370            15     -4.0824829046386246e-01 
    9371            10      9.9999999999999811e-01 
    9375             6      1.2247448713915872e+00 
    9389            15     -7.0710678118654646e-01 
    9391             6      7.0710678118654668e-01 
    9414             1     -9.9999999999999967e-01 
    9428            16     -9.9999999999999900e-01 
    9430             7      9.9999999999999933e-01 
    9441            17      1.1547005383792517e+00 
    9442            17      4.0824829046386285e-01 
    9443            12     -9.9999999999999900e-01 
    9447             8     -1.2247448713915883e+00 
    9449            17     -7.0710678118654702e-01 
    9451             8      7.0710678118654713e-01 
    9452            19      9.9999999999999956e-01 
    9453            14      1.0000000000000000e+00 
    9453             5      1.9999999999999996e+00 
    9453             0      2.0000000000000004e+00 
    9453             2      9.9999999999999967e-01 
    9509            15     -1.1547005383792512e+00 
    9510            10     -1.1547005383792512e+00 
    9511            15     -4.0824829046386268e-01 
    9512            10     -4.0824829046386268e-01 
    9513             6      9.9999999999999878e-01 
    9527            15     -7.0710678118654668e-01 
    9528            10     -7.0710678118654668e-01 
    9552             1     -9.9999999999999967e-01 
    9566            16     -9.9999999999999922e-01 
    9567            11     -9.9999999999999933e-01 
    9581            17      1.1547005383792524e+00 
    9582            12      1.1547005383792524e+00 
    9583            17      4.0824829046386302e-01 
    9584            12      4.0824829046386307e-01 
    9585             8     -9.9999999999999967e-01 
    9587            17     -7.0710678118654713e-01 
    9588            12     -7.0710678118654713e-01 
    9589            18      9.9999999999999933e-01 
    9590            13      9.9999999999999956e-01 
    9591             5      1.9999999999999996e+00 
    9591             9      1.0000000000000000e+00 
    9591             0      2.0000000000000004e+00 
    9591             2      9.9999999999999967e-01 
    9667            15      9.9999999999999856e-01 
    9668            10     -9.9999999999999900e-01 
    9673             6     -1.4142135623730943e+00 
    9685             3     -1.4142135623730945e+00 
    9706            16      9.9999999999999889e-01 
    9707            11     -9.9999999999999922e-01 
    9712             7     -1.4142135623730945e+00 
    9724             4     -1.4142135623730949e+00 
    9730            20      1.0000000000000000e+00 
    9730            14      9.9999999999999967e-01 
    9730             0      2.0000000000000004e+00 
    9730             2      2.0000000000000004e+00 
    9808            15      9.9999999999999822e-01 
    9810            10      1.2247448713915874e+00 
    9812            10      7.0710678118654668e-01 
    9813             6     -9.9999999999999922e-01 
    9825             3     -1.4142135623730945e+00 
    9847            16      9.9999999999999856e-01 
    9849            11      1.2247448713915876e+00 
    9851            11      7.0710678118654680e-01 
    9852             7     -9.9999999999999956e-01 
    9864             4     -1.4142135623730949e+00 
    9869            13      9.9999999999999967e-01 
    9870            20      1.0000000000000000e+00 
    9870             9      9.9999999999999967e-01 
    9870             0      2.0000000000000004e+00 
    9870             2      2.0000000000000004e+00 
    9949            15     -1.1547005383792515e+00 
    9950            15     -4.0824829046386280e-01 
    9951            10      9.9999999999999889e-01 
    9952            15     -7.0710678118654668e-01 
    9954             6     -9.9999999999999922e-01 
    9966             3     -1.4142135623730945e+00 
    9988            16     -1.1547005383792517e+00 
    9989            16     -4.0824829046386285e-01 
    9990            11      9.9999999999999900e-01 
    9991            16     -7.0710678118654680e-01 
    9993             7     -9.9999999999999956e-01 
   10005             4     -1.4142135623730949e+00 
   10009            18     -9.9999999999999978e-01 
   10010            19      9.9999999999999956e-01 
   10011            14      1.0000000000000000e+00 
   10011             9      9.9999999999999967e-01 
   10011             0      2.0000000000000004e+00 
   10011             2      2.0000000000000004e+00 
   10096            15      9.9999999999999789e-01 
   10098            10      1.2247448713915869e+00 
   10102             6      1.2247448713915876e+00 
   10105            10      7.0710678118654657e-01 
   10106             6      7.0710678118654680e-01 
   10108             3     -9.9999999999999956e-01 
   10135            16      9.9999999999999811e-01 
   10137            11      1.2247448713915872e+00 
   10141             7      1.2247448713915881e+00 
   10144            11      7.0710678118654668e-01 
   10145             7      7.0710678118654691e-01 
   10147             4     -9.9999999999999967e-01 
   10150            12      9.9999999999999933e-01 
   10151             8      9.9999999999999967e-01 
   10153            20      1.0000000000000000e+00 
   10153             0      2.0000000000000004e+00 
   10153             2      2.0000000000000004e+00 
   10153             5      9.9999999999999967e-01 
   10239            15     -1.1547005383792510e+00 
   10240            15     -4.0824829046386263e-01 
   10241            10      9.9999999999999856e-01 
   10245             6      1.2247448713915876e+00 
   10247            15     -7.0710678118654657e-01 
   10249             6      7.0710678118654680e-01 
   10251             3     -9.9999999999999956e-01 
   10278            16     -1.1547005383792512e+00 
   10279            16     -4.0824829046386268e-01 
   10280            11      9.9999999999999878e-01 
   10284             7      1.2247448713915881e+00 
   10286            16     -7.0710678118654668e-01 
   10288             7      7.0710678118654691e-01 
   10290             4     -9.9999999999999967e-01 
   10292            17     -9.9999999999999933e-01 
   10294             8      9.9999999999999967e-01 
   10295            19      9.9999999999999956e-01 
   10296            14      1.0000000000000000e+00 
   10296             0      2.0000000000000004e+00 
   10296             2      2.0000000000000004e+00 
   10296             5      9.9999999999999967e-01 
   10385            15     -1.1547005383792517e+00 
   10386            10     -1.1547005383792517e+00 
   10387            15     -4.0824829046386285e-01 
   10388            10     -4.0824829046386285e-01 
   10389             6      9.9999999999999900e-01 
   10391            15     -7.0710678118654668e-01 
   10392            10     -7.0710678118654680e-01 
   10395             3     -9.9999999999999956e-01 
   10424            16     -1.1547005383792519e+00 
   10425            11     -1.1547005383792519e+00 
   10426            16     -4.0824829046386296e-01 
   10427            11     -4.0824829046386296e-01 
   10428             7      9.9999999999999922e-01 
   10430            16     -7.0710678118654691e-01 
   10431            11     -7.0710678118654702e-01 
   10434             4     -9.9999999999999967e-01 
   10436            17     -9.9999999999999956e-01 
   10437            12     -9.9999999999999978e-01 
   10438            18      9.9999999999999933e-01 
   10439            13      9.9999999999999956e-01 
   10440             9      1.0000000000000000e+00 
   10440             0      2.0000000000000004e+00 
   10440             2      2.0000000000000004e+00 
   10440             5      9.9999999999999967e-01 
