 CSF List 
["u", "e", "e", "u", "f", "f"]
["u", "e", "e", "f", "u", "f"]
["u", "e", "e", "f", "f", "u"]
["u", "e", "u", "e", "f", "f"]
["u", "e", "u", "u", "d", "f"]
["u", "e", "u", "u", "f", "d"]
["u", "e", "u", "d", "u", "f"]
["u", "e", "u", "d", "f", "u"]
["u", "e", "u", "f", "e", "f"]
["u", "e", "u", "f", "u", "d"]
["u", "e", "u", "f", "d", "u"]
["u", "e", "u", "f", "f", "e"]
["u", "e", "d", "u", "u", "f"]
["u", "e", "d", "u", "f", "u"]
["u", "e", "d", "f", "u", "u"]
["u", "e", "f", "e", "u", "f"]
["u", "e", "f", "e", "f", "u"]
["u", "e", "f", "u", "e", "f"]
["u", "e", "f", "u", "u", "d"]
["u", "e", "f", "u", "d", "u"]
["u", "e", "f", "u", "f", "e"]
["u", "e", "f", "d", "u", "u"]
["u", "e", "f", "f", "e", "u"]
["u", "e", "f", "f", "u", "e"]
["u", "u", "e", "e", "f", "f"]
["u", "u", "e", "u", "d", "f"]
["u", "u", "e", "u", "f", "d"]
["u", "u", "e", "d", "u", "f"]
["u", "u", "e", "d", "f", "u"]
["u", "u", "e", "f", "e", "f"]
["u", "u", "e", "f", "u", "d"]
["u", "u", "e", "f", "d", "u"]
["u", "u", "e", "f", "f", "e"]
["u", "u", "u", "e", "d", "f"]
["u", "u", "u", "e", "f", "d"]
["u", "u", "u", "u", "d", "d"]
["u", "u", "u", "d", "e", "f"]
["u", "u", "u", "d", "u", "d"]
["u", "u", "u", "d", "d", "u"]
["u", "u", "u", "d", "f", "e"]
["u", "u", "u", "f", "e", "d"]
["u", "u", "u", "f", "d", "e"]
["u", "u", "d", "e", "u", "f"]
["u", "u", "d", "e", "f", "u"]
["u", "u", "d", "u", "e", "f"]
["u", "u", "d", "u", "u", "d"]
["u", "u", "d", "u", "d", "u"]
["u", "u", "d", "u", "f", "e"]
["u", "u", "d", "d", "u", "u"]
["u", "u", "d", "f", "e", "u"]
["u", "u", "d", "f", "u", "e"]
["u", "u", "f", "e", "e", "f"]
["u", "u", "f", "e", "u", "d"]
["u", "u", "f", "e", "d", "u"]
["u", "u", "f", "e", "f", "e"]
["u", "u", "f", "u", "e", "d"]
["u", "u", "f", "u", "d", "e"]
["u", "u", "f", "d", "e", "u"]
["u", "u", "f", "d", "u", "e"]
["u", "u", "f", "f", "e", "e"]
["u", "d", "e", "u", "u", "f"]
["u", "d", "e", "u", "f", "u"]
["u", "d", "e", "f", "u", "u"]
["u", "d", "u", "e", "u", "f"]
["u", "d", "u", "e", "f", "u"]
["u", "d", "u", "u", "e", "f"]
["u", "d", "u", "u", "u", "d"]
["u", "d", "u", "u", "d", "u"]
["u", "d", "u", "u", "f", "e"]
["u", "d", "u", "d", "u", "u"]
["u", "d", "u", "f", "e", "u"]
["u", "d", "u", "f", "u", "e"]
["u", "d", "f", "e", "u", "u"]
["u", "d", "f", "u", "e", "u"]
["u", "d", "f", "u", "u", "e"]
["u", "f", "e", "e", "u", "f"]
["u", "f", "e", "e", "f", "u"]
["u", "f", "e", "u", "e", "f"]
["u", "f", "e", "u", "u", "d"]
["u", "f", "e", "u", "d", "u"]
["u", "f", "e", "u", "f", "e"]
["u", "f", "e", "d", "u", "u"]
["u", "f", "e", "f", "e", "u"]
["u", "f", "e", "f", "u", "e"]
["u", "f", "u", "e", "e", "f"]
["u", "f", "u", "e", "u", "d"]
["u", "f", "u", "e", "d", "u"]
["u", "f", "u", "e", "f", "e"]
["u", "f", "u", "u", "e", "d"]
["u", "f", "u", "u", "d", "e"]
["u", "f", "u", "d", "e", "u"]
["u", "f", "u", "d", "u", "e"]
["u", "f", "u", "f", "e", "e"]
["u", "f", "d", "e", "u", "u"]
["u", "f", "d", "u", "e", "u"]
["u", "f", "d", "u", "u", "e"]
["u", "f", "f", "e", "e", "u"]
["u", "f", "f", "e", "u", "e"]
["u", "f", "f", "u", "e", "e"]
["f", "e", "e", "u", "u", "f"]
["f", "e", "e", "u", "f", "u"]
["f", "e", "e", "f", "u", "u"]
["f", "e", "u", "e", "u", "f"]
["f", "e", "u", "e", "f", "u"]
["f", "e", "u", "u", "e", "f"]
["f", "e", "u", "u", "u", "d"]
["f", "e", "u", "u", "d", "u"]
["f", "e", "u", "u", "f", "e"]
["f", "e", "u", "d", "u", "u"]
["f", "e", "u", "f", "e", "u"]
["f", "e", "u", "f", "u", "e"]
["f", "e", "f", "e", "u", "u"]
["f", "e", "f", "u", "e", "u"]
["f", "e", "f", "u", "u", "e"]
["f", "u", "e", "e", "u", "f"]
["f", "u", "e", "e", "f", "u"]
["f", "u", "e", "u", "e", "f"]
["f", "u", "e", "u", "u", "d"]
["f", "u", "e", "u", "d", "u"]
["f", "u", "e", "u", "f", "e"]
["f", "u", "e", "d", "u", "u"]
["f", "u", "e", "f", "e", "u"]
["f", "u", "e", "f", "u", "e"]
["f", "u", "u", "e", "e", "f"]
["f", "u", "u", "e", "u", "d"]
["f", "u", "u", "e", "d", "u"]
["f", "u", "u", "e", "f", "e"]
["f", "u", "u", "u", "e", "d"]
["f", "u", "u", "u", "d", "e"]
["f", "u", "u", "d", "e", "u"]
["f", "u", "u", "d", "u", "e"]
["f", "u", "u", "f", "e", "e"]
["f", "u", "d", "e", "u", "u"]
["f", "u", "d", "u", "e", "u"]
["f", "u", "d", "u", "u", "e"]
["f", "u", "f", "e", "e", "u"]
["f", "u", "f", "e", "u", "e"]
["f", "u", "f", "u", "e", "e"]
["f", "f", "e", "e", "u", "u"]
["f", "f", "e", "u", "e", "u"]
["f", "f", "e", "u", "u", "e"]
["f", "f", "u", "e", "e", "u"]
["f", "f", "u", "e", "u", "e"]
["f", "f", "u", "u", "e", "e"]
 Energy Expression 
       I       J       pqrs     Coef 
       1       1            20      2.0000000000000013e+00 
       1       1             0      9.9999999999999967e-01 
       1       1            14      2.0000000000000013e+00 
       1       1             9      1.0000000000000000e+00 
       1       2            13     -9.9999999999999956e-01 
       1       3            18     -9.9999999999999933e-01 
       1       4             8      9.9999999999999967e-01 
       1       5            12      1.1547005383792524e+00 
       1       6            17      1.1547005383792524e+00 
       1       7            12      4.0824829046386307e-01 
       1       8            17      4.0824829046386302e-01 
       1      13            12     -7.0710678118654713e-01 
       1      14            17     -7.0710678118654713e-01 
       1      25             7      9.9999999999999900e-01 
       1      26            11      1.1547005383792517e+00 
       1      27            16      1.1547005383792517e+00 
       1      28            11      4.0824829046386285e-01 
       1      29            16      4.0824829046386285e-01 
       1      61            11     -7.0710678118654702e-01 
       1      62            16     -7.0710678118654691e-01 
       1     100            10      9.9999999999999900e-01 
       1     101            15      9.9999999999999889e-01 
       2       1            13     -9.9999999999999967e-01 
       2       2            20      2.0000000000000013e+00 
       2       2             0      9.9999999999999967e-01 
       2       2            14      1.0000000000000000e+00 
       2       2             9      1.9999999999999996e+00 
       2       3            19     -9.9999999999999956e-01 
       2       7             8     -1.2247448713915883e+00 
       2       9            12      9.9999999999999900e-01 
       2      10            17      1.1547005383792517e+00 
       2      11            17      4.0824829046386285e-01 
       2      13             8      7.0710678118654713e-01 
       2      15            17     -7.0710678118654702e-01 
       2      28             7     -1.2247448713915876e+00 
       2      30            11      9.9999999999999856e-01 
       2      31            16      1.1547005383792510e+00 
       2      32            16      4.0824829046386263e-01 
       2      61             7      7.0710678118654691e-01 
       2      63            16     -7.0710678118654668e-01 
       2     100             6     -9.9999999999999900e-01 
       2     102            15      9.9999999999999878e-01 
       3       1            18     -9.9999999999999900e-01 
       3       2            19     -9.9999999999999967e-01 
       3       3            20      1.0000000000000000e+00 
       3       3             0      9.9999999999999967e-01 
       3       3             9      1.9999999999999996e+00 
       3       3            14      1.9999999999999996e+00 
       3       8             8     -1.2247448713915883e+00 
       3      11            12     -1.2247448713915876e+00 
       3      12            17      9.9999999999999856e-01 
       3      14             8      7.0710678118654713e-01 
       3      15            12      7.0710678118654691e-01 
       3      29             7     -1.2247448713915876e+00 
       3      32            11     -1.2247448713915869e+00 
       3      33            16      9.9999999999999789e-01 
       3      62             7      7.0710678118654691e-01 
       3      63            11      7.0710678118654668e-01 
       3     101             6     -9.9999999999999900e-01 
       3     102            10     -9.9999999999999878e-01 
       4       1             8      9.9999999999999956e-01 
       4       4            20      2.0000000000000013e+00 
       4       4             0      9.9999999999999967e-01 
       4       4             5      1.0000000000000000e+00 
       4       4            14      2.0000000000000013e+00 
       4       5            13     -1.1547005383792521e+00 
       4       6            18     -1.1547005383792521e+00 
       4       7            13      8.1649658092772570e-01 
       4       8            18      8.1649658092772570e-01 
       4      16            12     -9.9999999999999933e-01 
       4      17            17     -9.9999999999999922e-01 
       4      25             4      9.9999999999999967e-01 
       4      34            11      1.1547005383792524e+00 
       4      35            16      1.1547005383792524e+00 
       4      43            11      4.0824829046386302e-01 
       4      44            16      4.0824829046386302e-01 
       4      64            11     -7.0710678118654713e-01 
       4      65            16     -7.0710678118654702e-01 
       4     103            10      9.9999999999999922e-01 
       4     104            15      9.9999999999999900e-01 
       5       1            12      1.1547005383792515e+00 
       5       4            13     -1.1547005383792517e+00 
       5       5            20      2.0000000000000013e+00 
       5       5             9      1.0000000000000000e+00 
       5       5             0      9.9999999999999967e-01 
       5       5            14      1.0000000000000002e+00 
       5       5             5      1.0000000000000000e+00 
       5       6            19     -1.0000000000000002e+00 
       5       9            13     -1.1547005383792517e+00 
       5      10            18     -3.3333333333333359e-01 
       5      11            18      9.4280904158206380e-01 
       5      18            12      1.1547005383792515e+00 
       5      19            17      3.3333333333333354e-01 
       5      20            17     -9.4280904158206369e-01 
       5      26             4      9.9999999999999967e-01 
       5      34             7     -1.0000000000000002e+00 
       5      36            16      1.1180339887498960e+00 
       5      37            11     -3.3333333333333365e-01 
       5      38            16     -9.6225044864937798e-02 
       5      39            16      2.7216552697590912e-01 
       5      45            11     -4.7140452079103201e-01 
       5      46            16     -1.3608276348795453e-01 
       5      47            16      3.8490017945975091e-01 
       5      66            11      8.1649658092772592e-01 
       5      67            16      2.3570226039551601e-01 
       5      68            16     -6.6666666666666685e-01 
       5     105            10     -1.1547005383792512e+00 
       5     106            15     -3.3333333333333348e-01 
       5     107            15      9.4280904158206358e-01 
       6       1            17      1.1547005383792512e+00 
       6       4            18     -1.1547005383792515e+00 
       6       5            19     -1.0000000000000002e+00 
       6       6             9      1.0000000000000000e+00 
       6       6             0      9.9999999999999967e-01 
       6       6            20      1.0000000000000002e+00 
       6       6             5      1.0000000000000000e+00 
       6       6            14      2.0000000000000004e+00 
       6      10            13     -1.0000000000000000e+00 
       6      12            18     -1.1547005383792515e+00 
       6      19            12      9.9999999999999967e-01 
       6      21            17      1.1547005383792512e+00 
       6      27             4      9.9999999999999967e-01 
       6      35             7     -1.0000000000000002e+00 
       6      36            11     -1.1180339887498953e+00 
       6      38            11     -2.8867513459481309e-01 
       6      40            16     -3.3333333333333359e-01 
       6      46            11     -4.0824829046386318e-01 
       6      48            16     -4.7140452079103190e-01 
       6      67            11      7.0710678118654735e-01 
       6      69            16      8.1649658092772592e-01 
       6     106            10     -9.9999999999999956e-01 
       6     108            15     -1.1547005383792510e+00 
       7       1            12      4.0824829046386280e-01 
       7       2             8     -1.2247448713915876e+00 
       7       4            13      8.1649658092772592e-01 
       7       7            20      2.0000000000000013e+00 
       7       7             0      9.9999999999999967e-01 
       7       7             9      9.9999999999999956e-01 
       7       7             5      1.0000000000000000e+00 
       7       7            14      1.0000000000000000e+00 
       7       8            19     -9.9999999999999956e-01 
       7       9            13      8.1649658092772592e-01 
       7      10            18      9.4280904158206413e-01 
       7      11            18      3.3333333333333354e-01 
       7      16             8     -1.2247448713915876e+00 
       7      18            12      4.0824829046386280e-01 
       7      19            17      4.7140452079103190e-01 
       7      20            17      1.6666666666666669e-01 
       7      22            17     -8.6602540378443771e-01 
       7      28             4      9.9999999999999967e-01 
       7      37            11      9.4280904158206369e-01 
       7      38            16      1.0886621079036365e+00 
       7      39            16      3.8490017945975091e-01 
       7      43             7      4.9999999999999978e-01 
       7      45            11     -1.6666666666666669e-01 
       7      46            16     -1.9245008972987551e-01 
       7      47            16     -6.8041381743977211e-02 
       7      49            16      3.5355339059327356e-01 
       7      64             7     -8.6602540378443771e-01 
       7      66            11      2.8867513459481270e-01 
       7      67            16      3.3333333333333348e-01 
       7      68            16      1.1785113019775792e-01 
       7      70            16     -6.1237243569579369e-01 
       7     103             6      1.2247448713915874e+00 
       7     105            10     -4.0824829046386268e-01 
       7     106            15     -4.7140452079103184e-01 
       7     107            15     -1.6666666666666666e-01 
       7     109            15      8.6602540378443749e-01 
       8       1            17      4.0824829046386257e-01 
       8       3             8     -1.2247448713915876e+00 
       8       4            18      8.1649658092772537e-01 
       8       7            19     -9.9999999999999967e-01 
       8       8            20      1.0000000000000000e+00 
       8       8             0      9.9999999999999967e-01 
       8       8             9      9.9999999999999956e-01 
       8       8             5      1.0000000000000000e+00 
       8       8            14      1.9999999999999996e+00 
       8      11            13     -9.9999999999999967e-01 
       8      12            18      8.1649658092772537e-01 
       8      17             8     -1.2247448713915876e+00 
       8      20            12     -4.9999999999999961e-01 
       8      21            17      4.0824829046386257e-01 
       8      22            12      8.6602540378443749e-01 
       8      29             4      9.9999999999999967e-01 
       8      39            11     -1.1547005383792517e+00 
       8      40            16      9.4280904158206325e-01 
       8      44             7      4.9999999999999978e-01 
       8      47            11      2.0412414523193148e-01 
       8      48            16     -1.6666666666666660e-01 
       8      49            11     -3.5355339059327351e-01 
       8      65             7     -8.6602540378443771e-01 
       8      68            11     -3.5355339059327345e-01 
       8      69            16      2.8867513459481253e-01 
       8      70            11      6.1237243569579369e-01 
       8     104             6      1.2247448713915874e+00 
       8     107            10      4.9999999999999950e-01 
       8     108            15     -4.0824829046386246e-01 
       8     109            10     -8.6602540378443738e-01 
       9       2            12      9.9999999999999933e-01 
       9       5            13     -1.1547005383792521e+00 
       9       7            13      8.1649658092772570e-01 
       9       9             9      2.0000000000000013e+00 
       9       9            20      2.0000000000000013e+00 
       9       9             0      9.9999999999999967e-01 
       9       9             5      1.0000000000000000e+00 
       9      10            19     -1.1547005383792521e+00 
       9      11            19      8.1649658092772570e-01 
       9      18             8     -9.9999999999999956e-01 
       9      23            17     -9.9999999999999922e-01 
       9      30             4      9.9999999999999967e-01 
       9      37             7      1.1547005383792524e+00 
       9      41            16      1.1547005383792524e+00 
       9      45             7      4.0824829046386307e-01 
       9      50            16      4.0824829046386302e-01 
       9      66             7     -7.0710678118654713e-01 
       9      71            16     -7.0710678118654702e-01 
       9     105             6      9.9999999999999933e-01 
       9     110            15      9.9999999999999900e-01 
      10       2            17      1.1547005383792512e+00 
      10       5            18     -3.3333333333333359e-01 
      10       6            13     -1.0000000000000002e+00 
      10       7            18      9.4280904158206336e-01 
      10       9            19     -1.1547005383792517e+00 
      10      10             9      2.0000000000000013e+00 
      10      10             0      9.9999999999999967e-01 
      10      10            20      1.0000000000000002e+00 
      10      10             5      1.0000000000000000e+00 
      10      10            14      1.0000000000000000e+00 
      10      12            19     -1.1547005383792517e+00 
      10      19             8     -9.9999999999999956e-01 
      10      24            17      1.1547005383792512e+00 
      10      31             4      9.9999999999999967e-01 
      10      38             7      1.1547005383792524e+00 
      10      41            11     -1.0000000000000002e+00 
      10      42            16     -3.3333333333333365e-01 
      10      46             7      4.0824829046386307e-01 
      10      51            16     -4.7140452079103190e-01 
      10      67             7     -7.0710678118654713e-01 
      10      72            16      8.1649658092772592e-01 
      10     106             6      9.9999999999999933e-01 
      10     111            15     -1.1547005383792512e+00 
      11       2            17      4.0824829046386268e-01 
      11       3            12     -1.2247448713915874e+00 
      11       5            18      9.4280904158206358e-01 
      11       7            18      3.3333333333333320e-01 
      11       8            13     -9.9999999999999889e-01 
      11       9            19      8.1649658092772592e-01 
      11      11             9      2.0000000000000013e+00 
      11      11            20      1.0000000000000000e+00 
      11      11             0      9.9999999999999967e-01 
      11      11             5      1.0000000000000000e+00 
      11      11            14      9.9999999999999956e-01 
      11      12            19      8.1649658092772592e-01 
      11      20             8     -9.9999999999999956e-01 
      11      23            12     -1.2247448713915874e+00 
      11      24            17      4.0824829046386268e-01 
      11      32             4      9.9999999999999967e-01 
      11      39             7      1.1547005383792524e+00 
      11      42            16      9.4280904158206369e-01 
      11      47             7      4.0824829046386307e-01 
      11      50            11      4.9999999999999967e-01 
      11      51            16     -1.6666666666666666e-01 
      11      68             7     -7.0710678118654713e-01 
      11      71            11     -8.6602540378443749e-01 
      11      72            16      2.8867513459481264e-01 
      11     107             6      9.9999999999999933e-01 
      11     110            10      1.2247448713915872e+00 
      11     111            15     -4.0824829046386263e-01 
      12       3            17      9.9999999999999922e-01 
      12       6            18     -1.1547005383792521e+00 
      12       8            18      8.1649658092772570e-01 
      12      10            19     -1.1547005383792521e+00 
      12      11            19      8.1649658092772570e-01 
      12      12             9      2.0000000000000013e+00 
      12      12             0      9.9999999999999967e-01 
      12      12            14      2.0000000000000013e+00 
      12      12             5      1.0000000000000000e+00 
      12      21             8     -9.9999999999999956e-01 
      12      24            12     -9.9999999999999933e-01 
      12      33             4      9.9999999999999967e-01 
      12      40             7      1.1547005383792524e+00 
      12      42            11      1.1547005383792524e+00 
      12      48             7      4.0824829046386307e-01 
      12      51            11      4.0824829046386302e-01 
      12      69             7     -7.0710678118654713e-01 
      12      72            11     -7.0710678118654713e-01 
      12     108             6      9.9999999999999933e-01 
      12     111            10      9.9999999999999922e-01 
      13       1            12     -7.0710678118654668e-01 
      13       2             8      7.0710678118654702e-01 
      13      13            20      2.0000000000000013e+00 
      13      13             0      9.9999999999999967e-01 
      13      13             9      9.9999999999999967e-01 
      13      13            14      1.0000000000000000e+00 
      13      13             5      1.0000000000000000e+00 
      13      14            19     -9.9999999999999956e-01 
      13      15            18      9.9999999999999978e-01 
      13      16             8      7.0710678118654702e-01 
      13      18            12     -7.0710678118654668e-01 
      13      19            17     -8.1649658092772603e-01 
      13      20            17     -2.8867513459481270e-01 
      13      22            17     -4.9999999999999939e-01 
      13      43             7     -8.6602540378443782e-01 
      13      45            11      8.6602540378443749e-01 
      13      46            16      9.9999999999999978e-01 
      13      47            16      3.5355339059327356e-01 
      13      49            16      6.1237243569579369e-01 
      13      61             4      9.9999999999999956e-01 
      13      64             7     -4.9999999999999978e-01 
      13      66            11      4.9999999999999950e-01 
      13      67            16      5.7735026918962584e-01 
      13      68            16      2.0412414523193143e-01 
      13      70            16      3.5355339059327340e-01 
      13     100             3     -1.4142135623730940e+00 
      13     103             6      7.0710678118654702e-01 
      13     105            10     -7.0710678118654668e-01 
      13     106            15     -8.1649658092772603e-01 
      13     107            15     -2.8867513459481270e-01 
      13     109            15     -4.9999999999999939e-01 
      14       1            17     -7.0710678118654624e-01 
      14       3             8      7.0710678118654702e-01 
      14      13            19     -9.9999999999999967e-01 
      14      14            20      1.0000000000000000e+00 
      14      14             0      9.9999999999999967e-01 
      14      14             9      9.9999999999999967e-01 
      14      14             5      1.0000000000000000e+00 
      14      14            14      1.9999999999999996e+00 
      14      15            13     -9.9999999999999967e-01 
      14      17             8      7.0710678118654702e-01 
      14      20            12      8.6602540378443738e-01 
      14      21            17     -7.0710678118654624e-01 
      14      22            12      4.9999999999999939e-01 
      14      44             7     -8.6602540378443782e-01 
      14      47            11     -1.0606601717798199e+00 
      14      48            16      8.6602540378443704e-01 
      14      49            11     -6.1237243569579369e-01 
      14      62             4      9.9999999999999956e-01 
      14      65             7     -4.9999999999999978e-01 
      14      68            11     -6.1237243569579380e-01 
      14      69            16      4.9999999999999928e-01 
      14      70            11     -3.5355339059327340e-01 
      14     101             3     -1.4142135623730940e+00 
      14     104             6      7.0710678118654702e-01 
      14     107            10      8.6602540378443738e-01 
      14     108            15     -7.0710678118654624e-01 
      14     109            10      4.9999999999999939e-01 
      15       2            17     -7.0710678118654657e-01 
      15       3            12      7.0710678118654691e-01 
      15      13            18      9.9999999999999922e-01 
      15      14            13     -9.9999999999999967e-01 
      15      15            20      1.0000000000000000e+00 
      15      15             0      9.9999999999999967e-01 
      15      15             5      1.0000000000000000e+00 
      15      15             9      2.0000000000000004e+00 
      15      15            14      9.9999999999999967e-01 
      15      22             8     -9.9999999999999933e-01 
      15      23            12      7.0710678118654691e-01 
      15      24            17     -7.0710678118654657e-01 
      15      49             7      1.2247448713915881e+00 
      15      50            11     -8.6602540378443771e-01 
      15      51            16      8.6602540378443738e-01 
      15      63             4      9.9999999999999956e-01 
      15      70             7      7.0710678118654724e-01 
      15      71            11     -4.9999999999999961e-01 
      15      72            16      4.9999999999999944e-01 
      15     102             3     -1.4142135623730940e+00 
      15     109             6     -9.9999999999999933e-01 
      15     110            10      7.0710678118654691e-01 
      15     111            15     -7.0710678118654657e-01 
      16       4            12     -9.9999999999999900e-01 
      16       7             8     -1.2247448713915883e+00 
      16      13             8      7.0710678118654713e-01 
      16      16            20      2.0000000000000013e+00 
      16      16             0      9.9999999999999967e-01 
      16      16             5      1.9999999999999996e+00 
      16      16            14      1.0000000000000000e+00 
      16      17            19     -9.9999999999999956e-01 
      16      18            13      9.9999999999999967e-01 
      16      19            18      1.1547005383792524e+00 
      16      20            18      4.0824829046386307e-01 
      16      22            18     -7.0710678118654713e-01 
      16      43             4     -1.2247448713915883e+00 
      16      52            11      9.9999999999999856e-01 
      16      53            16      1.1547005383792510e+00 
      16      54            16      4.0824829046386263e-01 
      16      64             4      7.0710678118654713e-01 
      16      73            16     -7.0710678118654668e-01 
      16     103             3     -9.9999999999999933e-01 
      16     112            15      9.9999999999999878e-01 
      17       4            17     -9.9999999999999856e-01 
      17       8             8     -1.2247448713915883e+00 
      17      14             8      7.0710678118654713e-01 
      17      16            19     -9.9999999999999967e-01 
      17      17            20      1.0000000000000000e+00 
      17      17             0      9.9999999999999967e-01 
      17      17             5      1.9999999999999996e+00 
      17      17            14      1.9999999999999996e+00 
      17      20            13     -1.2247448713915883e+00 
      17      21            18      9.9999999999999900e-01 
      17      22            13      7.0710678118654713e-01 
      17      44             4     -1.2247448713915883e+00 
      17      54            11     -1.2247448713915869e+00 
      17      55            16      9.9999999999999789e-01 
      17      65             4      7.0710678118654713e-01 
      17      73            11      7.0710678118654668e-01 
      17     104             3     -9.9999999999999933e-01 
      17     112            10     -9.9999999999999878e-01 
      18       5            12      1.1547005383792524e+00 
      18       7            12      4.0824829046386307e-01 
      18       9             8     -9.9999999999999967e-01 
      18      13            12     -7.0710678118654713e-01 
      18      16            13      9.9999999999999956e-01 
      18      18            20      2.0000000000000013e+00 
      18      18             0      9.9999999999999967e-01 
      18      18             9      1.0000000000000000e+00 
      18      18             5      1.9999999999999996e+00 
      18      19            19     -1.1547005383792521e+00 
      18      20            19      8.1649658092772570e-01 
      18      23            18     -9.9999999999999933e-01 
      18      45             4     -1.2247448713915883e+00 
      18      52             7      9.9999999999999900e-01 
      18      56            16      1.1547005383792517e+00 
      18      58            16      4.0824829046386285e-01 
      18      66             4      7.0710678118654713e-01 
      18      74            16     -7.0710678118654691e-01 
      18     105             3     -9.9999999999999933e-01 
      18     113            15      9.9999999999999889e-01 
      19       5            17      3.3333333333333365e-01 
      19       6            12      1.0000000000000002e+00 
      19       7            17      4.7140452079103201e-01 
      19      10             8     -9.9999999999999967e-01 
      19      13            17     -8.1649658092772592e-01 
      19      16            18      1.1547005383792515e+00 
      19      18            19     -1.1547005383792517e+00 
      19      19             0      9.9999999999999967e-01 
      19      19             9      1.0000000000000000e+00 
      19      19             5      1.9999999999999996e+00 
      19      19            20      1.0000000000000002e+00 
      19      19            14      1.0000000000000000e+00 
      19      21            19     -1.1547005383792517e+00 
      19      24            18      1.1547005383792515e+00 
      19      46             4     -1.2247448713915883e+00 
      19      53             7      9.9999999999999900e-01 
      19      56            11     -9.9999999999999978e-01 
      19      57            16     -3.3333333333333348e-01 
      19      59            16     -4.7140452079103168e-01 
      19      67             4      7.0710678118654713e-01 
      19      75            16      8.1649658092772570e-01 
      19     106             3     -9.9999999999999933e-01 
      19     114            15     -1.1547005383792510e+00 
      20       5            17     -9.4280904158206369e-01 
      20       7            17      1.6666666666666669e-01 
      20       8            12     -4.9999999999999978e-01 
      20      11             8     -9.9999999999999967e-01 
      20      13            17     -2.8867513459481270e-01 
      20      14            12      8.6602540378443771e-01 
      20      16            18      4.0824829046386280e-01 
      20      17            13     -1.2247448713915876e+00 
      20      18            19      8.1649658092772592e-01 
      20      20            20      1.0000000000000000e+00 
      20      20             0      9.9999999999999967e-01 
      20      20             9      1.0000000000000000e+00 
      20      20             5      1.9999999999999996e+00 
      20      20            14      9.9999999999999956e-01 
      20      21            19      8.1649658092772592e-01 
      20      23            13     -1.2247448713915876e+00 
      20      24            18      4.0824829046386280e-01 
      20      47             4     -1.2247448713915883e+00 
      20      54             7      9.9999999999999900e-01 
      20      57            16      9.4280904158206325e-01 
      20      58            11      4.9999999999999944e-01 
      20      59            16     -1.6666666666666660e-01 
      20      68             4      7.0710678118654713e-01 
      20      74            11     -8.6602540378443738e-01 
      20      75            16      2.8867513459481264e-01 
      20     107             3     -9.9999999999999933e-01 
      20     113            10      1.2247448713915869e+00 
      20     114            15     -4.0824829046386257e-01 
      21       6            17      1.1547005383792524e+00 
      21       8            17      4.0824829046386302e-01 
      21      12             8     -9.9999999999999967e-01 
      21      14            17     -7.0710678118654713e-01 
      21      17            18      9.9999999999999933e-01 
      21      19            19     -1.1547005383792521e+00 
      21      20            19      8.1649658092772570e-01 
      21      21             0      9.9999999999999967e-01 
      21      21             9      1.0000000000000000e+00 
      21      21             5      1.9999999999999996e+00 
      21      21            14      2.0000000000000013e+00 
      21      24            13     -9.9999999999999956e-01 
      21      48             4     -1.2247448713915883e+00 
      21      55             7      9.9999999999999900e-01 
      21      57            11      1.1547005383792517e+00 
      21      59            11      4.0824829046386285e-01 
      21      69             4      7.0710678118654713e-01 
      21      75            11     -7.0710678118654702e-01 
      21     108             3     -9.9999999999999933e-01 
      21     114            10      9.9999999999999900e-01 
      22       7            17     -8.6602540378443749e-01 
      22       8            12      8.6602540378443782e-01 
      22      13            17     -4.9999999999999950e-01 
      22      14            12      4.9999999999999978e-01 
      22      15             8     -9.9999999999999956e-01 
      22      16            18     -7.0710678118654668e-01 
      22      17            13      7.0710678118654702e-01 
      22      22             9      1.0000000000000000e+00 
      22      22            20      1.0000000000000000e+00 
      22      22             0      9.9999999999999967e-01 
      22      22             5      1.9999999999999996e+00 
      22      22            14      9.9999999999999967e-01 
      22      23            13      7.0710678118654702e-01 
      22      24            18     -7.0710678118654668e-01 
      22      49             4     -1.2247448713915883e+00 
      22      58            11     -8.6602540378443738e-01 
      22      59            16      8.6602540378443704e-01 
      22      70             4      7.0710678118654713e-01 
      22      73             7      9.9999999999999900e-01 
      22      74            11     -4.9999999999999961e-01 
      22      75            16      4.9999999999999939e-01 
      22     109             3     -9.9999999999999933e-01 
      22     112             6     -1.4142135623730936e+00 
      22     113            10      7.0710678118654680e-01 
      22     114            15     -7.0710678118654646e-01 
      23       9            17     -9.9999999999999856e-01 
      23      11            12     -1.2247448713915876e+00 
      23      15            12      7.0710678118654691e-01 
      23      18            18     -9.9999999999999900e-01 
      23      20            13     -1.2247448713915883e+00 
      23      22            13      7.0710678118654713e-01 
      23      23            20      1.0000000000000000e+00 
      23      23             0      9.9999999999999967e-01 
      23      23             5      1.9999999999999996e+00 
      23      23             9      1.9999999999999996e+00 
      23      24            19      9.9999999999999967e-01 
      23      50             4     -1.2247448713915883e+00 
      23      58             7     -1.2247448713915876e+00 
      23      60            16      9.9999999999999789e-01 
      23      71             4      7.0710678118654713e-01 
      23      74             7      7.0710678118654691e-01 
      23     110             3     -9.9999999999999933e-01 
      23     113             6     -9.9999999999999900e-01 
      24      10            17      1.1547005383792517e+00 
      24      11            17      4.0824829046386285e-01 
      24      12            12     -9.9999999999999900e-01 
      24      15            17     -7.0710678118654702e-01 
      24      19            18      1.1547005383792524e+00 
      24      20            18      4.0824829046386307e-01 
      24      21            13     -9.9999999999999967e-01 
      24      22            18     -7.0710678118654713e-01 
      24      23            19      9.9999999999999956e-01 
      24      24             0      9.9999999999999967e-01 
      24      24             5      1.9999999999999996e+00 
      24      24             9      1.9999999999999996e+00 
      24      24            14      1.0000000000000000e+00 
      24      51             4     -1.2247448713915883e+00 
      24      59             7     -1.2247448713915876e+00 
      24      60            11      9.9999999999999856e-01 
      24      72             4      7.0710678118654713e-01 
      24      75             7      7.0710678118654691e-01 
      24     111             3     -9.9999999999999933e-01 
      24     114             6     -9.9999999999999900e-01 
      25       1             7      9.9999999999999933e-01 
      25       4             4      9.9999999999999956e-01 
      25      25            20      2.0000000000000013e+00 
      25      25             2      1.0000000000000000e+00 
      25      25             0      9.9999999999999967e-01 
      25      25            14      2.0000000000000013e+00 
      25      26            13     -1.1547005383792521e+00 
      25      27            18     -1.1547005383792521e+00 
      25      28            13      8.1649658092772570e-01 
      25      29            18      8.1649658092772570e-01 
      25      34            12     -1.1547005383792521e+00 
      25      35            17     -1.1547005383792521e+00 
      25      43            12      8.1649658092772570e-01 
      25      44            17      8.1649658092772559e-01 
      25      76            11     -9.9999999999999922e-01 
      25      77            16     -9.9999999999999900e-01 
      25     115            10      9.9999999999999933e-01 
      25     116            15      9.9999999999999922e-01 
      26       1            11      1.1547005383792512e+00 
      26       5             4      9.9999999999999956e-01 
      26      25            13     -1.1547005383792517e+00 
      26      26            20      2.0000000000000013e+00 
      26      26             9      1.0000000000000000e+00 
      26      26             2      1.0000000000000000e+00 
      26      26             0      9.9999999999999967e-01 
      26      26            14      1.0000000000000002e+00 
      26      27            19     -1.0000000000000002e+00 
      26      30            13     -1.1547005383792517e+00 
      26      31            18     -3.3333333333333359e-01 
      26      32            18      9.4280904158206380e-01 
      26      34             8      1.0000000000000002e+00 
      26      36            17     -1.1180339887498956e+00 
      26      37            12      3.3333333333333359e-01 
      26      38            17      9.6225044864937770e-02 
      26      39            17     -2.7216552697590901e-01 
      26      45            12     -9.4280904158206336e-01 
      26      46            17     -2.7216552697590890e-01 
      26      47            17      7.6980035891950138e-01 
      26      78            11      1.1547005383792512e+00 
      26      79            16      3.3333333333333348e-01 
      26      80            16     -9.4280904158206358e-01 
      26     117            10     -1.1547005383792515e+00 
      26     118            15     -3.3333333333333354e-01 
      26     119            15      9.4280904158206369e-01 
      27       1            16      1.1547005383792510e+00 
      27       6             4      9.9999999999999956e-01 
      27      25            18     -1.1547005383792515e+00 
      27      26            19     -1.0000000000000002e+00 
      27      27             9      1.0000000000000000e+00 
      27      27             2      1.0000000000000000e+00 
      27      27             0      9.9999999999999967e-01 
      27      27            20      1.0000000000000002e+00 
      27      27            14      2.0000000000000004e+00 
      27      31            13     -1.0000000000000000e+00 
      27      33            18     -1.1547005383792515e+00 
      27      35             8      1.0000000000000002e+00 
      27      36            12      1.1180339887498951e+00 
      27      38            12      2.8867513459481303e-01 
      27      40            17      3.3333333333333354e-01 
      27      46            12     -8.1649658092772592e-01 
      27      48            17     -9.4280904158206325e-01 
      27      79            11      9.9999999999999956e-01 
      27      81            16      1.1547005383792510e+00 
      27     118            10     -9.9999999999999967e-01 
      27     120            15     -1.1547005383792512e+00 
      28       1            11      4.0824829046386268e-01 
      28       2             7     -1.2247448713915874e+00 
      28       7             4      9.9999999999999956e-01 
      28      25            13      8.1649658092772592e-01 
      28      28            20      2.0000000000000013e+00 
      28      28             2      1.0000000000000000e+00 
      28      28             0      9.9999999999999967e-01 
      28      28             9      9.9999999999999956e-01 
      28      28            14      1.0000000000000000e+00 
      28      29            19     -9.9999999999999956e-01 
      28      30            13      8.1649658092772592e-01 
      28      31            18      9.4280904158206413e-01 
      28      32            18      3.3333333333333354e-01 
      28      37            12     -9.4280904158206358e-01 
      28      38            17     -1.0886621079036360e+00 
      28      39            17     -3.8490017945975075e-01 
      28      43             8      9.9999999999999889e-01 
      28      45            12     -3.3333333333333320e-01 
      28      46            17     -3.8490017945975075e-01 
      28      47            17     -1.3608276348795437e-01 
      28      49            17      7.0710678118654668e-01 
      28      76             7     -1.2247448713915874e+00 
      28      78            11      4.0824829046386268e-01 
      28      79            16      4.7140452079103184e-01 
      28      80            16      1.6666666666666666e-01 
      28      82            16     -8.6602540378443749e-01 
      28     115             6      1.2247448713915876e+00 
      28     117            10     -4.0824829046386280e-01 
      28     118            15     -4.7140452079103190e-01 
      28     119            15     -1.6666666666666669e-01 
      28     121            15      8.6602540378443771e-01 
      29       1            16      4.0824829046386246e-01 
      29       3             7     -1.2247448713915874e+00 
      29       8             4      9.9999999999999956e-01 
      29      25            18      8.1649658092772537e-01 
      29      28            19     -9.9999999999999967e-01 
      29      29             2      1.0000000000000000e+00 
      29      29             0      9.9999999999999967e-01 
      29      29            20      1.0000000000000000e+00 
      29      29             9      9.9999999999999956e-01 
      29      29            14      1.9999999999999996e+00 
      29      32            13     -9.9999999999999967e-01 
      29      33            18      8.1649658092772537e-01 
      29      39            12      1.1547005383792515e+00 
      29      40            17     -9.4280904158206291e-01 
      29      44             8      9.9999999999999889e-01 
      29      47            12      4.0824829046386280e-01 
      29      48            17     -3.3333333333333304e-01 
      29      49            12     -7.0710678118654668e-01 
      29      77             7     -1.2247448713915874e+00 
      29      80            11     -4.9999999999999950e-01 
      29      81            16      4.0824829046386246e-01 
      29      82            11      8.6602540378443738e-01 
      29     116             6      1.2247448713915876e+00 
      29     119            10      4.9999999999999961e-01 
      29     120            15     -4.0824829046386257e-01 
      29     121            10     -8.6602540378443749e-01 
      30       2            11      9.9999999999999922e-01 
      30       9             4      9.9999999999999956e-01 
      30      26            13     -1.1547005383792521e+00 
      30      28            13      8.1649658092772570e-01 
      30      30             9      2.0000000000000013e+00 
      30      30            20      2.0000000000000013e+00 
      30      30             2      1.0000000000000000e+00 
      30      30             0      9.9999999999999967e-01 
      30      31            19     -1.1547005383792521e+00 
      30      32            19      8.1649658092772570e-01 
      30      37             8     -1.1547005383792521e+00 
      30      41            17     -1.1547005383792521e+00 
      30      45             8      8.1649658092772570e-01 
      30      50            17      8.1649658092772559e-01 
      30      78             7     -9.9999999999999933e-01 
      30      83            16     -9.9999999999999900e-01 
      30     117             6      9.9999999999999956e-01 
      30     122            15      9.9999999999999922e-01 
      31       2            16      1.1547005383792512e+00 
      31      10             4      9.9999999999999956e-01 
      31      26            18     -3.3333333333333359e-01 
      31      27            13     -1.0000000000000002e+00 
      31      28            18      9.4280904158206336e-01 
      31      30            19     -1.1547005383792517e+00 
      31      31             9      2.0000000000000013e+00 
      31      31             2      1.0000000000000000e+00 
      31      31             0      9.9999999999999967e-01 
      31      31            20      1.0000000000000002e+00 
      31      31            14      1.0000000000000000e+00 
      31      33            19     -1.1547005383792517e+00 
      31      38             8     -1.1547005383792521e+00 
      31      41            12      1.0000000000000002e+00 
      31      42            17      3.3333333333333359e-01 
      31      46             8      8.1649658092772570e-01 
      31      51            17     -9.4280904158206325e-01 
      31      79             7     -9.9999999999999933e-01 
      31      84            16      1.1547005383792512e+00 
      31     118             6      9.9999999999999956e-01 
      31     123            15     -1.1547005383792512e+00 
      32       2            16      4.0824829046386263e-01 
      32       3            11     -1.2247448713915872e+00 
      32      11             4      9.9999999999999956e-01 
      32      26            18      9.4280904158206358e-01 
      32      28            18      3.3333333333333320e-01 
      32      29            13     -9.9999999999999889e-01 
      32      30            19      8.1649658092772592e-01 
      32      32             9      2.0000000000000013e+00 
      32      32             2      1.0000000000000000e+00 
      32      32             0      9.9999999999999967e-01 
      32      32            20      1.0000000000000000e+00 
      32      32            14      9.9999999999999956e-01 
      32      33            19      8.1649658092772592e-01 
      32      39             8     -1.1547005383792521e+00 
      32      42            17     -9.4280904158206358e-01 
      32      47             8      8.1649658092772570e-01 
      32      50            12      9.9999999999999889e-01 
      32      51            17     -3.3333333333333315e-01 
      32      80             7     -9.9999999999999933e-01 
      32      83            11     -1.2247448713915872e+00 
      32      84            16      4.0824829046386263e-01 
      32     119             6      9.9999999999999956e-01 
      32     122            10      1.2247448713915874e+00 
      32     123            15     -4.0824829046386268e-01 
      33       3            16      9.9999999999999900e-01 
      33      12             4      9.9999999999999956e-01 
      33      27            18     -1.1547005383792521e+00 
      33      29            18      8.1649658092772570e-01 
      33      31            19     -1.1547005383792521e+00 
      33      32            19      8.1649658092772570e-01 
      33      33             9      2.0000000000000013e+00 
      33      33             2      1.0000000000000000e+00 
      33      33             0      9.9999999999999967e-01 
      33      33            14      2.0000000000000013e+00 
      33      40             8     -1.1547005383792521e+00 
      33      42            12     -1.1547005383792521e+00 
      33      48             8      8.1649658092772570e-01 
      33      51            12      8.1649658092772570e-01 
      33      81             7     -9.9999999999999933e-01 
      33      84            11     -9.9999999999999922e-01 
      33     120             6      9.9999999999999956e-01 
      33     123            10      9.9999999999999933e-01 
      34       4            11      1.1547005383792512e+00 
      34       5             7     -9.9999999999999967e-01 
      34      25            12     -1.1547005383792515e+00 
      34      26             8      1.0000000000000000e+00 
      34      34            20      2.0000000000000013e+00 
      34      34             2      1.0000000000000000e+00 
      34      34             0      9.9999999999999967e-01 
      34      34            14      1.0000000000000002e+00 
      34      34             5      1.0000000000000000e+00 
      34      35            19     -1.0000000000000002e+00 
      34      36            18      1.1180339887498956e+00 
      34      37            13      1.0000000000000002e+00 
      34      38            18      2.8867513459481320e-01 
      34      39            18     -8.1649658092772670e-01 
      34      52            12     -1.1547005383792515e+00 
      34      53            17     -3.3333333333333354e-01 
      34      54            17      9.4280904158206369e-01 
      34      85            11      1.1547005383792512e+00 
      34      86            16      3.3333333333333348e-01 
      34      87            16     -9.4280904158206358e-01 
      34     124            10     -1.1547005383792515e+00 
      34     125            15     -3.3333333333333354e-01 
      34     126            15      9.4280904158206369e-01 
      35       4            16      1.1547005383792510e+00 
      35       6             7     -9.9999999999999967e-01 
      35      25            17     -1.1547005383792512e+00 
      35      27             8      1.0000000000000000e+00 
      35      34            19     -1.0000000000000002e+00 
      35      35             2      1.0000000000000000e+00 
      35      35             0      9.9999999999999967e-01 
      35      35            20      1.0000000000000002e+00 
      35      35             5      1.0000000000000000e+00 
      35      35            14      2.0000000000000004e+00 
      35      36            13     -1.1180339887498951e+00 
      35      38            13      8.6602540378443882e-01 
      35      40            18      1.0000000000000002e+00 
      35      53            12     -9.9999999999999967e-01 
      35      55            17     -1.1547005383792512e+00 
      35      86            11      9.9999999999999956e-01 
      35      88            16      1.1547005383792510e+00 
      35     125            10     -9.9999999999999967e-01 
      35     127            15     -1.1547005383792512e+00 
      36       5            16      1.1180339887498953e+00 
      36       6            11     -1.1180339887498953e+00 
      36      26            17     -1.1180339887498956e+00 
      36      27            12      1.1180339887498956e+00 
      36      34            18      1.1180339887498949e+00 
      36      35            13     -1.1180339887498949e+00 
      36      36             2      1.0000000000000000e+00 
      36      36             0      9.9999999999999967e-01 
      36      36            20      1.0000000000000002e+00 
      36      36             5      1.0000000000000000e+00 
      36      36             9      1.0000000000000002e+00 
      36      36            14      1.0000000000000000e+00 
      36      41            13     -1.1180339887498949e+00 
      36      42            18      1.1180339887498949e+00 
      36      56            12      1.1180339887498956e+00 
      36      57            17     -1.1180339887498956e+00 
      36      89            11     -1.1180339887498953e+00 
      36      90            16      1.1180339887498953e+00 
      36     128            10      1.1180339887498956e+00 
      36     129            15     -1.1180339887498956e+00 
      37       5            11     -3.3333333333333354e-01 
      37       7            11      9.4280904158206369e-01 
      37       9             7      1.1547005383792515e+00 
      37      26            12      3.3333333333333359e-01 
      37      28            12     -9.4280904158206380e-01 
      37      30             8     -1.1547005383792517e+00 
      37      34            13      1.0000000000000002e+00 
      37      37            20      2.0000000000000013e+00 
      37      37             2      1.0000000000000000e+00 
      37      37             0      9.9999999999999967e-01 
      37      37             5      1.0000000000000000e+00 
      37      37             9      1.0000000000000002e+00 
      37      38            19     -1.1547005383792521e+00 
      37      39            19      8.1649658092772570e-01 
      37      41            18     -1.0000000000000002e+00 
      37      52             8     -1.1547005383792517e+00 
      37      56            17     -3.3333333333333359e-01 
      37      58            17      9.4280904158206369e-01 
      37      85             7      1.1547005383792515e+00 
      37      89            16      3.3333333333333354e-01 
      37      91            16     -9.4280904158206358e-01 
      37     124             6     -1.1547005383792517e+00 
      37     128            15     -3.3333333333333359e-01 
      37     130            15      9.4280904158206369e-01 
      38       5            16     -9.6225044864937714e-02 
      38       6            11     -2.8867513459481292e-01 
      38       7            16      1.0886621079036354e+00 
      38      10             7      1.1547005383792515e+00 
      38      26            17      9.6225044864937728e-02 
      38      27            12      2.8867513459481303e-01 
      38      28            17     -1.0886621079036358e+00 
      38      31             8     -1.1547005383792517e+00 
      38      34            18      2.8867513459481303e-01 
      38      35            13      8.6602540378443849e-01 
      38      37            19     -1.1547005383792517e+00 
      38      38             2      1.0000000000000000e+00 
      38      38             0      9.9999999999999967e-01 
      38      38            20      1.0000000000000002e+00 
      38      38             5      1.0000000000000000e+00 
      38      38             9      1.0000000000000002e+00 
      38      38            14      1.0000000000000000e+00 
      38      40            19     -1.1547005383792517e+00 
      38      41            13      8.6602540378443849e-01 
      38      42            18      2.8867513459481303e-01 
      38      53             8     -1.1547005383792517e+00 
      38      56            12      2.8867513459481303e-01 
      38      57            17      9.6225044864937728e-02 
      38      59            17     -1.0886621079036358e+00 
      38      86             7      1.1547005383792515e+00 
      38      89            11     -2.8867513459481292e-01 
      38      90            16     -9.6225044864937714e-02 
      38      92            16      1.0886621079036354e+00 
      38     125             6     -1.1547005383792517e+00 
      38     128            10      2.8867513459481303e-01 
      38     129            15      9.6225044864937728e-02 
      38     131            15     -1.0886621079036358e+00 
      39       5            16      2.7216552697590873e-01 
      39       7            16      3.8490017945975064e-01 
      39       8            11     -1.1547005383792512e+00 
      39      11             7      1.1547005383792515e+00 
      39      26            17     -2.7216552697590879e-01 
      39      28            17     -3.8490017945975069e-01 
      39      29            12      1.1547005383792512e+00 
      39      32             8     -1.1547005383792517e+00 
      39      34            18     -8.1649658092772592e-01 
      39      37            19      8.1649658092772592e-01 
      39      39             2      1.0000000000000000e+00 
      39      39             0      9.9999999999999967e-01 
      39      39            20      1.0000000000000000e+00 
      39      39             5      1.0000000000000000e+00 
      39      39             9      1.0000000000000002e+00 
      39      39            14      9.9999999999999956e-01 
      39      40            19      8.1649658092772592e-01 
      39      42            18     -8.1649658092772592e-01 
      39      54             8     -1.1547005383792517e+00 
      39      57            17     -2.7216552697590879e-01 
      39      58            12      1.1547005383792512e+00 
      39      59            17     -3.8490017945975069e-01 
      39      87             7      1.1547005383792515e+00 
      39      90            16      2.7216552697590873e-01 
      39      91            11     -1.1547005383792512e+00 
      39      92            16      3.8490017945975064e-01 
      39     126             6     -1.1547005383792517e+00 
      39     129            15     -2.7216552697590879e-01 
      39     130            10      1.1547005383792512e+00 
      39     131            15     -3.8490017945975069e-01 
      40       6            16     -3.3333333333333354e-01 
      40       8            16      9.4280904158206358e-01 
      40      12             7      1.1547005383792515e+00 
      40      27            17      3.3333333333333359e-01 
      40      29            17     -9.4280904158206369e-01 
      40      33             8     -1.1547005383792517e+00 
      40      35            18      1.0000000000000002e+00 
      40      38            19     -1.1547005383792521e+00 
      40      39            19      8.1649658092772570e-01 
      40      40             2      1.0000000000000000e+00 
      40      40             0      9.9999999999999967e-01 
      40      40            14      2.0000000000000013e+00 
      40      40             5      1.0000000000000000e+00 
      40      40             9      1.0000000000000002e+00 
      40      42            13     -1.0000000000000002e+00 
      40      55             8     -1.1547005383792517e+00 
      40      57            12     -3.3333333333333359e-01 
      40      59            12      9.4280904158206380e-01 
      40      88             7      1.1547005383792515e+00 
      40      90            11      3.3333333333333354e-01 
      40      92            11     -9.4280904158206369e-01 
      40     127             6     -1.1547005383792517e+00 
      40     129            10     -3.3333333333333359e-01 
      40     131            10      9.4280904158206380e-01 
      41       9            16      1.1547005383792510e+00 
      41      10            11     -9.9999999999999956e-01 
      41      30            17     -1.1547005383792512e+00 
      41      31            12      9.9999999999999967e-01 
      41      36            13     -1.1180339887498951e+00 
      41      37            18     -1.0000000000000002e+00 
      41      38            13      8.6602540378443882e-01 
      41      41             9      2.0000000000000004e+00 
      41      41             2      1.0000000000000000e+00 
      41      41             0      9.9999999999999967e-01 
      41      41            20      1.0000000000000002e+00 
      41      41             5      1.0000000000000000e+00 
      41      42            19      1.0000000000000002e+00 
      41      56             8     -1.0000000000000000e+00 
      41      60            17     -1.1547005383792512e+00 
      41      89             7      9.9999999999999967e-01 
      41      93            16      1.1547005383792510e+00 
      41     128             6     -1.0000000000000000e+00 
      41     132            15     -1.1547005383792512e+00 
      42      10            16     -3.3333333333333348e-01 
      42      11            16      9.4280904158206358e-01 
      42      12            11      1.1547005383792512e+00 
      42      31            17      3.3333333333333354e-01 
      42      32            17     -9.4280904158206369e-01 
      42      33            12     -1.1547005383792515e+00 
      42      36            18      1.1180339887498956e+00 
      42      38            18      2.8867513459481320e-01 
      42      39            18     -8.1649658092772670e-01 
      42      40            13     -1.0000000000000002e+00 
      42      41            19      1.0000000000000002e+00 
      42      42            14      1.0000000000000002e+00 
      42      42             9      2.0000000000000004e+00 
      42      42             2      1.0000000000000000e+00 
      42      42             0      9.9999999999999967e-01 
      42      42             5      1.0000000000000000e+00 
      42      57             8     -1.0000000000000000e+00 
      42      60            12     -1.1547005383792515e+00 
      42      90             7      9.9999999999999967e-01 
      42      93            11      1.1547005383792512e+00 
      42     129             6     -1.0000000000000000e+00 
      42     132            10     -1.1547005383792515e+00 
      43       4            11      4.0824829046386257e-01 
      43       7             7      4.9999999999999961e-01 
      43      13             7     -8.6602540378443749e-01 
      43      16             4     -1.2247448713915876e+00 
      43      25            12      8.1649658092772537e-01 
      43      28             8      9.9999999999999967e-01 
      43      43             5      9.9999999999999956e-01 
      43      43            20      2.0000000000000013e+00 
      43      43             2      1.0000000000000000e+00 
      43      43             0      9.9999999999999967e-01 
      43      43            14      1.0000000000000000e+00 
      43      44            19     -9.9999999999999956e-01 
      43      45            13      9.9999999999999967e-01 
      43      46            18      1.1547005383792524e+00 
      43      47            18      4.0824829046386307e-01 
      43      49            18     -7.0710678118654713e-01 
      43      52            12      8.1649658092772537e-01 
      43      53            17      9.4280904158206369e-01 
      43      54            17      3.3333333333333331e-01 
      43      76             4     -1.2247448713915876e+00 
      43      85            11      4.0824829046386257e-01 
      43      86            16      4.7140452079103168e-01 
      43      87            16      1.6666666666666657e-01 
      43      94            16     -8.6602540378443738e-01 
      43     115             3      1.2247448713915881e+00 
      43     124            10     -4.0824829046386263e-01 
      43     125            15     -4.7140452079103179e-01 
      43     126            15     -1.6666666666666663e-01 
      43     133            15      8.6602540378443749e-01 
      44       4            16      4.0824829046386230e-01 
      44       8             7      4.9999999999999961e-01 
      44      14             7     -8.6602540378443749e-01 
      44      17             4     -1.2247448713915876e+00 
      44      25            17      8.1649658092772492e-01 
      44      29             8      9.9999999999999967e-01 
      44      43            19     -9.9999999999999967e-01 
      44      44             5      9.9999999999999956e-01 
      44      44             2      1.0000000000000000e+00 
      44      44             0      9.9999999999999967e-01 
      44      44            20      1.0000000000000000e+00 
      44      44            14      1.9999999999999996e+00 
      44      47            13     -1.2247448713915883e+00 
      44      48            18      9.9999999999999900e-01 
      44      49            13      7.0710678118654713e-01 
      44      54            12     -9.9999999999999900e-01 
      44      55            17      8.1649658092772492e-01 
      44      77             4     -1.2247448713915876e+00 
      44      87            11     -4.9999999999999939e-01 
      44      88            16      4.0824829046386230e-01 
      44      94            11      8.6602540378443726e-01 
      44     116             3      1.2247448713915881e+00 
      44     126            10      4.9999999999999944e-01 
      44     127            15     -4.0824829046386246e-01 
      44     133            10     -8.6602540378443738e-01 
      45       5            11     -4.7140452079103190e-01 
      45       7            11     -1.6666666666666669e-01 
      45       9             7      4.0824829046386280e-01 
      45      13            11      8.6602540378443771e-01 
      45      18             4     -1.2247448713915876e+00 
      45      26            12     -9.4280904158206413e-01 
      45      28            12     -3.3333333333333354e-01 
      45      30             8      8.1649658092772592e-01 
      45      43            13      9.9999999999999956e-01 
      45      45             5      9.9999999999999956e-01 
      45      45            20      2.0000000000000013e+00 
      45      45             2      1.0000000000000000e+00 
      45      45             0      9.9999999999999967e-01 
      45      45             9      1.0000000000000000e+00 
      45      46            19     -1.1547005383792521e+00 
      45      47            19      8.1649658092772570e-01 
      45      50            18     -9.9999999999999933e-01 
      45      52             8      8.1649658092772592e-01 
      45      56            17      9.4280904158206413e-01 
      45      58            17      3.3333333333333343e-01 
      45      78             4     -1.2247448713915876e+00 
      45      85             7      4.0824829046386280e-01 
      45      89            16      4.7140452079103190e-01 
      45      91            16      1.6666666666666666e-01 
      45      95            16     -8.6602540378443749e-01 
      45     117             3      1.2247448713915881e+00 
      45     124             6     -4.0824829046386285e-01 
      45     128            15     -4.7140452079103201e-01 
      45     130            15     -1.6666666666666669e-01 
      45     134            15      8.6602540378443749e-01 
      46       5            16     -1.3608276348795442e-01 
      46       6            11     -4.0824829046386307e-01 
      46       7            16     -1.9245008972987535e-01 
      46      10             7      4.0824829046386280e-01 
      46      13            16      9.9999999999999922e-01 
      46      19             4     -1.2247448713915876e+00 
      46      26            17     -2.7216552697590896e-01 
      46      27            12     -8.1649658092772648e-01 
      46      28            17     -3.8490017945975086e-01 
      46      31             8      8.1649658092772592e-01 
      46      43            18      1.1547005383792515e+00 
      46      45            19     -1.1547005383792517e+00 
      46      46             5      9.9999999999999956e-01 
      46      46             2      1.0000000000000000e+00 
      46      46             0      9.9999999999999967e-01 
      46      46             9      1.0000000000000000e+00 
      46      46            20      1.0000000000000002e+00 
      46      46            14      1.0000000000000000e+00 
      46      48            19     -1.1547005383792517e+00 
      46      51            18      1.1547005383792515e+00 
      46      53             8      8.1649658092772592e-01 
      46      56            12     -8.1649658092772648e-01 
      46      57            17     -2.7216552697590896e-01 
      46      59            17     -3.8490017945975086e-01 
      46      79             4     -1.2247448713915876e+00 
      46      86             7      4.0824829046386280e-01 
      46      89            11     -4.0824829046386307e-01 
      46      90            16     -1.3608276348795442e-01 
      46      92            16     -1.9245008972987535e-01 
      46      96            16      9.9999999999999922e-01 
      46     118             3      1.2247448713915881e+00 
      46     125             6     -4.0824829046386285e-01 
      46     128            10      4.0824829046386318e-01 
      46     129            15      1.3608276348795448e-01 
      46     131            15      1.9245008972987537e-01 
      46     135            15     -9.9999999999999922e-01 
      47       5            16      3.8490017945975052e-01 
      47       7            16     -6.8041381743977170e-02 
      47       8            11      2.0412414523193140e-01 
      47      11             7      4.0824829046386280e-01 
      47      13            16      3.5355339059327334e-01 
      47      14            11     -1.0606601717798194e+00 
      47      20             4     -1.2247448713915876e+00 
      47      26            17      7.6980035891950149e-01 
      47      28            17     -1.3608276348795439e-01 
      47      29            12      4.0824829046386296e-01 
      47      32             8      8.1649658092772592e-01 
      47      43            18      4.0824829046386280e-01 
      47      44            13     -1.2247448713915876e+00 
      47      45            19      8.1649658092772592e-01 
      47      47             5      9.9999999999999956e-01 
      47      47             2      1.0000000000000000e+00 
      47      47             0      9.9999999999999967e-01 
      47      47             9      1.0000000000000000e+00 
      47      47            20      1.0000000000000000e+00 
      47      47            14      9.9999999999999956e-01 
      47      48            19      8.1649658092772592e-01 
      47      50            13     -1.2247448713915876e+00 
      47      51            18      4.0824829046386280e-01 
      47      54             8      8.1649658092772592e-01 
      47      57            17      7.6980035891950149e-01 
      47      58            12      4.0824829046386296e-01 
      47      59            17     -1.3608276348795439e-01 
      47      80             4     -1.2247448713915876e+00 
      47      87             7      4.0824829046386280e-01 
      47      90            16      3.8490017945975052e-01 
      47      91            11      2.0412414523193140e-01 
      47      92            16     -6.8041381743977170e-02 
      47      95            11     -1.0606601717798194e+00 
      47      96            16      3.5355339059327334e-01 
      47     119             3      1.2247448713915881e+00 
      47     126             6     -4.0824829046386285e-01 
      47     129            15     -3.8490017945975069e-01 
      47     130            10     -2.0412414523193143e-01 
      47     131            15      6.8041381743977183e-02 
      47     134            10      1.0606601717798194e+00 
      47     135            15     -3.5355339059327334e-01 
      48       6            16     -4.7140452079103190e-01 
      48       8            16     -1.6666666666666666e-01 
      48      12             7      4.0824829046386280e-01 
      48      14            16      8.6602540378443749e-01 
      48      21             4     -1.2247448713915876e+00 
      48      27            17     -9.4280904158206413e-01 
      48      29            17     -3.3333333333333343e-01 
      48      33             8      8.1649658092772592e-01 
      48      44            18      9.9999999999999933e-01 
      48      46            19     -1.1547005383792521e+00 
      48      47            19      8.1649658092772570e-01 
      48      48             5      9.9999999999999956e-01 
      48      48             2      1.0000000000000000e+00 
      48      48             0      9.9999999999999967e-01 
      48      48             9      1.0000000000000000e+00 
      48      48            14      2.0000000000000013e+00 
      48      51            13     -9.9999999999999956e-01 
      48      55             8      8.1649658092772592e-01 
      48      57            12      9.4280904158206413e-01 
      48      59            12      3.3333333333333354e-01 
      48      81             4     -1.2247448713915876e+00 
      48      88             7      4.0824829046386280e-01 
      48      90            11      4.7140452079103190e-01 
      48      92            11      1.6666666666666669e-01 
      48      96            11     -8.6602540378443771e-01 
      48     120             3      1.2247448713915881e+00 
      48     127             6     -4.0824829046386285e-01 
      48     129            10     -4.7140452079103201e-01 
      48     131            10     -1.6666666666666671e-01 
      48     135            10      8.6602540378443771e-01 
      49       7            16      3.5355339059327323e-01 
      49       8            11     -3.5355339059327340e-01 
      49      13            16      6.1237243569579347e-01 
      49      14            11     -6.1237243569579369e-01 
      49      15             7      1.2247448713915874e+00 
      49      22             4     -1.2247448713915876e+00 
      49      28            17      7.0710678118654680e-01 
      49      29            12     -7.0710678118654713e-01 
      49      43            18     -7.0710678118654668e-01 
      49      44            13      7.0710678118654702e-01 
      49      49             5      9.9999999999999956e-01 
      49      49             9      1.0000000000000000e+00 
      49      49             2      1.0000000000000000e+00 
      49      49             0      9.9999999999999967e-01 
      49      49            20      1.0000000000000000e+00 
      49      49            14      9.9999999999999967e-01 
      49      50            13      7.0710678118654702e-01 
      49      51            18     -7.0710678118654668e-01 
      49      58            12     -7.0710678118654713e-01 
      49      59            17      7.0710678118654680e-01 
      49      82             4     -1.2247448713915876e+00 
      49      91            11     -3.5355339059327340e-01 
      49      92            16      3.5355339059327323e-01 
      49      94             7      1.2247448713915874e+00 
      49      95            11     -6.1237243569579369e-01 
      49      96            16      6.1237243569579347e-01 
      49     121             3      1.2247448713915881e+00 
      49     130            10      3.5355339059327351e-01 
      49     131            15     -3.5355339059327334e-01 
      49     133             6     -1.2247448713915876e+00 
      49     134            10      6.1237243569579380e-01 
      49     135            15     -6.1237243569579358e-01 
      50       9            16      4.0824829046386230e-01 
      50      11            11      4.9999999999999939e-01 
      50      15            11     -8.6602540378443726e-01 
      50      23             4     -1.2247448713915876e+00 
      50      30            17      8.1649658092772492e-01 
      50      32            12      9.9999999999999900e-01 
      50      45            18     -9.9999999999999900e-01 
      50      47            13     -1.2247448713915883e+00 
      50      49            13      7.0710678118654713e-01 
      50      50             5      9.9999999999999956e-01 
      50      50             2      1.0000000000000000e+00 
      50      50             0      9.9999999999999967e-01 
      50      50            20      1.0000000000000000e+00 
      50      50             9      1.9999999999999996e+00 
      50      51            19      9.9999999999999967e-01 
      50      58             8     -9.9999999999999967e-01 
      50      60            17      8.1649658092772492e-01 
      50      83             4     -1.2247448713915876e+00 
      50      91             7     -4.9999999999999961e-01 
      50      93            16      4.0824829046386230e-01 
      50      95             7      8.6602540378443749e-01 
      50     122             3      1.2247448713915881e+00 
      50     130             6      4.9999999999999978e-01 
      50     132            15     -4.0824829046386246e-01 
      50     134             6     -8.6602540378443771e-01 
      51      10            16     -4.7140452079103168e-01 
      51      11            16     -1.6666666666666657e-01 
      51      12            11      4.0824829046386257e-01 
      51      15            16      8.6602540378443738e-01 
      51      24             4     -1.2247448713915876e+00 
      51      31            17     -9.4280904158206369e-01 
      51      32            17     -3.3333333333333331e-01 
      51      33            12      8.1649658092772537e-01 
      51      46            18      1.1547005383792524e+00 
      51      47            18      4.0824829046386307e-01 
      51      48            13     -9.9999999999999967e-01 
      51      49            18     -7.0710678118654713e-01 
      51      50            19      9.9999999999999956e-01 
      51      51             5      9.9999999999999956e-01 
      51      51             2      1.0000000000000000e+00 
      51      51             0      9.9999999999999967e-01 
      51      51            14      1.0000000000000000e+00 
      51      51             9      1.9999999999999996e+00 
      51      59             8     -9.9999999999999967e-01 
      51      60            12      8.1649658092772537e-01 
      51      84             4     -1.2247448713915876e+00 
      51      92             7     -4.9999999999999961e-01 
      51      93            11      4.0824829046386257e-01 
      51      96             7      8.6602540378443749e-01 
      51     123             3      1.2247448713915881e+00 
      51     131             6      4.9999999999999978e-01 
      51     132            10     -4.0824829046386263e-01 
      51     135             6     -8.6602540378443771e-01 
      52      16            11      9.9999999999999922e-01 
      52      18             7      9.9999999999999933e-01 
      52      34            12     -1.1547005383792521e+00 
      52      37             8     -1.1547005383792521e+00 
      52      43            12      8.1649658092772570e-01 
      52      45             8      8.1649658092772570e-01 
      52      52            20      2.0000000000000013e+00 
      52      52             2      1.0000000000000000e+00 
      52      52             0      9.9999999999999967e-01 
      52      52             5      2.0000000000000013e+00 
      52      53            19     -1.1547005383792521e+00 
      52      54            19      8.1649658092772570e-01 
      52      56            18     -1.1547005383792521e+00 
      52      58            18      8.1649658092772570e-01 
      52      85             4     -9.9999999999999956e-01 
      52      97            16     -9.9999999999999900e-01 
      52     124             3      9.9999999999999978e-01 
      52     136            15      9.9999999999999922e-01 
      53      16            16      1.1547005383792512e+00 
      53      19             7      9.9999999999999933e-01 
      53      34            17     -3.3333333333333359e-01 
      53      35            12     -1.0000000000000002e+00 
      53      38             8     -1.1547005383792521e+00 
      53      43            17      9.4280904158206325e-01 
      53      46             8      8.1649658092772570e-01 
      53      52            19     -1.1547005383792517e+00 
      53      53             2      1.0000000000000000e+00 
      53      53             0      9.9999999999999967e-01 
      53      53             5      2.0000000000000013e+00 
      53      53            20      1.0000000000000002e+00 
      53      53            14      1.0000000000000000e+00 
      53      55            19     -1.1547005383792517e+00 
      53      56            13      1.0000000000000002e+00 
      53      57            18      3.3333333333333359e-01 
      53      59            18     -9.4280904158206336e-01 
      53      86             4     -9.9999999999999956e-01 
      53      98            16      1.1547005383792512e+00 
      53     125             3      9.9999999999999978e-01 
      53     137            15     -1.1547005383792512e+00 
      54      16            16      4.0824829046386263e-01 
      54      17            11     -1.2247448713915872e+00 
      54      20             7      9.9999999999999933e-01 
      54      34            17      9.4280904158206358e-01 
      54      39             8     -1.1547005383792521e+00 
      54      43            17      3.3333333333333315e-01 
      54      44            12     -9.9999999999999889e-01 
      54      47             8      8.1649658092772570e-01 
      54      52            19      8.1649658092772592e-01 
      54      54             2      1.0000000000000000e+00 
      54      54             0      9.9999999999999967e-01 
      54      54             5      2.0000000000000013e+00 
      54      54            20      1.0000000000000000e+00 
      54      54            14      9.9999999999999956e-01 
      54      55            19      8.1649658092772592e-01 
      54      57            18     -9.4280904158206358e-01 
      54      58            13      9.9999999999999889e-01 
      54      59            18     -3.3333333333333320e-01 
      54      87             4     -9.9999999999999956e-01 
      54      97            11     -1.2247448713915872e+00 
      54      98            16      4.0824829046386263e-01 
      54     126             3      9.9999999999999978e-01 
      54     136            10      1.2247448713915874e+00 
      54     137            15     -4.0824829046386268e-01 
      55      17            16      9.9999999999999900e-01 
      55      21             7      9.9999999999999933e-01 
      55      35            17     -1.1547005383792521e+00 
      55      40             8     -1.1547005383792521e+00 
      55      44            17      8.1649658092772559e-01 
      55      48             8      8.1649658092772570e-01 
      55      53            19     -1.1547005383792521e+00 
      55      54            19      8.1649658092772570e-01 
      55      55             2      1.0000000000000000e+00 
      55      55             0      9.9999999999999967e-01 
      55      55             5      2.0000000000000013e+00 
      55      55            14      2.0000000000000013e+00 
      55      57            13     -1.1547005383792521e+00 
      55      59            13      8.1649658092772570e-01 
      55      88             4     -9.9999999999999956e-01 
      55      98            11     -9.9999999999999922e-01 
      55     127             3      9.9999999999999978e-01 
      55     137            10      9.9999999999999933e-01 
      56      18            16      1.1547005383792510e+00 
      56      19            11     -9.9999999999999956e-01 
      56      36            12      1.1180339887498951e+00 
      56      37            17     -3.3333333333333354e-01 
      56      38            12      2.8867513459481303e-01 
      56      41             8     -1.0000000000000002e+00 
      56      45            17      9.4280904158206325e-01 
      56      46            12     -8.1649658092772592e-01 
      56      52            18     -1.1547005383792515e+00 
      56      53            13      1.0000000000000000e+00 
      56      56             2      1.0000000000000000e+00 
      56      56             0      9.9999999999999967e-01 
      56      56             5      2.0000000000000013e+00 
      56      56            20      1.0000000000000002e+00 
      56      56             9      1.0000000000000000e+00 
      56      57            19      1.0000000000000002e+00 
      56      60            18     -1.1547005383792515e+00 
      56      89             4     -9.9999999999999956e-01 
      56      99            16      1.1547005383792510e+00 
      56     128             3      9.9999999999999978e-01 
      56     138            15     -1.1547005383792512e+00 
      57      19            16     -3.3333333333333348e-01 
      57      20            16      9.4280904158206358e-01 
      57      21            11      1.1547005383792512e+00 
      57      36            17     -1.1180339887498956e+00 
      57      38            17      9.6225044864937770e-02 
      57      39            17     -2.7216552697590901e-01 
      57      40            12     -3.3333333333333359e-01 
      57      42             8     -1.0000000000000002e+00 
      57      46            17     -2.7216552697590890e-01 
      57      47            17      7.6980035891950138e-01 
      57      48            12      9.4280904158206336e-01 
      57      53            18      3.3333333333333359e-01 
      57      54            18     -9.4280904158206380e-01 
      57      55            13     -1.1547005383792517e+00 
      57      56            19      1.0000000000000002e+00 
      57      57            14      1.0000000000000002e+00 
      57      57             2      1.0000000000000000e+00 
      57      57             0      9.9999999999999967e-01 
      57      57             5      2.0000000000000013e+00 
      57      57             9      1.0000000000000000e+00 
      57      60            13     -1.1547005383792517e+00 
      57      90             4     -9.9999999999999956e-01 
      57      99            11      1.1547005383792512e+00 
      57     129             3      9.9999999999999978e-01 
      57     138            10     -1.1547005383792515e+00 
      58      18            16      4.0824829046386246e-01 
      58      20            11      4.9999999999999950e-01 
      58      22            11     -8.6602540378443738e-01 
      58      23             7     -1.2247448713915874e+00 
      58      37            17      9.4280904158206291e-01 
      58      39            12      1.1547005383792515e+00 
      58      45            17      3.3333333333333304e-01 
      58      47            12      4.0824829046386280e-01 
      58      49            12     -7.0710678118654668e-01 
      58      50             8     -9.9999999999999889e-01 
      58      52            18      8.1649658092772537e-01 
      58      54            13      9.9999999999999967e-01 
      58      58             2      1.0000000000000000e+00 
      58      58             0      9.9999999999999967e-01 
      58      58             5      2.0000000000000013e+00 
      58      58             9      9.9999999999999956e-01 
      58      58            20      1.0000000000000000e+00 
      58      59            19      9.9999999999999967e-01 
      58      60            18      8.1649658092772537e-01 
      58      91             4     -9.9999999999999956e-01 
      58      97             7     -1.2247448713915874e+00 
      58      99            16      4.0824829046386246e-01 
      58     130             3      9.9999999999999978e-01 
      58     136             6      1.2247448713915876e+00 
      58     138            15     -4.0824829046386257e-01 
      59      19            16     -4.7140452079103184e-01 
      59      20            16     -1.6666666666666666e-01 
      59      21            11      4.0824829046386268e-01 
      59      22            16      8.6602540378443749e-01 
      59      24             7     -1.2247448713915874e+00 
      59      38            17     -1.0886621079036360e+00 
      59      39            17     -3.8490017945975075e-01 
      59      40            12      9.4280904158206358e-01 
      59      46            17     -3.8490017945975075e-01 
      59      47            17     -1.3608276348795437e-01 
      59      48            12      3.3333333333333320e-01 
      59      49            17      7.0710678118654668e-01 
      59      51             8     -9.9999999999999889e-01 
      59      53            18     -9.4280904158206413e-01 
      59      54            18     -3.3333333333333354e-01 
      59      55            13      8.1649658092772592e-01 
      59      58            19      9.9999999999999956e-01 
      59      59             2      1.0000000000000000e+00 
      59      59             0      9.9999999999999967e-01 
      59      59             5      2.0000000000000013e+00 
      59      59             9      9.9999999999999956e-01 
      59      59            14      1.0000000000000000e+00 
      59      60            13      8.1649658092772592e-01 
      59      92             4     -9.9999999999999956e-01 
      59      98             7     -1.2247448713915874e+00 
      59      99            11      4.0824829046386268e-01 
      59     131             3      9.9999999999999978e-01 
      59     137             6      1.2247448713915876e+00 
      59     138            10     -4.0824829046386280e-01 
      60      23            16      9.9999999999999900e-01 
      60      24            11      9.9999999999999922e-01 
      60      41            17     -1.1547005383792521e+00 
      60      42            12     -1.1547005383792521e+00 
      60      50            17      8.1649658092772559e-01 
      60      51            12      8.1649658092772570e-01 
      60      56            18     -1.1547005383792521e+00 
      60      57            13     -1.1547005383792521e+00 
      60      58            18      8.1649658092772570e-01 
      60      59            13      8.1649658092772570e-01 
      60      60             2      1.0000000000000000e+00 
      60      60             0      9.9999999999999967e-01 
      60      60             5      2.0000000000000013e+00 
      60      60             9      2.0000000000000013e+00 
      60      93             4     -9.9999999999999956e-01 
      60      99             7     -9.9999999999999933e-01 
      60     132             3      9.9999999999999978e-01 
      60     138             6      9.9999999999999956e-01 
      61       1            11     -7.0710678118654657e-01 
      61       2             7      7.0710678118654691e-01 
      61      13             4      9.9999999999999933e-01 
      61      61            20      2.0000000000000013e+00 
      61      61             2      1.0000000000000000e+00 
      61      61             0      9.9999999999999967e-01 
      61      61             9      9.9999999999999967e-01 
      61      61            14      1.0000000000000000e+00 
      61      62            19     -9.9999999999999956e-01 
      61      63            18      9.9999999999999978e-01 
      61      64             8      9.9999999999999967e-01 
      61      66            12     -9.9999999999999922e-01 
      61      67            17     -1.1547005383792519e+00 
      61      68            17     -4.0824829046386296e-01 
      61      70            17     -7.0710678118654702e-01 
      61      76             7      7.0710678118654691e-01 
      61      78            11     -7.0710678118654657e-01 
      61      79            16     -8.1649658092772592e-01 
      61      80            16     -2.8867513459481264e-01 
      61      82            16     -4.9999999999999922e-01 
      61     100             1     -1.4142135623730945e+00 
      61     115             6      7.0710678118654713e-01 
      61     117            10     -7.0710678118654680e-01 
      61     118            15     -8.1649658092772603e-01 
      61     119            15     -2.8867513459481275e-01 
      61     121            15     -4.9999999999999944e-01 
      62       1            16     -7.0710678118654613e-01 
      62       3             7      7.0710678118654691e-01 
      62      14             4      9.9999999999999933e-01 
      62      61            19     -9.9999999999999967e-01 
      62      62             2      1.0000000000000000e+00 
      62      62             0      9.9999999999999967e-01 
      62      62             9      9.9999999999999967e-01 
      62      62            20      1.0000000000000000e+00 
      62      62            14      1.9999999999999996e+00 
      62      63            13     -9.9999999999999967e-01 
      62      65             8      9.9999999999999967e-01 
      62      68            12      1.2247448713915881e+00 
      62      69            17     -9.9999999999999878e-01 
      62      70            12      7.0710678118654691e-01 
      62      77             7      7.0710678118654691e-01 
      62      80            11      8.6602540378443726e-01 
      62      81            16     -7.0710678118654613e-01 
      62      82            11      4.9999999999999928e-01 
      62     101             1     -1.4142135623730945e+00 
      62     116             6      7.0710678118654713e-01 
      62     119            10      8.6602540378443749e-01 
      62     120            15     -7.0710678118654635e-01 
      62     121            10      4.9999999999999944e-01 
      63       2            16     -7.0710678118654646e-01 
      63       3            11      7.0710678118654680e-01 
      63      15             4      9.9999999999999933e-01 
      63      61            18      9.9999999999999922e-01 
      63      62            13     -9.9999999999999967e-01 
      63      63             2      1.0000000000000000e+00 
      63      63             0      9.9999999999999967e-01 
      63      63            20      1.0000000000000000e+00 
      63      63             9      2.0000000000000004e+00 
      63      63            14      9.9999999999999967e-01 
      63      70             8     -1.4142135623730949e+00 
      63      71            12      9.9999999999999956e-01 
      63      72            17     -9.9999999999999900e-01 
      63      82             7     -9.9999999999999922e-01 
      63      83            11      7.0710678118654680e-01 
      63      84            16     -7.0710678118654646e-01 
      63     102             1     -1.4142135623730945e+00 
      63     121             6     -9.9999999999999956e-01 
      63     122            10      7.0710678118654702e-01 
      63     123            15     -7.0710678118654668e-01 
      64       4            11     -7.0710678118654624e-01 
      64       7             7     -8.6602540378443738e-01 
      64      13             7     -4.9999999999999939e-01 
      64      16             4      7.0710678118654702e-01 
      64      61             8      9.9999999999999967e-01 
      64      64            20      2.0000000000000013e+00 
      64      64             2      1.0000000000000000e+00 
      64      64             0      9.9999999999999967e-01 
      64      64             5      9.9999999999999967e-01 
      64      64            14      1.0000000000000000e+00 
      64      65            19     -9.9999999999999956e-01 
      64      66            13      9.9999999999999967e-01 
      64      67            18      1.1547005383792524e+00 
      64      68            18      4.0824829046386307e-01 
      64      70            18     -7.0710678118654713e-01 
      64      73            17      9.9999999999999933e-01 
      64      76             4      7.0710678118654702e-01 
      64      85            11     -7.0710678118654624e-01 
      64      86            16     -8.1649658092772537e-01 
      64      87            16     -2.8867513459481253e-01 
      64      94            16     -4.9999999999999922e-01 
      64     103             1     -1.4142135623730945e+00 
      64     115             3      7.0710678118654724e-01 
      64     124            10     -7.0710678118654646e-01 
      64     125            15     -8.1649658092772570e-01 
      64     126            15     -2.8867513459481259e-01 
      64     133            15     -4.9999999999999939e-01 
      65       4            16     -7.0710678118654580e-01 
      65       8             7     -8.6602540378443738e-01 
      65      14             7     -4.9999999999999939e-01 
      65      17             4      7.0710678118654702e-01 
      65      62             8      9.9999999999999967e-01 
      65      64            19     -9.9999999999999967e-01 
      65      65             2      1.0000000000000000e+00 
      65      65             0      9.9999999999999967e-01 
      65      65            20      1.0000000000000000e+00 
      65      65             5      9.9999999999999967e-01 
      65      65            14      1.9999999999999996e+00 
      65      68            13     -1.2247448713915883e+00 
      65      69            18      9.9999999999999900e-01 
      65      70            13      7.0710678118654713e-01 
      65      73            12     -9.9999999999999933e-01 
      65      77             4      7.0710678118654702e-01 
      65      87            11      8.6602540378443693e-01 
      65      88            16     -7.0710678118654580e-01 
      65      94            11      4.9999999999999922e-01 
      65     104             1     -1.4142135623730945e+00 
      65     116             3      7.0710678118654724e-01 
      65     126            10      8.6602540378443726e-01 
      65     127            15     -7.0710678118654602e-01 
      65     133            10      4.9999999999999939e-01 
      66       5            11      8.1649658092772603e-01 
      66       7            11      2.8867513459481270e-01 
      66       9             7     -7.0710678118654668e-01 
      66      13            11      4.9999999999999939e-01 
      66      18             4      7.0710678118654702e-01 
      66      61            12     -9.9999999999999978e-01 
      66      64            13      9.9999999999999956e-01 
      66      66            20      2.0000000000000013e+00 
      66      66             2      1.0000000000000000e+00 
      66      66             0      9.9999999999999967e-01 
      66      66             9      1.0000000000000000e+00 
      66      66             5      9.9999999999999967e-01 
      66      67            19     -1.1547005383792521e+00 
      66      68            19      8.1649658092772570e-01 
      66      71            18     -9.9999999999999933e-01 
      66      74            17      9.9999999999999956e-01 
      66      78             4      7.0710678118654702e-01 
      66      85             7     -7.0710678118654668e-01 
      66      89            16     -8.1649658092772603e-01 
      66      91            16     -2.8867513459481264e-01 
      66      95            16     -4.9999999999999922e-01 
      66     105             1     -1.4142135623730945e+00 
      66     117             3      7.0710678118654724e-01 
      66     124             6     -7.0710678118654691e-01 
      66     128            15     -8.1649658092772615e-01 
      66     130            15     -2.8867513459481275e-01 
      66     134            15     -4.9999999999999944e-01 
      67       5            16      2.3570226039551589e-01 
      67       6            11      7.0710678118654724e-01 
      67       7            16      3.3333333333333326e-01 
      67      10             7     -7.0710678118654668e-01 
      67      13            16      5.7735026918962529e-01 
      67      19             4      7.0710678118654702e-01 
      67      61            17     -1.1547005383792517e+00 
      67      64            18      1.1547005383792515e+00 
      67      66            19     -1.1547005383792517e+00 
      67      67             2      1.0000000000000000e+00 
      67      67             0      9.9999999999999967e-01 
      67      67             9      1.0000000000000000e+00 
      67      67             5      9.9999999999999967e-01 
      67      67            20      1.0000000000000002e+00 
      67      67            14      1.0000000000000000e+00 
      67      69            19     -1.1547005383792517e+00 
      67      72            18      1.1547005383792515e+00 
      67      75            17     -1.1547005383792517e+00 
      67      79             4      7.0710678118654702e-01 
      67      86             7     -7.0710678118654668e-01 
      67      89            11      7.0710678118654724e-01 
      67      90            16      2.3570226039551589e-01 
      67      92            16      3.3333333333333326e-01 
      67      96            16      5.7735026918962529e-01 
      67     106             1     -1.4142135623730945e+00 
      67     118             3      7.0710678118654724e-01 
      67     125             6     -7.0710678118654691e-01 
      67     128            10      7.0710678118654746e-01 
      67     129            15      2.3570226039551595e-01 
      67     131            15      3.3333333333333337e-01 
      67     135            15      5.7735026918962551e-01 
      68       5            16     -6.6666666666666641e-01 
      68       7            16      1.1785113019775782e-01 
      68       8            11     -3.5355339059327329e-01 
      68      11             7     -7.0710678118654668e-01 
      68      13            16      2.0412414523193123e-01 
      68      14            11     -6.1237243569579325e-01 
      68      20             4      7.0710678118654702e-01 
      68      61            17     -4.0824829046386285e-01 
      68      62            12      1.2247448713915881e+00 
      68      64            18      4.0824829046386280e-01 
      68      65            13     -1.2247448713915876e+00 
      68      66            19      8.1649658092772592e-01 
      68      68             2      1.0000000000000000e+00 
      68      68             0      9.9999999999999967e-01 
      68      68             9      1.0000000000000000e+00 
      68      68             5      9.9999999999999967e-01 
      68      68            20      1.0000000000000000e+00 
      68      68            14      9.9999999999999956e-01 
      68      69            19      8.1649658092772592e-01 
      68      71            13     -1.2247448713915876e+00 
      68      72            18      4.0824829046386280e-01 
      68      74            12      1.2247448713915881e+00 
      68      75            17     -4.0824829046386285e-01 
      68      80             4      7.0710678118654702e-01 
      68      87             7     -7.0710678118654668e-01 
      68      90            16     -6.6666666666666641e-01 
      68      91            11     -3.5355339059327329e-01 
      68      92            16      1.1785113019775782e-01 
      68      95            11     -6.1237243569579325e-01 
      68      96            16      2.0412414523193123e-01 
      68     107             1     -1.4142135623730945e+00 
      68     119             3      7.0710678118654724e-01 
      68     126             6     -7.0710678118654691e-01 
      68     129            15     -6.6666666666666663e-01 
      68     130            10     -3.5355339059327340e-01 
      68     131            15      1.1785113019775786e-01 
      68     134            10     -6.1237243569579347e-01 
      68     135            15      2.0412414523193129e-01 
      69       6            16      8.1649658092772603e-01 
      69       8            16      2.8867513459481264e-01 
      69      12             7     -7.0710678118654668e-01 
      69      14            16      4.9999999999999922e-01 
      69      21             4      7.0710678118654702e-01 
      69      62            17     -9.9999999999999956e-01 
      69      65            18      9.9999999999999933e-01 
      69      67            19     -1.1547005383792521e+00 
      69      68            19      8.1649658092772570e-01 
      69      69             2      1.0000000000000000e+00 
      69      69             0      9.9999999999999967e-01 
      69      69             9      1.0000000000000000e+00 
      69      69             5      9.9999999999999967e-01 
      69      69            14      2.0000000000000013e+00 
      69      72            13     -9.9999999999999956e-01 
      69      75            12      9.9999999999999978e-01 
      69      81             4      7.0710678118654702e-01 
      69      88             7     -7.0710678118654668e-01 
      69      90            11     -8.1649658092772603e-01 
      69      92            11     -2.8867513459481270e-01 
      69      96            11     -4.9999999999999939e-01 
      69     108             1     -1.4142135623730945e+00 
      69     120             3      7.0710678118654724e-01 
      69     127             6     -7.0710678118654691e-01 
      69     129            10     -8.1649658092772615e-01 
      69     131            10     -2.8867513459481281e-01 
      69     135            10     -4.9999999999999950e-01 
      70       7            16     -6.1237243569579325e-01 
      70       8            11      6.1237243569579347e-01 
      70      13            16      3.5355339059327312e-01 
      70      14            11     -3.5355339059327329e-01 
      70      15             7      7.0710678118654657e-01 
      70      22             4      7.0710678118654702e-01 
      70      61            17     -7.0710678118654691e-01 
      70      62            12      7.0710678118654724e-01 
      70      63             8     -1.4142135623730945e+00 
      70      64            18     -7.0710678118654668e-01 
      70      65            13      7.0710678118654702e-01 
      70      70             9      1.0000000000000000e+00 
      70      70             2      1.0000000000000000e+00 
      70      70             0      9.9999999999999967e-01 
      70      70            20      1.0000000000000000e+00 
      70      70             5      9.9999999999999967e-01 
      70      70            14      9.9999999999999967e-01 
      70      71            13      7.0710678118654702e-01 
      70      72            18     -7.0710678118654668e-01 
      70      73             8     -1.4142135623730945e+00 
      70      74            12      7.0710678118654724e-01 
      70      75            17     -7.0710678118654691e-01 
      70      82             4      7.0710678118654702e-01 
      70      91            11      6.1237243569579347e-01 
      70      92            16     -6.1237243569579325e-01 
      70      94             7      7.0710678118654657e-01 
      70      95            11     -3.5355339059327329e-01 
      70      96            16      3.5355339059327312e-01 
      70     109             1     -1.4142135623730945e+00 
      70     121             3      7.0710678118654724e-01 
      70     130            10      6.1237243569579369e-01 
      70     131            15     -6.1237243569579347e-01 
      70     133             6      7.0710678118654680e-01 
      70     134            10     -3.5355339059327340e-01 
      70     135            15      3.5355339059327323e-01 
      71       9            16     -7.0710678118654580e-01 
      71      11            11     -8.6602540378443693e-01 
      71      15            11     -4.9999999999999922e-01 
      71      23             4      7.0710678118654702e-01 
      71      63            12      9.9999999999999933e-01 
      71      66            18     -9.9999999999999900e-01 
      71      68            13     -1.2247448713915883e+00 
      71      70            13      7.0710678118654713e-01 
      71      71             2      1.0000000000000000e+00 
      71      71             0      9.9999999999999967e-01 
      71      71            20      1.0000000000000000e+00 
      71      71             5      9.9999999999999967e-01 
      71      71             9      1.9999999999999996e+00 
      71      72            19      9.9999999999999967e-01 
      71      74             8     -9.9999999999999967e-01 
      71      83             4      7.0710678118654702e-01 
      71      91             7      8.6602540378443738e-01 
      71      93            16     -7.0710678118654580e-01 
      71      95             7      4.9999999999999939e-01 
      71     110             1     -1.4142135623730945e+00 
      71     122             3      7.0710678118654724e-01 
      71     130             6      8.6602540378443771e-01 
      71     132            15     -7.0710678118654602e-01 
      71     134             6      4.9999999999999950e-01 
      72      10            16      8.1649658092772537e-01 
      72      11            16      2.8867513459481253e-01 
      72      12            11     -7.0710678118654624e-01 
      72      15            16      4.9999999999999922e-01 
      72      24             4      7.0710678118654702e-01 
      72      63            17     -9.9999999999999933e-01 
      72      67            18      1.1547005383792524e+00 
      72      68            18      4.0824829046386307e-01 
      72      69            13     -9.9999999999999967e-01 
      72      70            18     -7.0710678118654713e-01 
      72      71            19      9.9999999999999956e-01 
      72      72             2      1.0000000000000000e+00 
      72      72             0      9.9999999999999967e-01 
      72      72             5      9.9999999999999967e-01 
      72      72             9      1.9999999999999996e+00 
      72      72            14      1.0000000000000000e+00 
      72      75             8     -9.9999999999999967e-01 
      72      84             4      7.0710678118654702e-01 
      72      92             7      8.6602540378443738e-01 
      72      93            11     -7.0710678118654624e-01 
      72      96             7      4.9999999999999939e-01 
      72     111             1     -1.4142135623730945e+00 
      72     123             3      7.0710678118654724e-01 
      72     131             6      8.6602540378443771e-01 
      72     132            10     -7.0710678118654646e-01 
      72     135             6      4.9999999999999950e-01 
      73      16            16     -7.0710678118654646e-01 
      73      17            11      7.0710678118654680e-01 
      73      22             7      9.9999999999999922e-01 
      73      64            17      9.9999999999999900e-01 
      73      65            12     -9.9999999999999956e-01 
      73      70             8     -1.4142135623730949e+00 
      73      73             2      1.0000000000000000e+00 
      73      73             0      9.9999999999999967e-01 
      73      73            20      1.0000000000000000e+00 
      73      73            14      9.9999999999999967e-01 
      73      73             5      2.0000000000000004e+00 
      73      74            13      9.9999999999999967e-01 
      73      75            18     -9.9999999999999922e-01 
      73      94             4     -9.9999999999999933e-01 
      73      97            11      7.0710678118654680e-01 
      73      98            16     -7.0710678118654646e-01 
      73     112             1     -1.4142135623730945e+00 
      73     133             3     -9.9999999999999967e-01 
      73     136            10      7.0710678118654702e-01 
      73     137            15     -7.0710678118654668e-01 
      74      18            16     -7.0710678118654613e-01 
      74      20            11     -8.6602540378443726e-01 
      74      22            11     -4.9999999999999928e-01 
      74      23             7      7.0710678118654691e-01 
      74      66            17      9.9999999999999878e-01 
      74      68            12      1.2247448713915881e+00 
      74      70            12      7.0710678118654691e-01 
      74      71             8     -9.9999999999999967e-01 
      74      73            13      9.9999999999999967e-01 
      74      74             2      1.0000000000000000e+00 
      74      74             0      9.9999999999999967e-01 
      74      74            20      1.0000000000000000e+00 
      74      74             9      9.9999999999999967e-01 
      74      74             5      2.0000000000000004e+00 
      74      75            19      9.9999999999999967e-01 
      74      95             4     -9.9999999999999933e-01 
      74      97             7      7.0710678118654691e-01 
      74      99            16     -7.0710678118654613e-01 
      74     113             1     -1.4142135623730945e+00 
      74     134             3     -9.9999999999999967e-01 
      74     136             6      7.0710678118654713e-01 
      74     138            15     -7.0710678118654635e-01 
      75      19            16      8.1649658092772592e-01 
      75      20            16      2.8867513459481264e-01 
      75      21            11     -7.0710678118654657e-01 
      75      22            16      4.9999999999999922e-01 
      75      24             7      7.0710678118654691e-01 
      75      67            17     -1.1547005383792519e+00 
      75      68            17     -4.0824829046386296e-01 
      75      69            12      9.9999999999999922e-01 
      75      70            17     -7.0710678118654702e-01 
      75      72             8     -9.9999999999999967e-01 
      75      73            18     -9.9999999999999978e-01 
      75      74            19      9.9999999999999956e-01 
      75      75             2      1.0000000000000000e+00 
      75      75             0      9.9999999999999967e-01 
      75      75            14      1.0000000000000000e+00 
      75      75             9      9.9999999999999967e-01 
      75      75             5      2.0000000000000004e+00 
      75      96             4     -9.9999999999999933e-01 
      75      98             7      7.0710678118654691e-01 
      75      99            11     -7.0710678118654657e-01 
      75     114             1     -1.4142135623730945e+00 
      75     135             3     -9.9999999999999967e-01 
      75     137             6      7.0710678118654713e-01 
      75     138            10     -7.0710678118654680e-01 
      76      25            11     -9.9999999999999856e-01 
      76      28             7     -1.2247448713915876e+00 
      76      43             4     -1.2247448713915883e+00 
      76      61             7      7.0710678118654691e-01 
      76      64             4      7.0710678118654713e-01 
      76      76            20      2.0000000000000013e+00 
      76      76             2      1.9999999999999996e+00 
      76      76             0      9.9999999999999967e-01 
      76      76            14      1.0000000000000000e+00 
      76      77            19     -9.9999999999999956e-01 
      76      78            13      9.9999999999999967e-01 
      76      79            18      1.1547005383792524e+00 
      76      80            18      4.0824829046386307e-01 
      76      82            18     -7.0710678118654713e-01 
      76      85            12      9.9999999999999900e-01 
      76      86            17      1.1547005383792517e+00 
      76      87            17      4.0824829046386285e-01 
      76      94            17     -7.0710678118654702e-01 
      76     115             1     -9.9999999999999967e-01 
      76     139            15      9.9999999999999878e-01 
      77      25            16     -9.9999999999999789e-01 
      77      29             7     -1.2247448713915876e+00 
      77      44             4     -1.2247448713915883e+00 
      77      62             7      7.0710678118654691e-01 
      77      65             4      7.0710678118654713e-01 
      77      76            19     -9.9999999999999967e-01 
      77      77             2      1.9999999999999996e+00 
      77      77            20      1.0000000000000000e+00 
      77      77             0      9.9999999999999967e-01 
      77      77            14      1.9999999999999996e+00 
      77      80            13     -1.2247448713915883e+00 
      77      81            18      9.9999999999999900e-01 
      77      82            13      7.0710678118654713e-01 
      77      87            12     -1.2247448713915876e+00 
      77      88            17      9.9999999999999856e-01 
      77      94            12      7.0710678118654691e-01 
      77     116             1     -9.9999999999999967e-01 
      77     139            10     -9.9999999999999878e-01 
      78      26            11      1.1547005383792517e+00 
      78      28            11      4.0824829046386285e-01 
      78      30             7     -9.9999999999999900e-01 
      78      45             4     -1.2247448713915883e+00 
      78      61            11     -7.0710678118654702e-01 
      78      66             4      7.0710678118654713e-01 
      78      76            13      9.9999999999999956e-01 
      78      78            20      2.0000000000000013e+00 
      78      78             2      1.9999999999999996e+00 
      78      78             0      9.9999999999999967e-01 
      78      78             9      1.0000000000000000e+00 
      78      79            19     -1.1547005383792521e+00 
      78      80            19      8.1649658092772570e-01 
      78      83            18     -9.9999999999999933e-01 
      78      85             8      9.9999999999999967e-01 
      78      89            17      1.1547005383792524e+00 
      78      91            17      4.0824829046386302e-01 
      78      95            17     -7.0710678118654713e-01 
      78     117             1     -9.9999999999999967e-01 
      78     140            15      9.9999999999999889e-01 
      79      26            16      3.3333333333333348e-01 
      79      27            11      9.9999999999999978e-01 
      79      28            16      4.7140452079103168e-01 
      79      31             7     -9.9999999999999900e-01 
      79      46             4     -1.2247448713915883e+00 
      79      61            16     -8.1649658092772570e-01 
      79      67             4      7.0710678118654713e-01 
      79      76            18      1.1547005383792515e+00 
      79      78            19     -1.1547005383792517e+00 
      79      79             2      1.9999999999999996e+00 
      79      79             0      9.9999999999999967e-01 
      79      79             9      1.0000000000000000e+00 
      79      79            20      1.0000000000000002e+00 
      79      79            14      1.0000000000000000e+00 
      79      81            19     -1.1547005383792517e+00 
      79      84            18      1.1547005383792515e+00 
      79      86             8      9.9999999999999967e-01 
      79      89            12     -1.0000000000000002e+00 
      79      90            17     -3.3333333333333365e-01 
      79      92            17     -4.7140452079103201e-01 
      79      96            17      8.1649658092772592e-01 
      79     118             1     -9.9999999999999967e-01 
      79     141            15     -1.1547005383792510e+00 
      80      26            16     -9.4280904158206325e-01 
      80      28            16      1.6666666666666660e-01 
      80      29            11     -4.9999999999999944e-01 
      80      32             7     -9.9999999999999900e-01 
      80      47             4     -1.2247448713915883e+00 
      80      61            16     -2.8867513459481264e-01 
      80      62            11      8.6602540378443738e-01 
      80      68             4      7.0710678118654713e-01 
      80      76            18      4.0824829046386280e-01 
      80      77            13     -1.2247448713915876e+00 
      80      78            19      8.1649658092772592e-01 
      80      80             2      1.9999999999999996e+00 
      80      80            20      1.0000000000000000e+00 
      80      80             0      9.9999999999999967e-01 
      80      80             9      1.0000000000000000e+00 
      80      80            14      9.9999999999999956e-01 
      80      81            19      8.1649658092772592e-01 
      80      83            13     -1.2247448713915876e+00 
      80      84            18      4.0824829046386280e-01 
      80      87             8      9.9999999999999967e-01 
      80      90            17      9.4280904158206369e-01 
      80      91            12      4.9999999999999978e-01 
      80      92            17     -1.6666666666666669e-01 
      80      95            12     -8.6602540378443771e-01 
      80      96            17      2.8867513459481270e-01 
      80     119             1     -9.9999999999999967e-01 
      80     140            10      1.2247448713915869e+00 
      80     141            15     -4.0824829046386257e-01 
      81      27            16      1.1547005383792517e+00 
      81      29            16      4.0824829046386285e-01 
      81      33             7     -9.9999999999999900e-01 
      81      48             4     -1.2247448713915883e+00 
      81      62            16     -7.0710678118654691e-01 
      81      69             4      7.0710678118654713e-01 
      81      77            18      9.9999999999999933e-01 
      81      79            19     -1.1547005383792521e+00 
      81      80            19      8.1649658092772570e-01 
      81      81             2      1.9999999999999996e+00 
      81      81             0      9.9999999999999967e-01 
      81      81             9      1.0000000000000000e+00 
      81      81            14      2.0000000000000013e+00 
      81      84            13     -9.9999999999999956e-01 
      81      88             8      9.9999999999999967e-01 
      81      90            12      1.1547005383792524e+00 
      81      92            12      4.0824829046386307e-01 
      81      96            12     -7.0710678118654713e-01 
      81     120             1     -9.9999999999999967e-01 
      81     141            10      9.9999999999999900e-01 
      82      28            16     -8.6602540378443704e-01 
      82      29            11      8.6602540378443738e-01 
      82      49             4     -1.2247448713915883e+00 
      82      61            16     -4.9999999999999939e-01 
      82      62            11      4.9999999999999961e-01 
      82      63             7     -9.9999999999999900e-01 
      82      70             4      7.0710678118654713e-01 
      82      76            18     -7.0710678118654668e-01 
      82      77            13      7.0710678118654702e-01 
      82      82             9      1.0000000000000000e+00 
      82      82             2      1.9999999999999996e+00 
      82      82            20      1.0000000000000000e+00 
      82      82             0      9.9999999999999967e-01 
      82      82            14      9.9999999999999967e-01 
      82      83            13      7.0710678118654702e-01 
      82      84            18     -7.0710678118654668e-01 
      82      91            12     -8.6602540378443782e-01 
      82      92            17      8.6602540378443749e-01 
      82      94             8      9.9999999999999956e-01 
      82      95            12     -4.9999999999999978e-01 
      82      96            17      4.9999999999999950e-01 
      82     121             1     -9.9999999999999967e-01 
      82     139             6     -1.4142135623730936e+00 
      82     140            10      7.0710678118654680e-01 
      82     141            15     -7.0710678118654646e-01 
      83      30            16     -9.9999999999999789e-01 
      83      32            11     -1.2247448713915869e+00 
      83      50             4     -1.2247448713915883e+00 
      83      63            11      7.0710678118654668e-01 
      83      71             4      7.0710678118654713e-01 
      83      78            18     -9.9999999999999900e-01 
      83      80            13     -1.2247448713915883e+00 
      83      82            13      7.0710678118654713e-01 
      83      83             2      1.9999999999999996e+00 
      83      83            20      1.0000000000000000e+00 
      83      83             0      9.9999999999999967e-01 
      83      83             9      1.9999999999999996e+00 
      83      84            19      9.9999999999999967e-01 
      83      91             8     -1.2247448713915883e+00 
      83      93            17      9.9999999999999856e-01 
      83      95             8      7.0710678118654713e-01 
      83     122             1     -9.9999999999999967e-01 
      83     140             6     -9.9999999999999900e-01 
      84      31            16      1.1547005383792510e+00 
      84      32            16      4.0824829046386263e-01 
      84      33            11     -9.9999999999999856e-01 
      84      51             4     -1.2247448713915883e+00 
      84      63            16     -7.0710678118654668e-01 
      84      72             4      7.0710678118654713e-01 
      84      79            18      1.1547005383792524e+00 
      84      80            18      4.0824829046386307e-01 
      84      81            13     -9.9999999999999967e-01 
      84      82            18     -7.0710678118654713e-01 
      84      83            19      9.9999999999999956e-01 
      84      84             2      1.9999999999999996e+00 
      84      84             0      9.9999999999999967e-01 
      84      84            14      1.0000000000000000e+00 
      84      84             9      1.9999999999999996e+00 
      84      92             8     -1.2247448713915883e+00 
      84      93            12      9.9999999999999900e-01 
      84      96             8      7.0710678118654713e-01 
      84     123             1     -9.9999999999999967e-01 
      84     141             6     -9.9999999999999900e-01 
      85      34            11      1.1547005383792524e+00 
      85      37             7      1.1547005383792524e+00 
      85      43            11      4.0824829046386302e-01 
      85      45             7      4.0824829046386307e-01 
      85      52             4     -9.9999999999999967e-01 
      85      64            11     -7.0710678118654713e-01 
      85      66             7     -7.0710678118654713e-01 
      85      76            12      9.9999999999999933e-01 
      85      78             8      9.9999999999999956e-01 
      85      85            20      2.0000000000000013e+00 
      85      85             2      1.9999999999999996e+00 
      85      85             0      9.9999999999999967e-01 
      85      85             5      1.0000000000000000e+00 
      85      86            19     -1.1547005383792521e+00 
      85      87            19      8.1649658092772570e-01 
      85      89            18     -1.1547005383792521e+00 
      85      91            18      8.1649658092772570e-01 
      85      97            17     -9.9999999999999922e-01 
      85     124             1     -9.9999999999999967e-01 
      85     142            15      9.9999999999999900e-01 
      86      34            16      3.3333333333333365e-01 
      86      35            11      1.0000000000000002e+00 
      86      38             7      1.1547005383792524e+00 
      86      43            16      4.7140452079103190e-01 
      86      46             7      4.0824829046386307e-01 
      86      53             4     -9.9999999999999967e-01 
      86      64            16     -8.1649658092772592e-01 
      86      67             7     -7.0710678118654713e-01 
      86      76            17      1.1547005383792512e+00 
      86      79             8      9.9999999999999956e-01 
      86      85            19     -1.1547005383792517e+00 
      86      86             2      1.9999999999999996e+00 
      86      86             0      9.9999999999999967e-01 
      86      86            20      1.0000000000000002e+00 
      86      86             5      1.0000000000000000e+00 
      86      86            14      1.0000000000000000e+00 
      86      88            19     -1.1547005383792517e+00 
      86      89            13      1.0000000000000002e+00 
      86      90            18      3.3333333333333359e-01 
      86      92            18     -9.4280904158206336e-01 
      86      98            17      1.1547005383792512e+00 
      86     125             1     -9.9999999999999967e-01 
      86     143            15     -1.1547005383792512e+00 
      87      34            16     -9.4280904158206369e-01 
      87      39             7      1.1547005383792524e+00 
      87      43            16      1.6666666666666666e-01 
      87      44            11     -4.9999999999999967e-01 
      87      47             7      4.0824829046386307e-01 
      87      54             4     -9.9999999999999967e-01 
      87      64            16     -2.8867513459481264e-01 
      87      65            11      8.6602540378443749e-01 
      87      68             7     -7.0710678118654713e-01 
      87      76            17      4.0824829046386268e-01 
      87      77            12     -1.2247448713915874e+00 
      87      80             8      9.9999999999999956e-01 
      87      85            19      8.1649658092772592e-01 
      87      87             2      1.9999999999999996e+00 
      87      87            20      1.0000000000000000e+00 
      87      87             0      9.9999999999999967e-01 
      87      87             5      1.0000000000000000e+00 
      87      87            14      9.9999999999999956e-01 
      87      88            19      8.1649658092772592e-01 
      87      90            18     -9.4280904158206358e-01 
      87      91            13      9.9999999999999889e-01 
      87      92            18     -3.3333333333333320e-01 
      87      97            12     -1.2247448713915874e+00 
      87      98            17      4.0824829046386268e-01 
      87     126             1     -9.9999999999999967e-01 
      87     142            10      1.2247448713915872e+00 
      87     143            15     -4.0824829046386263e-01 
      88      35            16      1.1547005383792524e+00 
      88      40             7      1.1547005383792524e+00 
      88      44            16      4.0824829046386302e-01 
      88      48             7      4.0824829046386307e-01 
      88      55             4     -9.9999999999999967e-01 
      88      65            16     -7.0710678118654702e-01 
      88      69             7     -7.0710678118654713e-01 
      88      77            17      9.9999999999999922e-01 
      88      81             8      9.9999999999999956e-01 
      88      86            19     -1.1547005383792521e+00 
      88      87            19      8.1649658092772570e-01 
      88      88             2      1.9999999999999996e+00 
      88      88             0      9.9999999999999967e-01 
      88      88            14      2.0000000000000013e+00 
      88      88             5      1.0000000000000000e+00 
      88      90            13     -1.1547005383792521e+00 
      88      92            13      8.1649658092772570e-01 
      88      98            12     -9.9999999999999933e-01 
      88     127             1     -9.9999999999999967e-01 
      88     143            10      9.9999999999999922e-01 
      89      36            11     -1.1180339887498953e+00 
      89      37            16      3.3333333333333359e-01 
      89      38            11     -2.8867513459481309e-01 
      89      41             7      1.0000000000000002e+00 
      89      45            16      4.7140452079103190e-01 
      89      46            11     -4.0824829046386318e-01 
      89      56             4     -9.9999999999999967e-01 
      89      66            16     -8.1649658092772592e-01 
      89      67            11      7.0710678118654735e-01 
      89      78            17      1.1547005383792512e+00 
      89      79            12     -9.9999999999999967e-01 
      89      85            18     -1.1547005383792515e+00 
      89      86            13      1.0000000000000000e+00 
      89      89             2      1.9999999999999996e+00 
      89      89             0      9.9999999999999967e-01 
      89      89            20      1.0000000000000002e+00 
      89      89             5      1.0000000000000000e+00 
      89      89             9      1.0000000000000000e+00 
      89      90            19      1.0000000000000002e+00 
      89      93            18     -1.1547005383792515e+00 
      89      99            17      1.1547005383792512e+00 
      89     128             1     -9.9999999999999967e-01 
      89     144            15     -1.1547005383792510e+00 
      90      36            16      1.1180339887498960e+00 
      90      38            16     -9.6225044864937798e-02 
      90      39            16      2.7216552697590912e-01 
      90      40            11      3.3333333333333365e-01 
      90      42             7      1.0000000000000002e+00 
      90      46            16     -1.3608276348795453e-01 
      90      47            16      3.8490017945975091e-01 
      90      48            11      4.7140452079103201e-01 
      90      57             4     -9.9999999999999967e-01 
      90      67            16      2.3570226039551601e-01 
      90      68            16     -6.6666666666666685e-01 
      90      69            11     -8.1649658092772592e-01 
      90      79            17     -3.3333333333333354e-01 
      90      80            17      9.4280904158206369e-01 
      90      81            12      1.1547005383792515e+00 
      90      86            18      3.3333333333333359e-01 
      90      87            18     -9.4280904158206380e-01 
      90      88            13     -1.1547005383792517e+00 
      90      89            19      1.0000000000000002e+00 
      90      90            14      1.0000000000000002e+00 
      90      90             2      1.9999999999999996e+00 
      90      90             0      9.9999999999999967e-01 
      90      90             5      1.0000000000000000e+00 
      90      90             9      1.0000000000000000e+00 
      90      93            13     -1.1547005383792517e+00 
      90      99            12      1.1547005383792515e+00 
      90     129             1     -9.9999999999999967e-01 
      90     144            10     -1.1547005383792512e+00 
      91      37            16     -9.4280904158206325e-01 
      91      39            11     -1.1547005383792517e+00 
      91      45            16      1.6666666666666660e-01 
      91      47            11      2.0412414523193148e-01 
      91      49            11     -3.5355339059327351e-01 
      91      50             7     -4.9999999999999978e-01 
      91      58             4     -9.9999999999999967e-01 
      91      66            16     -2.8867513459481253e-01 
      91      68            11     -3.5355339059327345e-01 
      91      70            11      6.1237243569579369e-01 
      91      71             7      8.6602540378443771e-01 
      91      78            17      4.0824829046386257e-01 
      91      80            12      4.9999999999999961e-01 
      91      82            12     -8.6602540378443749e-01 
      91      83             8     -1.2247448713915876e+00 
      91      85            18      8.1649658092772537e-01 
      91      87            13      9.9999999999999967e-01 
      91      91             2      1.9999999999999996e+00 
      91      91             9      9.9999999999999956e-01 
      91      91             0      9.9999999999999967e-01 
      91      91            20      1.0000000000000000e+00 
      91      91             5      1.0000000000000000e+00 
      91      92            19      9.9999999999999967e-01 
      91      93            18      8.1649658092772537e-01 
      91      97             8     -1.2247448713915876e+00 
      91      99            17      4.0824829046386257e-01 
      91     130             1     -9.9999999999999967e-01 
      91     142             6      1.2247448713915874e+00 
      91     144            15     -4.0824829046386246e-01 
      92      38            16      1.0886621079036365e+00 
      92      39            16      3.8490017945975091e-01 
      92      40            11     -9.4280904158206369e-01 
      92      46            16     -1.9245008972987551e-01 
      92      47            16     -6.8041381743977211e-02 
      92      48            11      1.6666666666666669e-01 
      92      49            16      3.5355339059327356e-01 
      92      51             7     -4.9999999999999978e-01 
      92      59             4     -9.9999999999999967e-01 
      92      67            16      3.3333333333333348e-01 
      92      68            16      1.1785113019775792e-01 
      92      69            11     -2.8867513459481270e-01 
      92      70            16     -6.1237243569579369e-01 
      92      72             7      8.6602540378443771e-01 
      92      79            17     -4.7140452079103190e-01 
      92      80            17     -1.6666666666666669e-01 
      92      81            12      4.0824829046386280e-01 
      92      82            17      8.6602540378443771e-01 
      92      84             8     -1.2247448713915876e+00 
      92      86            18     -9.4280904158206413e-01 
      92      87            18     -3.3333333333333354e-01 
      92      88            13      8.1649658092772592e-01 
      92      91            19      9.9999999999999956e-01 
      92      92             2      1.9999999999999996e+00 
      92      92             9      9.9999999999999956e-01 
      92      92             0      9.9999999999999967e-01 
      92      92            14      1.0000000000000000e+00 
      92      92             5      1.0000000000000000e+00 
      92      93            13      8.1649658092772592e-01 
      92      98             8     -1.2247448713915876e+00 
      92      99            12      4.0824829046386280e-01 
      92     131             1     -9.9999999999999967e-01 
      92     143             6      1.2247448713915874e+00 
      92     144            10     -4.0824829046386268e-01 
      93      41            16      1.1547005383792524e+00 
      93      42            11      1.1547005383792524e+00 
      93      50            16      4.0824829046386302e-01 
      93      51            11      4.0824829046386302e-01 
      93      60             4     -9.9999999999999967e-01 
      93      71            16     -7.0710678118654702e-01 
      93      72            11     -7.0710678118654713e-01 
      93      83            17      9.9999999999999922e-01 
      93      84            12      9.9999999999999933e-01 
      93      89            18     -1.1547005383792521e+00 
      93      90            13     -1.1547005383792521e+00 
      93      91            18      8.1649658092772570e-01 
      93      92            13      8.1649658092772570e-01 
      93      93             2      1.9999999999999996e+00 
      93      93             9      2.0000000000000013e+00 
      93      93             0      9.9999999999999967e-01 
      93      93             5      1.0000000000000000e+00 
      93      99             8     -9.9999999999999956e-01 
      93     132             1     -9.9999999999999967e-01 
      93     144             6      9.9999999999999933e-01 
      94      43            16     -8.6602540378443738e-01 
      94      44            11      8.6602540378443771e-01 
      94      49             7      1.2247448713915881e+00 
      94      64            16     -4.9999999999999944e-01 
      94      65            11      4.9999999999999961e-01 
      94      70             7      7.0710678118654724e-01 
      94      73             4     -9.9999999999999956e-01 
      94      76            17     -7.0710678118654657e-01 
      94      77            12      7.0710678118654691e-01 
      94      82             8      9.9999999999999933e-01 
      94      94             2      1.9999999999999996e+00 
      94      94            20      1.0000000000000000e+00 
      94      94             0      9.9999999999999967e-01 
      94      94            14      9.9999999999999967e-01 
      94      94             5      1.0000000000000000e+00 
      94      95            13      9.9999999999999967e-01 
      94      96            18     -9.9999999999999922e-01 
      94      97            12      7.0710678118654691e-01 
      94      98            17     -7.0710678118654657e-01 
      94     133             1     -9.9999999999999967e-01 
      94     139             3     -1.4142135623730940e+00 
      94     142            10      7.0710678118654691e-01 
      94     143            15     -7.0710678118654657e-01 
      95      45            16     -8.6602540378443704e-01 
      95      47            11     -1.0606601717798199e+00 
      95      49            11     -6.1237243569579369e-01 
      95      50             7      8.6602540378443782e-01 
      95      66            16     -4.9999999999999928e-01 
      95      68            11     -6.1237243569579380e-01 
      95      70            11     -3.5355339059327340e-01 
      95      71             7      4.9999999999999978e-01 
      95      74             4     -9.9999999999999956e-01 
      95      78            17     -7.0710678118654624e-01 
      95      80            12     -8.6602540378443738e-01 
      95      82            12     -4.9999999999999939e-01 
      95      83             8      7.0710678118654702e-01 
      95      94            13      9.9999999999999967e-01 
      95      95             2      1.9999999999999996e+00 
      95      95            20      1.0000000000000000e+00 
      95      95             0      9.9999999999999967e-01 
      95      95             9      9.9999999999999967e-01 
      95      95             5      1.0000000000000000e+00 
      95      96            19      9.9999999999999967e-01 
      95      97             8      7.0710678118654702e-01 
      95      99            17     -7.0710678118654624e-01 
      95     134             1     -9.9999999999999967e-01 
      95     140             3     -1.4142135623730940e+00 
      95     142             6      7.0710678118654702e-01 
      95     144            15     -7.0710678118654624e-01 
      96      46            16      9.9999999999999978e-01 
      96      47            16      3.5355339059327356e-01 
      96      48            11     -8.6602540378443749e-01 
      96      49            16      6.1237243569579369e-01 
      96      51             7      8.6602540378443782e-01 
      96      67            16      5.7735026918962584e-01 
      96      68            16      2.0412414523193143e-01 
      96      69            11     -4.9999999999999950e-01 
      96      70            16      3.5355339059327340e-01 
      96      72             7      4.9999999999999978e-01 
      96      75             4     -9.9999999999999956e-01 
      96      79            17      8.1649658092772603e-01 
      96      80            17      2.8867513459481270e-01 
      96      81            12     -7.0710678118654668e-01 
      96      82            17      4.9999999999999939e-01 
      96      84             8      7.0710678118654702e-01 
      96      94            18     -9.9999999999999978e-01 
      96      95            19      9.9999999999999956e-01 
      96      96             2      1.9999999999999996e+00 
      96      96             0      9.9999999999999967e-01 
      96      96            14      1.0000000000000000e+00 
      96      96             9      9.9999999999999967e-01 
      96      96             5      1.0000000000000000e+00 
      96      98             8      7.0710678118654702e-01 
      96      99            12     -7.0710678118654668e-01 
      96     135             1     -9.9999999999999967e-01 
      96     141             3     -1.4142135623730940e+00 
      96     143             6      7.0710678118654702e-01 
      96     144            10     -7.0710678118654668e-01 
      97      52            16     -9.9999999999999789e-01 
      97      54            11     -1.2247448713915869e+00 
      97      58             7     -1.2247448713915876e+00 
      97      73            11      7.0710678118654668e-01 
      97      74             7      7.0710678118654691e-01 
      97      85            17     -9.9999999999999856e-01 
      97      87            12     -1.2247448713915876e+00 
      97      91             8     -1.2247448713915883e+00 
      97      94            12      7.0710678118654691e-01 
      97      95             8      7.0710678118654713e-01 
      97      97             2      1.9999999999999996e+00 
      97      97            20      1.0000000000000000e+00 
      97      97             0      9.9999999999999967e-01 
      97      97             5      1.9999999999999996e+00 
      97      98            19      9.9999999999999967e-01 
      97      99            18      9.9999999999999900e-01 
      97     136             1     -9.9999999999999967e-01 
      97     142             3     -9.9999999999999933e-01 
      98      53            16      1.1547005383792510e+00 
      98      54            16      4.0824829046386263e-01 
      98      55            11     -9.9999999999999856e-01 
      98      59             7     -1.2247448713915876e+00 
      98      73            16     -7.0710678118654668e-01 
      98      75             7      7.0710678118654691e-01 
      98      86            17      1.1547005383792517e+00 
      98      87            17      4.0824829046386285e-01 
      98      88            12     -9.9999999999999900e-01 
      98      92             8     -1.2247448713915883e+00 
      98      94            17     -7.0710678118654702e-01 
      98      96             8      7.0710678118654713e-01 
      98      97            19      9.9999999999999956e-01 
      98      98             2      1.9999999999999996e+00 
      98      98             0      9.9999999999999967e-01 
      98      98            14      1.0000000000000000e+00 
      98      98             5      1.9999999999999996e+00 
      98      99            13      9.9999999999999967e-01 
      98     137             1     -9.9999999999999967e-01 
      98     143             3     -9.9999999999999933e-01 
      99      56            16      1.1547005383792517e+00 
      99      57            11      1.1547005383792517e+00 
      99      58            16      4.0824829046386285e-01 
      99      59            11      4.0824829046386285e-01 
      99      60             7     -9.9999999999999900e-01 
      99      74            16     -7.0710678118654691e-01 
      99      75            11     -7.0710678118654702e-01 
      99      89            17      1.1547005383792524e+00 
      99      90            12      1.1547005383792524e+00 
      99      91            17      4.0824829046386302e-01 
      99      92            12      4.0824829046386307e-01 
      99      93             8     -9.9999999999999967e-01 
      99      95            17     -7.0710678118654713e-01 
      99      96            12     -7.0710678118654713e-01 
      99      97            18      9.9999999999999933e-01 
      99      98            13      9.9999999999999956e-01 
      99      99             2      1.9999999999999996e+00 
      99      99             0      9.9999999999999967e-01 
      99      99             9      1.0000000000000000e+00 
      99      99             5      1.9999999999999996e+00 
      99     138             1     -9.9999999999999967e-01 
      99     144             3     -9.9999999999999933e-01 
     100       1            10      9.9999999999999889e-01 
     100       2             6     -9.9999999999999922e-01 
     100      13             3     -1.4142135623730945e+00 
     100      61             1     -1.4142135623730949e+00 
     100     100            20      2.0000000000000013e+00 
     100     100             9      9.9999999999999967e-01 
     100     100            14      1.0000000000000000e+00 
     100     100             0      2.0000000000000004e+00 
     100     101            19     -9.9999999999999956e-01 
     100     102            18      9.9999999999999978e-01 
     100     103             8      9.9999999999999967e-01 
     100     105            12     -9.9999999999999922e-01 
     100     106            17     -1.1547005383792519e+00 
     100     107            17     -4.0824829046386296e-01 
     100     109            17     -7.0710678118654702e-01 
     100     115             7      9.9999999999999956e-01 
     100     117            11     -9.9999999999999900e-01 
     100     118            16     -1.1547005383792517e+00 
     100     119            16     -4.0824829046386285e-01 
     100     121            16     -7.0710678118654680e-01 
     101       1            15      9.9999999999999822e-01 
     101       3             6     -9.9999999999999922e-01 
     101      14             3     -1.4142135623730945e+00 
     101      62             1     -1.4142135623730949e+00 
     101     100            19     -9.9999999999999967e-01 
     101     101            20      1.0000000000000000e+00 
     101     101             9      9.9999999999999967e-01 
     101     101             0      2.0000000000000004e+00 
     101     101            14      1.9999999999999996e+00 
     101     102            13     -9.9999999999999967e-01 
     101     104             8      9.9999999999999967e-01 
     101     107            12      1.2247448713915881e+00 
     101     108            17     -9.9999999999999878e-01 
     101     109            12      7.0710678118654691e-01 
     101     116             7      9.9999999999999956e-01 
     101     119            11      1.2247448713915876e+00 
     101     120            16     -9.9999999999999856e-01 
     101     121            11      7.0710678118654680e-01 
     102       2            15      9.9999999999999856e-01 
     102       3            10     -9.9999999999999900e-01 
     102      15             3     -1.4142135623730945e+00 
     102      63             1     -1.4142135623730949e+00 
     102     100            18      9.9999999999999922e-01 
     102     101            13     -9.9999999999999967e-01 
     102     102            20      1.0000000000000000e+00 
     102     102             9      2.0000000000000004e+00 
     102     102            14      9.9999999999999967e-01 
     102     102             0      2.0000000000000004e+00 
     102     109             8     -1.4142135623730949e+00 
     102     110            12      9.9999999999999956e-01 
     102     111            17     -9.9999999999999900e-01 
     102     121             7     -1.4142135623730945e+00 
     102     122            11      9.9999999999999922e-01 
     102     123            16     -9.9999999999999889e-01 
     103       4            10      9.9999999999999856e-01 
     103       7             6      1.2247448713915876e+00 
     103      13             6      7.0710678118654680e-01 
     103      16             3     -9.9999999999999956e-01 
     103      64             1     -1.4142135623730949e+00 
     103     100             8      9.9999999999999967e-01 
     103     103            20      2.0000000000000013e+00 
     103     103             5      9.9999999999999967e-01 
     103     103            14      1.0000000000000000e+00 
     103     103             0      2.0000000000000004e+00 
     103     104            19     -9.9999999999999956e-01 
     103     105            13      9.9999999999999967e-01 
     103     106            18      1.1547005383792524e+00 
     103     107            18      4.0824829046386307e-01 
     103     109            18     -7.0710678118654713e-01 
     103     112            17      9.9999999999999933e-01 
     103     115             4      9.9999999999999967e-01 
     103     124            11     -9.9999999999999878e-01 
     103     125            16     -1.1547005383792512e+00 
     103     126            16     -4.0824829046386268e-01 
     103     133            16     -7.0710678118654668e-01 
     104       4            15      9.9999999999999789e-01 
     104       8             6      1.2247448713915876e+00 
     104      14             6      7.0710678118654680e-01 
     104      17             3     -9.9999999999999956e-01 
     104      65             1     -1.4142135623730949e+00 
     104     101             8      9.9999999999999967e-01 
     104     103            19     -9.9999999999999967e-01 
     104     104            20      1.0000000000000000e+00 
     104     104             5      9.9999999999999967e-01 
     104     104             0      2.0000000000000004e+00 
     104     104            14      1.9999999999999996e+00 
     104     107            13     -1.2247448713915883e+00 
     104     108            18      9.9999999999999900e-01 
     104     109            13      7.0710678118654713e-01 
     104     112            12     -9.9999999999999933e-01 
     104     116             4      9.9999999999999967e-01 
     104     126            11      1.2247448713915872e+00 
     104     127            16     -9.9999999999999811e-01 
     104     133            11      7.0710678118654668e-01 
     105       5            10     -1.1547005383792517e+00 
     105       7            10     -4.0824829046386285e-01 
     105       9             6      9.9999999999999900e-01 
     105      13            10     -7.0710678118654680e-01 
     105      18             3     -9.9999999999999956e-01 
     105      66             1     -1.4142135623730949e+00 
     105     100            12     -9.9999999999999978e-01 
     105     103            13      9.9999999999999956e-01 
     105     105            20      2.0000000000000013e+00 
     105     105             9      1.0000000000000000e+00 
     105     105             5      9.9999999999999967e-01 
     105     105             0      2.0000000000000004e+00 
     105     106            19     -1.1547005383792521e+00 
     105     107            19      8.1649658092772570e-01 
     105     110            18     -9.9999999999999933e-01 
     105     113            17      9.9999999999999956e-01 
     105     117             4      9.9999999999999967e-01 
     105     124             7     -9.9999999999999922e-01 
     105     128            16     -1.1547005383792519e+00 
     105     130            16     -4.0824829046386296e-01 
     105     134            16     -7.0710678118654691e-01 
     106       5            15     -3.3333333333333348e-01 
     106       6            10     -9.9999999999999978e-01 
     106       7            15     -4.7140452079103168e-01 
     106      10             6      9.9999999999999900e-01 
     106      13            15     -8.1649658092772537e-01 
     106      19             3     -9.9999999999999956e-01 
     106      67             1     -1.4142135623730949e+00 
     106     100            17     -1.1547005383792517e+00 
     106     103            18      1.1547005383792515e+00 
     106     105            19     -1.1547005383792517e+00 
     106     106            20      1.0000000000000002e+00 
     106     106             9      1.0000000000000000e+00 
     106     106             5      9.9999999999999967e-01 
     106     106             0      2.0000000000000004e+00 
     106     106            14      1.0000000000000000e+00 
     106     108            19     -1.1547005383792517e+00 
     106     111            18      1.1547005383792515e+00 
     106     114            17     -1.1547005383792517e+00 
     106     118             4      9.9999999999999967e-01 
     106     125             7     -9.9999999999999922e-01 
     106     128            11      1.0000000000000000e+00 
     106     129            16      3.3333333333333354e-01 
     106     131            16      4.7140452079103179e-01 
     106     135            16      8.1649658092772570e-01 
     107       5            15      9.4280904158206325e-01 
     107       7            15     -1.6666666666666660e-01 
     107       8            10      4.9999999999999944e-01 
     107      11             6      9.9999999999999900e-01 
     107      13            15     -2.8867513459481253e-01 
     107      14            10      8.6602540378443726e-01 
     107      20             3     -9.9999999999999956e-01 
     107      68             1     -1.4142135623730949e+00 
     107     100            17     -4.0824829046386285e-01 
     107     101            12      1.2247448713915881e+00 
     107     103            18      4.0824829046386280e-01 
     107     104            13     -1.2247448713915876e+00 
     107     105            19      8.1649658092772592e-01 
     107     107            20      1.0000000000000000e+00 
     107     107             9      1.0000000000000000e+00 
     107     107             5      9.9999999999999967e-01 
     107     107            14      9.9999999999999956e-01 
     107     107             0      2.0000000000000004e+00 
     107     108            19      8.1649658092772592e-01 
     107     110            13     -1.2247448713915876e+00 
     107     111            18      4.0824829046386280e-01 
     107     113            12      1.2247448713915881e+00 
     107     114            17     -4.0824829046386285e-01 
     107     119             4      9.9999999999999967e-01 
     107     126             7     -9.9999999999999922e-01 
     107     129            16     -9.4280904158206336e-01 
     107     130            11     -4.9999999999999961e-01 
     107     131            16      1.6666666666666663e-01 
     107     134            11     -8.6602540378443738e-01 
     107     135            16      2.8867513459481264e-01 
     108       6            15     -1.1547005383792517e+00 
     108       8            15     -4.0824829046386285e-01 
     108      12             6      9.9999999999999900e-01 
     108      14            15     -7.0710678118654668e-01 
     108      21             3     -9.9999999999999956e-01 
     108      69             1     -1.4142135623730949e+00 
     108     101            17     -9.9999999999999956e-01 
     108     104            18      9.9999999999999933e-01 
     108     106            19     -1.1547005383792521e+00 
     108     107            19      8.1649658092772570e-01 
     108     108             9      1.0000000000000000e+00 
     108     108             5      9.9999999999999967e-01 
     108     108            14      2.0000000000000013e+00 
     108     108             0      2.0000000000000004e+00 
     108     111            13     -9.9999999999999956e-01 
     108     114            12      9.9999999999999978e-01 
     108     120             4      9.9999999999999967e-01 
     108     127             7     -9.9999999999999922e-01 
     108     129            11     -1.1547005383792519e+00 
     108     131            11     -4.0824829046386296e-01 
     108     135            11     -7.0710678118654702e-01 
     109       7            15      8.6602540378443704e-01 
     109       8            10     -8.6602540378443738e-01 
     109      13            15     -4.9999999999999928e-01 
     109      14            10      4.9999999999999944e-01 
     109      15             6     -9.9999999999999889e-01 
     109      22             3     -9.9999999999999956e-01 
     109      70             1     -1.4142135623730949e+00 
     109     100            17     -7.0710678118654691e-01 
     109     101            12      7.0710678118654724e-01 
     109     102             8     -1.4142135623730945e+00 
     109     103            18     -7.0710678118654668e-01 
     109     104            13      7.0710678118654702e-01 
     109     109             9      1.0000000000000000e+00 
     109     109            20      1.0000000000000000e+00 
     109     109             5      9.9999999999999967e-01 
     109     109            14      9.9999999999999967e-01 
     109     109             0      2.0000000000000004e+00 
     109     110            13      7.0710678118654702e-01 
     109     111            18     -7.0710678118654668e-01 
     109     112             8     -1.4142135623730945e+00 
     109     113            12      7.0710678118654724e-01 
     109     114            17     -7.0710678118654691e-01 
     109     121             4      9.9999999999999967e-01 
     109     130            11      8.6602540378443771e-01 
     109     131            16     -8.6602540378443738e-01 
     109     133             7      9.9999999999999900e-01 
     109     134            11     -4.9999999999999961e-01 
     109     135            16      4.9999999999999939e-01 
     110       9            15      9.9999999999999789e-01 
     110      11            10      1.2247448713915869e+00 
     110      15            10      7.0710678118654657e-01 
     110      23             3     -9.9999999999999956e-01 
     110      71             1     -1.4142135623730949e+00 
     110     102            12      9.9999999999999933e-01 
     110     105            18     -9.9999999999999900e-01 
     110     107            13     -1.2247448713915883e+00 
     110     109            13      7.0710678118654713e-01 
     110     110            20      1.0000000000000000e+00 
     110     110             5      9.9999999999999967e-01 
     110     110             9      1.9999999999999996e+00 
     110     110             0      2.0000000000000004e+00 
     110     111            19      9.9999999999999967e-01 
     110     113             8     -9.9999999999999967e-01 
     110     122             4      9.9999999999999967e-01 
     110     130             7      1.2247448713915881e+00 
     110     132            16     -9.9999999999999811e-01 
     110     134             7      7.0710678118654691e-01 
     111      10            15     -1.1547005383792510e+00 
     111      11            15     -4.0824829046386263e-01 
     111      12            10      9.9999999999999856e-01 
     111      15            15     -7.0710678118654657e-01 
     111      24             3     -9.9999999999999956e-01 
     111      72             1     -1.4142135623730949e+00 
     111     102            17     -9.9999999999999933e-01 
     111     106            18      1.1547005383792524e+00 
     111     107            18      4.0824829046386307e-01 
     111     108            13     -9.9999999999999967e-01 
     111     109            18     -7.0710678118654713e-01 
     111     110            19      9.9999999999999956e-01 
     111     111             5      9.9999999999999967e-01 
     111     111             9      1.9999999999999996e+00 
     111     111            14      1.0000000000000000e+00 
     111     111             0      2.0000000000000004e+00 
     111     114             8     -9.9999999999999967e-01 
     111     123             4      9.9999999999999967e-01 
     111     131             7      1.2247448713915881e+00 
     111     132            11     -9.9999999999999878e-01 
     111     135             7      7.0710678118654691e-01 
     112      16            15      9.9999999999999856e-01 
     112      17            10     -9.9999999999999900e-01 
     112      22             6     -1.4142135623730943e+00 
     112      73             1     -1.4142135623730949e+00 
     112     103            17      9.9999999999999900e-01 
     112     104            12     -9.9999999999999956e-01 
     112     109             8     -1.4142135623730949e+00 
     112     112            20      1.0000000000000000e+00 
     112     112            14      9.9999999999999967e-01 
     112     112             0      2.0000000000000004e+00 
     112     112             5      2.0000000000000004e+00 
     112     113            13      9.9999999999999967e-01 
     112     114            18     -9.9999999999999922e-01 
     112     133             4     -1.4142135623730949e+00 
     112     136            11      9.9999999999999922e-01 
     112     137            16     -9.9999999999999889e-01 
     113      18            15      9.9999999999999822e-01 
     113      20            10      1.2247448713915874e+00 
     113      22            10      7.0710678118654668e-01 
     113      23             6     -9.9999999999999922e-01 
     113      74             1     -1.4142135623730949e+00 
     113     105            17      9.9999999999999878e-01 
     113     107            12      1.2247448713915881e+00 
     113     109            12      7.0710678118654691e-01 
     113     110             8     -9.9999999999999967e-01 
     113     112            13      9.9999999999999967e-01 
     113     113            20      1.0000000000000000e+00 
     113     113             9      9.9999999999999967e-01 
     113     113             0      2.0000000000000004e+00 
     113     113             5      2.0000000000000004e+00 
     113     114            19      9.9999999999999967e-01 
     113     134             4     -1.4142135623730949e+00 
     113     136             7      9.9999999999999956e-01 
     113     138            16     -9.9999999999999856e-01 
     114      19            15     -1.1547005383792515e+00 
     114      20            15     -4.0824829046386280e-01 
     114      21            10      9.9999999999999889e-01 
     114      22            15     -7.0710678118654668e-01 
     114      24             6     -9.9999999999999922e-01 
     114      75             1     -1.4142135623730949e+00 
     114     106            17     -1.1547005383792519e+00 
     114     107            17     -4.0824829046386296e-01 
     114     108            12      9.9999999999999922e-01 
     114     109            17     -7.0710678118654702e-01 
     114     111             8     -9.9999999999999967e-01 
     114     112            18     -9.9999999999999978e-01 
     114     113            19      9.9999999999999956e-01 
     114     114            14      1.0000000000000000e+00 
     114     114             9      9.9999999999999967e-01 
     114     114             0      2.0000000000000004e+00 
     114     114             5      2.0000000000000004e+00 
     114     135             4     -1.4142135623730949e+00 
     114     137             7      9.9999999999999956e-01 
     114     138            11     -9.9999999999999900e-01 
     115      25            10      9.9999999999999811e-01 
     115      28             6      1.2247448713915872e+00 
     115      43             3      1.2247448713915881e+00 
     115      61             6      7.0710678118654668e-01 
     115      64             3      7.0710678118654691e-01 
     115      76             1     -9.9999999999999967e-01 
     115     100             7      9.9999999999999933e-01 
     115     103             4      9.9999999999999967e-01 
     115     115            20      2.0000000000000013e+00 
     115     115             2      9.9999999999999967e-01 
     115     115            14      1.0000000000000000e+00 
     115     115             0      2.0000000000000004e+00 
     115     116            19     -9.9999999999999956e-01 
     115     117            13      9.9999999999999967e-01 
     115     118            18      1.1547005383792524e+00 
     115     119            18      4.0824829046386307e-01 
     115     121            18     -7.0710678118654713e-01 
     115     124            12      9.9999999999999900e-01 
     115     125            17      1.1547005383792517e+00 
     115     126            17      4.0824829046386285e-01 
     115     133            17     -7.0710678118654702e-01 
     115     139            16      9.9999999999999900e-01 
     116      25            15      9.9999999999999767e-01 
     116      29             6      1.2247448713915872e+00 
     116      44             3      1.2247448713915881e+00 
     116      62             6      7.0710678118654668e-01 
     116      65             3      7.0710678118654691e-01 
     116      77             1     -9.9999999999999967e-01 
     116     101             7      9.9999999999999933e-01 
     116     104             4      9.9999999999999967e-01 
     116     115            19     -9.9999999999999967e-01 
     116     116             2      9.9999999999999967e-01 
     116     116            20      1.0000000000000000e+00 
     116     116             0      2.0000000000000004e+00 
     116     116            14      1.9999999999999996e+00 
     116     119            13     -1.2247448713915883e+00 
     116     120            18      9.9999999999999900e-01 
     116     121            13      7.0710678118654713e-01 
     116     126            12     -1.2247448713915876e+00 
     116     127            17      9.9999999999999856e-01 
     116     133            12      7.0710678118654691e-01 
     116     139            11     -9.9999999999999900e-01 
     117      26            10     -1.1547005383792512e+00 
     117      28            10     -4.0824829046386268e-01 
     117      30             6      9.9999999999999878e-01 
     117      45             3      1.2247448713915881e+00 
     117      61            10     -7.0710678118654668e-01 
     117      66             3      7.0710678118654691e-01 
     117      78             1     -9.9999999999999967e-01 
     117     100            11     -9.9999999999999933e-01 
     117     105             4      9.9999999999999967e-01 
     117     115            13      9.9999999999999956e-01 
     117     117            20      2.0000000000000013e+00 
     117     117             2      9.9999999999999967e-01 
     117     117             9      1.0000000000000000e+00 
     117     117             0      2.0000000000000004e+00 
     117     118            19     -1.1547005383792521e+00 
     117     119            19      8.1649658092772570e-01 
     117     122            18     -9.9999999999999933e-01 
     117     124             8      9.9999999999999967e-01 
     117     128            17      1.1547005383792524e+00 
     117     130            17      4.0824829046386302e-01 
     117     134            17     -7.0710678118654713e-01 
     117     140            16      9.9999999999999922e-01 
     118      26            15     -3.3333333333333337e-01 
     118      27            10     -9.9999999999999956e-01 
     118      28            15     -4.7140452079103151e-01 
     118      31             6      9.9999999999999878e-01 
     118      46             3      1.2247448713915881e+00 
     118      61            15     -8.1649658092772537e-01 
     118      67             3      7.0710678118654691e-01 
     118      79             1     -9.9999999999999967e-01 
     118     100            16     -1.1547005383792512e+00 
     118     106             4      9.9999999999999967e-01 
     118     115            18      1.1547005383792515e+00 
     118     117            19     -1.1547005383792517e+00 
     118     118             2      9.9999999999999967e-01 
     118     118            20      1.0000000000000002e+00 
     118     118             9      1.0000000000000000e+00 
     118     118             0      2.0000000000000004e+00 
     118     118            14      1.0000000000000000e+00 
     118     120            19     -1.1547005383792517e+00 
     118     123            18      1.1547005383792515e+00 
     118     125             8      9.9999999999999967e-01 
     118     128            12     -1.0000000000000002e+00 
     118     129            17     -3.3333333333333365e-01 
     118     131            17     -4.7140452079103201e-01 
     118     135            17      8.1649658092772592e-01 
     118     141            16     -1.1547005383792512e+00 
     119      26            15      9.4280904158206291e-01 
     119      28            15     -1.6666666666666655e-01 
     119      29            10      4.9999999999999928e-01 
     119      32             6      9.9999999999999878e-01 
     119      47             3      1.2247448713915881e+00 
     119      61            15     -2.8867513459481253e-01 
     119      62            10      8.6602540378443704e-01 
     119      68             3      7.0710678118654691e-01 
     119      80             1     -9.9999999999999967e-01 
     119     100            16     -4.0824829046386268e-01 
     119     101            11      1.2247448713915874e+00 
     119     107             4      9.9999999999999967e-01 
     119     115            18      4.0824829046386280e-01 
     119     116            13     -1.2247448713915876e+00 
     119     117            19      8.1649658092772592e-01 
     119     119             2      9.9999999999999967e-01 
     119     119            20      1.0000000000000000e+00 
     119     119             9      1.0000000000000000e+00 
     119     119            14      9.9999999999999956e-01 
     119     119             0      2.0000000000000004e+00 
     119     120            19      8.1649658092772592e-01 
     119     122            13     -1.2247448713915876e+00 
     119     123            18      4.0824829046386280e-01 
     119     126             8      9.9999999999999967e-01 
     119     129            17      9.4280904158206369e-01 
     119     130            12      4.9999999999999978e-01 
     119     131            17     -1.6666666666666669e-01 
     119     134            12     -8.6602540378443771e-01 
     119     135            17      2.8867513459481270e-01 
     119     140            11      1.2247448713915874e+00 
     119     141            16     -4.0824829046386268e-01 
     120      27            15     -1.1547005383792512e+00 
     120      29            15     -4.0824829046386268e-01 
     120      33             6      9.9999999999999878e-01 
     120      48             3      1.2247448713915881e+00 
     120      62            15     -7.0710678118654668e-01 
     120      69             3      7.0710678118654691e-01 
     120      81             1     -9.9999999999999967e-01 
     120     101            16     -9.9999999999999922e-01 
     120     108             4      9.9999999999999967e-01 
     120     116            18      9.9999999999999933e-01 
     120     118            19     -1.1547005383792521e+00 
     120     119            19      8.1649658092772570e-01 
     120     120             2      9.9999999999999967e-01 
     120     120             9      1.0000000000000000e+00 
     120     120            14      2.0000000000000013e+00 
     120     120             0      2.0000000000000004e+00 
     120     123            13     -9.9999999999999956e-01 
     120     127             8      9.9999999999999967e-01 
     120     129            12      1.1547005383792524e+00 
     120     131            12      4.0824829046386307e-01 
     120     135            12     -7.0710678118654713e-01 
     120     141            11      9.9999999999999933e-01 
     121      28            15      8.6602540378443671e-01 
     121      29            10     -8.6602540378443704e-01 
     121      49             3      1.2247448713915881e+00 
     121      61            15     -4.9999999999999922e-01 
     121      62            10      4.9999999999999944e-01 
     121      63             6     -9.9999999999999878e-01 
     121      70             3      7.0710678118654691e-01 
     121      82             1     -9.9999999999999967e-01 
     121     100            16     -7.0710678118654668e-01 
     121     101            11      7.0710678118654702e-01 
     121     102             7     -1.4142135623730940e+00 
     121     109             4      9.9999999999999967e-01 
     121     115            18     -7.0710678118654668e-01 
     121     116            13      7.0710678118654702e-01 
     121     121             9      1.0000000000000000e+00 
     121     121             2      9.9999999999999967e-01 
     121     121            20      1.0000000000000000e+00 
     121     121            14      9.9999999999999967e-01 
     121     121             0      2.0000000000000004e+00 
     121     122            13      7.0710678118654702e-01 
     121     123            18     -7.0710678118654668e-01 
     121     130            12     -8.6602540378443782e-01 
     121     131            17      8.6602540378443749e-01 
     121     133             8      9.9999999999999956e-01 
     121     134            12     -4.9999999999999978e-01 
     121     135            17      4.9999999999999950e-01 
     121     139             7     -1.4142135623730940e+00 
     121     140            11      7.0710678118654702e-01 
     121     141            16     -7.0710678118654668e-01 
     122      30            15      9.9999999999999767e-01 
     122      32            10      1.2247448713915865e+00 
     122      50             3      1.2247448713915881e+00 
     122      63            10      7.0710678118654646e-01 
     122      71             3      7.0710678118654691e-01 
     122      83             1     -9.9999999999999967e-01 
     122     102            11      9.9999999999999900e-01 
     122     110             4      9.9999999999999967e-01 
     122     117            18     -9.9999999999999900e-01 
     122     119            13     -1.2247448713915883e+00 
     122     121            13      7.0710678118654713e-01 
     122     122             2      9.9999999999999967e-01 
     122     122            20      1.0000000000000000e+00 
     122     122             9      1.9999999999999996e+00 
     122     122             0      2.0000000000000004e+00 
     122     123            19      9.9999999999999967e-01 
     122     130             8     -1.2247448713915883e+00 
     122     132            17      9.9999999999999856e-01 
     122     134             8      7.0710678118654713e-01 
     122     140             7     -9.9999999999999933e-01 
     123      31            15     -1.1547005383792506e+00 
     123      32            15     -4.0824829046386246e-01 
     123      33            10      9.9999999999999811e-01 
     123      51             3      1.2247448713915881e+00 
     123      63            15     -7.0710678118654646e-01 
     123      72             3      7.0710678118654691e-01 
     123      84             1     -9.9999999999999967e-01 
     123     102            16     -9.9999999999999900e-01 
     123     111             4      9.9999999999999967e-01 
     123     118            18      1.1547005383792524e+00 
     123     119            18      4.0824829046386307e-01 
     123     120            13     -9.9999999999999967e-01 
     123     121            18     -7.0710678118654713e-01 
     123     122            19      9.9999999999999956e-01 
     123     123             2      9.9999999999999967e-01 
     123     123            14      1.0000000000000000e+00 
     123     123             9      1.9999999999999996e+00 
     123     123             0      2.0000000000000004e+00 
     123     131             8     -1.2247448713915883e+00 
     123     132            12      9.9999999999999900e-01 
     123     135             8      7.0710678118654713e-01 
     123     141             7     -9.9999999999999933e-01 
     124      34            10     -1.1547005383792519e+00 
     124      37             6     -1.1547005383792519e+00 
     124      43            10     -4.0824829046386296e-01 
     124      45             6     -4.0824829046386296e-01 
     124      52             3      9.9999999999999922e-01 
     124      64            10     -7.0710678118654691e-01 
     124      66             6     -7.0710678118654702e-01 
     124      85             1     -9.9999999999999967e-01 
     124     103            11     -9.9999999999999956e-01 
     124     105             7     -9.9999999999999978e-01 
     124     115            12      9.9999999999999933e-01 
     124     117             8      9.9999999999999956e-01 
     124     124            20      2.0000000000000013e+00 
     124     124             2      9.9999999999999967e-01 
     124     124             5      1.0000000000000000e+00 
     124     124             0      2.0000000000000004e+00 
     124     125            19     -1.1547005383792521e+00 
     124     126            19      8.1649658092772570e-01 
     124     128            18     -1.1547005383792521e+00 
     124     130            18      8.1649658092772570e-01 
     124     136            17     -9.9999999999999922e-01 
     124     142            16      9.9999999999999933e-01 
     125      34            15     -3.3333333333333354e-01 
     125      35            10     -1.0000000000000000e+00 
     125      38             6     -1.1547005383792519e+00 
     125      43            15     -4.7140452079103179e-01 
     125      46             6     -4.0824829046386296e-01 
     125      53             3      9.9999999999999922e-01 
     125      64            15     -8.1649658092772559e-01 
     125      67             6     -7.0710678118654702e-01 
     125      86             1     -9.9999999999999967e-01 
     125     103            16     -1.1547005383792515e+00 
     125     106             7     -9.9999999999999978e-01 
     125     115            17      1.1547005383792512e+00 
     125     118             8      9.9999999999999956e-01 
     125     124            19     -1.1547005383792517e+00 
     125     125             2      9.9999999999999967e-01 
     125     125            20      1.0000000000000002e+00 
     125     125             5      1.0000000000000000e+00 
     125     125             0      2.0000000000000004e+00 
     125     125            14      1.0000000000000000e+00 
     125     127            19     -1.1547005383792517e+00 
     125     128            13      1.0000000000000002e+00 
     125     129            18      3.3333333333333359e-01 
     125     131            18     -9.4280904158206336e-01 
     125     137            17      1.1547005383792512e+00 
     125     143            16     -1.1547005383792515e+00 
     126      34            15      9.4280904158206336e-01 
     126      39             6     -1.1547005383792519e+00 
     126      43            15     -1.6666666666666660e-01 
     126      44            10      4.9999999999999950e-01 
     126      47             6     -4.0824829046386296e-01 
     126      54             3      9.9999999999999922e-01 
     126      64            15     -2.8867513459481259e-01 
     126      65            10      8.6602540378443726e-01 
     126      68             6     -7.0710678118654702e-01 
     126      87             1     -9.9999999999999967e-01 
     126     103            16     -4.0824829046386280e-01 
     126     104            11      1.2247448713915876e+00 
     126     107             7     -9.9999999999999978e-01 
     126     115            17      4.0824829046386268e-01 
     126     116            12     -1.2247448713915874e+00 
     126     119             8      9.9999999999999956e-01 
     126     124            19      8.1649658092772592e-01 
     126     126             2      9.9999999999999967e-01 
     126     126            20      1.0000000000000000e+00 
     126     126             5      1.0000000000000000e+00 
     126     126            14      9.9999999999999956e-01 
     126     126             0      2.0000000000000004e+00 
     126     127            19      8.1649658092772592e-01 
     126     129            18     -9.4280904158206358e-01 
     126     130            13      9.9999999999999889e-01 
     126     131            18     -3.3333333333333320e-01 
     126     136            12     -1.2247448713915874e+00 
     126     137            17      4.0824829046386268e-01 
     126     142            11      1.2247448713915876e+00 
     126     143            16     -4.0824829046386280e-01 
     127      35            15     -1.1547005383792519e+00 
     127      40             6     -1.1547005383792519e+00 
     127      44            15     -4.0824829046386285e-01 
     127      48             6     -4.0824829046386296e-01 
     127      55             3      9.9999999999999922e-01 
     127      65            15     -7.0710678118654680e-01 
     127      69             6     -7.0710678118654702e-01 
     127      88             1     -9.9999999999999967e-01 
     127     104            16     -9.9999999999999933e-01 
     127     108             7     -9.9999999999999978e-01 
     127     116            17      9.9999999999999922e-01 
     127     120             8      9.9999999999999956e-01 
     127     125            19     -1.1547005383792521e+00 
     127     126            19      8.1649658092772570e-01 
     127     127             2      9.9999999999999967e-01 
     127     127            14      2.0000000000000013e+00 
     127     127             5      1.0000000000000000e+00 
     127     127             0      2.0000000000000004e+00 
     127     129            13     -1.1547005383792521e+00 
     127     131            13      8.1649658092772570e-01 
     127     137            12     -9.9999999999999933e-01 
     127     143            11      9.9999999999999956e-01 
     128      36            10      1.1180339887498949e+00 
     128      37            15     -3.3333333333333348e-01 
     128      38            10      2.8867513459481303e-01 
     128      41             6     -1.0000000000000000e+00 
     128      45            15     -4.7140452079103179e-01 
     128      46            10      4.0824829046386302e-01 
     128      56             3      9.9999999999999922e-01 
     128      66            15     -8.1649658092772559e-01 
     128      67            10      7.0710678118654713e-01 
     128      89             1     -9.9999999999999967e-01 
     128     105            16     -1.1547005383792515e+00 
     128     106            11      1.0000000000000000e+00 
     128     117            17      1.1547005383792512e+00 
     128     118            12     -9.9999999999999967e-01 
     128     124            18     -1.1547005383792515e+00 
     128     125            13      1.0000000000000000e+00 
     128     128             2      9.9999999999999967e-01 
     128     128            20      1.0000000000000002e+00 
     128     128             5      1.0000000000000000e+00 
     128     128             0      2.0000000000000004e+00 
     128     128             9      1.0000000000000000e+00 
     128     129            19      1.0000000000000002e+00 
     128     132            18     -1.1547005383792515e+00 
     128     138            17      1.1547005383792512e+00 
     128     144            16     -1.1547005383792515e+00 
     129      36            15     -1.1180339887498956e+00 
     129      38            15      9.6225044864937770e-02 
     129      39            15     -2.7216552697590896e-01 
     129      40            10     -3.3333333333333354e-01 
     129      42             6     -1.0000000000000000e+00 
     129      46            15      1.3608276348795448e-01 
     129      47            15     -3.8490017945975075e-01 
     129      48            10     -4.7140452079103179e-01 
     129      57             3      9.9999999999999922e-01 
     129      67            15      2.3570226039551592e-01 
     129      68            15     -6.6666666666666674e-01 
     129      69            10     -8.1649658092772570e-01 
     129      90             1     -9.9999999999999967e-01 
     129     106            16      3.3333333333333359e-01 
     129     107            16     -9.4280904158206380e-01 
     129     108            11     -1.1547005383792517e+00 
     129     118            17     -3.3333333333333354e-01 
     129     119            17      9.4280904158206369e-01 
     129     120            12      1.1547005383792515e+00 
     129     125            18      3.3333333333333359e-01 
     129     126            18     -9.4280904158206380e-01 
     129     127            13     -1.1547005383792517e+00 
     129     128            19      1.0000000000000002e+00 
     129     129            14      1.0000000000000002e+00 
     129     129             2      9.9999999999999967e-01 
     129     129             5      1.0000000000000000e+00 
     129     129             0      2.0000000000000004e+00 
     129     129             9      1.0000000000000000e+00 
     129     132            13     -1.1547005383792517e+00 
     129     138            12      1.1547005383792515e+00 
     129     144            11     -1.1547005383792517e+00 
     130      37            15      9.4280904158206291e-01 
     130      39            10      1.1547005383792512e+00 
     130      45            15     -1.6666666666666655e-01 
     130      47            10     -2.0412414523193143e-01 
     130      49            10      3.5355339059327340e-01 
     130      50             6      4.9999999999999961e-01 
     130      58             3      9.9999999999999922e-01 
     130      66            15     -2.8867513459481248e-01 
     130      68            10     -3.5355339059327340e-01 
     130      70            10      6.1237243569579347e-01 
     130      71             6      8.6602540378443738e-01 
     130      91             1     -9.9999999999999967e-01 
     130     105            16     -4.0824829046386263e-01 
     130     107            11     -4.9999999999999978e-01 
     130     109            11      8.6602540378443771e-01 
     130     110             7      1.2247448713915881e+00 
     130     117            17      4.0824829046386257e-01 
     130     119            12      4.9999999999999961e-01 
     130     121            12     -8.6602540378443749e-01 
     130     122             8     -1.2247448713915876e+00 
     130     124            18      8.1649658092772537e-01 
     130     126            13      9.9999999999999967e-01 
     130     130             2      9.9999999999999967e-01 
     130     130             9      9.9999999999999956e-01 
     130     130            20      1.0000000000000000e+00 
     130     130             5      1.0000000000000000e+00 
     130     130             0      2.0000000000000004e+00 
     130     131            19      9.9999999999999967e-01 
     130     132            18      8.1649658092772537e-01 
     130     136             8     -1.2247448713915876e+00 
     130     138            17      4.0824829046386257e-01 
     130     142             7      1.2247448713915881e+00 
     130     144            16     -4.0824829046386263e-01 
     131      38            15     -1.0886621079036358e+00 
     131      39            15     -3.8490017945975075e-01 
     131      40            10      9.4280904158206336e-01 
     131      46            15      1.9245008972987543e-01 
     131      47            15      6.8041381743977183e-02 
     131      48            10     -1.6666666666666663e-01 
     131      49            15     -3.5355339059327340e-01 
     131      51             6      4.9999999999999961e-01 
     131      59             3      9.9999999999999922e-01 
     131      67            15      3.3333333333333337e-01 
     131      68            15      1.1785113019775788e-01 
     131      69            10     -2.8867513459481264e-01 
     131      70            15     -6.1237243569579358e-01 
     131      72             6      8.6602540378443738e-01 
     131      92             1     -9.9999999999999967e-01 
     131     106            16      4.7140452079103201e-01 
     131     107            16      1.6666666666666671e-01 
     131     108            11     -4.0824829046386285e-01 
     131     109            16     -8.6602540378443771e-01 
     131     111             7      1.2247448713915881e+00 
     131     118            17     -4.7140452079103190e-01 
     131     119            17     -1.6666666666666669e-01 
     131     120            12      4.0824829046386280e-01 
     131     121            17      8.6602540378443771e-01 
     131     123             8     -1.2247448713915876e+00 
     131     125            18     -9.4280904158206413e-01 
     131     126            18     -3.3333333333333354e-01 
     131     127            13      8.1649658092772592e-01 
     131     130            19      9.9999999999999956e-01 
     131     131             2      9.9999999999999967e-01 
     131     131             9      9.9999999999999956e-01 
     131     131            14      1.0000000000000000e+00 
     131     131             5      1.0000000000000000e+00 
     131     131             0      2.0000000000000004e+00 
     131     132            13      8.1649658092772592e-01 
     131     137             8     -1.2247448713915876e+00 
     131     138            12      4.0824829046386280e-01 
     131     143             7      1.2247448713915881e+00 
     131     144            11     -4.0824829046386285e-01 
     132      41            15     -1.1547005383792519e+00 
     132      42            10     -1.1547005383792519e+00 
     132      50            15     -4.0824829046386285e-01 
     132      51            10     -4.0824829046386296e-01 
     132      60             3      9.9999999999999922e-01 
     132      71            15     -7.0710678118654680e-01 
     132      72            10     -7.0710678118654691e-01 
     132      93             1     -9.9999999999999967e-01 
     132     110            16     -9.9999999999999933e-01 
     132     111            11     -9.9999999999999956e-01 
     132     122            17      9.9999999999999922e-01 
     132     123            12      9.9999999999999933e-01 
     132     128            18     -1.1547005383792521e+00 
     132     129            13     -1.1547005383792521e+00 
     132     130            18      8.1649658092772570e-01 
     132     131            13      8.1649658092772570e-01 
     132     132             2      9.9999999999999967e-01 
     132     132             9      2.0000000000000013e+00 
     132     132             5      1.0000000000000000e+00 
     132     132             0      2.0000000000000004e+00 
     132     138             8     -9.9999999999999956e-01 
     132     144             7      9.9999999999999978e-01 
     133      43            15      8.6602540378443704e-01 
     133      44            10     -8.6602540378443738e-01 
     133      49             6     -1.2247448713915878e+00 
     133      64            15     -4.9999999999999928e-01 
     133      65            10      4.9999999999999944e-01 
     133      70             6      7.0710678118654702e-01 
     133      73             3     -9.9999999999999900e-01 
     133      94             1     -9.9999999999999967e-01 
     133     103            16     -7.0710678118654680e-01 
     133     104            11      7.0710678118654713e-01 
     133     109             7      9.9999999999999967e-01 
     133     112             4     -1.4142135623730945e+00 
     133     115            17     -7.0710678118654657e-01 
     133     116            12      7.0710678118654691e-01 
     133     121             8      9.9999999999999933e-01 
     133     133             2      9.9999999999999967e-01 
     133     133            20      1.0000000000000000e+00 
     133     133            14      9.9999999999999967e-01 
     133     133             0      2.0000000000000004e+00 
     133     133             5      1.0000000000000000e+00 
     133     134            13      9.9999999999999967e-01 
     133     135            18     -9.9999999999999922e-01 
     133     136            12      7.0710678118654691e-01 
     133     137            17     -7.0710678118654657e-01 
     133     139             4     -1.4142135623730945e+00 
     133     142            11      7.0710678118654713e-01 
     133     143            16     -7.0710678118654680e-01 
     134      45            15      8.6602540378443693e-01 
     134      47            10      1.0606601717798194e+00 
     134      49            10      6.1237243569579347e-01 
     134      50             6     -8.6602540378443771e-01 
     134      66            15     -4.9999999999999906e-01 
     134      68            10     -6.1237243569579358e-01 
     134      70            10     -3.5355339059327329e-01 
     134      71             6      4.9999999999999961e-01 
     134      74             3     -9.9999999999999900e-01 
     134      95             1     -9.9999999999999967e-01 
     134     105            16     -7.0710678118654646e-01 
     134     107            11     -8.6602540378443771e-01 
     134     109            11     -4.9999999999999950e-01 
     134     110             7      7.0710678118654724e-01 
     134     113             4     -1.4142135623730945e+00 
     134     117            17     -7.0710678118654624e-01 
     134     119            12     -8.6602540378443738e-01 
     134     121            12     -4.9999999999999939e-01 
     134     122             8      7.0710678118654702e-01 
     134     133            13      9.9999999999999967e-01 
     134     134             2      9.9999999999999967e-01 
     134     134            20      1.0000000000000000e+00 
     134     134             9      9.9999999999999967e-01 
     134     134             0      2.0000000000000004e+00 
     134     134             5      1.0000000000000000e+00 
     134     135            19      9.9999999999999967e-01 
     134     136             8      7.0710678118654702e-01 
     134     138            17     -7.0710678118654624e-01 
     134     140             4     -1.4142135623730945e+00 
     134     142             7      7.0710678118654724e-01 
     134     144            16     -7.0710678118654646e-01 
     135      46            15     -9.9999999999999956e-01 
     135      47            15     -3.5355339059327345e-01 
     135      48            10      8.6602540378443738e-01 
     135      49            15     -6.1237243569579358e-01 
     135      51             6     -8.6602540378443771e-01 
     135      67            15      5.7735026918962562e-01 
     135      68            15      2.0412414523193134e-01 
     135      69            10     -4.9999999999999939e-01 
     135      70            15      3.5355339059327329e-01 
     135      72             6      4.9999999999999961e-01 
     135      75             3     -9.9999999999999900e-01 
     135      96             1     -9.9999999999999967e-01 
     135     106            16      8.1649658092772615e-01 
     135     107            16      2.8867513459481281e-01 
     135     108            11     -7.0710678118654691e-01 
     135     109            16      4.9999999999999950e-01 
     135     111             7      7.0710678118654724e-01 
     135     114             4     -1.4142135623730945e+00 
     135     118            17      8.1649658092772603e-01 
     135     119            17      2.8867513459481270e-01 
     135     120            12     -7.0710678118654668e-01 
     135     121            17      4.9999999999999939e-01 
     135     123             8      7.0710678118654702e-01 
     135     133            18     -9.9999999999999978e-01 
     135     134            19      9.9999999999999956e-01 
     135     135             2      9.9999999999999967e-01 
     135     135            14      1.0000000000000000e+00 
     135     135             9      9.9999999999999967e-01 
     135     135             0      2.0000000000000004e+00 
     135     135             5      1.0000000000000000e+00 
     135     137             8      7.0710678118654702e-01 
     135     138            12     -7.0710678118654668e-01 
     135     141             4     -1.4142135623730945e+00 
     135     143             7      7.0710678118654724e-01 
     135     144            11     -7.0710678118654691e-01 
     136      52            15      9.9999999999999767e-01 
     136      54            10      1.2247448713915865e+00 
     136      58             6      1.2247448713915872e+00 
     136      73            10      7.0710678118654646e-01 
     136      74             6      7.0710678118654668e-01 
     136      97             1     -9.9999999999999967e-01 
     136     112            11      9.9999999999999900e-01 
     136     113             7      9.9999999999999933e-01 
     136     124            17     -9.9999999999999856e-01 
     136     126            12     -1.2247448713915876e+00 
     136     130             8     -1.2247448713915883e+00 
     136     133            12      7.0710678118654691e-01 
     136     134             8      7.0710678118654713e-01 
     136     136             2      9.9999999999999967e-01 
     136     136            20      1.0000000000000000e+00 
     136     136             5      1.9999999999999996e+00 
     136     136             0      2.0000000000000004e+00 
     136     137            19      9.9999999999999967e-01 
     136     138            18      9.9999999999999900e-01 
     136     142             4     -9.9999999999999967e-01 
     137      53            15     -1.1547005383792506e+00 
     137      54            15     -4.0824829046386246e-01 
     137      55            10      9.9999999999999811e-01 
     137      59             6      1.2247448713915872e+00 
     137      73            15     -7.0710678118654646e-01 
     137      75             6      7.0710678118654668e-01 
     137      98             1     -9.9999999999999967e-01 
     137     112            16     -9.9999999999999900e-01 
     137     114             7      9.9999999999999933e-01 
     137     125            17      1.1547005383792517e+00 
     137     126            17      4.0824829046386285e-01 
     137     127            12     -9.9999999999999900e-01 
     137     131             8     -1.2247448713915883e+00 
     137     133            17     -7.0710678118654702e-01 
     137     135             8      7.0710678118654713e-01 
     137     136            19      9.9999999999999956e-01 
     137     137             2      9.9999999999999967e-01 
     137     137            14      1.0000000000000000e+00 
     137     137             5      1.9999999999999996e+00 
     137     137             0      2.0000000000000004e+00 
     137     138            13      9.9999999999999967e-01 
     137     143             4     -9.9999999999999967e-01 
     138      56            15     -1.1547005383792512e+00 
     138      57            10     -1.1547005383792512e+00 
     138      58            15     -4.0824829046386268e-01 
     138      59            10     -4.0824829046386268e-01 
     138      60             6      9.9999999999999878e-01 
     138      74            15     -7.0710678118654668e-01 
     138      75            10     -7.0710678118654668e-01 
     138      99             1     -9.9999999999999967e-01 
     138     113            16     -9.9999999999999922e-01 
     138     114            11     -9.9999999999999933e-01 
     138     128            17      1.1547005383792524e+00 
     138     129            12      1.1547005383792524e+00 
     138     130            17      4.0824829046386302e-01 
     138     131            12      4.0824829046386307e-01 
     138     132             8     -9.9999999999999967e-01 
     138     134            17     -7.0710678118654713e-01 
     138     135            12     -7.0710678118654713e-01 
     138     136            18      9.9999999999999933e-01 
     138     137            13      9.9999999999999956e-01 
     138     138             2      9.9999999999999967e-01 
     138     138             9      1.0000000000000000e+00 
     138     138             5      1.9999999999999996e+00 
     138     138             0      2.0000000000000004e+00 
     138     144             4     -9.9999999999999967e-01 
     139      76            15      9.9999999999999856e-01 
     139      77            10     -9.9999999999999900e-01 
     139      82             6     -1.4142135623730943e+00 
     139      94             3     -1.4142135623730945e+00 
     139     115            16      9.9999999999999889e-01 
     139     116            11     -9.9999999999999922e-01 
     139     121             7     -1.4142135623730945e+00 
     139     133             4     -1.4142135623730949e+00 
     139     139            20      1.0000000000000000e+00 
     139     139             2      2.0000000000000004e+00 
     139     139             0      2.0000000000000004e+00 
     139     139            14      9.9999999999999967e-01 
     139     140            13      9.9999999999999967e-01 
     139     141            18     -9.9999999999999922e-01 
     139     142            12      9.9999999999999956e-01 
     139     143            17     -9.9999999999999900e-01 
     140      78            15      9.9999999999999822e-01 
     140      80            10      1.2247448713915874e+00 
     140      82            10      7.0710678118654668e-01 
     140      83             6     -9.9999999999999922e-01 
     140      95             3     -1.4142135623730945e+00 
     140     117            16      9.9999999999999856e-01 
     140     119            11      1.2247448713915876e+00 
     140     121            11      7.0710678118654680e-01 
     140     122             7     -9.9999999999999956e-01 
     140     134             4     -1.4142135623730949e+00 
     140     139            13      9.9999999999999967e-01 
     140     140            20      1.0000000000000000e+00 
     140     140             9      9.9999999999999967e-01 
     140     140             2      2.0000000000000004e+00 
     140     140             0      2.0000000000000004e+00 
     140     141            19      9.9999999999999967e-01 
     140     142             8      9.9999999999999967e-01 
     140     144            17     -9.9999999999999878e-01 
     141      79            15     -1.1547005383792515e+00 
     141      80            15     -4.0824829046386280e-01 
     141      81            10      9.9999999999999889e-01 
     141      82            15     -7.0710678118654668e-01 
     141      84             6     -9.9999999999999922e-01 
     141      96             3     -1.4142135623730945e+00 
     141     118            16     -1.1547005383792517e+00 
     141     119            16     -4.0824829046386285e-01 
     141     120            11      9.9999999999999900e-01 
     141     121            16     -7.0710678118654680e-01 
     141     123             7     -9.9999999999999956e-01 
     141     135             4     -1.4142135623730949e+00 
     141     139            18     -9.9999999999999978e-01 
     141     140            19      9.9999999999999956e-01 
     141     141            14      1.0000000000000000e+00 
     141     141             9      9.9999999999999967e-01 
     141     141             2      2.0000000000000004e+00 
     141     141             0      2.0000000000000004e+00 
     141     143             8      9.9999999999999967e-01 
     141     144            12     -9.9999999999999922e-01 
     142      85            15      9.9999999999999789e-01 
     142      87            10      1.2247448713915869e+00 
     142      91             6      1.2247448713915876e+00 
     142      94            10      7.0710678118654657e-01 
     142      95             6      7.0710678118654680e-01 
     142      97             3     -9.9999999999999956e-01 
     142     124            16      9.9999999999999811e-01 
     142     126            11      1.2247448713915872e+00 
     142     130             7      1.2247448713915881e+00 
     142     133            11      7.0710678118654668e-01 
     142     134             7      7.0710678118654691e-01 
     142     136             4     -9.9999999999999967e-01 
     142     139            12      9.9999999999999933e-01 
     142     140             8      9.9999999999999967e-01 
     142     142            20      1.0000000000000000e+00 
     142     142             5      9.9999999999999967e-01 
     142     142             2      2.0000000000000004e+00 
     142     142             0      2.0000000000000004e+00 
     142     143            19      9.9999999999999967e-01 
     142     144            18      9.9999999999999900e-01 
     143      86            15     -1.1547005383792510e+00 
     143      87            15     -4.0824829046386263e-01 
     143      88            10      9.9999999999999856e-01 
     143      92             6      1.2247448713915876e+00 
     143      94            15     -7.0710678118654657e-01 
     143      96             6      7.0710678118654680e-01 
     143      98             3     -9.9999999999999956e-01 
     143     125            16     -1.1547005383792512e+00 
     143     126            16     -4.0824829046386268e-01 
     143     127            11      9.9999999999999878e-01 
     143     131             7      1.2247448713915881e+00 
     143     133            16     -7.0710678118654668e-01 
     143     135             7      7.0710678118654691e-01 
     143     137             4     -9.9999999999999967e-01 
     143     139            17     -9.9999999999999933e-01 
     143     141             8      9.9999999999999967e-01 
     143     142            19      9.9999999999999956e-01 
     143     143             5      9.9999999999999967e-01 
     143     143            14      1.0000000000000000e+00 
     143     143             2      2.0000000000000004e+00 
     143     143             0      2.0000000000000004e+00 
     143     144            13      9.9999999999999967e-01 
     144      89            15     -1.1547005383792517e+00 
     144      90            10     -1.1547005383792517e+00 
     144      91            15     -4.0824829046386285e-01 
     144      92            10     -4.0824829046386285e-01 
     144      93             6      9.9999999999999900e-01 
     144      95            15     -7.0710678118654668e-01 
     144      96            10     -7.0710678118654680e-01 
     144      99             3     -9.9999999999999956e-01 
     144     128            16     -1.1547005383792519e+00 
     144     129            11     -1.1547005383792519e+00 
     144     130            16     -4.0824829046386296e-01 
     144     131            11     -4.0824829046386296e-01 
     144     132             7      9.9999999999999922e-01 
     144     134            16     -7.0710678118654691e-01 
     144     135            11     -7.0710678118654702e-01 
     144     138             4     -9.9999999999999967e-01 
     144     140            17     -9.9999999999999956e-01 
     144     141            12     -9.9999999999999978e-01 
     144     142            18      9.9999999999999933e-01 
     144     143            13      9.9999999999999956e-01 
     144     144             5      9.9999999999999967e-01 
     144     144             9      1.0000000000000000e+00 
     144     144             2      2.0000000000000004e+00 
     144     144             0      2.0000000000000004e+00 
