       I       J     n_full      n_one 
       1       1         18          4 
       1       2          1          1 
       1       3          1          1 
       1       4          1          1 
       1       5          1          1 
       1       6          1          1 
       1       7          1          1 
       1       8          1          1 
       1       9          0          0 
       1      10          0          0 
       1      11          0          0 
       1      12          0          0 
       1      13          1          1 
       1      14          1          1 
       1      15          0          0 
       1      16          0          0 
       1      17          0          0 
       1      18          0          0 
       1      19          0          0 
       1      20          0          0 
       1      21          0          0 
       1      22          0          0 
       1      23          0          0 
       1      24          0          0 
       1      25          1          1 
       1      26          1          1 
       1      27          1          1 
       1      28          1          1 
       1      29          1          1 
       1      30          0          0 
       1      31          0          0 
       1      32          0          0 
       1      33          0          0 
       1      34          0          0 
       1      35          0          0 
       1      36          0          0 
       1      37          0          0 
       1      38          0          0 
       1      39          0          0 
       1      40          0          0 
       1      41          0          0 
       1      42          0          0 
       1      43          0          0 
       1      44          0          0 
       1      45          0          0 
       1      46          0          0 
       1      47          0          0 
       1      48          0          0 
       1      49          0          0 
       1      50          0          0 
       1      51          0          0 
       1      52          0          0 
       1      53          0          0 
       1      54          0          0 
       1      55          0          0 
       1      56          0          0 
       1      57          0          0 
       1      58          0          0 
       1      59          0          0 
       1      60          0          0 
       1      61          1          1 
       1      62          1          1 
       1      63          0          0 
       1      64          0          0 
       1      65          0          0 
       1      66          0          0 
       1      67          0          0 
       1      68          0          0 
       1      69          0          0 
       1      70          0          0 
       1      71          0          0 
       1      72          0          0 
       1      73          0          0 
       1      74          0          0 
       1      75          0          0 
       1      76          0          0 
       1      77          0          0 
       1      78          0          0 
       1      79          0          0 
       1      80          0          0 
       1      81          0          0 
       1      82          0          0 
       1      83          0          0 
       1      84          0          0 
       1      85          0          0 
       1      86          0          0 
       1      87          0          0 
       1      88          0          0 
       1      89          0          0 
       1      90          0          0 
       1      91          0          0 
       1      92          0          0 
       1      93          0          0 
       1      94          0          0 
       1      95          0          0 
       1      96          0          0 
       1      97          0          0 
       1      98          0          0 
       1      99          0          0 
       1     100          1          1 
       1     101          1          1 
       1     102          0          0 
       1     103          0          0 
       1     104          0          0 
       1     105          0          0 
       1     106          0          0 
       1     107          0          0 
       1     108          0          0 
       1     109          0          0 
       1     110          0          0 
       1     111          0          0 
       1     112          0          0 
       1     113          0          0 
       1     114          0          0 
       1     115          0          0 
       1     116          0          0 
       1     117          0          0 
       1     118          0          0 
       1     119          0          0 
       1     120          0          0 
       1     121          0          0 
       1     122          0          0 
       1     123          0          0 
       1     124          0          0 
       1     125          0          0 
       1     126          0          0 
       1     127          0          0 
       1     128          0          0 
       1     129          0          0 
       1     130          0          0 
       1     131          0          0 
       1     132          0          0 
       1     133          0          0 
       1     134          0          0 
       1     135          0          0 
       1     136          0          0 
       1     137          0          0 
       1     138          0          0 
       1     139          0          0 
       1     140          0          0 
       1     141          0          0 
       1     142          0          0 
       1     143          0          0 
       1     144          0          0 
       2       1          6          1 
       2       2         18          4 
       2       3          1          1 
       2       4          1          0 
       2       5          0          0 
       2       6          0          0 
       2       7          1          1 
       2       8          0          0 
       2       9          1          1 
       2      10          1          1 
       2      11          1          1 
       2      12          0          0 
       2      13          1          1 
       2      14          0          0 
       2      15          1          1 
       2      16          0          0 
       2      17          0          0 
       2      18          0          0 
       2      19          0          0 
       2      20          0          0 
       2      21          0          0 
       2      22          0          0 
       2      23          0          0 
       2      24          0          0 
       2      25          1          0 
       2      26          0          0 
       2      27          0          0 
       2      28          1          1 
       2      29          0          0 
       2      30          1          1 
       2      31          1          1 
       2      32          1          1 
       2      33          0          0 
       2      34          0          0 
       2      35          0          0 
       2      36          0          0 
       2      37          0          0 
       2      38          0          0 
       2      39          0          0 
       2      40          0          0 
       2      41          0          0 
       2      42          0          0 
       2      43          0          0 
       2      44          0          0 
       2      45          0          0 
       2      46          0          0 
       2      47          0          0 
       2      48          0          0 
       2      49          0          0 
       2      50          0          0 
       2      51          0          0 
       2      52          0          0 
       2      53          0          0 
       2      54          0          0 
       2      55          0          0 
       2      56          0          0 
       2      57          0          0 
       2      58          0          0 
       2      59          0          0 
       2      60          0          0 
       2      61          1          1 
       2      62          0          0 
       2      63          1          1 
       2      64          0          0 
       2      65          0          0 
       2      66          0          0 
       2      67          0          0 
       2      68          0          0 
       2      69          0          0 
       2      70          0          0 
       2      71          0          0 
       2      72          0          0 
       2      73          0          0 
       2      74          0          0 
       2      75          0          0 
       2      76          0          0 
       2      77          0          0 
       2      78          0          0 
       2      79          0          0 
       2      80          0          0 
       2      81          0          0 
       2      82          0          0 
       2      83          0          0 
       2      84          0          0 
       2      85          0          0 
       2      86          0          0 
       2      87          0          0 
       2      88          0          0 
       2      89          0          0 
       2      90          0          0 
       2      91          0          0 
       2      92          0          0 
       2      93          0          0 
       2      94          0          0 
       2      95          0          0 
       2      96          0          0 
       2      97          0          0 
       2      98          0          0 
       2      99          0          0 
       2     100          1          1 
       2     101          0          0 
       2     102          1          1 
       2     103          0          0 
       2     104          0          0 
       2     105          0          0 
       2     106          0          0 
       2     107          0          0 
       2     108          0          0 
       2     109          0          0 
       2     110          0          0 
       2     111          0          0 
       2     112          0          0 
       2     113          0          0 
       2     114          0          0 
       2     115          0          0 
       2     116          0          0 
       2     117          0          0 
       2     118          0          0 
       2     119          0          0 
       2     120          0          0 
       2     121          0          0 
       2     122          0          0 
       2     123          0          0 
       2     124          0          0 
       2     125          0          0 
       2     126          0          0 
       2     127          0          0 
       2     128          0          0 
       2     129          0          0 
       2     130          0          0 
       2     131          0          0 
       2     132          0          0 
       2     133          0          0 
       2     134          0          0 
       2     135          0          0 
       2     136          0          0 
       2     137          0          0 
       2     138          0          0 
       2     139          0          0 
       2     140          0          0 
       2     141          0          0 
       2     142          0          0 
       2     143          0          0 
       2     144          0          0 
       3       1          6          1 
       3       2          6          1 
       3       3         18          4 
       3       4          1          0 
       3       5          1          0 
       3       6          0          0 
       3       7          2          0 
       3       8          1          1 
       3       9          1          0 
       3      10          0          0 
       3      11          1          1 
       3      12          1          1 
       3      13          2          0 
       3      14          1          1 
       3      15          1          1 
       3      16          0          0 
       3      17          0          0 
       3      18          0          0 
       3      19          0          0 
       3      20          0          0 
       3      21          0          0 
       3      22          0          0 
       3      23          0          0 
       3      24          0          0 
       3      25          1          0 
       3      26          1          0 
       3      27          0          0 
       3      28          2          0 
       3      29          1          1 
       3      30          1          0 
       3      31          0          0 
       3      32          1          1 
       3      33          1          1 
       3      34          0          0 
       3      35          0          0 
       3      36          0          0 
       3      37          0          0 
       3      38          0          0 
       3      39          0          0 
       3      40          0          0 
       3      41          0          0 
       3      42          0          0 
       3      43          0          0 
       3      44          0          0 
       3      45          0          0 
       3      46          0          0 
       3      47          0          0 
       3      48          0          0 
       3      49          0          0 
       3      50          0          0 
       3      51          0          0 
       3      52          0          0 
       3      53          0          0 
       3      54          0          0 
       3      55          0          0 
       3      56          0          0 
       3      57          0          0 
       3      58          0          0 
       3      59          0          0 
       3      60          0          0 
       3      61          2          0 
       3      62          1          1 
       3      63          1          1 
       3      64          0          0 
       3      65          0          0 
       3      66          0          0 
       3      67          0          0 
       3      68          0          0 
       3      69          0          0 
       3      70          0          0 
       3      71          0          0 
       3      72          0          0 
       3      73          0          0 
       3      74          0          0 
       3      75          0          0 
       3      76          0          0 
       3      77          0          0 
       3      78          0          0 
       3      79          0          0 
       3      80          0          0 
       3      81          0          0 
       3      82          0          0 
       3      83          0          0 
       3      84          0          0 
       3      85          0          0 
       3      86          0          0 
       3      87          0          0 
       3      88          0          0 
       3      89          0          0 
       3      90          0          0 
       3      91          0          0 
       3      92          0          0 
       3      93          0          0 
       3      94          0          0 
       3      95          0          0 
       3      96          0          0 
       3      97          0          0 
       3      98          0          0 
       3      99          0          0 
       3     100          2          0 
       3     101          1          1 
       3     102          1          1 
       3     103          0          0 
       3     104          0          0 
       3     105          0          0 
       3     106          0          0 
       3     107          0          0 
       3     108          0          0 
       3     109          0          0 
       3     110          0          0 
       3     111          0          0 
       3     112          0          0 
       3     113          0          0 
       3     114          0          0 
       3     115          0          0 
       3     116          0          0 
       3     117          0          0 
       3     118          0          0 
       3     119          0          0 
       3     120          0          0 
       3     121          0          0 
       3     122          0          0 
       3     123          0          0 
       3     124          0          0 
       3     125          0          0 
       3     126          0          0 
       3     127          0          0 
       3     128          0          0 
       3     129          0          0 
       3     130          0          0 
       3     131          0          0 
       3     132          0          0 
       3     133          0          0 
       3     134          0          0 
       3     135          0          0 
       3     136          0          0 
       3     137          0          0 
       3     138          0          0 
       3     139          0          0 
       3     140          0          0 
       3     141          0          0 
       3     142          0          0 
       3     143          0          0 
       3     144          0          0 
       4       1          7          1 
       4       2          0          0 
       4       3          0          0 
       4       4         18          4 
       4       5          1          1 
       4       6          1          1 
       4       7          1          1 
       4       8          1          1 
       4       9          0          0 
       4      10          0          0 
       4      11          0          0 
       4      12          0          0 
       4      13          0          0 
       4      14          0          0 
       4      15          0          0 
       4      16          1          1 
       4      17          1          1 
       4      18          0          0 
       4      19          0          0 
       4      20          0          0 
       4      21          0          0 
       4      22          0          0 
       4      23          0          0 
       4      24          0          0 
       4      25          1          1 
       4      26          0          0 
       4      27          0          0 
       4      28          0          0 
       4      29          0          0 
       4      30          0          0 
       4      31          0          0 
       4      32          0          0 
       4      33          0          0 
       4      34          1          1 
       4      35          1          1 
       4      36          0          0 
       4      37          0          0 
       4      38          0          0 
       4      39          0          0 
       4      40          0          0 
       4      41          0          0 
       4      42          0          0 
       4      43          1          1 
       4      44          1          1 
       4      45          0          0 
       4      46          0          0 
       4      47          0          0 
       4      48          0          0 
       4      49          0          0 
       4      50          0          0 
       4      51          0          0 
       4      52          0          0 
       4      53          0          0 
       4      54          0          0 
       4      55          0          0 
       4      56          0          0 
       4      57          0          0 
       4      58          0          0 
       4      59          0          0 
       4      60          0          0 
       4      61          0          0 
       4      62          0          0 
       4      63          0          0 
       4      64          1          1 
       4      65          1          1 
       4      66          0          0 
       4      67          0          0 
       4      68          0          0 
       4      69          0          0 
       4      70          0          0 
       4      71          0          0 
       4      72          0          0 
       4      73          0          0 
       4      74          0          0 
       4      75          0          0 
       4      76          0          0 
       4      77          0          0 
       4      78          0          0 
       4      79          0          0 
       4      80          0          0 
       4      81          0          0 
       4      82          0          0 
       4      83          0          0 
       4      84          0          0 
       4      85          0          0 
       4      86          0          0 
       4      87          0          0 
       4      88          0          0 
       4      89          0          0 
       4      90          0          0 
       4      91          0          0 
       4      92          0          0 
       4      93          0          0 
       4      94          0          0 
       4      95          0          0 
       4      96          0          0 
       4      97          0          0 
       4      98          0          0 
       4      99          0          0 
       4     100          0          0 
       4     101          0          0 
       4     102          0          0 
       4     103          1          1 
       4     104          1          1 
       4     105          0          0 
       4     106          0          0 
       4     107          0          0 
       4     108          0          0 
       4     109          0          0 
       4     110          0          0 
       4     111          0          0 
       4     112          0          0 
       4     113          0          0 
       4     114          0          0 
       4     115          0          0 
       4     116          0          0 
       4     117          0          0 
       4     118          0          0 
       4     119          0          0 
       4     120          0          0 
       4     121          0          0 
       4     122          0          0 
       4     123          0          0 
       4     124          0          0 
       4     125          0          0 
       4     126          0          0 
       4     127          0          0 
       4     128          0          0 
       4     129          0          0 
       4     130          0          0 
       4     131          0          0 
       4     132          0          0 
       4     133          0          0 
       4     134          0          0 
       4     135          0          0 
       4     136          0          0 
       4     137          0          0 
       4     138          0          0 
       4     139          0          0 
       4     140          0          0 
       4     141          0          0 
       4     142          0          0 
       4     143          0          0 
       4     144          0          0 
       5       1          8          1 
       5       2          1          0 
       5       3          0          0 
       5       4          8          1 
       5       5         26          5 
       5       6          1          1 
       5       7          3          0 
       5       8          0          0 
       5       9          1          1 
       5      10          1          1 
       5      11          1          1 
       5      12          0          0 
       5      13          2          0 
       5      14          0          0 
       5      15          0          0 
       5      16          0          0 
       5      17          0          0 
       5      18          1          1 
       5      19          1          1 
       5      20          1          1 
       5      21          0          0 
       5      22          0          0 
       5      23          0          0 
       5      24          0          0 
       5      25          2          0 
       5      26          1          1 
       5      27          0          0 
       5      28          0          0 
       5      29          0          0 
       5      30          0          0 
       5      31          0          0 
       5      32          0          0 
       5      33          0          0 
       5      34          1          1 
       5      35          0          0 
       5      36          1          1 
       5      37          1          1 
       5      38          1          1 
       5      39          1          1 
       5      40          0          0 
       5      41          0          0 
       5      42          0          0 
       5      43          0          0 
       5      44          0          0 
       5      45          1          1 
       5      46          1          1 
       5      47          1          1 
       5      48          0          0 
       5      49          0          0 
       5      50          0          0 
       5      51          0          0 
       5      52          0          0 
       5      53          0          0 
       5      54          0          0 
       5      55          0          0 
       5      56          0          0 
       5      57          0          0 
       5      58          0          0 
       5      59          0          0 
       5      60          0          0 
       5      61          0          0 
       5      62          0          0 
       5      63          0          0 
       5      64          0          0 
       5      65          0          0 
       5      66          1          1 
       5      67          1          1 
       5      68          1          1 
       5      69          0          0 
       5      70          0          0 
       5      71          0          0 
       5      72          0          0 
       5      73          0          0 
       5      74          0          0 
       5      75          0          0 
       5      76          0          0 
       5      77          0          0 
       5      78          0          0 
       5      79          0          0 
       5      80          0          0 
       5      81          0          0 
       5      82          0          0 
       5      83          0          0 
       5      84          0          0 
       5      85          0          0 
       5      86          0          0 
       5      87          0          0 
       5      88          0          0 
       5      89          0          0 
       5      90          0          0 
       5      91          0          0 
       5      92          0          0 
       5      93          0          0 
       5      94          0          0 
       5      95          0          0 
       5      96          0          0 
       5      97          0          0 
       5      98          0          0 
       5      99          0          0 
       5     100          0          0 
       5     101          0          0 
       5     102          0          0 
       5     103          0          0 
       5     104          0          0 
       5     105          1          1 
       5     106          1          1 
       5     107          1          1 
       5     108          0          0 
       5     109          0          0 
       5     110          0          0 
       5     111          0          0 
       5     112          0          0 
       5     113          0          0 
       5     114          0          0 
       5     115          0          0 
       5     116          0          0 
       5     117          0          0 
       5     118          0          0 
       5     119          0          0 
       5     120          0          0 
       5     121          0          0 
       5     122          0          0 
       5     123          0          0 
       5     124          0          0 
       5     125          0          0 
       5     126          0          0 
       5     127          0          0 
       5     128          0          0 
       5     129          0          0 
       5     130          0          0 
       5     131          0          0 
       5     132          0          0 
       5     133          0          0 
       5     134          0          0 
       5     135          0          0 
       5     136          0          0 
       5     137          0          0 
       5     138          0          0 
       5     139          0          0 
       5     140          0          0 
       5     141          0          0 
       5     142          0          0 
       5     143          0          0 
       5     144          0          0 
       6       1          8          1 
       6       2          1          0 
       6       3          1          0 
       6       4          8          1 
       6       5          9          1 
       6       6         26          5 
       6       7          3          0 
       6       8          3          0 
       6       9          1          0 
       6      10          1          1 
       6      11          0          0 
       6      12          1          1 
       6      13          2          0 
       6      14          2          0 
       6      15          0          0 
       6      16          1          0 
       6      17          0          0 
       6      18          1          0 
       6      19          1          1 
       6      20          0          0 
       6      21          1          1 
       6      22          0          0 
       6      23          0          0 
       6      24          0          0 
       6      25          2          0 
       6      26          2          0 
       6      27          1          1 
       6      28          1          0 
       6      29          0          0 
       6      30          0          0 
       6      31          0          0 
       6      32          0          0 
       6      33          0          0 
       6      34          2          0 
       6      35          1          1 
       6      36          1          1 
       6      37          1          0 
       6      38          1          1 
       6      39          0          0 
       6      40          1          1 
       6      41          0          0 
       6      42          0          0 
       6      43          1          0 
       6      44          0          0 
       6      45          1          0 
       6      46          1          1 
       6      47          0          0 
       6      48          1          1 
       6      49          0          0 
       6      50          0          0 
       6      51          0          0 
       6      52          0          0 
       6      53          0          0 
       6      54          0          0 
       6      55          0          0 
       6      56          0          0 
       6      57          0          0 
       6      58          0          0 
       6      59          0          0 
       6      60          0          0 
       6      61          1          0 
       6      62          0          0 
       6      63          0          0 
       6      64          1          0 
       6      65          0          0 
       6      66          1          0 
       6      67          1          1 
       6      68          0          0 
       6      69          1          1 
       6      70          0          0 
       6      71          0          0 
       6      72          0          0 
       6      73          0          0 
       6      74          0          0 
       6      75          0          0 
       6      76          0          0 
       6      77          0          0 
       6      78          0          0 
       6      79          0          0 
       6      80          0          0 
       6      81          0          0 
       6      82          0          0 
       6      83          0          0 
       6      84          0          0 
       6      85          0          0 
       6      86          0          0 
       6      87          0          0 
       6      88          0          0 
       6      89          0          0 
       6      90          0          0 
       6      91          0          0 
       6      92          0          0 
       6      93          0          0 
       6      94          0          0 
       6      95          0          0 
       6      96          0          0 
       6      97          0          0 
       6      98          0          0 
       6      99          0          0 
       6     100          1          0 
       6     101          0          0 
       6     102          0          0 
       6     103          1          0 
       6     104          0          0 
       6     105          1          0 
       6     106          1          1 
       6     107          0          0 
       6     108          1          1 
       6     109          0          0 
       6     110          0          0 
       6     111          0          0 
       6     112          0          0 
       6     113          0          0 
       6     114          0          0 
       6     115          0          0 
       6     116          0          0 
       6     117          0          0 
       6     118          0          0 
       6     119          0          0 
       6     120          0          0 
       6     121          0          0 
       6     122          0          0 
       6     123          0          0 
       6     124          0          0 
       6     125          0          0 
       6     126          0          0 
       6     127          0          0 
       6     128          0          0 
       6     129          0          0 
       6     130          0          0 
       6     131          0          0 
       6     132          0          0 
       6     133          0          0 
       6     134          0          0 
       6     135          0          0 
       6     136          0          0 
       6     137          0          0 
       6     138          0          0 
       6     139          0          0 
       6     140          0          0 
       6     141          0          0 
       6     142          0          0 
       6     143          0          0 
       6     144          0          0 
       7       1          8          1 
       7       2          8          1 
       7       3          0          0 
       7       4          8          1 
       7       5          0          0 
       7       6          0          0 
       7       7         26          5 
       7       8          1          1 
       7       9          1          1 
       7      10          1          1 
       7      11          1          1 
       7      12          0          0 
       7      13          4          0 
       7      14          0          0 
       7      15          0          0 
       7      16          1          1 
       7      17          0          0 
       7      18          1          1 
       7      19          1          1 
       7      20          1          1 
       7      21          0          0 
       7      22          1          1 
       7      23          0          0 
       7      24          0          0 
       7      25          2          0 
       7      26          0          0 
       7      27          0          0 
       7      28          1          1 
       7      29          0          0 
       7      30          0          0 
       7      31          0          0 
       7      32          0          0 
       7      33          0          0 
       7      34          0          0 
       7      35          0          0 
       7      36          0          0 
       7      37          1          1 
       7      38          1          1 
       7      39          1          1 
       7      40          0          0 
       7      41          0          0 
       7      42          0          0 
       7      43          1          1 
       7      44          0          0 
       7      45          1          1 
       7      46          1          1 
       7      47          1          1 
       7      48          0          0 
       7      49          1          1 
       7      50          0          0 
       7      51          0          0 
       7      52          0          0 
       7      53          0          0 
       7      54          0          0 
       7      55          0          0 
       7      56          0          0 
       7      57          0          0 
       7      58          0          0 
       7      59          0          0 
       7      60          0          0 
       7      61          0          0 
       7      62          0          0 
       7      63          0          0 
       7      64          1          1 
       7      65          0          0 
       7      66          1          1 
       7      67          1          1 
       7      68          1          1 
       7      69          0          0 
       7      70          1          1 
       7      71          0          0 
       7      72          0          0 
       7      73          0          0 
       7      74          0          0 
       7      75          0          0 
       7      76          0          0 
       7      77          0          0 
       7      78          0          0 
       7      79          0          0 
       7      80          0          0 
       7      81          0          0 
       7      82          0          0 
       7      83          0          0 
       7      84          0          0 
       7      85          0          0 
       7      86          0          0 
       7      87          0          0 
       7      88          0          0 
       7      89          0          0 
       7      90          0          0 
       7      91          0          0 
       7      92          0          0 
       7      93          0          0 
       7      94          0          0 
       7      95          0          0 
       7      96          0          0 
       7      97          0          0 
       7      98          0          0 
       7      99          0          0 
       7     100          0          0 
       7     101          0          0 
       7     102          0          0 
       7     103          1          1 
       7     104          0          0 
       7     105          1          1 
       7     106          1          1 
       7     107          1          1 
       7     108          0          0 
       7     109          1          1 
       7     110          0          0 
       7     111          0          0 
       7     112          0          0 
       7     113          0          0 
       7     114          0          0 
       7     115          0          0 
       7     116          0          0 
       7     117          0          0 
       7     118          0          0 
       7     119          0          0 
       7     120          0          0 
       7     121          0          0 
       7     122          0          0 
       7     123          0          0 
       7     124          0          0 
       7     125          0          0 
       7     126          0          0 
       7     127          0          0 
       7     128          0          0 
       7     129          0          0 
       7     130          0          0 
       7     131          0          0 
       7     132          0          0 
       7     133          0          0 
       7     134          0          0 
       7     135          0          0 
       7     136          0          0 
       7     137          0          0 
       7     138          0          0 
       7     139          0          0 
       7     140          0          0 
       7     141          0          0 
       7     142          0          0 
       7     143          0          0 
       7     144          0          0 
       8       1          8          1 
       8       2          2          0 
       8       3          8          1 
       8       4          8          1 
       8       5          3          0 
       8       6          0          0 
       8       7          9          1 
       8       8         26          5 
       8       9          1          0 
       8      10          0          0 
       8      11          1          1 
       8      12          1          1 
       8      13          2          0 
       8      14          4          0 
       8      15          0          0 
       8      16          2          0 
       8      17          1          1 
       8      18          1          0 
       8      19          0          0 
       8      20          1          1 
       8      21          1          1 
       8      22          1          1 
       8      23          0          0 
       8      24          0          0 
       8      25          2          0 
       8      26          1          0 
       8      27          0          0 
       8      28          2          0 
       8      29          1          1 
       8      30          0          0 
       8      31          0          0 
       8      32          0          0 
       8      33          0          0 
       8      34          1          0 
       8      35          0          0 
       8      36          0          0 
       8      37          1          0 
       8      38          0          0 
       8      39          1          1 
       8      40          1          1 
       8      41          0          0 
       8      42          0          0 
       8      43          2          0 
       8      44          1          1 
       8      45          1          0 
       8      46          0          0 
       8      47          1          1 
       8      48          1          1 
       8      49          1          1 
       8      50          0          0 
       8      51          0          0 
       8      52          0          0 
       8      53          0          0 
       8      54          0          0 
       8      55          0          0 
       8      56          0          0 
       8      57          0          0 
       8      58          0          0 
       8      59          0          0 
       8      60          0          0 
       8      61          1          0 
       8      62          0          0 
       8      63          0          0 
       8      64          2          0 
       8      65          1          1 
       8      66          1          0 
       8      67          0          0 
       8      68          1          1 
       8      69          1          1 
       8      70          1          1 
       8      71          0          0 
       8      72          0          0 
       8      73          0          0 
       8      74          0          0 
       8      75          0          0 
       8      76          0          0 
       8      77          0          0 
       8      78          0          0 
       8      79          0          0 
       8      80          0          0 
       8      81          0          0 
       8      82          0          0 
       8      83          0          0 
       8      84          0          0 
       8      85          0          0 
       8      86          0          0 
       8      87          0          0 
       8      88          0          0 
       8      89          0          0 
       8      90          0          0 
       8      91          0          0 
       8      92          0          0 
       8      93          0          0 
       8      94          0          0 
       8      95          0          0 
       8      96          0          0 
       8      97          0          0 
       8      98          0          0 
       8      99          0          0 
       8     100          1          0 
       8     101          0          0 
       8     102          0          0 
       8     103          2          0 
       8     104          1          1 
       8     105          1          0 
       8     106          0          0 
       8     107          1          1 
       8     108          1          1 
       8     109          1          1 
       8     110          0          0 
       8     111          0          0 
       8     112          0          0 
       8     113          0          0 
       8     114          0          0 
       8     115          0          0 
       8     116          0          0 
       8     117          0          0 
       8     118          0          0 
       8     119          0          0 
       8     120          0          0 
       8     121          0          0 
       8     122          0          0 
       8     123          0          0 
       8     124          0          0 
       8     125          0          0 
       8     126          0          0 
       8     127          0          0 
       8     128          0          0 
       8     129          0          0 
       8     130          0          0 
       8     131          0          0 
       8     132          0          0 
       8     133          0          0 
       8     134          0          0 
       8     135          0          0 
       8     136          0          0 
       8     137          0          0 
       8     138          0          0 
       8     139          0          0 
       8     140          0          0 
       8     141          0          0 
       8     142          0          0 
       8     143          0          0 
       8     144          0          0 
       9       1          1          0 
       9       2          7          1 
       9       3          0          0 
       9       4          1          0 
       9       5          6          1 
       9       6          0          0 
       9       7          8          1 
       9       8          0          0 
       9       9         18          4 
       9      10          1          1 
       9      11          1          1 
       9      12          0          0 
       9      13          2          0 
       9      14          0          0 
       9      15          0          0 
       9      16          1          0 
       9      17          0          0 
       9      18          1          1 
       9      19          0          0 
       9      20          0          0 
       9      21          0          0 
       9      22          0          0 
       9      23          1          1 
       9      24          0          0 
       9      25          0          0 
       9      26          1          0 
       9      27          0          0 
       9      28          2          0 
       9      29          0          0 
       9      30          1          1 
       9      31          0          0 
       9      32          0          0 
       9      33          0          0 
       9      34          1          0 
       9      35          0          0 
       9      36          0          0 
       9      37          1          1 
       9      38          0          0 
       9      39          0          0 
       9      40          0          0 
       9      41          1          1 
       9      42          0          0 
       9      43          1          0 
       9      44          0          0 
       9      45          1          1 
       9      46          0          0 
       9      47          0          0 
       9      48          0          0 
       9      49          0          0 
       9      50          1          1 
       9      51          0          0 
       9      52          0          0 
       9      53          0          0 
       9      54          0          0 
       9      55          0          0 
       9      56          0          0 
       9      57          0          0 
       9      58          0          0 
       9      59          0          0 
       9      60          0          0 
       9      61          1          0 
       9      62          0          0 
       9      63          0          0 
       9      64          1          0 
       9      65          0          0 
       9      66          1          1 
       9      67          0          0 
       9      68          0          0 
       9      69          0          0 
       9      70          0          0 
       9      71          1          1 
       9      72          0          0 
       9      73          0          0 
       9      74          0          0 
       9      75          0          0 
       9      76          0          0 
       9      77          0          0 
       9      78          0          0 
       9      79          0          0 
       9      80          0          0 
       9      81          0          0 
       9      82          0          0 
       9      83          0          0 
       9      84          0          0 
       9      85          0          0 
       9      86          0          0 
       9      87          0          0 
       9      88          0          0 
       9      89          0          0 
       9      90          0          0 
       9      91          0          0 
       9      92          0          0 
       9      93          0          0 
       9      94          0          0 
       9      95          0          0 
       9      96          0          0 
       9      97          0          0 
       9      98          0          0 
       9      99          0          0 
       9     100          1          0 
       9     101          0          0 
       9     102          0          0 
       9     103          1          0 
       9     104          0          0 
       9     105          1          1 
       9     106          0          0 
       9     107          0          0 
       9     108          0          0 
       9     109          0          0 
       9     110          1          1 
       9     111          0          0 
       9     112          0          0 
       9     113          0          0 
       9     114          0          0 
       9     115          0          0 
       9     116          0          0 
       9     117          0          0 
       9     118          0          0 
       9     119          0          0 
       9     120          0          0 
       9     121          0          0 
       9     122          0          0 
       9     123          0          0 
       9     124          0          0 
       9     125          0          0 
       9     126          0          0 
       9     127          0          0 
       9     128          0          0 
       9     129          0          0 
       9     130          0          0 
       9     131          0          0 
       9     132          0          0 
       9     133          0          0 
       9     134          0          0 
       9     135          0          0 
       9     136          0          0 
       9     137          0          0 
       9     138          0          0 
       9     139          0          0 
       9     140          0          0 
       9     141          0          0 
       9     142          0          0 
       9     143          0          0 
       9     144          0          0 
      10       1          1          0 
      10       2          8          1 
      10       3          1          0 
      10       4          1          0 
      10       5          7          1 
      10       6          7          1 
      10       7          9          1 
      10       8          1          0 
      10       9          8          1 
      10      10         26          5 
      10      11          3          0 
      10      12          1          1 
      10      13          2          0 
      10      14          0          0 
      10      15          2          0 
      10      16          1          0 
      10      17          0          0 
      10      18          1          0 
      10      19          1          1 
      10      20          0          0 
      10      21          0          0 
      10      22          0          0 
      10      23          0          0 
      10      24          1          1 
      10      25          0          0 
      10      26          1          0 
      10      27          1          0 
      10      28          2          0 
      10      29          0          0 
      10      30          2          0 
      10      31          1          1 
      10      32          0          0 
      10      33          0          0 
      10      34          1          0 
      10      35          1          0 
      10      36          0          0 
      10      37          2          0 
      10      38          1          1 
      10      39          0          0 
      10      40          0          0 
      10      41          1          1 
      10      42          1          1 
      10      43          1          0 
      10      44          0          0 
      10      45          1          0 
      10      46          1          1 
      10      47          0          0 
      10      48          0          0 
      10      49          0          0 
      10      50          0          0 
      10      51          1          1 
      10      52          0          0 
      10      53          0          0 
      10      54          0          0 
      10      55          0          0 
      10      56          0          0 
      10      57          0          0 
      10      58          0          0 
      10      59          0          0 
      10      60          0          0 
      10      61          1          0 
      10      62          0          0 
      10      63          0          0 
      10      64          1          0 
      10      65          0          0 
      10      66          1          0 
      10      67          1          1 
      10      68          0          0 
      10      69          0          0 
      10      70          0          0 
      10      71          0          0 
      10      72          1          1 
      10      73          0          0 
      10      74          0          0 
      10      75          0          0 
      10      76          0          0 
      10      77          0          0 
      10      78          0          0 
      10      79          0          0 
      10      80          0          0 
      10      81          0          0 
      10      82          0          0 
      10      83          0          0 
      10      84          0          0 
      10      85          0          0 
      10      86          0          0 
      10      87          0          0 
      10      88          0          0 
      10      89          0          0 
      10      90          0          0 
      10      91          0          0 
      10      92          0          0 
      10      93          0          0 
      10      94          0          0 
      10      95          0          0 
      10      96          0          0 
      10      97          0          0 
      10      98          0          0 
      10      99          0          0 
      10     100          1          0 
      10     101          0          0 
      10     102          0          0 
      10     103          1          0 
      10     104          0          0 
      10     105          1          0 
      10     106          1          1 
      10     107          0          0 
      10     108          0          0 
      10     109          0          0 
      10     110          0          0 
      10     111          1          1 
      10     112          0          0 
      10     113          0          0 
      10     114          0          0 
      10     115          0          0 
      10     116          0          0 
      10     117          0          0 
      10     118          0          0 
      10     119          0          0 
      10     120          0          0 
      10     121          0          0 
      10     122          0          0 
      10     123          0          0 
      10     124          0          0 
      10     125          0          0 
      10     126          0          0 
      10     127          0          0 
      10     128          0          0 
      10     129          0          0 
      10     130          0          0 
      10     131          0          0 
      10     132          0          0 
      10     133          0          0 
      10     134          0          0 
      10     135          0          0 
      10     136          0          0 
      10     137          0          0 
      10     138          0          0 
      10     139          0          0 
      10     140          0          0 
      10     141          0          0 
      10     142          0          0 
      10     143          0          0 
      10     144          0          0 
      11       1          2          0 
      11       2          8          1 
      11       3          8          1 
      11       4          1          0 
      11       5          7          1 
      11       6          1          0 
      11       7          9          1 
      11       8          9          1 
      11       9          8          1 
      11      10          0          0 
      11      11         26          5 
      11      12          1          1 
      11      13          2          0 
      11      14          2          0 
      11      15          4          0 
      11      16          1          0 
      11      17          1          0 
      11      18          2          0 
      11      19          0          0 
      11      20          1          1 
      11      21          0          0 
      11      22          0          0 
      11      23          1          1 
      11      24          1          1 
      11      25          0          0 
      11      26          1          0 
      11      27          0          0 
      11      28          2          0 
      11      29          2          0 
      11      30          2          0 
      11      31          0          0 
      11      32          1          1 
      11      33          0          0 
      11      34          1          0 
      11      35          0          0 
      11      36          0          0 
      11      37          1          0 
      11      38          0          0 
      11      39          1          1 
      11      40          0          0 
      11      41          0          0 
      11      42          1          1 
      11      43          1          0 
      11      44          1          0 
      11      45          2          0 
      11      46          0          0 
      11      47          1          1 
      11      48          0          0 
      11      49          0          0 
      11      50          1          1 
      11      51          1          1 
      11      52          0          0 
      11      53          0          0 
      11      54          0          0 
      11      55          0          0 
      11      56          0          0 
      11      57          0          0 
      11      58          0          0 
      11      59          0          0 
      11      60          0          0 
      11      61          1          0 
      11      62          1          0 
      11      63          0          0 
      11      64          1          0 
      11      65          1          0 
      11      66          2          0 
      11      67          0          0 
      11      68          1          1 
      11      69          0          0 
      11      70          0          0 
      11      71          1          1 
      11      72          1          1 
      11      73          0          0 
      11      74          0          0 
      11      75          0          0 
      11      76          0          0 
      11      77          0          0 
      11      78          0          0 
      11      79          0          0 
      11      80          0          0 
      11      81          0          0 
      11      82          0          0 
      11      83          0          0 
      11      84          0          0 
      11      85          0          0 
      11      86          0          0 
      11      87          0          0 
      11      88          0          0 
      11      89          0          0 
      11      90          0          0 
      11      91          0          0 
      11      92          0          0 
      11      93          0          0 
      11      94          0          0 
      11      95          0          0 
      11      96          0          0 
      11      97          0          0 
      11      98          0          0 
      11      99          0          0 
      11     100          1          0 
      11     101          1          0 
      11     102          0          0 
      11     103          1          0 
      11     104          1          0 
      11     105          2          0 
      11     106          0          0 
      11     107          1          1 
      11     108          0          0 
      11     109          0          0 
      11     110          1          1 
      11     111          1          1 
      11     112          0          0 
      11     113          0          0 
      11     114          0          0 
      11     115          0          0 
      11     116          0          0 
      11     117          0          0 
      11     118          0          0 
      11     119          0          0 
      11     120          0          0 
      11     121          0          0 
      11     122          0          0 
      11     123          0          0 
      11     124          0          0 
      11     125          0          0 
      11     126          0          0 
      11     127          0          0 
      11     128          0          0 
      11     129          0          0 
      11     130          0          0 
      11     131          0          0 
      11     132          0          0 
      11     133          0          0 
      11     134          0          0 
      11     135          0          0 
      11     136          0          0 
      11     137          0          0 
      11     138          0          0 
      11     139          0          0 
      11     140          0          0 
      11     141          0          0 
      11     142          0          0 
      11     143          0          0 
      11     144          0          0 
      12       1          1          0 
      12       2          1          0 
      12       3          7          1 
      12       4          1          0 
      12       5          1          0 
      12       6          6          1 
      12       7          1          0 
      12       8          8          1 
      12       9          1          0 
      12      10          6          1 
      12      11          8          1 
      12      12         18          4 
      12      13          0          0 
      12      14          2          0 
      12      15          2          0 
      12      16          0          0 
      12      17          1          0 
      12      18          0          0 
      12      19          2          0 
      12      20          2          0 
      12      21          1          1 
      12      22          1          0 
      12      23          1          0 
      12      24          1          1 
      12      25          0          0 
      12      26          0          0 
      12      27          1          0 
      12      28          0          0 
      12      29          2          0 
      12      30          0          0 
      12      31          1          0 
      12      32          2          0 
      12      33          1          1 
      12      34          0          0 
      12      35          1          0 
      12      36          1          0 
      12      37          0          0 
      12      38          2          0 
      12      39          2          0 
      12      40          1          1 
      12      41          1          0 
      12      42          1          1 
      12      43          0          0 
      12      44          1          0 
      12      45          0          0 
      12      46          2          0 
      12      47          2          0 
      12      48          1          1 
      12      49          1          0 
      12      50          1          0 
      12      51          1          1 
      12      52          0          0 
      12      53          0          0 
      12      54          0          0 
      12      55          0          0 
      12      56          0          0 
      12      57          0          0 
      12      58          0          0 
      12      59          0          0 
      12      60          0          0 
      12      61          0          0 
      12      62          1          0 
      12      63          1          0 
      12      64          0          0 
      12      65          1          0 
      12      66          0          0 
      12      67          2          0 
      12      68          2          0 
      12      69          1          1 
      12      70          1          0 
      12      71          1          0 
      12      72          1          1 
      12      73          0          0 
      12      74          0          0 
      12      75          0          0 
      12      76          0          0 
      12      77          0          0 
      12      78          0          0 
      12      79          0          0 
      12      80          0          0 
      12      81          0          0 
      12      82          0          0 
      12      83          0          0 
      12      84          0          0 
      12      85          0          0 
      12      86          0          0 
      12      87          0          0 
      12      88          0          0 
      12      89          0          0 
      12      90          0          0 
      12      91          0          0 
      12      92          0          0 
      12      93          0          0 
      12      94          0          0 
      12      95          0          0 
      12      96          0          0 
      12      97          0          0 
      12      98          0          0 
      12      99          0          0 
      12     100          0          0 
      12     101          1          0 
      12     102          1          0 
      12     103          0          0 
      12     104          1          0 
      12     105          0          0 
      12     106          2          0 
      12     107          2          0 
      12     108          1          1 
      12     109          1          0 
      12     110          1          0 
      12     111          1          1 
      12     112          0          0 
      12     113          0          0 
      12     114          0          0 
      12     115          0          0 
      12     116          0          0 
      12     117          0          0 
      12     118          0          0 
      12     119          0          0 
      12     120          0          0 
      12     121          0          0 
      12     122          0          0 
      12     123          0          0 
      12     124          0          0 
      12     125          0          0 
      12     126          0          0 
      12     127          0          0 
      12     128          0          0 
      12     129          0          0 
      12     130          0          0 
      12     131          0          0 
      12     132          0          0 
      12     133          0          0 
      12     134          0          0 
      12     135          0          0 
      12     136          0          0 
      12     137          0          0 
      12     138          0          0 
      12     139          0          0 
      12     140          0          0 
      12     141          0          0 
      12     142          0          0 
      12     143          0          0 
      12     144          0          0 
      13       1          7          1 
      13       2          7          1 
      13       3          0          0 
      13       4          2          0 
      13       5          0          0 
      13       6          0          0 
      13       7          0          0 
      13       8          0          0 
      13       9          0          0 
      13      10          0          0 
      13      11          0          0 
      13      12          0          0 
      13      13         26          5 
      13      14          1          1 
      13      15          1          1 
      13      16          1          1 
      13      17          0          0 
      13      18          1          1 
      13      19          1          1 
      13      20          1          1 
      13      21          0          0 
      13      22          1          1 
      13      23          0          0 
      13      24          0          0 
      13      25          1          0 
      13      26          0          0 
      13      27          0          0 
      13      28          0          0 
      13      29          0          0 
      13      30          0          0 
      13      31          0          0 
      13      32          0          0 
      13      33          0          0 
      13      34          0          0 
      13      35          0          0 
      13      36          0          0 
      13      37          0          0 
      13      38          0          0 
      13      39          0          0 
      13      40          0          0 
      13      41          0          0 
      13      42          0          0 
      13      43          1          1 
      13      44          0          0 
      13      45          1          1 
      13      46          1          1 
      13      47          1          1 
      13      48          0          0 
      13      49          1          1 
      13      50          0          0 
      13      51          0          0 
      13      52          0          0 
      13      53          0          0 
      13      54          0          0 
      13      55          0          0 
      13      56          0          0 
      13      57          0          0 
      13      58          0          0 
      13      59          0          0 
      13      60          0          0 
      13      61          1          1 
      13      62          0          0 
      13      63          0          0 
      13      64          1          1 
      13      65          0          0 
      13      66          1          1 
      13      67          1          1 
      13      68          1          1 
      13      69          0          0 
      13      70          1          1 
      13      71          0          0 
      13      72          0          0 
      13      73          0          0 
      13      74          0          0 
      13      75          0          0 
      13      76          0          0 
      13      77          0          0 
      13      78          0          0 
      13      79          0          0 
      13      80          0          0 
      13      81          0          0 
      13      82          0          0 
      13      83          0          0 
      13      84          0          0 
      13      85          0          0 
      13      86          0          0 
      13      87          0          0 
      13      88          0          0 
      13      89          0          0 
      13      90          0          0 
      13      91          0          0 
      13      92          0          0 
      13      93          0          0 
      13      94          0          0 
      13      95          0          0 
      13      96          0          0 
      13      97          0          0 
      13      98          0          0 
      13      99          0          0 
      13     100          1          1 
      13     101          0          0 
      13     102          0          0 
      13     103          1          1 
      13     104          0          0 
      13     105          1          1 
      13     106          1          1 
      13     107          1          1 
      13     108          0          0 
      13     109          1          1 
      13     110          0          0 
      13     111          0          0 
      13     112          0          0 
      13     113          0          0 
      13     114          0          0 
      13     115          0          0 
      13     116          0          0 
      13     117          0          0 
      13     118          0          0 
      13     119          0          0 
      13     120          0          0 
      13     121          0          0 
      13     122          0          0 
      13     123          0          0 
      13     124          0          0 
      13     125          0          0 
      13     126          0          0 
      13     127          0          0 
      13     128          0          0 
      13     129          0          0 
      13     130          0          0 
      13     131          0          0 
      13     132          0          0 
      13     133          0          0 
      13     134          0          0 
      13     135          0          0 
      13     136          0          0 
      13     137          0          0 
      13     138          0          0 
      13     139          0          0 
      13     140          0          0 
      13     141          0          0 
      13     142          0          0 
      13     143          0          0 
      13     144          0          0 
      14       1          7          1 
      14       2          2          0 
      14       3          7          1 
      14       4          2          0 
      14       5          2          0 
      14       6          0          0 
      14       7          2          0 
      14       8          0          0 
      14       9          0          0 
      14      10          0          0 
      14      11          0          0 
      14      12          0          0 
      14      13          8          1 
      14      14         26          5 
      14      15          1          1 
      14      16          1          0 
      14      17          1          1 
      14      18          1          0 
      14      19          0          0 
      14      20          1          1 
      14      21          1          1 
      14      22          1          1 
      14      23          0          0 
      14      24          0          0 
      14      25          1          0 
      14      26          1          0 
      14      27          0          0 
      14      28          1          0 
      14      29          0          0 
      14      30          0          0 
      14      31          0          0 
      14      32          0          0 
      14      33          0          0 
      14      34          0          0 
      14      35          0          0 
      14      36          0          0 
      14      37          0          0 
      14      38          0          0 
      14      39          0          0 
      14      40          0          0 
      14      41          0          0 
      14      42          0          0 
      14      43          1          0 
      14      44          1          1 
      14      45          1          0 
      14      46          0          0 
      14      47          1          1 
      14      48          1          1 
      14      49          1          1 
      14      50          0          0 
      14      51          0          0 
      14      52          0          0 
      14      53          0          0 
      14      54          0          0 
      14      55          0          0 
      14      56          0          0 
      14      57          0          0 
      14      58          0          0 
      14      59          0          0 
      14      60          0          0 
      14      61          2          0 
      14      62          1          1 
      14      63          0          0 
      14      64          1          0 
      14      65          1          1 
      14      66          1          0 
      14      67          0          0 
      14      68          1          1 
      14      69          1          1 
      14      70          1          1 
      14      71          0          0 
      14      72          0          0 
      14      73          0          0 
      14      74          0          0 
      14      75          0          0 
      14      76          0          0 
      14      77          0          0 
      14      78          0          0 
      14      79          0          0 
      14      80          0          0 
      14      81          0          0 
      14      82          0          0 
      14      83          0          0 
      14      84          0          0 
      14      85          0          0 
      14      86          0          0 
      14      87          0          0 
      14      88          0          0 
      14      89          0          0 
      14      90          0          0 
      14      91          0          0 
      14      92          0          0 
      14      93          0          0 
      14      94          0          0 
      14      95          0          0 
      14      96          0          0 
      14      97          0          0 
      14      98          0          0 
      14      99          0          0 
      14     100          2          0 
      14     101          1          1 
      14     102          0          0 
      14     103          1          0 
      14     104          1          1 
      14     105          1          0 
      14     106          0          0 
      14     107          1          1 
      14     108          1          1 
      14     109          1          1 
      14     110          0          0 
      14     111          0          0 
      14     112          0          0 
      14     113          0          0 
      14     114          0          0 
      14     115          0          0 
      14     116          0          0 
      14     117          0          0 
      14     118          0          0 
      14     119          0          0 
      14     120          0          0 
      14     121          0          0 
      14     122          0          0 
      14     123          0          0 
      14     124          0          0 
      14     125          0          0 
      14     126          0          0 
      14     127          0          0 
      14     128          0          0 
      14     129          0          0 
      14     130          0          0 
      14     131          0          0 
      14     132          0          0 
      14     133          0          0 
      14     134          0          0 
      14     135          0          0 
      14     136          0          0 
      14     137          0          0 
      14     138          0          0 
      14     139          0          0 
      14     140          0          0 
      14     141          0          0 
      14     142          0          0 
      14     143          0          0 
      14     144          0          0 
      15       1          2          0 
      15       2          7          1 
      15       3          7          1 
      15       4          0          0 
      15       5          0          0 
      15       6          0          0 
      15       7          2          0 
      15       8          2          0 
      15       9          2          0 
      15      10          0          0 
      15      11          0          0 
      15      12          0          0 
      15      13          8          1 
      15      14          8          1 
      15      15         26          5 
      15      16          1          0 
      15      17          1          0 
      15      18          1          0 
      15      19          0          0 
      15      20          0          0 
      15      21          0          0 
      15      22          1          1 
      15      23          1          1 
      15      24          1          1 
      15      25          0          0 
      15      26          0          0 
      15      27          0          0 
      15      28          1          0 
      15      29          1          0 
      15      30          1          0 
      15      31          0          0 
      15      32          0          0 
      15      33          0          0 
      15      34          0          0 
      15      35          0          0 
      15      36          0          0 
      15      37          0          0 
      15      38          0          0 
      15      39          0          0 
      15      40          0          0 
      15      41          0          0 
      15      42          0          0 
      15      43          1          0 
      15      44          1          0 
      15      45          1          0 
      15      46          0          0 
      15      47          0          0 
      15      48          0          0 
      15      49          1          1 
      15      50          1          1 
      15      51          1          1 
      15      52          0          0 
      15      53          0          0 
      15      54          0          0 
      15      55          0          0 
      15      56          0          0 
      15      57          0          0 
      15      58          0          0 
      15      59          0          0 
      15      60          0          0 
      15      61          2          0 
      15      62          2          0 
      15      63          1          1 
      15      64          1          0 
      15      65          1          0 
      15      66          1          0 
      15      67          0          0 
      15      68          0          0 
      15      69          0          0 
      15      70          1          1 
      15      71          1          1 
      15      72          1          1 
      15      73          0          0 
      15      74          0          0 
      15      75          0          0 
      15      76          0          0 
      15      77          0          0 
      15      78          0          0 
      15      79          0          0 
      15      80          0          0 
      15      81          0          0 
      15      82          0          0 
      15      83          0          0 
      15      84          0          0 
      15      85          0          0 
      15      86          0          0 
      15      87          0          0 
      15      88          0          0 
      15      89          0          0 
      15      90          0          0 
      15      91          0          0 
      15      92          0          0 
      15      93          0          0 
      15      94          0          0 
      15      95          0          0 
      15      96          0          0 
      15      97          0          0 
      15      98          0          0 
      15      99          0          0 
      15     100          2          0 
      15     101          2          0 
      15     102          1          1 
      15     103          1          0 
      15     104          1          0 
      15     105          1          0 
      15     106          0          0 
      15     107          0          0 
      15     108          0          0 
      15     109          1          1 
      15     110          1          1 
      15     111          1          1 
      15     112          0          0 
      15     113          0          0 
      15     114          0          0 
      15     115          0          0 
      15     116          0          0 
      15     117          0          0 
      15     118          0          0 
      15     119          0          0 
      15     120          0          0 
      15     121          0          0 
      15     122          0          0 
      15     123          0          0 
      15     124          0          0 
      15     125          0          0 
      15     126          0          0 
      15     127          0          0 
      15     128          0          0 
      15     129          0          0 
      15     130          0          0 
      15     131          0          0 
      15     132          0          0 
      15     133          0          0 
      15     134          0          0 
      15     135          0          0 
      15     136          0          0 
      15     137          0          0 
      15     138          0          0 
      15     139          0          0 
      15     140          0          0 
      15     141          0          0 
      15     142          0          0 
      15     143          0          0 
      15     144          0          0 
      16       1          1          0 
      16       2          1          0 
      16       3          0          0 
      16       4          6          1 
      16       5          1          0 
      16       6          0          0 
      16       7          7          1 
      16       8          0          0 
      16       9          0          0 
      16      10          0          0 
      16      11          0          0 
      16      12          0          0 
      16      13          8          1 
      16      14          0          0 
      16      15          0          0 
      16      16         18          4 
      16      17          1          1 
      16      18          1          1 
      16      19          1          1 
      16      20          1          1 
      16      21          0          0 
      16      22          1          1 
      16      23          0          0 
      16      24          0          0 
      16      25          1          0 
      16      26          0          0 
      16      27          0          0 
      16      28          1          0 
      16      29          0          0 
      16      30          0          0 
      16      31          0          0 
      16      32          0          0 
      16      33          0          0 
      16      34          0          0 
      16      35          0          0 
      16      36          0          0 
      16      37          0          0 
      16      38          0          0 
      16      39          0          0 
      16      40          0          0 
      16      41          0          0 
      16      42          0          0 
      16      43          1          1 
      16      44          0          0 
      16      45          0          0 
      16      46          0          0 
      16      47          0          0 
      16      48          0          0 
      16      49          0          0 
      16      50          0          0 
      16      51          0          0 
      16      52          1          1 
      16      53          1          1 
      16      54          1          1 
      16      55          0          0 
      16      56          0          0 
      16      57          0          0 
      16      58          0          0 
      16      59          0          0 
      16      60          0          0 
      16      61          1          0 
      16      62          0          0 
      16      63          0          0 
      16      64          1          1 
      16      65          0          0 
      16      66          0          0 
      16      67          0          0 
      16      68          0          0 
      16      69          0          0 
      16      70          0          0 
      16      71          0          0 
      16      72          0          0 
      16      73          1          1 
      16      74          0          0 
      16      75          0          0 
      16      76          0          0 
      16      77          0          0 
      16      78          0          0 
      16      79          0          0 
      16      80          0          0 
      16      81          0          0 
      16      82          0          0 
      16      83          0          0 
      16      84          0          0 
      16      85          0          0 
      16      86          0          0 
      16      87          0          0 
      16      88          0          0 
      16      89          0          0 
      16      90          0          0 
      16      91          0          0 
      16      92          0          0 
      16      93          0          0 
      16      94          0          0 
      16      95          0          0 
      16      96          0          0 
      16      97          0          0 
      16      98          0          0 
      16      99          0          0 
      16     100          1          0 
      16     101          0          0 
      16     102          0          0 
      16     103          1          1 
      16     104          0          0 
      16     105          0          0 
      16     106          0          0 
      16     107          0          0 
      16     108          0          0 
      16     109          0          0 
      16     110          0          0 
      16     111          0          0 
      16     112          1          1 
      16     113          0          0 
      16     114          0          0 
      16     115          0          0 
      16     116          0          0 
      16     117          0          0 
      16     118          0          0 
      16     119          0          0 
      16     120          0          0 
      16     121          0          0 
      16     122          0          0 
      16     123          0          0 
      16     124          0          0 
      16     125          0          0 
      16     126          0          0 
      16     127          0          0 
      16     128          0          0 
      16     129          0          0 
      16     130          0          0 
      16     131          0          0 
      16     132          0          0 
      16     133          0          0 
      16     134          0          0 
      16     135          0          0 
      16     136          0          0 
      16     137          0          0 
      16     138          0          0 
      16     139          0          0 
      16     140          0          0 
      16     141          0          0 
      16     142          0          0 
      16     143          0          0 
      16     144          0          0 
      17       1          1          0 
      17       2          0          0 
      17       3          1          0 
      17       4          6          1 
      17       5          1          0 
      17       6          1          0 
      17       7          2          0 
      17       8          7          1 
      17       9          0          0 
      17      10          0          0 
      17      11          0          0 
      17      12          0          0 
      17      13          1          0 
      17      14          8          1 
      17      15          0          0 
      17      16          6          1 
      17      17         18          4 
      17      18          1          0 
      17      19          0          0 
      17      20          1          1 
      17      21          1          1 
      17      22          1          1 
      17      23          0          0 
      17      24          0          0 
      17      25          1          0 
      17      26          0          0 
      17      27          0          0 
      17      28          0          0 
      17      29          1          0 
      17      30          0          0 
      17      31          0          0 
      17      32          0          0 
      17      33          0          0 
      17      34          1          0 
      17      35          0          0 
      17      36          0          0 
      17      37          0          0 
      17      38          0          0 
      17      39          0          0 
      17      40          0          0 
      17      41          0          0 
      17      42          0          0 
      17      43          2          0 
      17      44          1          1 
      17      45          0          0 
      17      46          0          0 
      17      47          0          0 
      17      48          0          0 
      17      49          0          0 
      17      50          0          0 
      17      51          0          0 
      17      52          1          0 
      17      53          0          0 
      17      54          1          1 
      17      55          1          1 
      17      56          0          0 
      17      57          0          0 
      17      58          0          0 
      17      59          0          0 
      17      60          0          0 
      17      61          0          0 
      17      62          1          0 
      17      63          0          0 
      17      64          2          0 
      17      65          1          1 
      17      66          0          0 
      17      67          0          0 
      17      68          0          0 
      17      69          0          0 
      17      70          0          0 
      17      71          0          0 
      17      72          0          0 
      17      73          1          1 
      17      74          0          0 
      17      75          0          0 
      17      76          0          0 
      17      77          0          0 
      17      78          0          0 
      17      79          0          0 
      17      80          0          0 
      17      81          0          0 
      17      82          0          0 
      17      83          0          0 
      17      84          0          0 
      17      85          0          0 
      17      86          0          0 
      17      87          0          0 
      17      88          0          0 
      17      89          0          0 
      17      90          0          0 
      17      91          0          0 
      17      92          0          0 
      17      93          0          0 
      17      94          0          0 
      17      95          0          0 
      17      96          0          0 
      17      97          0          0 
      17      98          0          0 
      17      99          0          0 
      17     100          0          0 
      17     101          1          0 
      17     102          0          0 
      17     103          2          0 
      17     104          1          1 
      17     105          0          0 
      17     106          0          0 
      17     107          0          0 
      17     108          0          0 
      17     109          0          0 
      17     110          0          0 
      17     111          0          0 
      17     112          1          1 
      17     113          0          0 
      17     114          0          0 
      17     115          0          0 
      17     116          0          0 
      17     117          0          0 
      17     118          0          0 
      17     119          0          0 
      17     120          0          0 
      17     121          0          0 
      17     122          0          0 
      17     123          0          0 
      17     124          0          0 
      17     125          0          0 
      17     126          0          0 
      17     127          0          0 
      17     128          0          0 
      17     129          0          0 
      17     130          0          0 
      17     131          0          0 
      17     132          0          0 
      17     133          0          0 
      17     134          0          0 
      17     135          0          0 
      17     136          0          0 
      17     137          0          0 
      17     138          0          0 
      17     139          0          0 
      17     140          0          0 
      17     141          0          0 
      17     142          0          0 
      17     143          0          0 
      17     144          0          0 
      18       1          1          0 
      18       2          1          0 
      18       3          0          0 
      18       4          1          0 
      18       5          6          1 
      18       6          0          0 
      18       7          7          1 
      18       8          0          0 
      18       9          6          1 
      18      10          0          0 
      18      11          0          0 
      18      12          0          0 
      18      13          8          1 
      18      14          0          0 
      18      15          0          0 
      18      16          7          1 
      18      17          0          0 
      18      18         18          4 
      18      19          1          1 
      18      20          1          1 
      18      21          0          0 
      18      22          0          0 
      18      23          1          1 
      18      24          0          0 
      18      25          0          0 
      18      26          1          0 
      18      27          0          0 
      18      28          1          0 
      18      29          0          0 
      18      30          1          0 
      18      31          0          0 
      18      32          0          0 
      18      33          0          0 
      18      34          1          0 
      18      35          0          0 
      18      36          0          0 
      18      37          0          0 
      18      38          0          0 
      18      39          0          0 
      18      40          0          0 
      18      41          0          0 
      18      42          0          0 
      18      43          2          0 
      18      44          0          0 
      18      45          1          1 
      18      46          0          0 
      18      47          0          0 
      18      48          0          0 
      18      49          0          0 
      18      50          0          0 
      18      51          0          0 
      18      52          1          1 
      18      53          0          0 
      18      54          0          0 
      18      55          0          0 
      18      56          1          1 
      18      57          0          0 
      18      58          1          1 
      18      59          0          0 
      18      60          0          0 
      18      61          1          0 
      18      62          0          0 
      18      63          0          0 
      18      64          1          0 
      18      65          0          0 
      18      66          1          1 
      18      67          0          0 
      18      68          0          0 
      18      69          0          0 
      18      70          0          0 
      18      71          0          0 
      18      72          0          0 
      18      73          0          0 
      18      74          1          1 
      18      75          0          0 
      18      76          0          0 
      18      77          0          0 
      18      78          0          0 
      18      79          0          0 
      18      80          0          0 
      18      81          0          0 
      18      82          0          0 
      18      83          0          0 
      18      84          0          0 
      18      85          0          0 
      18      86          0          0 
      18      87          0          0 
      18      88          0          0 
      18      89          0          0 
      18      90          0          0 
      18      91          0          0 
      18      92          0          0 
      18      93          0          0 
      18      94          0          0 
      18      95          0          0 
      18      96          0          0 
      18      97          0          0 
      18      98          0          0 
      18      99          0          0 
      18     100          1          0 
      18     101          0          0 
      18     102          0          0 
      18     103          1          0 
      18     104          0          0 
      18     105          1          1 
      18     106          0          0 
      18     107          0          0 
      18     108          0          0 
      18     109          0          0 
      18     110          0          0 
      18     111          0          0 
      18     112          0          0 
      18     113          1          1 
      18     114          0          0 
      18     115          0          0 
      18     116          0          0 
      18     117          0          0 
      18     118          0          0 
      18     119          0          0 
      18     120          0          0 
      18     121          0          0 
      18     122          0          0 
      18     123          0          0 
      18     124          0          0 
      18     125          0          0 
      18     126          0          0 
      18     127          0          0 
      18     128          0          0 
      18     129          0          0 
      18     130          0          0 
      18     131          0          0 
      18     132          0          0 
      18     133          0          0 
      18     134          0          0 
      18     135          0          0 
      18     136          0          0 
      18     137          0          0 
      18     138          0          0 
      18     139          0          0 
      18     140          0          0 
      18     141          0          0 
      18     142          0          0 
      18     143          0          0 
      18     144          0          0 
      19       1          1          0 
      19       2          1          0 
      19       3          0          0 
      19       4          1          0 
      19       5          7          1 
      19       6          7          1 
      19       7          8          1 
      19       8          1          0 
      19       9          1          0 
      19      10          7          1 
      19      11          1          0 
      19      12          0          0 
      19      13          9          1 
      19      14          1          0 
      19      15          1          0 
      19      16          8          1 
      19      17          1          0 
      19      18          8          1 
      19      19         26          5 
      19      20          3          0 
      19      21          1          1 
      19      22          2          0 
      19      23          0          0 
      19      24          1          1 
      19      25          0          0 
      19      26          1          0 
      19      27          1          0 
      19      28          1          0 
      19      29          0          0 
      19      30          0          0 
      19      31          1          0 
      19      32          0          0 
      19      33          0          0 
      19      34          1          0 
      19      35          1          0 
      19      36          0          0 
      19      37          1          0 
      19      38          0          0 
      19      39          0          0 
      19      40          0          0 
      19      41          0          0 
      19      42          0          0 
      19      43          2          0 
      19      44          0          0 
      19      45          2          0 
      19      46          1          1 
      19      47          0          0 
      19      48          0          0 
      19      49          0          0 
      19      50          0          0 
      19      51          0          0 
      19      52          2          0 
      19      53          1          1 
      19      54          0          0 
      19      55          0          0 
      19      56          1          1 
      19      57          1          1 
      19      58          0          0 
      19      59          1          1 
      19      60          0          0 
      19      61          1          0 
      19      62          0          0 
      19      63          0          0 
      19      64          1          0 
      19      65          0          0 
      19      66          1          0 
      19      67          1          1 
      19      68          0          0 
      19      69          0          0 
      19      70          0          0 
      19      71          0          0 
      19      72          0          0 
      19      73          0          0 
      19      74          0          0 
      19      75          1          1 
      19      76          0          0 
      19      77          0          0 
      19      78          0          0 
      19      79          0          0 
      19      80          0          0 
      19      81          0          0 
      19      82          0          0 
      19      83          0          0 
      19      84          0          0 
      19      85          0          0 
      19      86          0          0 
      19      87          0          0 
      19      88          0          0 
      19      89          0          0 
      19      90          0          0 
      19      91          0          0 
      19      92          0          0 
      19      93          0          0 
      19      94          0          0 
      19      95          0          0 
      19      96          0          0 
      19      97          0          0 
      19      98          0          0 
      19      99          0          0 
      19     100          1          0 
      19     101          0          0 
      19     102          0          0 
      19     103          1          0 
      19     104          0          0 
      19     105          1          0 
      19     106          1          1 
      19     107          0          0 
      19     108          0          0 
      19     109          0          0 
      19     110          0          0 
      19     111          0          0 
      19     112          0          0 
      19     113          0          0 
      19     114          1          1 
      19     115          0          0 
      19     116          0          0 
      19     117          0          0 
      19     118          0          0 
      19     119          0          0 
      19     120          0          0 
      19     121          0          0 
      19     122          0          0 
      19     123          0          0 
      19     124          0          0 
      19     125          0          0 
      19     126          0          0 
      19     127          0          0 
      19     128          0          0 
      19     129          0          0 
      19     130          0          0 
      19     131          0          0 
      19     132          0          0 
      19     133          0          0 
      19     134          0          0 
      19     135          0          0 
      19     136          0          0 
      19     137          0          0 
      19     138          0          0 
      19     139          0          0 
      19     140          0          0 
      19     141          0          0 
      19     142          0          0 
      19     143          0          0 
      19     144          0          0 
      20       1          1          0 
      20       2          1          0 
      20       3          1          0 
      20       4          2          0 
      20       5          7          1 
      20       6          1          0 
      20       7          8          1 
      20       8          8          1 
      20       9          2          0 
      20      10          1          0 
      20      11          8          1 
      20      12          0          0 
      20      13          9          1 
      20      14          9          1 
      20      15          2          0 
      20      16          8          1 
      20      17          8          1 
      20      18          8          1 
      20      19          0          0 
      20      20         26          5 
      20      21          1          1 
      20      22          4          0 
      20      23          1          1 
      20      24          1          1 
      20      25          0          0 
      20      26          1          0 
      20      27          0          0 
      20      28          1          0 
      20      29          1          0 
      20      30          0          0 
      20      31          0          0 
      20      32          1          0 
      20      33          0          0 
      20      34          1          0 
      20      35          0          0 
      20      36          0          0 
      20      37          1          0 
      20      38          0          0 
      20      39          0          0 
      20      40          0          0 
      20      41          0          0 
      20      42          0          0 
      20      43          2          0 
      20      44          2          0 
      20      45          2          0 
      20      46          0          0 
      20      47          1          1 
      20      48          0          0 
      20      49          0          0 
      20      50          0          0 
      20      51          0          0 
      20      52          2          0 
      20      53          0          0 
      20      54          1          1 
      20      55          0          0 
      20      56          0          0 
      20      57          1          1 
      20      58          1          1 
      20      59          1          1 
      20      60          0          0 
      20      61          1          0 
      20      62          1          0 
      20      63          0          0 
      20      64          1          0 
      20      65          1          0 
      20      66          2          0 
      20      67          0          0 
      20      68          1          1 
      20      69          0          0 
      20      70          0          0 
      20      71          0          0 
      20      72          0          0 
      20      73          0          0 
      20      74          1          1 
      20      75          1          1 
      20      76          0          0 
      20      77          0          0 
      20      78          0          0 
      20      79          0          0 
      20      80          0          0 
      20      81          0          0 
      20      82          0          0 
      20      83          0          0 
      20      84          0          0 
      20      85          0          0 
      20      86          0          0 
      20      87          0          0 
      20      88          0          0 
      20      89          0          0 
      20      90          0          0 
      20      91          0          0 
      20      92          0          0 
      20      93          0          0 
      20      94          0          0 
      20      95          0          0 
      20      96          0          0 
      20      97          0          0 
      20      98          0          0 
      20      99          0          0 
      20     100          1          0 
      20     101          1          0 
      20     102          0          0 
      20     103          1          0 
      20     104          1          0 
      20     105          2          0 
      20     106          0          0 
      20     107          1          1 
      20     108          0          0 
      20     109          0          0 
      20     110          0          0 
      20     111          0          0 
      20     112          0          0 
      20     113          1          1 
      20     114          1          1 
      20     115          0          0 
      20     116          0          0 
      20     117          0          0 
      20     118          0          0 
      20     119          0          0 
      20     120          0          0 
      20     121          0          0 
      20     122          0          0 
      20     123          0          0 
      20     124          0          0 
      20     125          0          0 
      20     126          0          0 
      20     127          0          0 
      20     128          0          0 
      20     129          0          0 
      20     130          0          0 
      20     131          0          0 
      20     132          0          0 
      20     133          0          0 
      20     134          0          0 
      20     135          0          0 
      20     136          0          0 
      20     137          0          0 
      20     138          0          0 
      20     139          0          0 
      20     140          0          0 
      20     141          0          0 
      20     142          0          0 
      20     143          0          0 
      20     144          0          0 
      21       1          1          0 
      21       2          0          0 
      21       3          1          0 
      21       4          1          0 
      21       5          1          0 
      21       6          6          1 
      21       7          1          0 
      21       8          7          1 
      21       9          0          0 
      21      10          2          0 
      21      11          2          0 
      21      12          6          1 
      21      13          1          0 
      21      14          8          1 
      21      15          1          0 
      21      16          1          0 
      21      17          7          1 
      21      18          1          0 
      21      19          6          1 
      21      20          8          1 
      21      21         18          4 
      21      22          2          0 
      21      23          1          0 
      21      24          1          1 
      21      25          0          0 
      21      26          0          0 
      21      27          1          0 
      21      28          0          0 
      21      29          1          0 
      21      30          0          0 
      21      31          0          0 
      21      32          0          0 
      21      33          1          0 
      21      34          0          0 
      21      35          1          0 
      21      36          1          0 
      21      37          0          0 
      21      38          1          0 
      21      39          1          0 
      21      40          0          0 
      21      41          0          0 
      21      42          0          0 
      21      43          0          0 
      21      44          2          0 
      21      45          0          0 
      21      46          2          0 
      21      47          2          0 
      21      48          1          1 
      21      49          1          0 
      21      50          0          0 
      21      51          0          0 
      21      52          0          0 
      21      53          1          0 
      21      54          2          0 
      21      55          1          1 
      21      56          1          0 
      21      57          1          1 
      21      58          1          0 
      21      59          1          1 
      21      60          0          0 
      21      61          0          0 
      21      62          1          0 
      21      63          0          0 
      21      64          0          0 
      21      65          1          0 
      21      66          0          0 
      21      67          2          0 
      21      68          2          0 
      21      69          1          1 
      21      70          1          0 
      21      71          0          0 
      21      72          0          0 
      21      73          1          0 
      21      74          1          0 
      21      75          1          1 
      21      76          0          0 
      21      77          0          0 
      21      78          0          0 
      21      79          0          0 
      21      80          0          0 
      21      81          0          0 
      21      82          0          0 
      21      83          0          0 
      21      84          0          0 
      21      85          0          0 
      21      86          0          0 
      21      87          0          0 
      21      88          0          0 
      21      89          0          0 
      21      90          0          0 
      21      91          0          0 
      21      92          0          0 
      21      93          0          0 
      21      94          0          0 
      21      95          0          0 
      21      96          0          0 
      21      97          0          0 
      21      98          0          0 
      21      99          0          0 
      21     100          0          0 
      21     101          1          0 
      21     102          0          0 
      21     103          0          0 
      21     104          1          0 
      21     105          0          0 
      21     106          2          0 
      21     107          2          0 
      21     108          1          1 
      21     109          1          0 
      21     110          0          0 
      21     111          0          0 
      21     112          1          0 
      21     113          1          0 
      21     114          1          1 
      21     115          0          0 
      21     116          0          0 
      21     117          0          0 
      21     118          0          0 
      21     119          0          0 
      21     120          0          0 
      21     121          0          0 
      21     122          0          0 
      21     123          0          0 
      21     124          0          0 
      21     125          0          0 
      21     126          0          0 
      21     127          0          0 
      21     128          0          0 
      21     129          0          0 
      21     130          0          0 
      21     131          0          0 
      21     132          0          0 
      21     133          0          0 
      21     134          0          0 
      21     135          0          0 
      21     136          0          0 
      21     137          0          0 
      21     138          0          0 
      21     139          0          0 
      21     140          0          0 
      21     141          0          0 
      21     142          0          0 
      21     143          0          0 
      21     144          0          0 
      22       1          0          0 
      22       2          1          0 
      22       3          1          0 
      22       4          2          0 
      22       5          0          0 
      22       6          0          0 
      22       7          7          1 
      22       8          7          1 
      22       9          1          0 
      22      10          1          0 
      22      11          2          0 
      22      12          0          0 
      22      13          8          1 
      22      14          8          1 
      22      15          9          1 
      22      16          7          1 
      22      17          7          1 
      22      18          2          0 
      22      19          0          0 
      22      20          0          0 
      22      21          0          0 
      22      22         26          5 
      22      23          1          1 
      22      24          1          1 
      22      25          0          0 
      22      26          0          0 
      22      27          0          0 
      22      28          1          0 
      22      29          1          0 
      22      30          0          0 
      22      31          0          0 
      22      32          0          0 
      22      33          0          0 
      22      34          0          0 
      22      35          0          0 
      22      36          0          0 
      22      37          1          0 
      22      38          0          0 
      22      39          0          0 
      22      40          0          0 
      22      41          0          0 
      22      42          0          0 
      22      43          1          0 
      22      44          1          0 
      22      45          1          0 
      22      46          0          0 
      22      47          0          0 
      22      48          0          0 
      22      49          1          1 
      22      50          0          0 
      22      51          0          0 
      22      52          1          0 
      22      53          0          0 
      22      54          0          0 
      22      55          0          0 
      22      56          0          0 
      22      57          0          0 
      22      58          1          1 
      22      59          1          1 
      22      60          0          0 
      22      61          1          0 
      22      62          1          0 
      22      63          1          0 
      22      64          2          0 
      22      65          2          0 
      22      66          1          0 
      22      67          0          0 
      22      68          0          0 
      22      69          0          0 
      22      70          1          1 
      22      71          0          0 
      22      72          0          0 
      22      73          1          1 
      22      74          1          1 
      22      75          1          1 
      22      76          0          0 
      22      77          0          0 
      22      78          0          0 
      22      79          0          0 
      22      80          0          0 
      22      81          0          0 
      22      82          0          0 
      22      83          0          0 
      22      84          0          0 
      22      85          0          0 
      22      86          0          0 
      22      87          0          0 
      22      88          0          0 
      22      89          0          0 
      22      90          0          0 
      22      91          0          0 
      22      92          0          0 
      22      93          0          0 
      22      94          0          0 
      22      95          0          0 
      22      96          0          0 
      22      97          0          0 
      22      98          0          0 
      22      99          0          0 
      22     100          1          0 
      22     101          1          0 
      22     102          1          0 
      22     103          2          0 
      22     104          2          0 
      22     105          1          0 
      22     106          0          0 
      22     107          0          0 
      22     108          0          0 
      22     109          1          1 
      22     110          0          0 
      22     111          0          0 
      22     112          1          1 
      22     113          1          1 
      22     114          1          1 
      22     115          0          0 
      22     116          0          0 
      22     117          0          0 
      22     118          0          0 
      22     119          0          0 
      22     120          0          0 
      22     121          0          0 
      22     122          0          0 
      22     123          0          0 
      22     124          0          0 
      22     125          0          0 
      22     126          0          0 
      22     127          0          0 
      22     128          0          0 
      22     129          0          0 
      22     130          0          0 
      22     131          0          0 
      22     132          0          0 
      22     133          0          0 
      22     134          0          0 
      22     135          0          0 
      22     136          0          0 
      22     137          0          0 
      22     138          0          0 
      22     139          0          0 
      22     140          0          0 
      22     141          0          0 
      22     142          0          0 
      22     143          0          0 
      22     144          0          0 
      23       1          0          0 
      23       2          1          0 
      23       3          1          0 
      23       4          0          0 
      23       5          2          0 
      23       6          0          0 
      23       7          2          0 
      23       8          1          0 
      23       9          6          1 
      23      10          1          0 
      23      11          7          1 
      23      12          0          0 
      23      13          1          0 
      23      14          1          0 
      23      15          8          1 
      23      16          1          0 
      23      17          1          0 
      23      18          6          1 
      23      19          1          0 
      23      20          7          1 
      23      21          0          0 
      23      22          8          1 
      23      23         18          4 
      23      24          1          1 
      23      25          0          0 
      23      26          0          0 
      23      27          0          0 
      23      28          0          0 
      23      29          0          0 
      23      30          1          0 
      23      31          0          0 
      23      32          1          0 
      23      33          0          0 
      23      34          0          0 
      23      35          0          0 
      23      36          0          0 
      23      37          1          0 
      23      38          0          0 
      23      39          1          0 
      23      40          0          0 
      23      41          0          0 
      23      42          0          0 
      23      43          0          0 
      23      44          0          0 
      23      45          2          0 
      23      46          0          0 
      23      47          2          0 
      23      48          0          0 
      23      49          2          0 
      23      50          1          1 
      23      51          0          0 
      23      52          1          0 
      23      53          0          0 
      23      54          1          0 
      23      55          0          0 
      23      56          0          0 
      23      57          0          0 
      23      58          1          1 
      23      59          0          0 
      23      60          1          1 
      23      61          0          0 
      23      62          0          0 
      23      63          1          0 
      23      64          0          0 
      23      65          0          0 
      23      66          2          0 
      23      67          0          0 
      23      68          2          0 
      23      69          0          0 
      23      70          2          0 
      23      71          1          1 
      23      72          0          0 
      23      73          1          0 
      23      74          1          1 
      23      75          0          0 
      23      76          0          0 
      23      77          0          0 
      23      78          0          0 
      23      79          0          0 
      23      80          0          0 
      23      81          0          0 
      23      82          0          0 
      23      83          0          0 
      23      84          0          0 
      23      85          0          0 
      23      86          0          0 
      23      87          0          0 
      23      88          0          0 
      23      89          0          0 
      23      90          0          0 
      23      91          0          0 
      23      92          0          0 
      23      93          0          0 
      23      94          0          0 
      23      95          0          0 
      23      96          0          0 
      23      97          0          0 
      23      98          0          0 
      23      99          0          0 
      23     100          0          0 
      23     101          0          0 
      23     102          1          0 
      23     103          0          0 
      23     104          0          0 
      23     105          2          0 
      23     106          0          0 
      23     107          2          0 
      23     108          0          0 
      23     109          2          0 
      23     110          1          1 
      23     111          0          0 
      23     112          1          0 
      23     113          1          1 
      23     114          0          0 
      23     115          0          0 
      23     116          0          0 
      23     117          0          0 
      23     118          0          0 
      23     119          0          0 
      23     120          0          0 
      23     121          0          0 
      23     122          0          0 
      23     123          0          0 
      23     124          0          0 
      23     125          0          0 
      23     126          0          0 
      23     127          0          0 
      23     128          0          0 
      23     129          0          0 
      23     130          0          0 
      23     131          0          0 
      23     132          0          0 
      23     133          0          0 
      23     134          0          0 
      23     135          0          0 
      23     136          0          0 
      23     137          0          0 
      23     138          0          0 
      23     139          0          0 
      23     140          0          0 
      23     141          0          0 
      23     142          0          0 
      23     143          0          0 
      23     144          0          0 
      24       1          0          0 
      24       2          1          0 
      24       3          1          0 
      24       4          0          0 
      24       5          0          0 
      24       6          2          0 
      24       7          1          0 
      24       8          2          0 
      24       9          1          0 
      24      10          6          1 
      24      11          7          1 
      24      12          6          1 
      24      13          1          0 
      24      14          1          0 
      24      15          8          1 
      24      16          1          0 
      24      17          1          0 
      24      18          1          0 
      24      19          6          1 
      24      20          7          1 
      24      21          6          1 
      24      22          8          1 
      24      23          7          1 
      24      24         18          4 
      24      25          0          0 
      24      26          0          0 
      24      27          0          0 
      24      28          0          0 
      24      29          0          0 
      24      30          0          0 
      24      31          1          0 
      24      32          1          0 
      24      33          1          0 
      24      34          0          0 
      24      35          0          0 
      24      36          0          0 
      24      37          0          0 
      24      38          1          0 
      24      39          1          0 
      24      40          1          0 
      24      41          1          0 
      24      42          0          0 
      24      43          0          0 
      24      44          0          0 
      24      45          0          0 
      24      46          2          0 
      24      47          2          0 
      24      48          2          0 
      24      49          2          0 
      24      50          2          0 
      24      51          1          1 
      24      52          0          0 
      24      53          1          0 
      24      54          1          0 
      24      55          1          0 
      24      56          1          0 
      24      57          0          0 
      24      58          2          0 
      24      59          1          1 
      24      60          1          1 
      24      61          0          0 
      24      62          0          0 
      24      63          1          0 
      24      64          0          0 
      24      65          0          0 
      24      66          0          0 
      24      67          2          0 
      24      68          2          0 
      24      69          2          0 
      24      70          2          0 
      24      71          1          0 
      24      72          1          1 
      24      73          1          0 
      24      74          1          0 
      24      75          1          1 
      24      76          0          0 
      24      77          0          0 
      24      78          0          0 
      24      79          0          0 
      24      80          0          0 
      24      81          0          0 
      24      82          0          0 
      24      83          0          0 
      24      84          0          0 
      24      85          0          0 
      24      86          0          0 
      24      87          0          0 
      24      88          0          0 
      24      89          0          0 
      24      90          0          0 
      24      91          0          0 
      24      92          0          0 
      24      93          0          0 
      24      94          0          0 
      24      95          0          0 
      24      96          0          0 
      24      97          0          0 
      24      98          0          0 
      24      99          0          0 
      24     100          0          0 
      24     101          0          0 
      24     102          1          0 
      24     103          0          0 
      24     104          0          0 
      24     105          0          0 
      24     106          2          0 
      24     107          2          0 
      24     108          2          0 
      24     109          2          0 
      24     110          1          0 
      24     111          1          1 
      24     112          1          0 
      24     113          1          0 
      24     114          1          1 
      24     115          0          0 
      24     116          0          0 
      24     117          0          0 
      24     118          0          0 
      24     119          0          0 
      24     120          0          0 
      24     121          0          0 
      24     122          0          0 
      24     123          0          0 
      24     124          0          0 
      24     125          0          0 
      24     126          0          0 
      24     127          0          0 
      24     128          0          0 
      24     129          0          0 
      24     130          0          0 
      24     131          0          0 
      24     132          0          0 
      24     133          0          0 
      24     134          0          0 
      24     135          0          0 
      24     136          0          0 
      24     137          0          0 
      24     138          0          0 
      24     139          0          0 
      24     140          0          0 
      24     141          0          0 
      24     142          0          0 
      24     143          0          0 
      24     144          0          0 
      25       1          7          1 
      25       2          0          0 
      25       3          0          0 
      25       4          7          1 
      25       5          0          0 
      25       6          0          0 
      25       7          0          0 
      25       8          0          0 
      25       9          0          0 
      25      10          0          0 
      25      11          0          0 
      25      12          0          0 
      25      13          0          0 
      25      14          0          0 
      25      15          0          0 
      25      16          0          0 
      25      17          0          0 
      25      18          0          0 
      25      19          0          0 
      25      20          0          0 
      25      21          0          0 
      25      22          0          0 
      25      23          0          0 
      25      24          0          0 
      25      25         18          4 
      25      26          1          1 
      25      27          1          1 
      25      28          1          1 
      25      29          1          1 
      25      30          0          0 
      25      31          0          0 
      25      32          0          0 
      25      33          0          0 
      25      34          1          1 
      25      35          1          1 
      25      36          0          0 
      25      37          0          0 
      25      38          0          0 
      25      39          0          0 
      25      40          0          0 
      25      41          0          0 
      25      42          0          0 
      25      43          1          1 
      25      44          1          1 
      25      45          0          0 
      25      46          0          0 
      25      47          0          0 
      25      48          0          0 
      25      49          0          0 
      25      50          0          0 
      25      51          0          0 
      25      52          0          0 
      25      53          0          0 
      25      54          0          0 
      25      55          0          0 
      25      56          0          0 
      25      57          0          0 
      25      58          0          0 
      25      59          0          0 
      25      60          0          0 
      25      61          0          0 
      25      62          0          0 
      25      63          0          0 
      25      64          0          0 
      25      65          0          0 
      25      66          0          0 
      25      67          0          0 
      25      68          0          0 
      25      69          0          0 
      25      70          0          0 
      25      71          0          0 
      25      72          0          0 
      25      73          0          0 
      25      74          0          0 
      25      75          0          0 
      25      76          1          1 
      25      77          1          1 
      25      78          0          0 
      25      79          0          0 
      25      80          0          0 
      25      81          0          0 
      25      82          0          0 
      25      83          0          0 
      25      84          0          0 
      25      85          0          0 
      25      86          0          0 
      25      87          0          0 
      25      88          0          0 
      25      89          0          0 
      25      90          0          0 
      25      91          0          0 
      25      92          0          0 
      25      93          0          0 
      25      94          0          0 
      25      95          0          0 
      25      96          0          0 
      25      97          0          0 
      25      98          0          0 
      25      99          0          0 
      25     100          0          0 
      25     101          0          0 
      25     102          0          0 
      25     103          0          0 
      25     104          0          0 
      25     105          0          0 
      25     106          0          0 
      25     107          0          0 
      25     108          0          0 
      25     109          0          0 
      25     110          0          0 
      25     111          0          0 
      25     112          0          0 
      25     113          0          0 
      25     114          0          0 
      25     115          1          1 
      25     116          1          1 
      25     117          0          0 
      25     118          0          0 
      25     119          0          0 
      25     120          0          0 
      25     121          0          0 
      25     122          0          0 
      25     123          0          0 
      25     124          0          0 
      25     125          0          0 
      25     126          0          0 
      25     127          0          0 
      25     128          0          0 
      25     129          0          0 
      25     130          0          0 
      25     131          0          0 
      25     132          0          0 
      25     133          0          0 
      25     134          0          0 
      25     135          0          0 
      25     136          0          0 
      25     137          0          0 
      25     138          0          0 
      25     139          0          0 
      25     140          0          0 
      25     141          0          0 
      25     142          0          0 
      25     143          0          0 
      25     144          0          0 
      26       1          8          1 
      26       2          1          0 
      26       3          0          0 
      26       4          2          0 
      26       5          9          1 
      26       6          0          0 
      26       7          1          0 
      26       8          0          0 
      26       9          0          0 
      26      10          0          0 
      26      11          0          0 
      26      12          0          0 
      26      13          1          0 
      26      14          0          0 
      26      15          0          0 
      26      16          0          0 
      26      17          0          0 
      26      18          0          0 
      26      19          0          0 
      26      20          0          0 
      26      21          0          0 
      26      22          0          0 
      26      23          0          0 
      26      24          0          0 
      26      25          8          1 
      26      26         26          5 
      26      27          1          1 
      26      28          3          0 
      26      29          0          0 
      26      30          1          1 
      26      31          1          1 
      26      32          1          1 
      26      33          0          0 
      26      34          1          1 
      26      35          0          0 
      26      36          1          1 
      26      37          1          1 
      26      38          1          1 
      26      39          1          1 
      26      40          0          0 
      26      41          0          0 
      26      42          0          0 
      26      43          0          0 
      26      44          0          0 
      26      45          1          1 
      26      46          1          1 
      26      47          1          1 
      26      48          0          0 
      26      49          0          0 
      26      50          0          0 
      26      51          0          0 
      26      52          0          0 
      26      53          0          0 
      26      54          0          0 
      26      55          0          0 
      26      56          0          0 
      26      57          0          0 
      26      58          0          0 
      26      59          0          0 
      26      60          0          0 
      26      61          2          0 
      26      62          0          0 
      26      63          0          0 
      26      64          0          0 
      26      65          0          0 
      26      66          0          0 
      26      67          0          0 
      26      68          0          0 
      26      69          0          0 
      26      70          0          0 
      26      71          0          0 
      26      72          0          0 
      26      73          0          0 
      26      74          0          0 
      26      75          0          0 
      26      76          0          0 
      26      77          0          0 
      26      78          1          1 
      26      79          1          1 
      26      80          1          1 
      26      81          0          0 
      26      82          0          0 
      26      83          0          0 
      26      84          0          0 
      26      85          0          0 
      26      86          0          0 
      26      87          0          0 
      26      88          0          0 
      26      89          0          0 
      26      90          0          0 
      26      91          0          0 
      26      92          0          0 
      26      93          0          0 
      26      94          0          0 
      26      95          0          0 
      26      96          0          0 
      26      97          0          0 
      26      98          0          0 
      26      99          0          0 
      26     100          0          0 
      26     101          0          0 
      26     102          0          0 
      26     103          0          0 
      26     104          0          0 
      26     105          0          0 
      26     106          0          0 
      26     107          0          0 
      26     108          0          0 
      26     109          0          0 
      26     110          0          0 
      26     111          0          0 
      26     112          0          0 
      26     113          0          0 
      26     114          0          0 
      26     115          0          0 
      26     116          0          0 
      26     117          1          1 
      26     118          1          1 
      26     119          1          1 
      26     120          0          0 
      26     121          0          0 
      26     122          0          0 
      26     123          0          0 
      26     124          0          0 
      26     125          0          0 
      26     126          0          0 
      26     127          0          0 
      26     128          0          0 
      26     129          0          0 
      26     130          0          0 
      26     131          0          0 
      26     132          0          0 
      26     133          0          0 
      26     134          0          0 
      26     135          0          0 
      26     136          0          0 
      26     137          0          0 
      26     138          0          0 
      26     139          0          0 
      26     140          0          0 
      26     141          0          0 
      26     142          0          0 
      26     143          0          0 
      26     144          0          0 
      27       1          8          1 
      27       2          1          0 
      27       3          1          0 
      27       4          2          0 
      27       5          2          0 
      27       6          9          1 
      27       7          1          0 
      27       8          1          0 
      27       9          0          0 
      27      10          0          0 
      27      11          0          0 
      27      12          0          0 
      27      13          1          0 
      27      14          1          0 
      27      15          0          0 
      27      16          0          0 
      27      17          0          0 
      27      18          0          0 
      27      19          0          0 
      27      20          0          0 
      27      21          0          0 
      27      22          0          0 
      27      23          0          0 
      27      24          0          0 
      27      25          8          1 
      27      26          9          1 
      27      27         26          5 
      27      28          3          0 
      27      29          3          0 
      27      30          1          0 
      27      31          1          1 
      27      32          0          0 
      27      33          1          1 
      27      34          2          0 
      27      35          1          1 
      27      36          1          1 
      27      37          1          0 
      27      38          1          1 
      27      39          0          0 
      27      40          1          1 
      27      41          0          0 
      27      42          0          0 
      27      43          1          0 
      27      44          0          0 
      27      45          1          0 
      27      46          1          1 
      27      47          0          0 
      27      48          1          1 
      27      49          0          0 
      27      50          0          0 
      27      51          0          0 
      27      52          0          0 
      27      53          0          0 
      27      54          0          0 
      27      55          0          0 
      27      56          0          0 
      27      57          0          0 
      27      58          0          0 
      27      59          0          0 
      27      60          0          0 
      27      61          2          0 
      27      62          2          0 
      27      63          0          0 
      27      64          0          0 
      27      65          0          0 
      27      66          0          0 
      27      67          0          0 
      27      68          0          0 
      27      69          0          0 
      27      70          0          0 
      27      71          0          0 
      27      72          0          0 
      27      73          0          0 
      27      74          0          0 
      27      75          0          0 
      27      76          1          0 
      27      77          0          0 
      27      78          1          0 
      27      79          1          1 
      27      80          0          0 
      27      81          1          1 
      27      82          0          0 
      27      83          0          0 
      27      84          0          0 
      27      85          0          0 
      27      86          0          0 
      27      87          0          0 
      27      88          0          0 
      27      89          0          0 
      27      90          0          0 
      27      91          0          0 
      27      92          0          0 
      27      93          0          0 
      27      94          0          0 
      27      95          0          0 
      27      96          0          0 
      27      97          0          0 
      27      98          0          0 
      27      99          0          0 
      27     100          1          0 
      27     101          0          0 
      27     102          0          0 
      27     103          0          0 
      27     104          0          0 
      27     105          0          0 
      27     106          0          0 
      27     107          0          0 
      27     108          0          0 
      27     109          0          0 
      27     110          0          0 
      27     111          0          0 
      27     112          0          0 
      27     113          0          0 
      27     114          0          0 
      27     115          1          0 
      27     116          0          0 
      27     117          1          0 
      27     118          1          1 
      27     119          0          0 
      27     120          1          1 
      27     121          0          0 
      27     122          0          0 
      27     123          0          0 
      27     124          0          0 
      27     125          0          0 
      27     126          0          0 
      27     127          0          0 
      27     128          0          0 
      27     129          0          0 
      27     130          0          0 
      27     131          0          0 
      27     132          0          0 
      27     133          0          0 
      27     134          0          0 
      27     135          0          0 
      27     136          0          0 
      27     137          0          0 
      27     138          0          0 
      27     139          0          0 
      27     140          0          0 
      27     141          0          0 
      27     142          0          0 
      27     143          0          0 
      27     144          0          0 
      28       1          8          1 
      28       2          8          1 
      28       3          0          0 
      28       4          2          0 
      28       5          1          0 
      28       6          0          0 
      28       7          9          1 
      28       8          0          0 
      28       9          0          0 
      28      10          0          0 
      28      11          0          0 
      28      12          0          0 
      28      13          2          0 
      28      14          0          0 
      28      15          0          0 
      28      16          0          0 
      28      17          0          0 
      28      18          0          0 
      28      19          0          0 
      28      20          0          0 
      28      21          0          0 
      28      22          0          0 
      28      23          0          0 
      28      24          0          0 
      28      25          8          1 
      28      26          0          0 
      28      27          0          0 
      28      28         26          5 
      28      29          1          1 
      28      30          1          1 
      28      31          1          1 
      28      32          1          1 
      28      33          0          0 
      28      34          0          0 
      28      35          0          0 
      28      36          0          0 
      28      37          1          1 
      28      38          1          1 
      28      39          1          1 
      28      40          0          0 
      28      41          0          0 
      28      42          0          0 
      28      43          1          1 
      28      44          0          0 
      28      45          1          1 
      28      46          1          1 
      28      47          1          1 
      28      48          0          0 
      28      49          1          1 
      28      50          0          0 
      28      51          0          0 
      28      52          0          0 
      28      53          0          0 
      28      54          0          0 
      28      55          0          0 
      28      56          0          0 
      28      57          0          0 
      28      58          0          0 
      28      59          0          0 
      28      60          0          0 
      28      61          4          0 
      28      62          0          0 
      28      63          0          0 
      28      64          0          0 
      28      65          0          0 
      28      66          0          0 
      28      67          0          0 
      28      68          0          0 
      28      69          0          0 
      28      70          0          0 
      28      71          0          0 
      28      72          0          0 
      28      73          0          0 
      28      74          0          0 
      28      75          0          0 
      28      76          1          1 
      28      77          0          0 
      28      78          1          1 
      28      79          1          1 
      28      80          1          1 
      28      81          0          0 
      28      82          1          1 
      28      83          0          0 
      28      84          0          0 
      28      85          0          0 
      28      86          0          0 
      28      87          0          0 
      28      88          0          0 
      28      89          0          0 
      28      90          0          0 
      28      91          0          0 
      28      92          0          0 
      28      93          0          0 
      28      94          0          0 
      28      95          0          0 
      28      96          0          0 
      28      97          0          0 
      28      98          0          0 
      28      99          0          0 
      28     100          0          0 
      28     101          0          0 
      28     102          0          0 
      28     103          0          0 
      28     104          0          0 
      28     105          0          0 
      28     106          0          0 
      28     107          0          0 
      28     108          0          0 
      28     109          0          0 
      28     110          0          0 
      28     111          0          0 
      28     112          0          0 
      28     113          0          0 
      28     114          0          0 
      28     115          1          1 
      28     116          0          0 
      28     117          1          1 
      28     118          1          1 
      28     119          1          1 
      28     120          0          0 
      28     121          1          1 
      28     122          0          0 
      28     123          0          0 
      28     124          0          0 
      28     125          0          0 
      28     126          0          0 
      28     127          0          0 
      28     128          0          0 
      28     129          0          0 
      28     130          0          0 
      28     131          0          0 
      28     132          0          0 
      28     133          0          0 
      28     134          0          0 
      28     135          0          0 
      28     136          0          0 
      28     137          0          0 
      28     138          0          0 
      28     139          0          0 
      28     140          0          0 
      28     141          0          0 
      28     142          0          0 
      28     143          0          0 
      28     144          0          0 
      29       1          8          1 
      29       2          2          0 
      29       3          8          1 
      29       4          2          0 
      29       5          1          0 
      29       6          1          0 
      29       7          2          0 
      29       8          9          1 
      29       9          0          0 
      29      10          0          0 
      29      11          0          0 
      29      12          0          0 
      29      13          1          0 
      29      14          2          0 
      29      15          0          0 
      29      16          0          0 
      29      17          0          0 
      29      18          0          0 
      29      19          0          0 
      29      20          0          0 
      29      21          0          0 
      29      22          0          0 
      29      23          0          0 
      29      24          0          0 
      29      25          8          1 
      29      26          3          0 
      29      27          0          0 
      29      28          9          1 
      29      29         26          5 
      29      30          1          0 
      29      31          0          0 
      29      32          1          1 
      29      33          1          1 
      29      34          1          0 
      29      35          0          0 
      29      36          0          0 
      29      37          1          0 
      29      38          0          0 
      29      39          1          1 
      29      40          1          1 
      29      41          0          0 
      29      42          0          0 
      29      43          2          0 
      29      44          1          1 
      29      45          1          0 
      29      46          0          0 
      29      47          1          1 
      29      48          1          1 
      29      49          1          1 
      29      50          0          0 
      29      51          0          0 
      29      52          0          0 
      29      53          0          0 
      29      54          0          0 
      29      55          0          0 
      29      56          0          0 
      29      57          0          0 
      29      58          0          0 
      29      59          0          0 
      29      60          0          0 
      29      61          2          0 
      29      62          4          0 
      29      63          0          0 
      29      64          0          0 
      29      65          0          0 
      29      66          0          0 
      29      67          0          0 
      29      68          0          0 
      29      69          0          0 
      29      70          0          0 
      29      71          0          0 
      29      72          0          0 
      29      73          0          0 
      29      74          0          0 
      29      75          0          0 
      29      76          2          0 
      29      77          1          1 
      29      78          1          0 
      29      79          0          0 
      29      80          1          1 
      29      81          1          1 
      29      82          1          1 
      29      83          0          0 
      29      84          0          0 
      29      85          0          0 
      29      86          0          0 
      29      87          0          0 
      29      88          0          0 
      29      89          0          0 
      29      90          0          0 
      29      91          0          0 
      29      92          0          0 
      29      93          0          0 
      29      94          0          0 
      29      95          0          0 
      29      96          0          0 
      29      97          0          0 
      29      98          0          0 
      29      99          0          0 
      29     100          1          0 
      29     101          0          0 
      29     102          0          0 
      29     103          0          0 
      29     104          0          0 
      29     105          0          0 
      29     106          0          0 
      29     107          0          0 
      29     108          0          0 
      29     109          0          0 
      29     110          0          0 
      29     111          0          0 
      29     112          0          0 
      29     113          0          0 
      29     114          0          0 
      29     115          2          0 
      29     116          1          1 
      29     117          1          0 
      29     118          0          0 
      29     119          1          1 
      29     120          1          1 
      29     121          1          1 
      29     122          0          0 
      29     123          0          0 
      29     124          0          0 
      29     125          0          0 
      29     126          0          0 
      29     127          0          0 
      29     128          0          0 
      29     129          0          0 
      29     130          0          0 
      29     131          0          0 
      29     132          0          0 
      29     133          0          0 
      29     134          0          0 
      29     135          0          0 
      29     136          0          0 
      29     137          0          0 
      29     138          0          0 
      29     139          0          0 
      29     140          0          0 
      29     141          0          0 
      29     142          0          0 
      29     143          0          0 
      29     144          0          0 
      30       1          1          0 
      30       2          7          1 
      30       3          0          0 
      30       4          0          0 
      30       5          1          0 
      30       6          0          0 
      30       7          2          0 
      30       8          0          0 
      30       9          7          1 
      30      10          0          0 
      30      11          0          0 
      30      12          0          0 
      30      13          1          0 
      30      14          0          0 
      30      15          0          0 
      30      16          0          0 
      30      17          0          0 
      30      18          0          0 
      30      19          0          0 
      30      20          0          0 
      30      21          0          0 
      30      22          0          0 
      30      23          0          0 
      30      24          0          0 
      30      25          1          0 
      30      26          6          1 
      30      27          0          0 
      30      28          8          1 
      30      29          0          0 
      30      30         18          4 
      30      31          1          1 
      30      32          1          1 
      30      33          0          0 
      30      34          1          0 
      30      35          0          0 
      30      36          0          0 
      30      37          1          1 
      30      38          0          0 
      30      39          0          0 
      30      40          0          0 
      30      41          1          1 
      30      42          0          0 
      30      43          1          0 
      30      44          0          0 
      30      45          1          1 
      30      46          0          0 
      30      47          0          0 
      30      48          0          0 
      30      49          0          0 
      30      50          1          1 
      30      51          0          0 
      30      52          0          0 
      30      53          0          0 
      30      54          0          0 
      30      55          0          0 
      30      56          0          0 
      30      57          0          0 
      30      58          0          0 
      30      59          0          0 
      30      60          0          0 
      30      61          2          0 
      30      62          0          0 
      30      63          0          0 
      30      64          0          0 
      30      65          0          0 
      30      66          0          0 
      30      67          0          0 
      30      68          0          0 
      30      69          0          0 
      30      70          0          0 
      30      71          0          0 
      30      72          0          0 
      30      73          0          0 
      30      74          0          0 
      30      75          0          0 
      30      76          1          0 
      30      77          0          0 
      30      78          1          1 
      30      79          0          0 
      30      80          0          0 
      30      81          0          0 
      30      82          0          0 
      30      83          1          1 
      30      84          0          0 
      30      85          0          0 
      30      86          0          0 
      30      87          0          0 
      30      88          0          0 
      30      89          0          0 
      30      90          0          0 
      30      91          0          0 
      30      92          0          0 
      30      93          0          0 
      30      94          0          0 
      30      95          0          0 
      30      96          0          0 
      30      97          0          0 
      30      98          0          0 
      30      99          0          0 
      30     100          1          0 
      30     101          0          0 
      30     102          0          0 
      30     103          0          0 
      30     104          0          0 
      30     105          0          0 
      30     106          0          0 
      30     107          0          0 
      30     108          0          0 
      30     109          0          0 
      30     110          0          0 
      30     111          0          0 
      30     112          0          0 
      30     113          0          0 
      30     114          0          0 
      30     115          1          0 
      30     116          0          0 
      30     117          1          1 
      30     118          0          0 
      30     119          0          0 
      30     120          0          0 
      30     121          0          0 
      30     122          1          1 
      30     123          0          0 
      30     124          0          0 
      30     125          0          0 
      30     126          0          0 
      30     127          0          0 
      30     128          0          0 
      30     129          0          0 
      30     130          0          0 
      30     131          0          0 
      30     132          0          0 
      30     133          0          0 
      30     134          0          0 
      30     135          0          0 
      30     136          0          0 
      30     137          0          0 
      30     138          0          0 
      30     139          0          0 
      30     140          0          0 
      30     141          0          0 
      30     142          0          0 
      30     143          0          0 
      30     144          0          0 
      31       1          1          0 
      31       2          8          1 
      31       3          1          0 
      31       4          0          0 
      31       5          1          0 
      31       6          1          0 
      31       7          2          0 
      31       8          0          0 
      31       9          2          0 
      31      10          9          1 
      31      11          1          0 
      31      12          0          0 
      31      13          1          0 
      31      14          0          0 
      31      15          1          0 
      31      16          0          0 
      31      17          0          0 
      31      18          0          0 
      31      19          0          0 
      31      20          0          0 
      31      21          0          0 
      31      22          0          0 
      31      23          0          0 
      31      24          0          0 
      31      25          1          0 
      31      26          7          1 
      31      27          7          1 
      31      28          9          1 
      31      29          1          0 
      31      30          8          1 
      31      31         26          5 
      31      32          3          0 
      31      33          1          1 
      31      34          1          0 
      31      35          1          0 
      31      36          0          0 
      31      37          2          0 
      31      38          1          1 
      31      39          0          0 
      31      40          0          0 
      31      41          1          1 
      31      42          1          1 
      31      43          1          0 
      31      44          0          0 
      31      45          1          0 
      31      46          1          1 
      31      47          0          0 
      31      48          0          0 
      31      49          0          0 
      31      50          0          0 
      31      51          1          1 
      31      52          0          0 
      31      53          0          0 
      31      54          0          0 
      31      55          0          0 
      31      56          0          0 
      31      57          0          0 
      31      58          0          0 
      31      59          0          0 
      31      60          0          0 
      31      61          2          0 
      31      62          0          0 
      31      63          2          0 
      31      64          0          0 
      31      65          0          0 
      31      66          0          0 
      31      67          0          0 
      31      68          0          0 
      31      69          0          0 
      31      70          0          0 
      31      71          0          0 
      31      72          0          0 
      31      73          0          0 
      31      74          0          0 
      31      75          0          0 
      31      76          1          0 
      31      77          0          0 
      31      78          1          0 
      31      79          1          1 
      31      80          0          0 
      31      81          0          0 
      31      82          0          0 
      31      83          0          0 
      31      84          1          1 
      31      85          0          0 
      31      86          0          0 
      31      87          0          0 
      31      88          0          0 
      31      89          0          0 
      31      90          0          0 
      31      91          0          0 
      31      92          0          0 
      31      93          0          0 
      31      94          0          0 
      31      95          0          0 
      31      96          0          0 
      31      97          0          0 
      31      98          0          0 
      31      99          0          0 
      31     100          1          0 
      31     101          0          0 
      31     102          0          0 
      31     103          0          0 
      31     104          0          0 
      31     105          0          0 
      31     106          0          0 
      31     107          0          0 
      31     108          0          0 
      31     109          0          0 
      31     110          0          0 
      31     111          0          0 
      31     112          0          0 
      31     113          0          0 
      31     114          0          0 
      31     115          1          0 
      31     116          0          0 
      31     117          1          0 
      31     118          1          1 
      31     119          0          0 
      31     120          0          0 
      31     121          0          0 
      31     122          0          0 
      31     123          1          1 
      31     124          0          0 
      31     125          0          0 
      31     126          0          0 
      31     127          0          0 
      31     128          0          0 
      31     129          0          0 
      31     130          0          0 
      31     131          0          0 
      31     132          0          0 
      31     133          0          0 
      31     134          0          0 
      31     135          0          0 
      31     136          0          0 
      31     137          0          0 
      31     138          0          0 
      31     139          0          0 
      31     140          0          0 
      31     141          0          0 
      31     142          0          0 
      31     143          0          0 
      31     144          0          0 
      32       1          2          0 
      32       2          8          1 
      32       3          8          1 
      32       4          0          0 
      32       5          1          0 
      32       6          0          0 
      32       7          2          0 
      32       8          2          0 
      32       9          2          0 
      32      10          1          0 
      32      11          9          1 
      32      12          0          0 
      32      13          1          0 
      32      14          1          0 
      32      15          2          0 
      32      16          0          0 
      32      17          0          0 
      32      18          0          0 
      32      19          0          0 
      32      20          0          0 
      32      21          0          0 
      32      22          0          0 
      32      23          0          0 
      32      24          0          0 
      32      25          1          0 
      32      26          7          1 
      32      27          1          0 
      32      28          9          1 
      32      29          9          1 
      32      30          8          1 
      32      31          0          0 
      32      32         26          5 
      32      33          1          1 
      32      34          1          0 
      32      35          0          0 
      32      36          0          0 
      32      37          1          0 
      32      38          0          0 
      32      39          1          1 
      32      40          0          0 
      32      41          0          0 
      32      42          1          1 
      32      43          1          0 
      32      44          1          0 
      32      45          2          0 
      32      46          0          0 
      32      47          1          1 
      32      48          0          0 
      32      49          0          0 
      32      50          1          1 
      32      51          1          1 
      32      52          0          0 
      32      53          0          0 
      32      54          0          0 
      32      55          0          0 
      32      56          0          0 
      32      57          0          0 
      32      58          0          0 
      32      59          0          0 
      32      60          0          0 
      32      61          2          0 
      32      62          2          0 
      32      63          4          0 
      32      64          0          0 
      32      65          0          0 
      32      66          0          0 
      32      67          0          0 
      32      68          0          0 
      32      69          0          0 
      32      70          0          0 
      32      71          0          0 
      32      72          0          0 
      32      73          0          0 
      32      74          0          0 
      32      75          0          0 
      32      76          1          0 
      32      77          1          0 
      32      78          2          0 
      32      79          0          0 
      32      80          1          1 
      32      81          0          0 
      32      82          0          0 
      32      83          1          1 
      32      84          1          1 
      32      85          0          0 
      32      86          0          0 
      32      87          0          0 
      32      88          0          0 
      32      89          0          0 
      32      90          0          0 
      32      91          0          0 
      32      92          0          0 
      32      93          0          0 
      32      94          0          0 
      32      95          0          0 
      32      96          0          0 
      32      97          0          0 
      32      98          0          0 
      32      99          0          0 
      32     100          1          0 
      32     101          1          0 
      32     102          0          0 
      32     103          0          0 
      32     104          0          0 
      32     105          0          0 
      32     106          0          0 
      32     107          0          0 
      32     108          0          0 
      32     109          0          0 
      32     110          0          0 
      32     111          0          0 
      32     112          0          0 
      32     113          0          0 
      32     114          0          0 
      32     115          1          0 
      32     116          1          0 
      32     117          2          0 
      32     118          0          0 
      32     119          1          1 
      32     120          0          0 
      32     121          0          0 
      32     122          1          1 
      32     123          1          1 
      32     124          0          0 
      32     125          0          0 
      32     126          0          0 
      32     127          0          0 
      32     128          0          0 
      32     129          0          0 
      32     130          0          0 
      32     131          0          0 
      32     132          0          0 
      32     133          0          0 
      32     134          0          0 
      32     135          0          0 
      32     136          0          0 
      32     137          0          0 
      32     138          0          0 
      32     139          0          0 
      32     140          0          0 
      32     141          0          0 
      32     142          0          0 
      32     143          0          0 
      32     144          0          0 
      33       1          1          0 
      33       2          1          0 
      33       3          7          1 
      33       4          0          0 
      33       5          0          0 
      33       6          1          0 
      33       7          0          0 
      33       8          2          0 
      33       9          0          0 
      33      10          1          0 
      33      11          2          0 
      33      12          7          1 
      33      13          0          0 
      33      14          1          0 
      33      15          1          0 
      33      16          0          0 
      33      17          0          0 
      33      18          0          0 
      33      19          0          0 
      33      20          0          0 
      33      21          0          0 
      33      22          0          0 
      33      23          0          0 
      33      24          0          0 
      33      25          1          0 
      33      26          1          0 
      33      27          6          1 
      33      28          1          0 
      33      29          8          1 
      33      30          1          0 
      33      31          6          1 
      33      32          8          1 
      33      33         18          4 
      33      34          0          0 
      33      35          1          0 
      33      36          1          0 
      33      37          0          0 
      33      38          2          0 
      33      39          2          0 
      33      40          1          1 
      33      41          1          0 
      33      42          1          1 
      33      43          0          0 
      33      44          1          0 
      33      45          0          0 
      33      46          2          0 
      33      47          2          0 
      33      48          1          1 
      33      49          1          0 
      33      50          1          0 
      33      51          1          1 
      33      52          0          0 
      33      53          0          0 
      33      54          0          0 
      33      55          0          0 
      33      56          0          0 
      33      57          0          0 
      33      58          0          0 
      33      59          0          0 
      33      60          0          0 
      33      61          0          0 
      33      62          2          0 
      33      63          2          0 
      33      64          0          0 
      33      65          0          0 
      33      66          0          0 
      33      67          0          0 
      33      68          0          0 
      33      69          0          0 
      33      70          0          0 
      33      71          0          0 
      33      72          0          0 
      33      73          0          0 
      33      74          0          0 
      33      75          0          0 
      33      76          0          0 
      33      77          1          0 
      33      78          0          0 
      33      79          2          0 
      33      80          2          0 
      33      81          1          1 
      33      82          1          0 
      33      83          1          0 
      33      84          1          1 
      33      85          0          0 
      33      86          0          0 
      33      87          0          0 
      33      88          0          0 
      33      89          0          0 
      33      90          0          0 
      33      91          0          0 
      33      92          0          0 
      33      93          0          0 
      33      94          0          0 
      33      95          0          0 
      33      96          0          0 
      33      97          0          0 
      33      98          0          0 
      33      99          0          0 
      33     100          0          0 
      33     101          1          0 
      33     102          1          0 
      33     103          0          0 
      33     104          0          0 
      33     105          0          0 
      33     106          0          0 
      33     107          0          0 
      33     108          0          0 
      33     109          0          0 
      33     110          0          0 
      33     111          0          0 
      33     112          0          0 
      33     113          0          0 
      33     114          0          0 
      33     115          0          0 
      33     116          1          0 
      33     117          0          0 
      33     118          2          0 
      33     119          2          0 
      33     120          1          1 
      33     121          1          0 
      33     122          1          0 
      33     123          1          1 
      33     124          0          0 
      33     125          0          0 
      33     126          0          0 
      33     127          0          0 
      33     128          0          0 
      33     129          0          0 
      33     130          0          0 
      33     131          0          0 
      33     132          0          0 
      33     133          0          0 
      33     134          0          0 
      33     135          0          0 
      33     136          0          0 
      33     137          0          0 
      33     138          0          0 
      33     139          0          0 
      33     140          0          0 
      33     141          0          0 
      33     142          0          0 
      33     143          0          0 
      33     144          0          0 
      34       1          2          0 
      34       2          0          0 
      34       3          0          0 
      34       4          8          1 
      34       5          9          1 
      34       6          0          0 
      34       7          1          0 
      34       8          0          0 
      34       9          0          0 
      34      10          0          0 
      34      11          0          0 
      34      12          0          0 
      34      13          0          0 
      34      14          0          0 
      34      15          0          0 
      34      16          1          0 
      34      17          0          0 
      34      18          0          0 
      34      19          0          0 
      34      20          0          0 
      34      21          0          0 
      34      22          0          0 
      34      23          0          0 
      34      24          0          0 
      34      25          8          1 
      34      26          9          1 
      34      27          0          0 
      34      28          1          0 
      34      29          0          0 
      34      30          0          0 
      34      31          0          0 
      34      32          0          0 
      34      33          0          0 
      34      34         26          5 
      34      35          1          1 
      34      36          1          1 
      34      37          1          1 
      34      38          1          1 
      34      39          1          1 
      34      40          0          0 
      34      41          0          0 
      34      42          0          0 
      34      43          3          0 
      34      44          0          0 
      34      45          0          0 
      34      46          0          0 
      34      47          0          0 
      34      48          0          0 
      34      49          0          0 
      34      50          0          0 
      34      51          0          0 
      34      52          1          1 
      34      53          1          1 
      34      54          1          1 
      34      55          0          0 
      34      56          0          0 
      34      57          0          0 
      34      58          0          0 
      34      59          0          0 
      34      60          0          0 
      34      61          0          0 
      34      62          0          0 
      34      63          0          0 
      34      64          2          0 
      34      65          0          0 
      34      66          0          0 
      34      67          0          0 
      34      68          0          0 
      34      69          0          0 
      34      70          0          0 
      34      71          0          0 
      34      72          0          0 
      34      73          0          0 
      34      74          0          0 
      34      75          0          0 
      34      76          0          0 
      34      77          0          0 
      34      78          0          0 
      34      79          0          0 
      34      80          0          0 
      34      81          0          0 
      34      82          0          0 
      34      83          0          0 
      34      84          0          0 
      34      85          1          1 
      34      86          1          1 
      34      87          1          1 
      34      88          0          0 
      34      89          0          0 
      34      90          0          0 
      34      91          0          0 
      34      92          0          0 
      34      93          0          0 
      34      94          0          0 
      34      95          0          0 
      34      96          0          0 
      34      97          0          0 
      34      98          0          0 
      34      99          0          0 
      34     100          0          0 
      34     101          0          0 
      34     102          0          0 
      34     103          0          0 
      34     104          0          0 
      34     105          0          0 
      34     106          0          0 
      34     107          0          0 
      34     108          0          0 
      34     109          0          0 
      34     110          0          0 
      34     111          0          0 
      34     112          0          0 
      34     113          0          0 
      34     114          0          0 
      34     115          0          0 
      34     116          0          0 
      34     117          0          0 
      34     118          0          0 
      34     119          0          0 
      34     120          0          0 
      34     121          0          0 
      34     122          0          0 
      34     123          0          0 
      34     124          1          1 
      34     125          1          1 
      34     126          1          1 
      34     127          0          0 
      34     128          0          0 
      34     129          0          0 
      34     130          0          0 
      34     131          0          0 
      34     132          0          0 
      34     133          0          0 
      34     134          0          0 
      34     135          0          0 
      34     136          0          0 
      34     137          0          0 
      34     138          0          0 
      34     139          0          0 
      34     140          0          0 
      34     141          0          0 
      34     142          0          0 
      34     143          0          0 
      34     144          0          0 
      35       1          2          0 
      35       2          0          0 
      35       3          0          0 
      35       4          8          1 
      35       5          2          0 
      35       6          9          1 
      35       7          1          0 
      35       8          1          0 
      35       9          0          0 
      35      10          0          0 
      35      11          0          0 
      35      12          0          0 
      35      13          0          0 
      35      14          0          0 
      35      15          0          0 
      35      16          1          0 
      35      17          1          0 
      35      18          0          0 
      35      19          0          0 
      35      20          0          0 
      35      21          0          0 
      35      22          0          0 
      35      23          0          0 
      35      24          0          0 
      35      25          8          1 
      35      26          2          0 
      35      27          9          1 
      35      28          1          0 
      35      29          1          0 
      35      30          0          0 
      35      31          0          0 
      35      32          0          0 
      35      33          0          0 
      35      34          9          1 
      35      35         26          5 
      35      36          1          1 
      35      37          1          0 
      35      38          1          1 
      35      39          0          0 
      35      40          1          1 
      35      41          0          0 
      35      42          0          0 
      35      43          3          0 
      35      44          3          0 
      35      45          0          0 
      35      46          0          0 
      35      47          0          0 
      35      48          0          0 
      35      49          0          0 
      35      50          0          0 
      35      51          0          0 
      35      52          1          0 
      35      53          1          1 
      35      54          0          0 
      35      55          1          1 
      35      56          0          0 
      35      57          0          0 
      35      58          0          0 
      35      59          0          0 
      35      60          0          0 
      35      61          0          0 
      35      62          0          0 
      35      63          0          0 
      35      64          2          0 
      35      65          2          0 
      35      66          0          0 
      35      67          0          0 
      35      68          0          0 
      35      69          0          0 
      35      70          0          0 
      35      71          0          0 
      35      72          0          0 
      35      73          0          0 
      35      74          0          0 
      35      75          0          0 
      35      76          1          0 
      35      77          0          0 
      35      78          0          0 
      35      79          0          0 
      35      80          0          0 
      35      81          0          0 
      35      82          0          0 
      35      83          0          0 
      35      84          0          0 
      35      85          1          0 
      35      86          1          1 
      35      87          0          0 
      35      88          1          1 
      35      89          0          0 
      35      90          0          0 
      35      91          0          0 
      35      92          0          0 
      35      93          0          0 
      35      94          0          0 
      35      95          0          0 
      35      96          0          0 
      35      97          0          0 
      35      98          0          0 
      35      99          0          0 
      35     100          0          0 
      35     101          0          0 
      35     102          0          0 
      35     103          1          0 
      35     104          0          0 
      35     105          0          0 
      35     106          0          0 
      35     107          0          0 
      35     108          0          0 
      35     109          0          0 
      35     110          0          0 
      35     111          0          0 
      35     112          0          0 
      35     113          0          0 
      35     114          0          0 
      35     115          1          0 
      35     116          0          0 
      35     117          0          0 
      35     118          0          0 
      35     119          0          0 
      35     120          0          0 
      35     121          0          0 
      35     122          0          0 
      35     123          0          0 
      35     124          1          0 
      35     125          1          1 
      35     126          0          0 
      35     127          1          1 
      35     128          0          0 
      35     129          0          0 
      35     130          0          0 
      35     131          0          0 
      35     132          0          0 
      35     133          0          0 
      35     134          0          0 
      35     135          0          0 
      35     136          0          0 
      35     137          0          0 
      35     138          0          0 
      35     139          0          0 
      35     140          0          0 
      35     141          0          0 
      35     142          0          0 
      35     143          0          0 
      35     144          0          0 
      36       1          2          0 
      36       2          0          0 
      36       3          0          0 
      36       4          2          0 
      36       5          9          1 
      36       6          9          1 
      36       7          0          0 
      36       8          0          0 
      36       9          1          0 
      36      10          2          0 
      36      11          1          0 
      36      12          0          0 
      36      13          0          0 
      36      14          0          0 
      36      15          0          0 
      36      16          0          0 
      36      17          0          0 
      36      18          1          0 
      36      19          2          0 
      36      20          1          0 
      36      21          0          0 
      36      22          0          0 
      36      23          0          0 
      36      24          0          0 
      36      25          2          0 
      36      26          9          1 
      36      27          9          1 
      36      28          0          0 
      36      29          0          0 
      36      30          1          0 
      36      31          2          0 
      36      32          1          0 
      36      33          0          0 
      36      34          9          1 
      36      35          9          1 
      36      36         36          6 
      36      37          4          0 
      36      38          8          0 
      36      39          4          0 
      36      40          0          0 
      36      41          1          1 
      36      42          1          1 
      36      43          0          0 
      36      44          0          0 
      36      45          3          0 
      36      46          6          0 
      36      47          3          0 
      36      48          0          0 
      36      49          0          0 
      36      50          0          0 
      36      51          0          0 
      36      52          1          0 
      36      53          0          0 
      36      54          0          0 
      36      55          0          0 
      36      56          1          1 
      36      57          1          1 
      36      58          0          0 
      36      59          0          0 
      36      60          0          0 
      36      61          0          0 
      36      62          0          0 
      36      63          0          0 
      36      64          0          0 
      36      65          0          0 
      36      66          2          0 
      36      67          4          0 
      36      68          2          0 
      36      69          0          0 
      36      70          0          0 
      36      71          0          0 
      36      72          0          0 
      36      73          0          0 
      36      74          0          0 
      36      75          0          0 
      36      76          0          0 
      36      77          0          0 
      36      78          1          0 
      36      79          0          0 
      36      80          0          0 
      36      81          0          0 
      36      82          0          0 
      36      83          0          0 
      36      84          0          0 
      36      85          1          0 
      36      86          0          0 
      36      87          0          0 
      36      88          0          0 
      36      89          1          1 
      36      90          1          1 
      36      91          0          0 
      36      92          0          0 
      36      93          0          0 
      36      94          0          0 
      36      95          0          0 
      36      96          0          0 
      36      97          0          0 
      36      98          0          0 
      36      99          0          0 
      36     100          0          0 
      36     101          0          0 
      36     102          0          0 
      36     103          0          0 
      36     104          0          0 
      36     105          1          0 
      36     106          0          0 
      36     107          0          0 
      36     108          0          0 
      36     109          0          0 
      36     110          0          0 
      36     111          0          0 
      36     112          0          0 
      36     113          0          0 
      36     114          0          0 
      36     115          0          0 
      36     116          0          0 
      36     117          1          0 
      36     118          0          0 
      36     119          0          0 
      36     120          0          0 
      36     121          0          0 
      36     122          0          0 
      36     123          0          0 
      36     124          1          0 
      36     125          0          0 
      36     126          0          0 
      36     127          0          0 
      36     128          1          1 
      36     129          1          1 
      36     130          0          0 
      36     131          0          0 
      36     132          0          0 
      36     133          0          0 
      36     134          0          0 
      36     135          0          0 
      36     136          0          0 
      36     137          0          0 
      36     138          0          0 
      36     139          0          0 
      36     140          0          0 
      36     141          0          0 
      36     142          0          0 
      36     143          0          0 
      36     144          0          0 
      37       1          0          0 
      37       2          2          0 
      37       3          0          0 
      37       4          1          0 
      37       5          9          1 
      37       6          0          0 
      37       7          8          1 
      37       8          0          0 
      37       9          8          1 
      37      10          0          0 
      37      11          0          0 
      37      12          0          0 
      37      13          0          0 
      37      14          0          0 
      37      15          0          0 
      37      16          1          0 
      37      17          0          0 
      37      18          1          0 
      37      19          0          0 
      37      20          0          0 
      37      21          0          0 
      37      22          0          0 
      37      23          0          0 
      37      24          0          0 
      37      25          1          0 
      37      26          9          1 
      37      27          0          0 
      37      28          8          1 
      37      29          0          0 
      37      30          8          1 
      37      31          0          0 
      37      32          0          0 
      37      33          0          0 
      37      34          9          1 
      37      35          0          0 
      37      36          0          0 
      37      37         26          5 
      37      38          1          1 
      37      39          1          1 
      37      40          0          0 
      37      41          1          1 
      37      42          0          0 
      37      43          3          0 
      37      44          0          0 
      37      45          3          0 
      37      46          0          0 
      37      47          0          0 
      37      48          0          0 
      37      49          0          0 
      37      50          0          0 
      37      51          0          0 
      37      52          1          1 
      37      53          0          0 
      37      54          0          0 
      37      55          0          0 
      37      56          1          1 
      37      57          0          0 
      37      58          1          1 
      37      59          0          0 
      37      60          0          0 
      37      61          0          0 
      37      62          0          0 
      37      63          0          0 
      37      64          2          0 
      37      65          0          0 
      37      66          2          0 
      37      67          0          0 
      37      68          0          0 
      37      69          0          0 
      37      70          0          0 
      37      71          0          0 
      37      72          0          0 
      37      73          0          0 
      37      74          0          0 
      37      75          0          0 
      37      76          1          0 
      37      77          0          0 
      37      78          0          0 
      37      79          0          0 
      37      80          0          0 
      37      81          0          0 
      37      82          0          0 
      37      83          0          0 
      37      84          0          0 
      37      85          1          1 
      37      86          0          0 
      37      87          0          0 
      37      88          0          0 
      37      89          1          1 
      37      90          0          0 
      37      91          1          1 
      37      92          0          0 
      37      93          0          0 
      37      94          0          0 
      37      95          0          0 
      37      96          0          0 
      37      97          0          0 
      37      98          0          0 
      37      99          0          0 
      37     100          0          0 
      37     101          0          0 
      37     102          0          0 
      37     103          1          0 
      37     104          0          0 
      37     105          0          0 
      37     106          0          0 
      37     107          0          0 
      37     108          0          0 
      37     109          0          0 
      37     110          0          0 
      37     111          0          0 
      37     112          0          0 
      37     113          0          0 
      37     114          0          0 
      37     115          1          0 
      37     116          0          0 
      37     117          0          0 
      37     118          0          0 
      37     119          0          0 
      37     120          0          0 
      37     121          0          0 
      37     122          0          0 
      37     123          0          0 
      37     124          1          1 
      37     125          0          0 
      37     126          0          0 
      37     127          0          0 
      37     128          1          1 
      37     129          0          0 
      37     130          1          1 
      37     131          0          0 
      37     132          0          0 
      37     133          0          0 
      37     134          0          0 
      37     135          0          0 
      37     136          0          0 
      37     137          0          0 
      37     138          0          0 
      37     139          0          0 
      37     140          0          0 
      37     141          0          0 
      37     142          0          0 
      37     143          0          0 
      37     144          0          0 
      38       1          2          0 
      38       2          2          0 
      38       3          0          0 
      38       4          2          0 
      38       5         10          1 
      38       6         10          1 
      38       7          9          1 
      38       8          1          0 
      38       9          2          0 
      38      10         10          1 
      38      11          1          0 
      38      12          0          0 
      38      13          0          0 
      38      14          0          0 
      38      15          0          0 
      38      16          1          0 
      38      17          0          0 
      38      18          1          0 
      38      19          3          0 
      38      20          1          0 
      38      21          0          0 
      38      22          1          0 
      38      23          0          0 
      38      24          0          0 
      38      25          2          0 
      38      26         10          1 
      38      27         10          1 
      38      28          9          1 
      38      29          1          0 
      38      30          2          0 
      38      31         10          1 
      38      32          1          0 
      38      33          0          0 
      38      34         10          1 
      38      35         10          1 
      38      36          0          0 
      38      37         10          1 
      38      38         36          6 
      38      39          5          0 
      38      40          1          1 
      38      41          1          1 
      38      42          1          1 
      38      43          3          0 
      38      44          0          0 
      38      45          3          0 
      38      46          9          0 
      38      47          3          0 
      38      48          0          0 
      38      49          3          0 
      38      50          0          0 
      38      51          0          0 
      38      52          2          0 
      38      53          1          1 
      38      54          0          0 
      38      55          0          0 
      38      56          1          1 
      38      57          1          1 
      38      58          0          0 
      38      59          1          1 
      38      60          0          0 
      38      61          0          0 
      38      62          0          0 
      38      63          0          0 
      38      64          2          0 
      38      65          0          0 
      38      66          2          0 
      38      67          6          0 
      38      68          2          0 
      38      69          0          0 
      38      70          2          0 
      38      71          0          0 
      38      72          0          0 
      38      73          0          0 
      38      74          0          0 
      38      75          0          0 
      38      76          1          0 
      38      77          0          0 
      38      78          1          0 
      38      79          0          0 
      38      80          0          0 
      38      81          0          0 
      38      82          0          0 
      38      83          0          0 
      38      84          0          0 
      38      85          2          0 
      38      86          1          1 
      38      87          0          0 
      38      88          0          0 
      38      89          1          1 
      38      90          1          1 
      38      91          0          0 
      38      92          1          1 
      38      93          0          0 
      38      94          0          0 
      38      95          0          0 
      38      96          0          0 
      38      97          0          0 
      38      98          0          0 
      38      99          0          0 
      38     100          0          0 
      38     101          0          0 
      38     102          0          0 
      38     103          1          0 
      38     104          0          0 
      38     105          1          0 
      38     106          0          0 
      38     107          0          0 
      38     108          0          0 
      38     109          0          0 
      38     110          0          0 
      38     111          0          0 
      38     112          0          0 
      38     113          0          0 
      38     114          0          0 
      38     115          1          0 
      38     116          0          0 
      38     117          1          0 
      38     118          0          0 
      38     119          0          0 
      38     120          0          0 
      38     121          0          0 
      38     122          0          0 
      38     123          0          0 
      38     124          2          0 
      38     125          1          1 
      38     126          0          0 
      38     127          0          0 
      38     128          1          1 
      38     129          1          1 
      38     130          0          0 
      38     131          1          1 
      38     132          0          0 
      38     133          0          0 
      38     134          0          0 
      38     135          0          0 
      38     136          0          0 
      38     137          0          0 
      38     138          0          0 
      38     139          0          0 
      38     140          0          0 
      38     141          0          0 
      38     142          0          0 
      38     143          0          0 
      38     144          0          0 
      39       1          2          0 
      39       2          2          0 
      39       3          2          0 
      39       4          1          0 
      39       5         10          1 
      39       6          1          0 
      39       7          9          1 
      39       8          9          1 
      39       9          1          0 
      39      10          1          0 
      39      11          9          1 
      39      12          0          0 
      39      13          0          0 
      39      14          0          0 
      39      15          0          0 
      39      16          1          0 
      39      17          1          0 
      39      18          1          0 
      39      19          1          0 
      39      20          3          0 
      39      21          0          0 
      39      22          2          0 
      39      23          0          0 
      39      24          0          0 
      39      25          1          0 
      39      26         10          1 
      39      27          1          0 
      39      28          9          1 
      39      29          9          1 
      39      30          1          0 
      39      31          1          0 
      39      32          9          1 
      39      33          0          0 
      39      34         10          1 
      39      35          1          0 
      39      36          0          0 
      39      37         10          1 
      39      38          0          0 
      39      39         36          6 
      39      40          1          1 
      39      41          0          0 
      39      42          1          1 
      39      43          3          0 
      39      44          3          0 
      39      45          3          0 
      39      46          3          0 
      39      47          9          0 
      39      48          0          0 
      39      49          6          0 
      39      50          0          0 
      39      51          0          0 
      39      52          2          0 
      39      53          0          0 
      39      54          1          1 
      39      55          0          0 
      39      56          0          0 
      39      57          1          1 
      39      58          1          1 
      39      59          1          1 
      39      60          0          0 
      39      61          0          0 
      39      62          0          0 
      39      63          0          0 
      39      64          2          0 
      39      65          2          0 
      39      66          2          0 
      39      67          2          0 
      39      68          6          0 
      39      69          0          0 
      39      70          4          0 
      39      71          0          0 
      39      72          0          0 
      39      73          0          0 
      39      74          0          0 
      39      75          0          0 
      39      76          1          0 
      39      77          1          0 
      39      78          1          0 
      39      79          0          0 
      39      80          0          0 
      39      81          0          0 
      39      82          0          0 
      39      83          0          0 
      39      84          0          0 
      39      85          2          0 
      39      86          0          0 
      39      87          1          1 
      39      88          0          0 
      39      89          0          0 
      39      90          1          1 
      39      91          1          1 
      39      92          1          1 
      39      93          0          0 
      39      94          0          0 
      39      95          0          0 
      39      96          0          0 
      39      97          0          0 
      39      98          0          0 
      39      99          0          0 
      39     100          0          0 
      39     101          0          0 
      39     102          0          0 
      39     103          1          0 
      39     104          1          0 
      39     105          1          0 
      39     106          0          0 
      39     107          0          0 
      39     108          0          0 
      39     109          0          0 
      39     110          0          0 
      39     111          0          0 
      39     112          0          0 
      39     113          0          0 
      39     114          0          0 
      39     115          1          0 
      39     116          1          0 
      39     117          1          0 
      39     118          0          0 
      39     119          0          0 
      39     120          0          0 
      39     121          0          0 
      39     122          0          0 
      39     123          0          0 
      39     124          2          0 
      39     125          0          0 
      39     126          1          1 
      39     127          0          0 
      39     128          0          0 
      39     129          1          1 
      39     130          1          1 
      39     131          1          1 
      39     132          0          0 
      39     133          0          0 
      39     134          0          0 
      39     135          0          0 
      39     136          0          0 
      39     137          0          0 
      39     138          0          0 
      39     139          0          0 
      39     140          0          0 
      39     141          0          0 
      39     142          0          0 
      39     143          0          0 
      39     144          0          0 
      40       1          0          0 
      40       2          0          0 
      40       3          2          0 
      40       4          1          0 
      40       5          1          0 
      40       6          9          1 
      40       7          1          0 
      40       8          8          1 
      40       9          0          0 
      40      10          2          0 
      40      11          2          0 
      40      12          8          1 
      40      13          0          0 
      40      14          0          0 
      40      15          0          0 
      40      16          0          0 
      40      17          1          0 
      40      18          0          0 
      40      19          1          0 
      40      20          1          0 
      40      21          1          0 
      40      22          1          0 
      40      23          0          0 
      40      24          0          0 
      40      25          1          0 
      40      26          1          0 
      40      27          9          1 
      40      28          1          0 
      40      29          8          1 
      40      30          0          0 
      40      31          2          0 
      40      32          2          0 
      40      33          8          1 
      40      34          1          0 
      40      35          9          1 
      40      36          4          0 
      40      37          1          0 
      40      38         10          1 
      40      39          9          1 
      40      40         26          5 
      40      41          1          0 
      40      42          1          1 
      40      43          0          0 
      40      44          3          0 
      40      45          0          0 
      40      46          3          0 
      40      47          3          0 
      40      48          3          0 
      40      49          3          0 
      40      50          0          0 
      40      51          0          0 
      40      52          0          0 
      40      53          2          0 
      40      54          1          0 
      40      55          1          1 
      40      56          1          0 
      40      57          1          1 
      40      58          1          0 
      40      59          1          1 
      40      60          0          0 
      40      61          0          0 
      40      62          0          0 
      40      63          0          0 
      40      64          0          0 
      40      65          2          0 
      40      66          0          0 
      40      67          2          0 
      40      68          2          0 
      40      69          2          0 
      40      70          2          0 
      40      71          0          0 
      40      72          0          0 
      40      73          0          0 
      40      74          0          0 
      40      75          0          0 
      40      76          0          0 
      40      77          1          0 
      40      78          0          0 
      40      79          1          0 
      40      80          1          0 
      40      81          0          0 
      40      82          1          0 
      40      83          0          0 
      40      84          0          0 
      40      85          0          0 
      40      86          2          0 
      40      87          1          0 
      40      88          1          1 
      40      89          1          0 
      40      90          1          1 
      40      91          1          0 
      40      92          1          1 
      40      93          0          0 
      40      94          0          0 
      40      95          0          0 
      40      96          0          0 
      40      97          0          0 
      40      98          0          0 
      40      99          0          0 
      40     100          0          0 
      40     101          0          0 
      40     102          0          0 
      40     103          0          0 
      40     104          1          0 
      40     105          0          0 
      40     106          1          0 
      40     107          1          0 
      40     108          0          0 
      40     109          1          0 
      40     110          0          0 
      40     111          0          0 
      40     112          0          0 
      40     113          0          0 
      40     114          0          0 
      40     115          0          0 
      40     116          1          0 
      40     117          0          0 
      40     118          1          0 
      40     119          1          0 
      40     120          0          0 
      40     121          1          0 
      40     122          0          0 
      40     123          0          0 
      40     124          0          0 
      40     125          2          0 
      40     126          1          0 
      40     127          1          1 
      40     128          1          0 
      40     129          1          1 
      40     130          1          0 
      40     131          1          1 
      40     132          0          0 
      40     133          0          0 
      40     134          0          0 
      40     135          0          0 
      40     136          0          0 
      40     137          0          0 
      40     138          0          0 
      40     139          0          0 
      40     140          0          0 
      40     141          0          0 
      40     142          0          0 
      40     143          0          0 
      40     144          0          0 
      41       1          0          0 
      41       2          2          0 
      41       3          0          0 
      41       4          0          0 
      41       5          2          0 
      41       6          1          0 
      41       7          2          0 
      41       8          0          0 
      41       9          8          1 
      41      10          9          1 
      41      11          1          0 
      41      12          0          0 
      41      13          0          0 
      41      14          0          0 
      41      15          0          0 
      41      16          0          0 
      41      17          0          0 
      41      18          1          0 
      41      19          1          0 
      41      20          0          0 
      41      21          0          0 
      41      22          0          0 
      41      23          1          0 
      41      24          0          0 
      41      25          0          0 
      41      26          2          0 
      41      27          1          0 
      41      28          2          0 
      41      29          0          0 
      41      30          8          1 
      41      31          9          1 
      41      32          1          0 
      41      33          0          0 
      41      34          1          0 
      41      35          1          0 
      41      36          7          1 
      41      37          9          1 
      41      38         10          1 
      41      39          1          0 
      41      40          0          0 
      41      41         26          5 
      41      42          1          1 
      41      43          0          0 
      41      44          0          0 
      41      45          3          0 
      41      46          3          0 
      41      47          0          0 
      41      48          0          0 
      41      49          0          0 
      41      50          3          0 
      41      51          0          0 
      41      52          1          0 
      41      53          1          0 
      41      54          0          0 
      41      55          0          0 
      41      56          1          1 
      41      57          0          0 
      41      58          0          0 
      41      59          0          0 
      41      60          1          1 
      41      61          0          0 
      41      62          0          0 
      41      63          0          0 
      41      64          0          0 
      41      65          0          0 
      41      66          2          0 
      41      67          2          0 
      41      68          0          0 
      41      69          0          0 
      41      70          0          0 
      41      71          2          0 
      41      72          0          0 
      41      73          0          0 
      41      74          0          0 
      41      75          0          0 
      41      76          0          0 
      41      77          0          0 
      41      78          1          0 
      41      79          1          0 
      41      80          0          0 
      41      81          0          0 
      41      82          0          0 
      41      83          0          0 
      41      84          0          0 
      41      85          1          0 
      41      86          1          0 
      41      87          0          0 
      41      88          0          0 
      41      89          1          1 
      41      90          0          0 
      41      91          0          0 
      41      92          0          0 
      41      93          1          1 
      41      94          0          0 
      41      95          0          0 
      41      96          0          0 
      41      97          0          0 
      41      98          0          0 
      41      99          0          0 
      41     100          0          0 
      41     101          0          0 
      41     102          0          0 
      41     103          0          0 
      41     104          0          0 
      41     105          1          0 
      41     106          1          0 
      41     107          0          0 
      41     108          0          0 
      41     109          0          0 
      41     110          0          0 
      41     111          0          0 
      41     112          0          0 
      41     113          0          0 
      41     114          0          0 
      41     115          0          0 
      41     116          0          0 
      41     117          1          0 
      41     118          1          0 
      41     119          0          0 
      41     120          0          0 
      41     121          0          0 
      41     122          0          0 
      41     123          0          0 
      41     124          1          0 
      41     125          1          0 
      41     126          0          0 
      41     127          0          0 
      41     128          1          1 
      41     129          0          0 
      41     130          0          0 
      41     131          0          0 
      41     132          1          1 
      41     133          0          0 
      41     134          0          0 
      41     135          0          0 
      41     136          0          0 
      41     137          0          0 
      41     138          0          0 
      41     139          0          0 
      41     140          0          0 
      41     141          0          0 
      41     142          0          0 
      41     143          0          0 
      41     144          0          0 
      42       1          0          0 
      42       2          0          0 
      42       3          2          0 
      42       4          0          0 
      42       5          1          0 
      42       6          2          0 
      42       7          0          0 
      42       8          2          0 
      42       9          1          0 
      42      10          9          1 
      42      11          8          1 
      42      12          8          1 
      42      13          0          0 
      42      14          0          0 
      42      15          0          0 
      42      16          0          0 
      42      17          0          0 
      42      18          0          0 
      42      19          1          0 
      42      20          1          0 
      42      21          1          0 
      42      22          0          0 
      42      23          1          0 
      42      24          1          0 
      42      25          0          0 
      42      26          1          0 
      42      27          2          0 
      42      28          0          0 
      42      29          2          0 
      42      30          1          0 
      42      31          9          1 
      42      32          8          1 
      42      33          8          1 
      42      34          1          0 
      42      35          1          0 
      42      36          7          1 
      42      37          1          0 
      42      38         10          1 
      42      39          9          1 
      42      40          9          1 
      42      41          9          1 
      42      42         26          5 
      42      43          0          0 
      42      44          0          0 
      42      45          0          0 
      42      46          3          0 
      42      47          3          0 
      42      48          3          0 
      42      49          0          0 
      42      50          3          0 
      42      51          3          0 
      42      52          0          0 
      42      53          1          0 
      42      54          1          0 
      42      55          1          0 
      42      56          2          0 
      42      57          1          1 
      42      58          1          0 
      42      59          0          0 
      42      60          1          1 
      42      61          0          0 
      42      62          0          0 
      42      63          0          0 
      42      64          0          0 
      42      65          0          0 
      42      66          0          0 
      42      67          2          0 
      42      68          2          0 
      42      69          2          0 
      42      70          0          0 
      42      71          2          0 
      42      72          2          0 
      42      73          0          0 
      42      74          0          0 
      42      75          0          0 
      42      76          0          0 
      42      77          0          0 
      42      78          0          0 
      42      79          1          0 
      42      80          1          0 
      42      81          1          0 
      42      82          0          0 
      42      83          1          0 
      42      84          0          0 
      42      85          0          0 
      42      86          1          0 
      42      87          1          0 
      42      88          1          0 
      42      89          2          0 
      42      90          1          1 
      42      91          1          0 
      42      92          0          0 
      42      93          1          1 
      42      94          0          0 
      42      95          0          0 
      42      96          0          0 
      42      97          0          0 
      42      98          0          0 
      42      99          0          0 
      42     100          0          0 
      42     101          0          0 
      42     102          0          0 
      42     103          0          0 
      42     104          0          0 
      42     105          0          0 
      42     106          1          0 
      42     107          1          0 
      42     108          1          0 
      42     109          0          0 
      42     110          1          0 
      42     111          0          0 
      42     112          0          0 
      42     113          0          0 
      42     114          0          0 
      42     115          0          0 
      42     116          0          0 
      42     117          0          0 
      42     118          1          0 
      42     119          1          0 
      42     120          1          0 
      42     121          0          0 
      42     122          1          0 
      42     123          0          0 
      42     124          0          0 
      42     125          1          0 
      42     126          1          0 
      42     127          1          0 
      42     128          2          0 
      42     129          1          1 
      42     130          1          0 
      42     131          0          0 
      42     132          1          1 
      42     133          0          0 
      42     134          0          0 
      42     135          0          0 
      42     136          0          0 
      42     137          0          0 
      42     138          0          0 
      42     139          0          0 
      42     140          0          0 
      42     141          0          0 
      42     142          0          0 
      42     143          0          0 
      42     144          0          0 
      43       1          2          0 
      43       2          1          0 
      43       3          0          0 
      43       4          8          1 
      43       5          1          0 
      43       6          0          0 
      43       7          9          1 
      43       8          0          0 
      43       9          0          0 
      43      10          0          0 
      43      11          0          0 
      43      12          0          0 
      43      13          8          1 
      43      14          0          0 
      43      15          0          0 
      43      16          8          1 
      43      17          0          0 
      43      18          0          0 
      43      19          0          0 
      43      20          0          0 
      43      21          0          0 
      43      22          0          0 
      43      23          0          0 
      43      24          0          0 
      43      25          8          1 
      43      26          1          0 
      43      27          0          0 
      43      28          9          1 
      43      29          0          0 
      43      30          0          0 
      43      31          0          0 
      43      32          0          0 
      43      33          0          0 
      43      34          0          0 
      43      35          0          0 
      43      36          0          0 
      43      37          0          0 
      43      38          0          0 
      43      39          0          0 
      43      40          0          0 
      43      41          0          0 
      43      42          0          0 
      43      43         26          5 
      43      44          1          1 
      43      45          1          1 
      43      46          1          1 
      43      47          1          1 
      43      48          0          0 
      43      49          1          1 
      43      50          0          0 
      43      51          0          0 
      43      52          1          1 
      43      53          1          1 
      43      54          1          1 
      43      55          0          0 
      43      56          0          0 
      43      57          0          0 
      43      58          0          0 
      43      59          0          0 
      43      60          0          0 
      43      61          2          0 
      43      62          0          0 
      43      63          0          0 
      43      64          4          0 
      43      65          0          0 
      43      66          0          0 
      43      67          0          0 
      43      68          0          0 
      43      69          0          0 
      43      70          0          0 
      43      71          0          0 
      43      72          0          0 
      43      73          0          0 
      43      74          0          0 
      43      75          0          0 
      43      76          1          1 
      43      77          0          0 
      43      78          0          0 
      43      79          0          0 
      43      80          0          0 
      43      81          0          0 
      43      82          0          0 
      43      83          0          0 
      43      84          0          0 
      43      85          1          1 
      43      86          1          1 
      43      87          1          1 
      43      88          0          0 
      43      89          0          0 
      43      90          0          0 
      43      91          0          0 
      43      92          0          0 
      43      93          0          0 
      43      94          1          1 
      43      95          0          0 
      43      96          0          0 
      43      97          0          0 
      43      98          0          0 
      43      99          0          0 
      43     100          1          0 
      43     101          0          0 
      43     102          0          0 
      43     103          0          0 
      43     104          0          0 
      43     105          0          0 
      43     106          0          0 
      43     107          0          0 
      43     108          0          0 
      43     109          0          0 
      43     110          0          0 
      43     111          0          0 
      43     112          0          0 
      43     113          0          0 
      43     114          0          0 
      43     115          1          1 
      43     116          0          0 
      43     117          0          0 
      43     118          0          0 
      43     119          0          0 
      43     120          0          0 
      43     121          0          0 
      43     122          0          0 
      43     123          0          0 
      43     124          1          1 
      43     125          1          1 
      43     126          1          1 
      43     127          0          0 
      43     128          0          0 
      43     129          0          0 
      43     130          0          0 
      43     131          0          0 
      43     132          0          0 
      43     133          1          1 
      43     134          0          0 
      43     135          0          0 
      43     136          0          0 
      43     137          0          0 
      43     138          0          0 
      43     139          0          0 
      43     140          0          0 
      43     141          0          0 
      43     142          0          0 
      43     143          0          0 
      43     144          0          0 
      44       1          2          0 
      44       2          0          0 
      44       3          1          0 
      44       4          8          1 
      44       5          1          0 
      44       6          1          0 
      44       7          2          0 
      44       8          9          1 
      44       9          0          0 
      44      10          0          0 
      44      11          0          0 
      44      12          0          0 
      44      13          1          0 
      44      14          8          1 
      44      15          0          0 
      44      16          2          0 
      44      17          8          1 
      44      18          0          0 
      44      19          0          0 
      44      20          0          0 
      44      21          0          0 
      44      22          0          0 
      44      23          0          0 
      44      24          0          0 
      44      25          8          1 
      44      26          1          0 
      44      27          1          0 
      44      28          2          0 
      44      29          9          1 
      44      30          0          0 
      44      31          0          0 
      44      32          0          0 
      44      33          0          0 
      44      34          3          0 
      44      35          0          0 
      44      36          0          0 
      44      37          0          0 
      44      38          0          0 
      44      39          0          0 
      44      40          0          0 
      44      41          0          0 
      44      42          0          0 
      44      43          9          1 
      44      44         26          5 
      44      45          1          0 
      44      46          0          0 
      44      47          1          1 
      44      48          1          1 
      44      49          1          1 
      44      50          0          0 
      44      51          0          0 
      44      52          1          0 
      44      53          0          0 
      44      54          1          1 
      44      55          1          1 
      44      56          0          0 
      44      57          0          0 
      44      58          0          0 
      44      59          0          0 
      44      60          0          0 
      44      61          0          0 
      44      62          2          0 
      44      63          0          0 
      44      64          2          0 
      44      65          4          0 
      44      66          0          0 
      44      67          0          0 
      44      68          0          0 
      44      69          0          0 
      44      70          0          0 
      44      71          0          0 
      44      72          0          0 
      44      73          0          0 
      44      74          0          0 
      44      75          0          0 
      44      76          2          0 
      44      77          1          1 
      44      78          0          0 
      44      79          0          0 
      44      80          0          0 
      44      81          0          0 
      44      82          0          0 
      44      83          0          0 
      44      84          0          0 
      44      85          1          0 
      44      86          0          0 
      44      87          1          1 
      44      88          1          1 
      44      89          0          0 
      44      90          0          0 
      44      91          0          0 
      44      92          0          0 
      44      93          0          0 
      44      94          1          1 
      44      95          0          0 
      44      96          0          0 
      44      97          0          0 
      44      98          0          0 
      44      99          0          0 
      44     100          0          0 
      44     101          1          0 
      44     102          0          0 
      44     103          1          0 
      44     104          0          0 
      44     105          0          0 
      44     106          0          0 
      44     107          0          0 
      44     108          0          0 
      44     109          0          0 
      44     110          0          0 
      44     111          0          0 
      44     112          0          0 
      44     113          0          0 
      44     114          0          0 
      44     115          2          0 
      44     116          1          1 
      44     117          0          0 
      44     118          0          0 
      44     119          0          0 
      44     120          0          0 
      44     121          0          0 
      44     122          0          0 
      44     123          0          0 
      44     124          1          0 
      44     125          0          0 
      44     126          1          1 
      44     127          1          1 
      44     128          0          0 
      44     129          0          0 
      44     130          0          0 
      44     131          0          0 
      44     132          0          0 
      44     133          1          1 
      44     134          0          0 
      44     135          0          0 
      44     136          0          0 
      44     137          0          0 
      44     138          0          0 
      44     139          0          0 
      44     140          0          0 
      44     141          0          0 
      44     142          0          0 
      44     143          0          0 
      44     144          0          0 
      45       1          1          0 
      45       2          2          0 
      45       3          0          0 
      45       4          1          0 
      45       5          8          1 
      45       6          0          0 
      45       7          9          1 
      45       8          0          0 
      45       9          8          1 
      45      10          0          0 
      45      11          0          0 
      45      12          0          0 
      45      13          8          1 
      45      14          0          0 
      45      15          0          0 
      45      16          2          0 
      45      17          0          0 
      45      18          8          1 
      45      19          0          0 
      45      20          0          0 
      45      21          0          0 
      45      22          0          0 
      45      23          0          0 
      45      24          0          0 
      45      25          1          0 
      45      26          8          1 
      45      27          0          0 
      45      28          9          1 
      45      29          0          0 
      45      30          8          1 
      45      31          0          0 
      45      32          0          0 
      45      33          0          0 
      45      34          3          0 
      45      35          0          0 
      45      36          0          0 
      45      37          0          0 
      45      38          0          0 
      45      39          0          0 
      45      40          0          0 
      45      41          0          0 
      45      42          0          0 
      45      43          9          1 
      45      44          0          0 
      45      45         26          5 
      45      46          1          1 
      45      47          1          1 
      45      48          0          0 
      45      49          0          0 
      45      50          1          1 
      45      51          0          0 
      45      52          1          1 
      45      53          0          0 
      45      54          0          0 
      45      55          0          0 
      45      56          1          1 
      45      57          0          0 
      45      58          1          1 
      45      59          0          0 
      45      60          0          0 
      45      61          2          0 
      45      62          0          0 
      45      63          0          0 
      45      64          2          0 
      45      65          0          0 
      45      66          4          0 
      45      67          0          0 
      45      68          0          0 
      45      69          0          0 
      45      70          0          0 
      45      71          0          0 
      45      72          0          0 
      45      73          0          0 
      45      74          0          0 
      45      75          0          0 
      45      76          2          0 
      45      77          0          0 
      45      78          1          1 
      45      79          0          0 
      45      80          0          0 
      45      81          0          0 
      45      82          0          0 
      45      83          0          0 
      45      84          0          0 
      45      85          1          1 
      45      86          0          0 
      45      87          0          0 
      45      88          0          0 
      45      89          1          1 
      45      90          0          0 
      45      91          1          1 
      45      92          0          0 
      45      93          0          0 
      45      94          0          0 
      45      95          1          1 
      45      96          0          0 
      45      97          0          0 
      45      98          0          0 
      45      99          0          0 
      45     100          1          0 
      45     101          0          0 
      45     102          0          0 
      45     103          1          0 
      45     104          0          0 
      45     105          0          0 
      45     106          0          0 
      45     107          0          0 
      45     108          0          0 
      45     109          0          0 
      45     110          0          0 
      45     111          0          0 
      45     112          0          0 
      45     113          0          0 
      45     114          0          0 
      45     115          2          0 
      45     116          0          0 
      45     117          1          1 
      45     118          0          0 
      45     119          0          0 
      45     120          0          0 
      45     121          0          0 
      45     122          0          0 
      45     123          0          0 
      45     124          1          1 
      45     125          0          0 
      45     126          0          0 
      45     127          0          0 
      45     128          1          1 
      45     129          0          0 
      45     130          1          1 
      45     131          0          0 
      45     132          0          0 
      45     133          0          0 
      45     134          1          1 
      45     135          0          0 
      45     136          0          0 
      45     137          0          0 
      45     138          0          0 
      45     139          0          0 
      45     140          0          0 
      45     141          0          0 
      45     142          0          0 
      45     143          0          0 
      45     144          0          0 
      46       1          2          0 
      46       2          2          0 
      46       3          0          0 
      46       4          1          0 
      46       5          9          1 
      46       6          9          1 
      46       7         10          1 
      46       8          1          0 
      46       9          1          0 
      46      10          9          1 
      46      11          1          0 
      46      12          0          0 
      46      13          9          1 
      46      14          1          0 
      46      15          1          0 
      46      16          2          0 
      46      17          0          0 
      46      18          2          0 
      46      19         10          1 
      46      20          1          0 
      46      21          0          0 
      46      22          1          0 
      46      23          0          0 
      46      24          0          0 
      46      25          1          0 
      46      26          9          1 
      46      27          9          1 
      46      28         10          1 
      46      29          1          0 
      46      30          1          0 
      46      31          9          1 
      46      32          1          0 
      46      33          0          0 
      46      34          3          0 
      46      35          3          0 
      46      36          0          0 
      46      37          3          0 
      46      38          0          0 
      46      39          0          0 
      46      40          0          0 
      46      41          0          0 
      46      42          0          0 
      46      43         10          1 
      46      44          1          0 
      46      45         10          1 
      46      46         36          6 
      46      47          5          0 
      46      48          1          1 
      46      49          4          0 
      46      50          0          0 
      46      51          1          1 
      46      52          2          0 
      46      53          1          1 
      46      54          0          0 
      46      55          0          0 
      46      56          1          1 
      46      57          1          1 
      46      58          0          0 
      46      59          1          1 
      46      60          0          0 
      46      61          2          0 
      46      62          0          0 
      46      63          0          0 
      46      64          2          0 
      46      65          0          0 
      46      66          2          0 
      46      67          8          0 
      46      68          2          0 
      46      69          0          0 
      46      70          2          0 
      46      71          0          0 
      46      72          0          0 
      46      73          0          0 
      46      74          0          0 
      46      75          0          0 
      46      76          2          0 
      46      77          0          0 
      46      78          2          0 
      46      79          1          1 
      46      80          0          0 
      46      81          0          0 
      46      82          0          0 
      46      83          0          0 
      46      84          0          0 
      46      85          2          0 
      46      86          1          1 
      46      87          0          0 
      46      88          0          0 
      46      89          1          1 
      46      90          1          1 
      46      91          0          0 
      46      92          1          1 
      46      93          0          0 
      46      94          0          0 
      46      95          0          0 
      46      96          1          1 
      46      97          0          0 
      46      98          0          0 
      46      99          0          0 
      46     100          1          0 
      46     101          0          0 
      46     102          0          0 
      46     103          1          0 
      46     104          0          0 
      46     105          1          0 
      46     106          0          0 
      46     107          0          0 
      46     108          0          0 
      46     109          0          0 
      46     110          0          0 
      46     111          0          0 
      46     112          0          0 
      46     113          0          0 
      46     114          0          0 
      46     115          2          0 
      46     116          0          0 
      46     117          2          0 
      46     118          1          1 
      46     119          0          0 
      46     120          0          0 
      46     121          0          0 
      46     122          0          0 
      46     123          0          0 
      46     124          2          0 
      46     125          1          1 
      46     126          0          0 
      46     127          0          0 
      46     128          1          1 
      46     129          1          1 
      46     130          0          0 
      46     131          1          1 
      46     132          0          0 
      46     133          0          0 
      46     134          0          0 
      46     135          1          1 
      46     136          0          0 
      46     137          0          0 
      46     138          0          0 
      46     139          0          0 
      46     140          0          0 
      46     141          0          0 
      46     142          0          0 
      46     143          0          0 
      46     144          0          0 
      47       1          2          0 
      47       2          2          0 
      47       3          2          0 
      47       4          2          0 
      47       5          9          1 
      47       6          1          0 
      47       7         10          1 
      47       8         10          1 
      47       9          2          0 
      47      10          1          0 
      47      11         10          1 
      47      12          0          0 
      47      13          9          1 
      47      14          9          1 
      47      15          2          0 
      47      16          2          0 
      47      17          2          0 
      47      18          2          0 
      47      19          1          0 
      47      20         10          1 
      47      21          0          0 
      47      22          2          0 
      47      23          0          0 
      47      24          0          0 
      47      25          2          0 
      47      26          9          1 
      47      27          1          0 
      47      28         10          1 
      47      29         10          1 
      47      30          2          0 
      47      31          1          0 
      47      32         10          1 
      47      33          0          0 
      47      34          3          0 
      47      35          0          0 
      47      36          0          0 
      47      37          3          0 
      47      38          0          0 
      47      39          0          0 
      47      40          0          0 
      47      41          0          0 
      47      42          0          0 
      47      43         10          1 
      47      44         10          1 
      47      45         10          1 
      47      46          0          0 
      47      47         36          6 
      47      48          1          1 
      47      49          8          0 
      47      50          1          1 
      47      51          1          1 
      47      52          2          0 
      47      53          0          0 
      47      54          1          1 
      47      55          0          0 
      47      56          0          0 
      47      57          1          1 
      47      58          1          1 
      47      59          1          1 
      47      60          0          0 
      47      61          2          0 
      47      62          2          0 
      47      63          0          0 
      47      64          2          0 
      47      65          2          0 
      47      66          2          0 
      47      67          2          0 
      47      68          8          0 
      47      69          0          0 
      47      70          4          0 
      47      71          0          0 
      47      72          0          0 
      47      73          0          0 
      47      74          0          0 
      47      75          0          0 
      47      76          2          0 
      47      77          2          0 
      47      78          2          0 
      47      79          0          0 
      47      80          1          1 
      47      81          0          0 
      47      82          0          0 
      47      83          0          0 
      47      84          0          0 
      47      85          2          0 
      47      86          0          0 
      47      87          1          1 
      47      88          0          0 
      47      89          0          0 
      47      90          1          1 
      47      91          1          1 
      47      92          1          1 
      47      93          0          0 
      47      94          0          0 
      47      95          1          1 
      47      96          1          1 
      47      97          0          0 
      47      98          0          0 
      47      99          0          0 
      47     100          1          0 
      47     101          1          0 
      47     102          0          0 
      47     103          1          0 
      47     104          1          0 
      47     105          1          0 
      47     106          0          0 
      47     107          0          0 
      47     108          0          0 
      47     109          0          0 
      47     110          0          0 
      47     111          0          0 
      47     112          0          0 
      47     113          0          0 
      47     114          0          0 
      47     115          2          0 
      47     116          2          0 
      47     117          2          0 
      47     118          0          0 
      47     119          1          1 
      47     120          0          0 
      47     121          0          0 
      47     122          0          0 
      47     123          0          0 
      47     124          2          0 
      47     125          0          0 
      47     126          1          1 
      47     127          0          0 
      47     128          0          0 
      47     129          1          1 
      47     130          1          1 
      47     131          1          1 
      47     132          0          0 
      47     133          0          0 
      47     134          1          1 
      47     135          1          1 
      47     136          0          0 
      47     137          0          0 
      47     138          0          0 
      47     139          0          0 
      47     140          0          0 
      47     141          0          0 
      47     142          0          0 
      47     143          0          0 
      47     144          0          0 
      48       1          1          0 
      48       2          0          0 
      48       3          2          0 
      48       4          1          0 
      48       5          1          0 
      48       6          8          1 
      48       7          1          0 
      48       8          9          1 
      48       9          0          0 
      48      10          2          0 
      48      11          2          0 
      48      12          8          1 
      48      13          1          0 
      48      14          8          1 
      48      15          1          0 
      48      16          0          0 
      48      17          2          0 
      48      18          0          0 
      48      19          2          0 
      48      20          2          0 
      48      21          8          1 
      48      22          1          0 
      48      23          0          0 
      48      24          0          0 
      48      25          1          0 
      48      26          1          0 
      48      27          8          1 
      48      28          1          0 
      48      29          9          1 
      48      30          0          0 
      48      31          2          0 
      48      32          2          0 
      48      33          8          1 
      48      34          0          0 
      48      35          3          0 
      48      36          3          0 
      48      37          0          0 
      48      38          3          0 
      48      39          3          0 
      48      40          0          0 
      48      41          0          0 
      48      42          0          0 
      48      43          1          0 
      48      44          9          1 
      48      45          1          0 
      48      46          9          1 
      48      47         10          1 
      48      48         26          5 
      48      49          4          0 
      48      50          1          0 
      48      51          1          1 
      48      52          0          0 
      48      53          1          0 
      48      54          2          0 
      48      55          1          1 
      48      56          1          0 
      48      57          1          1 
      48      58          1          0 
      48      59          1          1 
      48      60          0          0 
      48      61          0          0 
      48      62          2          0 
      48      63          0          0 
      48      64          0          0 
      48      65          2          0 
      48      66          0          0 
      48      67          2          0 
      48      68          2          0 
      48      69          4          0 
      48      70          2          0 
      48      71          0          0 
      48      72          0          0 
      48      73          0          0 
      48      74          0          0 
      48      75          0          0 
      48      76          0          0 
      48      77          2          0 
      48      78          0          0 
      48      79          2          0 
      48      80          2          0 
      48      81          1          1 
      48      82          1          0 
      48      83          0          0 
      48      84          0          0 
      48      85          0          0 
      48      86          1          0 
      48      87          2          0 
      48      88          1          1 
      48      89          1          0 
      48      90          1          1 
      48      91          1          0 
      48      92          1          1 
      48      93          0          0 
      48      94          1          0 
      48      95          1          0 
      48      96          1          1 
      48      97          0          0 
      48      98          0          0 
      48      99          0          0 
      48     100          0          0 
      48     101          1          0 
      48     102          0          0 
      48     103          0          0 
      48     104          1          0 
      48     105          0          0 
      48     106          1          0 
      48     107          1          0 
      48     108          0          0 
      48     109          1          0 
      48     110          0          0 
      48     111          0          0 
      48     112          0          0 
      48     113          0          0 
      48     114          0          0 
      48     115          0          0 
      48     116          2          0 
      48     117          0          0 
      48     118          2          0 
      48     119          2          0 
      48     120          1          1 
      48     121          1          0 
      48     122          0          0 
      48     123          0          0 
      48     124          0          0 
      48     125          1          0 
      48     126          2          0 
      48     127          1          1 
      48     128          1          0 
      48     129          1          1 
      48     130          1          0 
      48     131          1          1 
      48     132          0          0 
      48     133          1          0 
      48     134          1          0 
      48     135          1          1 
      48     136          0          0 
      48     137          0          0 
      48     138          0          0 
      48     139          0          0 
      48     140          0          0 
      48     141          0          0 
      48     142          0          0 
      48     143          0          0 
      48     144          0          0 
      49       1          2          0 
      49       2          1          0 
      49       3          1          0 
      49       4          2          0 
      49       5          0          0 
      49       6          0          0 
      49       7          9          1 
      49       8          9          1 
      49       9          1          0 
      49      10          1          0 
      49      11          2          0 
      49      12          0          0 
      49      13          8          1 
      49      14          8          1 
      49      15          9          1 
      49      16          1          0 
      49      17          1          0 
      49      18          1          0 
      49      19          1          0 
      49      20          2          0 
      49      21          0          0 
      49      22          9          1 
      49      23          0          0 
      49      24          0          0 
      49      25          2          0 
      49      26          0          0 
      49      27          0          0 
      49      28          9          1 
      49      29          9          1 
      49      30          1          0 
      49      31          1          0 
      49      32          2          0 
      49      33          0          0 
      49      34          0          0 
      49      35          0          0 
      49      36          0          0 
      49      37          3          0 
      49      38          0          0 
      49      39          0          0 
      49      40          0          0 
      49      41          0          0 
      49      42          0          0 
      49      43          9          1 
      49      44          9          1 
      49      45          4          0 
      49      46          0          0 
      49      47          0          0 
      49      48          0          0 
      49      49         36          6 
      49      50          1          1 
      49      51          1          1 
      49      52          1          0 
      49      53          0          0 
      49      54          0          0 
      49      55          0          0 
      49      56          0          0 
      49      57          0          0 
      49      58          1          1 
      49      59          1          1 
      49      60          0          0 
      49      61          2          0 
      49      62          2          0 
      49      63          2          0 
      49      64          2          0 
      49      65          2          0 
      49      66          2          0 
      49      67          2          0 
      49      68          4          0 
      49      69          0          0 
      49      70          4          0 
      49      71          0          0 
      49      72          0          0 
      49      73          0          0 
      49      74          0          0 
      49      75          0          0 
      49      76          2          0 
      49      77          2          0 
      49      78          1          0 
      49      79          0          0 
      49      80          0          0 
      49      81          0          0 
      49      82          1          1 
      49      83          0          0 
      49      84          0          0 
      49      85          1          0 
      49      86          0          0 
      49      87          0          0 
      49      88          0          0 
      49      89          0          0 
      49      90          0          0 
      49      91          1          1 
      49      92          1          1 
      49      93          0          0 
      49      94          1          1 
      49      95          1          1 
      49      96          1          1 
      49      97          0          0 
      49      98          0          0 
      49      99          0          0 
      49     100          1          0 
      49     101          1          0 
      49     102          1          0 
      49     103          1          0 
      49     104          1          0 
      49     105          1          0 
      49     106          0          0 
      49     107          0          0 
      49     108          0          0 
      49     109          0          0 
      49     110          0          0 
      49     111          0          0 
      49     112          0          0 
      49     113          0          0 
      49     114          0          0 
      49     115          2          0 
      49     116          2          0 
      49     117          1          0 
      49     118          0          0 
      49     119          0          0 
      49     120          0          0 
      49     121          1          1 
      49     122          0          0 
      49     123          0          0 
      49     124          1          0 
      49     125          0          0 
      49     126          0          0 
      49     127          0          0 
      49     128          0          0 
      49     129          0          0 
      49     130          1          1 
      49     131          1          1 
      49     132          0          0 
      49     133          1          1 
      49     134          1          1 
      49     135          1          1 
      49     136          0          0 
      49     137          0          0 
      49     138          0          0 
      49     139          0          0 
      49     140          0          0 
      49     141          0          0 
      49     142          0          0 
      49     143          0          0 
      49     144          0          0 
      50       1          0          0 
      50       2          2          0 
      50       3          1          0 
      50       4          0          0 
      50       5          2          0 
      50       6          0          0 
      50       7          2          0 
      50       8          1          0 
      50       9          8          1 
      50      10          1          0 
      50      11          9          1 
      50      12          0          0 
      50      13          1          0 
      50      14          1          0 
      50      15          8          1 
      50      16          0          0 
      50      17          0          0 
      50      18          2          0 
      50      19          0          0 
      50      20          2          0 
      50      21          0          0 
      50      22          2          0 
      50      23          8          1 
      50      24          0          0 
      50      25          0          0 
      50      26          2          0 
      50      27          0          0 
      50      28          2          0 
      50      29          1          0 
      50      30          8          1 
      50      31          1          0 
      50      32          9          1 
      50      33          0          0 
      50      34          0          0 
      50      35          0          0 
      50      36          0          0 
      50      37          3          0 
      50      38          0          0 
      50      39          3          0 
      50      40          0          0 
      50      41          0          0 
      50      42          0          0 
      50      43          1          0 
      50      44          1          0 
      50      45          9          1 
      50      46          1          0 
      50      47         10          1 
      50      48          0          0 
      50      49          9          1 
      50      50         26          5 
      50      51          1          1 
      50      52          1          0 
      50      53          0          0 
      50      54          1          0 
      50      55          0          0 
      50      56          0          0 
      50      57          0          0 
      50      58          1          1 
      50      59          0          0 
      50      60          1          1 
      50      61          0          0 
      50      62          0          0 
      50      63          2          0 
      50      64          0          0 
      50      65          0          0 
      50      66          2          0 
      50      67          0          0 
      50      68          2          0 
      50      69          0          0 
      50      70          2          0 
      50      71          4          0 
      50      72          0          0 
      50      73          0          0 
      50      74          0          0 
      50      75          0          0 
      50      76          0          0 
      50      77          0          0 
      50      78          2          0 
      50      79          0          0 
      50      80          2          0 
      50      81          0          0 
      50      82          1          0 
      50      83          1          1 
      50      84          0          0 
      50      85          1          0 
      50      86          0          0 
      50      87          1          0 
      50      88          0          0 
      50      89          0          0 
      50      90          0          0 
      50      91          1          1 
      50      92          0          0 
      50      93          1          1 
      50      94          1          0 
      50      95          1          1 
      50      96          0          0 
      50      97          0          0 
      50      98          0          0 
      50      99          0          0 
      50     100          0          0 
      50     101          0          0 
      50     102          1          0 
      50     103          0          0 
      50     104          0          0 
      50     105          1          0 
      50     106          0          0 
      50     107          1          0 
      50     108          0          0 
      50     109          1          0 
      50     110          0          0 
      50     111          0          0 
      50     112          0          0 
      50     113          0          0 
      50     114          0          0 
      50     115          0          0 
      50     116          0          0 
      50     117          2          0 
      50     118          0          0 
      50     119          2          0 
      50     120          0          0 
      50     121          1          0 
      50     122          1          1 
      50     123          0          0 
      50     124          1          0 
      50     125          0          0 
      50     126          1          0 
      50     127          0          0 
      50     128          0          0 
      50     129          0          0 
      50     130          1          1 
      50     131          0          0 
      50     132          1          1 
      50     133          1          0 
      50     134          1          1 
      50     135          0          0 
      50     136          0          0 
      50     137          0          0 
      50     138          0          0 
      50     139          0          0 
      50     140          0          0 
      50     141          0          0 
      50     142          0          0 
      50     143          0          0 
      50     144          0          0 
      51       1          0          0 
      51       2          1          0 
      51       3          2          0 
      51       4          0          0 
      51       5          0          0 
      51       6          2          0 
      51       7          1          0 
      51       8          2          0 
      51       9          1          0 
      51      10          8          1 
      51      11          9          1 
      51      12          8          1 
      51      13          1          0 
      51      14          1          0 
      51      15          8          1 
      51      16          0          0 
      51      17          0          0 
      51      18          0          0 
      51      19          2          0 
      51      20          2          0 
      51      21          2          0 
      51      22          2          0 
      51      23          2          0 
      51      24          8          1 
      51      25          0          0 
      51      26          0          0 
      51      27          2          0 
      51      28          1          0 
      51      29          2          0 
      51      30          1          0 
      51      31          8          1 
      51      32          9          1 
      51      33          8          1 
      51      34          0          0 
      51      35          0          0 
      51      36          0          0 
      51      37          0          0 
      51      38          3          0 
      51      39          3          0 
      51      40          3          0 
      51      41          3          0 
      51      42          0          0 
      51      43          1          0 
      51      44          1          0 
      51      45          1          0 
      51      46          9          1 
      51      47         10          1 
      51      48          9          1 
      51      49          9          1 
      51      50          9          1 
      51      51         26          5 
      51      52          0          0 
      51      53          1          0 
      51      54          1          0 
      51      55          1          0 
      51      56          1          0 
      51      57          0          0 
      51      58          2          0 
      51      59          1          1 
      51      60          1          1 
      51      61          0          0 
      51      62          0          0 
      51      63          2          0 
      51      64          0          0 
      51      65          0          0 
      51      66          0          0 
      51      67          2          0 
      51      68          2          0 
      51      69          2          0 
      51      70          2          0 
      51      71          2          0 
      51      72          4          0 
      51      73          0          0 
      51      74          0          0 
      51      75          0          0 
      51      76          0          0 
      51      77          0          0 
      51      78          0          0 
      51      79          2          0 
      51      80          2          0 
      51      81          2          0 
      51      82          1          0 
      51      83          2          0 
      51      84          1          1 
      51      85          0          0 
      51      86          1          0 
      51      87          1          0 
      51      88          1          0 
      51      89          1          0 
      51      90          0          0 
      51      91          2          0 
      51      92          1          1 
      51      93          1          1 
      51      94          1          0 
      51      95          1          0 
      51      96          1          1 
      51      97          0          0 
      51      98          0          0 
      51      99          0          0 
      51     100          0          0 
      51     101          0          0 
      51     102          1          0 
      51     103          0          0 
      51     104          0          0 
      51     105          0          0 
      51     106          1          0 
      51     107          1          0 
      51     108          1          0 
      51     109          1          0 
      51     110          1          0 
      51     111          0          0 
      51     112          0          0 
      51     113          0          0 
      51     114          0          0 
      51     115          0          0 
      51     116          0          0 
      51     117          0          0 
      51     118          2          0 
      51     119          2          0 
      51     120          2          0 
      51     121          1          0 
      51     122          2          0 
      51     123          1          1 
      51     124          0          0 
      51     125          1          0 
      51     126          1          0 
      51     127          1          0 
      51     128          1          0 
      51     129          0          0 
      51     130          2          0 
      51     131          1          1 
      51     132          1          1 
      51     133          1          0 
      51     134          1          0 
      51     135          1          1 
      51     136          0          0 
      51     137          0          0 
      51     138          0          0 
      51     139          0          0 
      51     140          0          0 
      51     141          0          0 
      51     142          0          0 
      51     143          0          0 
      51     144          0          0 
      52       1          0          0 
      52       2          0          0 
      52       3          0          0 
      52       4          1          0 
      52       5          1          0 
      52       6          0          0 
      52       7          2          0 
      52       8          0          0 
      52       9          1          0 
      52      10          0          0 
      52      11          0          0 
      52      12          0          0 
      52      13          2          0 
      52      14          0          0 
      52      15          0          0 
      52      16          7          1 
      52      17          0          0 
      52      18          7          1 
      52      19          0          0 
      52      20          0          0 
      52      21          0          0 
      52      22          0          0 
      52      23          0          0 
      52      24          0          0 
      52      25          1          0 
      52      26          1          0 
      52      27          0          0 
      52      28          1          0 
      52      29          0          0 
      52      30          1          0 
      52      31          0          0 
      52      32          0          0 
      52      33          0          0 
      52      34          6          1 
      52      35          0          0 
      52      36          0          0 
      52      37          6          1 
      52      38          0          0 
      52      39          0          0 
      52      40          0          0 
      52      41          0          0 
      52      42          0          0 
      52      43          8          1 
      52      44          0          0 
      52      45          8          1 
      52      46          0          0 
      52      47          0          0 
      52      48          0          0 
      52      49          0          0 
      52      50          0          0 
      52      51          0          0 
      52      52         18          4 
      52      53          1          1 
      52      54          1          1 
      52      55          0          0 
      52      56          1          1 
      52      57          0          0 
      52      58          1          1 
      52      59          0          0 
      52      60          0          0 
      52      61          0          0 
      52      62          0          0 
      52      63          0          0 
      52      64          2          0 
      52      65          0          0 
      52      66          2          0 
      52      67          0          0 
      52      68          0          0 
      52      69          0          0 
      52      70          0          0 
      52      71          0          0 
      52      72          0          0 
      52      73          0          0 
      52      74          0          0 
      52      75          0          0 
      52      76          1          0 
      52      77          0          0 
      52      78          1          0 
      52      79          0          0 
      52      80          0          0 
      52      81          0          0 
      52      82          0          0 
      52      83          0          0 
      52      84          0          0 
      52      85          1          1 
      52      86          0          0 
      52      87          0          0 
      52      88          0          0 
      52      89          0          0 
      52      90          0          0 
      52      91          0          0 
      52      92          0          0 
      52      93          0          0 
      52      94          0          0 
      52      95          0          0 
      52      96          0          0 
      52      97          1          1 
      52      98          0          0 
      52      99          0          0 
      52     100          0          0 
      52     101          0          0 
      52     102          0          0 
      52     103          1          0 
      52     104          0          0 
      52     105          1          0 
      52     106          0          0 
      52     107          0          0 
      52     108          0          0 
      52     109          0          0 
      52     110          0          0 
      52     111          0          0 
      52     112          0          0 
      52     113          0          0 
      52     114          0          0 
      52     115          1          0 
      52     116          0          0 
      52     117          1          0 
      52     118          0          0 
      52     119          0          0 
      52     120          0          0 
      52     121          0          0 
      52     122          0          0 
      52     123          0          0 
      52     124          1          1 
      52     125          0          0 
      52     126          0          0 
      52     127          0          0 
      52     128          0          0 
      52     129          0          0 
      52     130          0          0 
      52     131          0          0 
      52     132          0          0 
      52     133          0          0 
      52     134          0          0 
      52     135          0          0 
      52     136          1          1 
      52     137          0          0 
      52     138          0          0 
      52     139          0          0 
      52     140          0          0 
      52     141          0          0 
      52     142          0          0 
      52     143          0          0 
      52     144          0          0 
      53       1          0          0 
      53       2          0          0 
      53       3          0          0 
      53       4          1          0 
      53       5          1          0 
      53       6          1          0 
      53       7          2          0 
      53       8          0          0 
      53       9          0          0 
      53      10          1          0 
      53      11          0          0 
      53      12          0          0 
      53      13          2          0 
      53      14          0          0 
      53      15          0          0 
      53      16          8          1 
      53      17          1          0 
      53      18          2          0 
      53      19          9          1 
      53      20          1          0 
      53      21          0          0 
      53      22          1          0 
      53      23          0          0 
      53      24          0          0 
      53      25          1          0 
      53      26          1          0 
      53      27          1          0 
      53      28          1          0 
      53      29          0          0 
      53      30          0          0 
      53      31          1          0 
      53      32          0          0 
      53      33          0          0 
      53      34          7          1 
      53      35          7          1 
      53      36          2          0 
      53      37          2          0 
      53      38          8          1 
      53      39          1          0 
      53      40          0          0 
      53      41          0          0 
      53      42          0          0 
      53      43          9          1 
      53      44          1          0 
      53      45          2          0 
      53      46         10          1 
      53      47          1          0 
      53      48          0          0 
      53      49          1          0 
      53      50          0          0 
      53      51          0          0 
      53      52          8          1 
      53      53         26          5 
      53      54          3          0 
      53      55          1          1 
      53      56          1          1 
      53      57          1          1 
      53      58          0          0 
      53      59          1          1 
      53      60          0          0 
      53      61          0          0 
      53      62          0          0 
      53      63          0          0 
      53      64          2          0 
      53      65          0          0 
      53      66          0          0 
      53      67          2          0 
      53      68          0          0 
      53      69          0          0 
      53      70          0          0 
      53      71          0          0 
      53      72          0          0 
      53      73          2          0 
      53      74          0          0 
      53      75          0          0 
      53      76          1          0 
      53      77          0          0 
      53      78          0          0 
      53      79          1          0 
      53      80          0          0 
      53      81          0          0 
      53      82          0          0 
      53      83          0          0 
      53      84          0          0 
      53      85          1          0 
      53      86          1          1 
      53      87          0          0 
      53      88          0          0 
      53      89          0          0 
      53      90          0          0 
      53      91          0          0 
      53      92          0          0 
      53      93          0          0 
      53      94          0          0 
      53      95          0          0 
      53      96          0          0 
      53      97          0          0 
      53      98          1          1 
      53      99          0          0 
      53     100          0          0 
      53     101          0          0 
      53     102          0          0 
      53     103          1          0 
      53     104          0          0 
      53     105          0          0 
      53     106          1          0 
      53     107          0          0 
      53     108          0          0 
      53     109          0          0 
      53     110          0          0 
      53     111          0          0 
      53     112          0          0 
      53     113          0          0 
      53     114          0          0 
      53     115          1          0 
      53     116          0          0 
      53     117          0          0 
      53     118          1          0 
      53     119          0          0 
      53     120          0          0 
      53     121          0          0 
      53     122          0          0 
      53     123          0          0 
      53     124          1          0 
      53     125          1          1 
      53     126          0          0 
      53     127          0          0 
      53     128          0          0 
      53     129          0          0 
      53     130          0          0 
      53     131          0          0 
      53     132          0          0 
      53     133          0          0 
      53     134          0          0 
      53     135          0          0 
      53     136          0          0 
      53     137          1          1 
      53     138          0          0 
      53     139          0          0 
      53     140          0          0 
      53     141          0          0 
      53     142          0          0 
      53     143          0          0 
      53     144          0          0 
      54       1          0          0 
      54       2          0          0 
      54       3          0          0 
      54       4          2          0 
      54       5          1          0 
      54       6          0          0 
      54       7          2          0 
      54       8          2          0 
      54       9          0          0 
      54      10          0          0 
      54      11          1          0 
      54      12          0          0 
      54      13          2          0 
      54      14          2          0 
      54      15          0          0 
      54      16          8          1 
      54      17          8          1 
      54      18          2          0 
      54      19          1          0 
      54      20          9          1 
      54      21          0          0 
      54      22          2          0 
      54      23          0          0 
      54      24          0          0 
      54      25          1          0 
      54      26          1          0 
      54      27          0          0 
      54      28          1          0 
      54      29          1          0 
      54      30          0          0 
      54      31          0          0 
      54      32          1          0 
      54      33          0          0 
      54      34          7          1 
      54      35          1          0 
      54      36          1          0 
      54      37          2          0 
      54      38          1          0 
      54      39          8          1 
      54      40          0          0 
      54      41          0          0 
      54      42          0          0 
      54      43          9          1 
      54      44          9          1 
      54      45          2          0 
      54      46          1          0 
      54      47         10          1 
      54      48          0          0 
      54      49          2          0 
      54      50          0          0 
      54      51          0          0 
      54      52          8          1 
      54      53          0          0 
      54      54         26          5 
      54      55          1          1 
      54      56          0          0 
      54      57          1          1 
      54      58          1          1 
      54      59          1          1 
      54      60          0          0 
      54      61          0          0 
      54      62          0          0 
      54      63          0          0 
      54      64          2          0 
      54      65          2          0 
      54      66          0          0 
      54      67          0          0 
      54      68          2          0 
      54      69          0          0 
      54      70          0          0 
      54      71          0          0 
      54      72          0          0 
      54      73          4          0 
      54      74          0          0 
      54      75          0          0 
      54      76          1          0 
      54      77          1          0 
      54      78          0          0 
      54      79          0          0 
      54      80          1          0 
      54      81          0          0 
      54      82          0          0 
      54      83          0          0 
      54      84          0          0 
      54      85          2          0 
      54      86          0          0 
      54      87          1          1 
      54      88          0          0 
      54      89          0          0 
      54      90          0          0 
      54      91          0          0 
      54      92          0          0 
      54      93          0          0 
      54      94          0          0 
      54      95          0          0 
      54      96          0          0 
      54      97          1          1 
      54      98          1          1 
      54      99          0          0 
      54     100          0          0 
      54     101          0          0 
      54     102          0          0 
      54     103          1          0 
      54     104          1          0 
      54     105          0          0 
      54     106          0          0 
      54     107          1          0 
      54     108          0          0 
      54     109          0          0 
      54     110          0          0 
      54     111          0          0 
      54     112          0          0 
      54     113          0          0 
      54     114          0          0 
      54     115          1          0 
      54     116          1          0 
      54     117          0          0 
      54     118          0          0 
      54     119          1          0 
      54     120          0          0 
      54     121          0          0 
      54     122          0          0 
      54     123          0          0 
      54     124          2          0 
      54     125          0          0 
      54     126          1          1 
      54     127          0          0 
      54     128          0          0 
      54     129          0          0 
      54     130          0          0 
      54     131          0          0 
      54     132          0          0 
      54     133          0          0 
      54     134          0          0 
      54     135          0          0 
      54     136          1          1 
      54     137          1          1 
      54     138          0          0 
      54     139          0          0 
      54     140          0          0 
      54     141          0          0 
      54     142          0          0 
      54     143          0          0 
      54     144          0          0 
      55       1          0          0 
      55       2          0          0 
      55       3          0          0 
      55       4          1          0 
      55       5          0          0 
      55       6          1          0 
      55       7          0          0 
      55       8          2          0 
      55       9          0          0 
      55      10          0          0 
      55      11          0          0 
      55      12          1          0 
      55      13          0          0 
      55      14          2          0 
      55      15          0          0 
      55      16          1          0 
      55      17          7          1 
      55      18          0          0 
      55      19          1          0 
      55      20          2          0 
      55      21          7          1 
      55      22          1          0 
      55      23          0          0 
      55      24          0          0 
      55      25          1          0 
      55      26          0          0 
      55      27          1          0 
      55      28          0          0 
      55      29          1          0 
      55      30          0          0 
      55      31          0          0 
      55      32          0          0 
      55      33          1          0 
      55      34          1          0 
      55      35          6          1 
      55      36          1          0 
      55      37          0          0 
      55      38          2          0 
      55      39          1          0 
      55      40          6          1 
      55      41          0          0 
      55      42          0          0 
      55      43          1          0 
      55      44          8          1 
      55      45          0          0 
      55      46          1          0 
      55      47          2          0 
      55      48          8          1 
      55      49          1          0 
      55      50          0          0 
      55      51          0          0 
      55      52          1          0 
      55      53          6          1 
      55      54          8          1 
      55      55         18          4 
      55      56          1          0 
      55      57          1          1 
      55      58          1          0 
      55      59          1          1 
      55      60          0          0 
      55      61          0          0 
      55      62          0          0 
      55      63          0          0 
      55      64          0          0 
      55      65          2          0 
      55      66          0          0 
      55      67          0          0 
      55      68          0          0 
      55      69          2          0 
      55      70          0          0 
      55      71          0          0 
      55      72          0          0 
      55      73          2          0 
      55      74          0          0 
      55      75          0          0 
      55      76          0          0 
      55      77          1          0 
      55      78          0          0 
      55      79          0          0 
      55      80          0          0 
      55      81          1          0 
      55      82          0          0 
      55      83          0          0 
      55      84          0          0 
      55      85          0          0 
      55      86          2          0 
      55      87          2          0 
      55      88          1          1 
      55      89          0          0 
      55      90          0          0 
      55      91          0          0 
      55      92          0          0 
      55      93          0          0 
      55      94          1          0 
      55      95          0          0 
      55      96          0          0 
      55      97          1          0 
      55      98          1          1 
      55      99          0          0 
      55     100          0          0 
      55     101          0          0 
      55     102          0          0 
      55     103          0          0 
      55     104          1          0 
      55     105          0          0 
      55     106          0          0 
      55     107          0          0 
      55     108          1          0 
      55     109          0          0 
      55     110          0          0 
      55     111          0          0 
      55     112          1          0 
      55     113          0          0 
      55     114          0          0 
      55     115          0          0 
      55     116          1          0 
      55     117          0          0 
      55     118          0          0 
      55     119          0          0 
      55     120          1          0 
      55     121          0          0 
      55     122          0          0 
      55     123          0          0 
      55     124          0          0 
      55     125          2          0 
      55     126          2          0 
      55     127          1          1 
      55     128          0          0 
      55     129          0          0 
      55     130          0          0 
      55     131          0          0 
      55     132          0          0 
      55     133          1          0 
      55     134          0          0 
      55     135          0          0 
      55     136          1          0 
      55     137          1          1 
      55     138          0          0 
      55     139          0          0 
      55     140          0          0 
      55     141          0          0 
      55     142          0          0 
      55     143          0          0 
      55     144          0          0 
      56       1          0          0 
      56       2          0          0 
      56       3          0          0 
      56       4          0          0 
      56       5          2          0 
      56       6          1          0 
      56       7          2          0 
      56       8          0          0 
      56       9          1          0 
      56      10          1          0 
      56      11          0          0 
      56      12          0          0 
      56      13          2          0 
      56      14          0          0 
      56      15          0          0 
      56      16          2          0 
      56      17          0          0 
      56      18          8          1 
      56      19          9          1 
      56      20          1          0 
      56      21          0          0 
      56      22          0          0 
      56      23          1          0 
      56      24          0          0 
      56      25          0          0 
      56      26          1          0 
      56      27          1          0 
      56      28          0          0 
      56      29          0          0 
      56      30          1          0 
      56      31          1          0 
      56      32          0          0 
      56      33          0          0 
      56      34          2          0 
      56      35          1          0 
      56      36          7          1 
      56      37          7          1 
      56      38          8          1 
      56      39          1          0 
      56      40          0          0 
      56      41          7          1 
      56      42          0          0 
      56      43          2          0 
      56      44          0          0 
      56      45          9          1 
      56      46         10          1 
      56      47          1          0 
      56      48          0          0 
      56      49          0          0 
      56      50          1          0 
      56      51          0          0 
      56      52          8          1 
      56      53          9          1 
      56      54          1          0 
      56      55          0          0 
      56      56         26          5 
      56      57          1          1 
      56      58          3          0 
      56      59          0          0 
      56      60          1          1 
      56      61          0          0 
      56      62          0          0 
      56      63          0          0 
      56      64          0          0 
      56      65          0          0 
      56      66          2          0 
      56      67          2          0 
      56      68          0          0 
      56      69          0          0 
      56      70          0          0 
      56      71          0          0 
      56      72          0          0 
      56      73          0          0 
      56      74          2          0 
      56      75          0          0 
      56      76          0          0 
      56      77          0          0 
      56      78          1          0 
      56      79          1          0 
      56      80          0          0 
      56      81          0          0 
      56      82          0          0 
      56      83          0          0 
      56      84          0          0 
      56      85          1          0 
      56      86          1          0 
      56      87          0          0 
      56      88          0          0 
      56      89          1          1 
      56      90          0          0 
      56      91          0          0 
      56      92          0          0 
      56      93          0          0 
      56      94          0          0 
      56      95          0          0 
      56      96          0          0 
      56      97          0          0 
      56      98          0          0 
      56      99          1          1 
      56     100          0          0 
      56     101          0          0 
      56     102          0          0 
      56     103          0          0 
      56     104          0          0 
      56     105          1          0 
      56     106          1          0 
      56     107          0          0 
      56     108          0          0 
      56     109          0          0 
      56     110          0          0 
      56     111          0          0 
      56     112          0          0 
      56     113          0          0 
      56     114          0          0 
      56     115          0          0 
      56     116          0          0 
      56     117          1          0 
      56     118          1          0 
      56     119          0          0 
      56     120          0          0 
      56     121          0          0 
      56     122          0          0 
      56     123          0          0 
      56     124          1          0 
      56     125          1          0 
      56     126          0          0 
      56     127          0          0 
      56     128          1          1 
      56     129          0          0 
      56     130          0          0 
      56     131          0          0 
      56     132          0          0 
      56     133          0          0 
      56     134          0          0 
      56     135          0          0 
      56     136          0          0 
      56     137          0          0 
      56     138          1          1 
      56     139          0          0 
      56     140          0          0 
      56     141          0          0 
      56     142          0          0 
      56     143          0          0 
      56     144          0          0 
      57       1          0          0 
      57       2          0          0 
      57       3          0          0 
      57       4          0          0 
      57       5          1          0 
      57       6          2          0 
      57       7          0          0 
      57       8          2          0 
      57       9          0          0 
      57      10          1          0 
      57      11          1          0 
      57      12          1          0 
      57      13          0          0 
      57      14          2          0 
      57      15          0          0 
      57      16          0          0 
      57      17          2          0 
      57      18          1          0 
      57      19          9          1 
      57      20          8          1 
      57      21          8          1 
      57      22          0          0 
      57      23          1          0 
      57      24          1          0 
      57      25          0          0 
      57      26          1          0 
      57      27          1          0 
      57      28          0          0 
      57      29          0          0 
      57      30          0          0 
      57      31          1          0 
      57      32          1          0 
      57      33          1          0 
      57      34          1          0 
      57      35          2          0 
      57      36          7          1 
      57      37          1          0 
      57      38          8          1 
      57      39          7          1 
      57      40          7          1 
      57      41          2          0 
      57      42          7          1 
      57      43          0          0 
      57      44          2          0 
      57      45          1          0 
      57      46         10          1 
      57      47          9          1 
      57      48          9          1 
      57      49          0          0 
      57      50          1          0 
      57      51          1          0 
      57      52          1          0 
      57      53          9          1 
      57      54          8          1 
      57      55          8          1 
      57      56          9          1 
      57      57         26          5 
      57      58          3          0 
      57      59          3          0 
      57      60          1          1 
      57      61          0          0 
      57      62          0          0 
      57      63          0          0 
      57      64          0          0 
      57      65          0          0 
      57      66          0          0 
      57      67          2          0 
      57      68          2          0 
      57      69          2          0 
      57      70          0          0 
      57      71          0          0 
      57      72          0          0 
      57      73          0          0 
      57      74          2          0 
      57      75          2          0 
      57      76          0          0 
      57      77          0          0 
      57      78          0          0 
      57      79          1          0 
      57      80          1          0 
      57      81          1          0 
      57      82          0          0 
      57      83          0          0 
      57      84          0          0 
      57      85          0          0 
      57      86          1          0 
      57      87          1          0 
      57      88          1          0 
      57      89          2          0 
      57      90          1          1 
      57      91          1          0 
      57      92          0          0 
      57      93          0          0 
      57      94          0          0 
      57      95          1          0 
      57      96          0          0 
      57      97          1          0 
      57      98          0          0 
      57      99          1          1 
      57     100          0          0 
      57     101          0          0 
      57     102          0          0 
      57     103          0          0 
      57     104          0          0 
      57     105          0          0 
      57     106          1          0 
      57     107          1          0 
      57     108          1          0 
      57     109          0          0 
      57     110          0          0 
      57     111          0          0 
      57     112          0          0 
      57     113          1          0 
      57     114          0          0 
      57     115          0          0 
      57     116          0          0 
      57     117          0          0 
      57     118          1          0 
      57     119          1          0 
      57     120          1          0 
      57     121          0          0 
      57     122          0          0 
      57     123          0          0 
      57     124          0          0 
      57     125          1          0 
      57     126          1          0 
      57     127          1          0 
      57     128          2          0 
      57     129          1          1 
      57     130          1          0 
      57     131          0          0 
      57     132          0          0 
      57     133          0          0 
      57     134          1          0 
      57     135          0          0 
      57     136          1          0 
      57     137          0          0 
      57     138          1          1 
      57     139          0          0 
      57     140          0          0 
      57     141          0          0 
      57     142          0          0 
      57     143          0          0 
      57     144          0          0 
      58       1          0          0 
      58       2          0          0 
      58       3          0          0 
      58       4          0          0 
      58       5          2          0 
      58       6          0          0 
      58       7          2          0 
      58       8          1          0 
      58       9          2          0 
      58      10          0          0 
      58      11          2          0 
      58      12          0          0 
      58      13          2          0 
      58      14          0          0 
      58      15          2          0 
      58      16          2          0 
      58      17          1          0 
      58      18          8          1 
      58      19          1          0 
      58      20          9          1 
      58      21          0          0 
      58      22          8          1 
      58      23          8          1 
      58      24          0          0 
      58      25          0          0 
      58      26          0          0 
      58      27          0          0 
      58      28          1          0 
      58      29          1          0 
      58      30          1          0 
      58      31          0          0 
      58      32          1          0 
      58      33          0          0 
      58      34          2          0 
      58      35          0          0 
      58      36          0          0 
      58      37          7          1 
      58      38          1          0 
      58      39          8          1 
      58      40          0          0 
      58      41          1          0 
      58      42          0          0 
      58      43          2          0 
      58      44          1          0 
      58      45          9          1 
      58      46          1          0 
      58      47         10          1 
      58      48          0          0 
      58      49          9          1 
      58      50          9          1 
      58      51          0          0 
      58      52          8          1 
      58      53          1          0 
      58      54          9          1 
      58      55          0          0 
      58      56          0          0 
      58      57          0          0 
      58      58         26          5 
      58      59          1          1 
      58      60          1          1 
      58      61          0          0 
      58      62          0          0 
      58      63          0          0 
      58      64          0          0 
      58      65          0          0 
      58      66          2          0 
      58      67          0          0 
      58      68          2          0 
      58      69          0          0 
      58      70          2          0 
      58      71          2          0 
      58      72          0          0 
      58      73          2          0 
      58      74          4          0 
      58      75          0          0 
      58      76          0          0 
      58      77          0          0 
      58      78          1          0 
      58      79          0          0 
      58      80          1          0 
      58      81          0          0 
      58      82          1          0 
      58      83          1          0 
      58      84          0          0 
      58      85          2          0 
      58      86          0          0 
      58      87          2          0 
      58      88          0          0 
      58      89          0          0 
      58      90          0          0 
      58      91          1          1 
      58      92          0          0 
      58      93          0          0 
      58      94          1          0 
      58      95          0          0 
      58      96          0          0 
      58      97          1          1 
      58      98          0          0 
      58      99          1          1 
      58     100          0          0 
      58     101          0          0 
      58     102          0          0 
      58     103          0          0 
      58     104          0          0 
      58     105          1          0 
      58     106          0          0 
      58     107          1          0 
      58     108          0          0 
      58     109          1          0 
      58     110          1          0 
      58     111          0          0 
      58     112          1          0 
      58     113          0          0 
      58     114          0          0 
      58     115          0          0 
      58     116          0          0 
      58     117          1          0 
      58     118          0          0 
      58     119          1          0 
      58     120          0          0 
      58     121          1          0 
      58     122          1          0 
      58     123          0          0 
      58     124          2          0 
      58     125          0          0 
      58     126          2          0 
      58     127          0          0 
      58     128          0          0 
      58     129          0          0 
      58     130          1          1 
      58     131          0          0 
      58     132          0          0 
      58     133          1          0 
      58     134          0          0 
      58     135          0          0 
      58     136          1          1 
      58     137          0          0 
      58     138          1          1 
      58     139          0          0 
      58     140          0          0 
      58     141          0          0 
      58     142          0          0 
      58     143          0          0 
      58     144          0          0 
      59       1          0          0 
      59       2          0          0 
      59       3          0          0 
      59       4          0          0 
      59       5          0          0 
      59       6          2          0 
      59       7          1          0 
      59       8          2          0 
      59       9          0          0 
      59      10          2          0 
      59      11          2          0 
      59      12          2          0 
      59      13          0          0 
      59      14          2          0 
      59      15          2          0 
      59      16          1          0 
      59      17          2          0 
      59      18          1          0 
      59      19          8          1 
      59      20          9          1 
      59      21          8          1 
      59      22          8          1 
      59      23          2          0 
      59      24          8          1 
      59      25          0          0 
      59      26          0          0 
      59      27          0          0 
      59      28          1          0 
      59      29          1          0 
      59      30          0          0 
      59      31          1          0 
      59      32          1          0 
      59      33          1          0 
      59      34          0          0 
      59      35          2          0 
      59      36          0          0 
      59      37          1          0 
      59      38          7          1 
      59      39          8          1 
      59      40          7          1 
      59      41          1          0 
      59      42          1          0 
      59      43          1          0 
      59      44          2          0 
      59      45          1          0 
      59      46          9          1 
      59      47         10          1 
      59      48          9          1 
      59      49          9          1 
      59      50          2          0 
      59      51          9          1 
      59      52          1          0 
      59      53          8          1 
      59      54          9          1 
      59      55          8          1 
      59      56          3          0 
      59      57          0          0 
      59      58          9          1 
      59      59         26          5 
      59      60          1          1 
      59      61          0          0 
      59      62          0          0 
      59      63          0          0 
      59      64          0          0 
      59      65          0          0 
      59      66          0          0 
      59      67          2          0 
      59      68          2          0 
      59      69          2          0 
      59      70          2          0 
      59      71          0          0 
      59      72          2          0 
      59      73          2          0 
      59      74          2          0 
      59      75          4          0 
      59      76          0          0 
      59      77          0          0 
      59      78          0          0 
      59      79          1          0 
      59      80          1          0 
      59      81          1          0 
      59      82          1          0 
      59      83          0          0 
      59      84          1          0 
      59      85          0          0 
      59      86          2          0 
      59      87          2          0 
      59      88          2          0 
      59      89          1          0 
      59      90          0          0 
      59      91          2          0 
      59      92          1          1 
      59      93          0          0 
      59      94          1          0 
      59      95          1          0 
      59      96          0          0 
      59      97          2          0 
      59      98          1          1 
      59      99          1          1 
      59     100          0          0 
      59     101          0          0 
      59     102          0          0 
      59     103          0          0 
      59     104          0          0 
      59     105          0          0 
      59     106          1          0 
      59     107          1          0 
      59     108          1          0 
      59     109          1          0 
      59     110          0          0 
      59     111          1          0 
      59     112          1          0 
      59     113          1          0 
      59     114          0          0 
      59     115          0          0 
      59     116          0          0 
      59     117          0          0 
      59     118          1          0 
      59     119          1          0 
      59     120          1          0 
      59     121          1          0 
      59     122          0          0 
      59     123          1          0 
      59     124          0          0 
      59     125          2          0 
      59     126          2          0 
      59     127          2          0 
      59     128          1          0 
      59     129          0          0 
      59     130          2          0 
      59     131          1          1 
      59     132          0          0 
      59     133          1          0 
      59     134          1          0 
      59     135          0          0 
      59     136          2          0 
      59     137          1          1 
      59     138          1          1 
      59     139          0          0 
      59     140          0          0 
      59     141          0          0 
      59     142          0          0 
      59     143          0          0 
      59     144          0          0 
      60       1          0          0 
      60       2          0          0 
      60       3          0          0 
      60       4          0          0 
      60       5          0          0 
      60       6          0          0 
      60       7          0          0 
      60       8          0          0 
      60       9          1          0 
      60      10          1          0 
      60      11          2          0 
      60      12          1          0 
      60      13          0          0 
      60      14          0          0 
      60      15          2          0 
      60      16          0          0 
      60      17          0          0 
      60      18          1          0 
      60      19          1          0 
      60      20          2          0 
      60      21          1          0 
      60      22          2          0 
      60      23          7          1 
      60      24          7          1 
      60      25          0          0 
      60      26          0          0 
      60      27          0          0 
      60      28          0          0 
      60      29          0          0 
      60      30          1          0 
      60      31          1          0 
      60      32          1          0 
      60      33          1          0 
      60      34          0          0 
      60      35          0          0 
      60      36          2          0 
      60      37          1          0 
      60      38          2          0 
      60      39          1          0 
      60      40          1          0 
      60      41          6          1 
      60      42          6          1 
      60      43          0          0 
      60      44          0          0 
      60      45          1          0 
      60      46          1          0 
      60      47          2          0 
      60      48          1          0 
      60      49          2          0 
      60      50          8          1 
      60      51          8          1 
      60      52          1          0 
      60      53          1          0 
      60      54          1          0 
      60      55          1          0 
      60      56          6          1 
      60      57          6          1 
      60      58          8          1 
      60      59          8          1 
      60      60         18          4 
      60      61          0          0 
      60      62          0          0 
      60      63          0          0 
      60      64          0          0 
      60      65          0          0 
      60      66          0          0 
      60      67          0          0 
      60      68          0          0 
      60      69          0          0 
      60      70          0          0 
      60      71          2          0 
      60      72          2          0 
      60      73          0          0 
      60      74          2          0 
      60      75          2          0 
      60      76          0          0 
      60      77          0          0 
      60      78          0          0 
      60      79          0          0 
      60      80          0          0 
      60      81          0          0 
      60      82          0          0 
      60      83          1          0 
      60      84          1          0 
      60      85          0          0 
      60      86          0          0 
      60      87          0          0 
      60      88          0          0 
      60      89          2          0 
      60      90          2          0 
      60      91          2          0 
      60      92          2          0 
      60      93          1          1 
      60      94          0          0 
      60      95          1          0 
      60      96          1          0 
      60      97          1          0 
      60      98          1          0 
      60      99          1          1 
      60     100          0          0 
      60     101          0          0 
      60     102          0          0 
      60     103          0          0 
      60     104          0          0 
      60     105          0          0 
      60     106          0          0 
      60     107          0          0 
      60     108          0          0 
      60     109          0          0 
      60     110          1          0 
      60     111          1          0 
      60     112          0          0 
      60     113          1          0 
      60     114          1          0 
      60     115          0          0 
      60     116          0          0 
      60     117          0          0 
      60     118          0          0 
      60     119          0          0 
      60     120          0          0 
      60     121          0          0 
      60     122          1          0 
      60     123          1          0 
      60     124          0          0 
      60     125          0          0 
      60     126          0          0 
      60     127          0          0 
      60     128          2          0 
      60     129          2          0 
      60     130          2          0 
      60     131          2          0 
      60     132          1          1 
      60     133          0          0 
      60     134          1          0 
      60     135          1          0 
      60     136          1          0 
      60     137          1          0 
      60     138          1          1 
      60     139          0          0 
      60     140          0          0 
      60     141          0          0 
      60     142          0          0 
      60     143          0          0 
      60     144          0          0 
      61       1          7          1 
      61       2          7          1 
      61       3          0          0 
      61       4          1          0 
      61       5          1          0 
      61       6          0          0 
      61       7          2          0 
      61       8          0          0 
      61       9          0          0 
      61      10          0          0 
      61      11          0          0 
      61      12          0          0 
      61      13          9          1 
      61      14          0          0 
      61      15          0          0 
      61      16          0          0 
      61      17          0          0 
      61      18          0          0 
      61      19          0          0 
      61      20          0          0 
      61      21          0          0 
      61      22          0          0 
      61      23          0          0 
      61      24          0          0 
      61      25          2          0 
      61      26          0          0 
      61      27          0          0 
      61      28          0          0 
      61      29          0          0 
      61      30          0          0 
      61      31          0          0 
      61      32          0          0 
      61      33          0          0 
      61      34          0          0 
      61      35          0          0 
      61      36          0          0 
      61      37          0          0 
      61      38          0          0 
      61      39          0          0 
      61      40          0          0 
      61      41          0          0 
      61      42          0          0 
      61      43          0          0 
      61      44          0          0 
      61      45          0          0 
      61      46          0          0 
      61      47          0          0 
      61      48          0          0 
      61      49          0          0 
      61      50          0          0 
      61      51          0          0 
      61      52          0          0 
      61      53          0          0 
      61      54          0          0 
      61      55          0          0 
      61      56          0          0 
      61      57          0          0 
      61      58          0          0 
      61      59          0          0 
      61      60          0          0 
      61      61         26          5 
      61      62          1          1 
      61      63          1          1 
      61      64          1          1 
      61      65          0          0 
      61      66          1          1 
      61      67          1          1 
      61      68          1          1 
      61      69          0          0 
      61      70          1          1 
      61      71          0          0 
      61      72          0          0 
      61      73          0          0 
      61      74          0          0 
      61      75          0          0 
      61      76          1          1 
      61      77          0          0 
      61      78          1          1 
      61      79          1          1 
      61      80          1          1 
      61      81          0          0 
      61      82          1          1 
      61      83          0          0 
      61      84          0          0 
      61      85          0          0 
      61      86          0          0 
      61      87          0          0 
      61      88          0          0 
      61      89          0          0 
      61      90          0          0 
      61      91          0          0 
      61      92          0          0 
      61      93          0          0 
      61      94          0          0 
      61      95          0          0 
      61      96          0          0 
      61      97          0          0 
      61      98          0          0 
      61      99          0          0 
      61     100          1          1 
      61     101          0          0 
      61     102          0          0 
      61     103          0          0 
      61     104          0          0 
      61     105          0          0 
      61     106          0          0 
      61     107          0          0 
      61     108          0          0 
      61     109          0          0 
      61     110          0          0 
      61     111          0          0 
      61     112          0          0 
      61     113          0          0 
      61     114          0          0 
      61     115          1          1 
      61     116          0          0 
      61     117          1          1 
      61     118          1          1 
      61     119          1          1 
      61     120          0          0 
      61     121          1          1 
      61     122          0          0 
      61     123          0          0 
      61     124          0          0 
      61     125          0          0 
      61     126          0          0 
      61     127          0          0 
      61     128          0          0 
      61     129          0          0 
      61     130          0          0 
      61     131          0          0 
      61     132          0          0 
      61     133          0          0 
      61     134          0          0 
      61     135          0          0 
      61     136          0          0 
      61     137          0          0 
      61     138          0          0 
      61     139          0          0 
      61     140          0          0 
      61     141          0          0 
      61     142          0          0 
      61     143          0          0 
      61     144          0          0 
      62       1          7          1 
      62       2          2          0 
      62       3          7          1 
      62       4          1          0 
      62       5          1          0 
      62       6          1          0 
      62       7          1          0 
      62       8          2          0 
      62       9          0          0 
      62      10          0          0 
      62      11          0          0 
      62      12          0          0 
      62      13          2          0 
      62      14          9          1 
      62      15          0          0 
      62      16          0          0 
      62      17          0          0 
      62      18          0          0 
      62      19          0          0 
      62      20          0          0 
      62      21          0          0 
      62      22          0          0 
      62      23          0          0 
      62      24          0          0 
      62      25          2          0 
      62      26          2          0 
      62      27          0          0 
      62      28          2          0 
      62      29          0          0 
      62      30          0          0 
      62      31          0          0 
      62      32          0          0 
      62      33          0          0 
      62      34          0          0 
      62      35          0          0 
      62      36          0          0 
      62      37          0          0 
      62      38          0          0 
      62      39          0          0 
      62      40          0          0 
      62      41          0          0 
      62      42          0          0 
      62      43          0          0 
      62      44          0          0 
      62      45          0          0 
      62      46          0          0 
      62      47          0          0 
      62      48          0          0 
      62      49          0          0 
      62      50          0          0 
      62      51          0          0 
      62      52          0          0 
      62      53          0          0 
      62      54          0          0 
      62      55          0          0 
      62      56          0          0 
      62      57          0          0 
      62      58          0          0 
      62      59          0          0 
      62      60          0          0 
      62      61          8          1 
      62      62         26          5 
      62      63          1          1 
      62      64          1          0 
      62      65          1          1 
      62      66          1          0 
      62      67          0          0 
      62      68          1          1 
      62      69          1          1 
      62      70          1          1 
      62      71          0          0 
      62      72          0          0 
      62      73          0          0 
      62      74          0          0 
      62      75          0          0 
      62      76          1          0 
      62      77          1          1 
      62      78          1          0 
      62      79          0          0 
      62      80          1          1 
      62      81          1          1 
      62      82          1          1 
      62      83          0          0 
      62      84          0          0 
      62      85          0          0 
      62      86          0          0 
      62      87          0          0 
      62      88          0          0 
      62      89          0          0 
      62      90          0          0 
      62      91          0          0 
      62      92          0          0 
      62      93          0          0 
      62      94          0          0 
      62      95          0          0 
      62      96          0          0 
      62      97          0          0 
      62      98          0          0 
      62      99          0          0 
      62     100          2          0 
      62     101          1          1 
      62     102          0          0 
      62     103          0          0 
      62     104          0          0 
      62     105          0          0 
      62     106          0          0 
      62     107          0          0 
      62     108          0          0 
      62     109          0          0 
      62     110          0          0 
      62     111          0          0 
      62     112          0          0 
      62     113          0          0 
      62     114          0          0 
      62     115          1          0 
      62     116          1          1 
      62     117          1          0 
      62     118          0          0 
      62     119          1          1 
      62     120          1          1 
      62     121          1          1 
      62     122          0          0 
      62     123          0          0 
      62     124          0          0 
      62     125          0          0 
      62     126          0          0 
      62     127          0          0 
      62     128          0          0 
      62     129          0          0 
      62     130          0          0 
      62     131          0          0 
      62     132          0          0 
      62     133          0          0 
      62     134          0          0 
      62     135          0          0 
      62     136          0          0 
      62     137          0          0 
      62     138          0          0 
      62     139          0          0 
      62     140          0          0 
      62     141          0          0 
      62     142          0          0 
      62     143          0          0 
      62     144          0          0 
      63       1          2          0 
      63       2          7          1 
      63       3          7          1 
      63       4          0          0 
      63       5          0          0 
      63       6          0          0 
      63       7          1          0 
      63       8          1          0 
      63       9          1          0 
      63      10          1          0 
      63      11          2          0 
      63      12          0          0 
      63      13          2          0 
      63      14          2          0 
      63      15          9          1 
      63      16          0          0 
      63      17          0          0 
      63      18          0          0 
      63      19          0          0 
      63      20          0          0 
      63      21          0          0 
      63      22          0          0 
      63      23          0          0 
      63      24          0          0 
      63      25          0          0 
      63      26          0          0 
      63      27          0          0 
      63      28          2          0 
      63      29          2          0 
      63      30          2          0 
      63      31          0          0 
      63      32          0          0 
      63      33          0          0 
      63      34          0          0 
      63      35          0          0 
      63      36          0          0 
      63      37          0          0 
      63      38          0          0 
      63      39          0          0 
      63      40          0          0 
      63      41          0          0 
      63      42          0          0 
      63      43          0          0 
      63      44          0          0 
      63      45          0          0 
      63      46          0          0 
      63      47          0          0 
      63      48          0          0 
      63      49          0          0 
      63      50          0          0 
      63      51          0          0 
      63      52          0          0 
      63      53          0          0 
      63      54          0          0 
      63      55          0          0 
      63      56          0          0 
      63      57          0          0 
      63      58          0          0 
      63      59          0          0 
      63      60          0          0 
      63      61          8          1 
      63      62          8          1 
      63      63         26          5 
      63      64          1          0 
      63      65          1          0 
      63      66          1          0 
      63      67          0          0 
      63      68          0          0 
      63      69          0          0 
      63      70          1          1 
      63      71          1          1 
      63      72          1          1 
      63      73          0          0 
      63      74          0          0 
      63      75          0          0 
      63      76          1          0 
      63      77          1          0 
      63      78          1          0 
      63      79          0          0 
      63      80          0          0 
      63      81          0          0 
      63      82          1          1 
      63      83          1          1 
      63      84          1          1 
      63      85          0          0 
      63      86          0          0 
      63      87          0          0 
      63      88          0          0 
      63      89          0          0 
      63      90          0          0 
      63      91          0          0 
      63      92          0          0 
      63      93          0          0 
      63      94          0          0 
      63      95          0          0 
      63      96          0          0 
      63      97          0          0 
      63      98          0          0 
      63      99          0          0 
      63     100          2          0 
      63     101          2          0 
      63     102          1          1 
      63     103          0          0 
      63     104          0          0 
      63     105          0          0 
      63     106          0          0 
      63     107          0          0 
      63     108          0          0 
      63     109          0          0 
      63     110          0          0 
      63     111          0          0 
      63     112          0          0 
      63     113          0          0 
      63     114          0          0 
      63     115          1          0 
      63     116          1          0 
      63     117          1          0 
      63     118          0          0 
      63     119          0          0 
      63     120          0          0 
      63     121          1          1 
      63     122          1          1 
      63     123          1          1 
      63     124          0          0 
      63     125          0          0 
      63     126          0          0 
      63     127          0          0 
      63     128          0          0 
      63     129          0          0 
      63     130          0          0 
      63     131          0          0 
      63     132          0          0 
      63     133          0          0 
      63     134          0          0 
      63     135          0          0 
      63     136          0          0 
      63     137          0          0 
      63     138          0          0 
      63     139          0          0 
      63     140          0          0 
      63     141          0          0 
      63     142          0          0 
      63     143          0          0 
      63     144          0          0 
      64       1          1          0 
      64       2          1          0 
      64       3          0          0 
      64       4          7          1 
      64       5          1          0 
      64       6          0          0 
      64       7          8          1 
      64       8          0          0 
      64       9          0          0 
      64      10          0          0 
      64      11          0          0 
      64      12          0          0 
      64      13          9          1 
      64      14          0          0 
      64      15          0          0 
      64      16          7          1 
      64      17          0          0 
      64      18          0          0 
      64      19          0          0 
      64      20          0          0 
      64      21          0          0 
      64      22          0          0 
      64      23          0          0 
      64      24          0          0 
      64      25          2          0 
      64      26          0          0 
      64      27          0          0 
      64      28          2          0 
      64      29          0          0 
      64      30          0          0 
      64      31          0          0 
      64      32          0          0 
      64      33          0          0 
      64      34          0          0 
      64      35          0          0 
      64      36          0          0 
      64      37          0          0 
      64      38          0          0 
      64      39          0          0 
      64      40          0          0 
      64      41          0          0 
      64      42          0          0 
      64      43          0          0 
      64      44          0          0 
      64      45          0          0 
      64      46          0          0 
      64      47          0          0 
      64      48          0          0 
      64      49          0          0 
      64      50          0          0 
      64      51          0          0 
      64      52          0          0 
      64      53          0          0 
      64      54          0          0 
      64      55          0          0 
      64      56          0          0 
      64      57          0          0 
      64      58          0          0 
      64      59          0          0 
      64      60          0          0 
      64      61          9          1 
      64      62          0          0 
      64      63          0          0 
      64      64         26          5 
      64      65          1          1 
      64      66          1          1 
      64      67          1          1 
      64      68          1          1 
      64      69          0          0 
      64      70          1          1 
      64      71          0          0 
      64      72          0          0 
      64      73          1          1 
      64      74          0          0 
      64      75          0          0 
      64      76          1          1 
      64      77          0          0 
      64      78          0          0 
      64      79          0          0 
      64      80          0          0 
      64      81          0          0 
      64      82          0          0 
      64      83          0          0 
      64      84          0          0 
      64      85          1          1 
      64      86          1          1 
      64      87          1          1 
      64      88          0          0 
      64      89          0          0 
      64      90          0          0 
      64      91          0          0 
      64      92          0          0 
      64      93          0          0 
      64      94          1          1 
      64      95          0          0 
      64      96          0          0 
      64      97          0          0 
      64      98          0          0 
      64      99          0          0 
      64     100          2          0 
      64     101          0          0 
      64     102          0          0 
      64     103          1          1 
      64     104          0          0 
      64     105          0          0 
      64     106          0          0 
      64     107          0          0 
      64     108          0          0 
      64     109          0          0 
      64     110          0          0 
      64     111          0          0 
      64     112          0          0 
      64     113          0          0 
      64     114          0          0 
      64     115          1          1 
      64     116          0          0 
      64     117          0          0 
      64     118          0          0 
      64     119          0          0 
      64     120          0          0 
      64     121          0          0 
      64     122          0          0 
      64     123          0          0 
      64     124          1          1 
      64     125          1          1 
      64     126          1          1 
      64     127          0          0 
      64     128          0          0 
      64     129          0          0 
      64     130          0          0 
      64     131          0          0 
      64     132          0          0 
      64     133          1          1 
      64     134          0          0 
      64     135          0          0 
      64     136          0          0 
      64     137          0          0 
      64     138          0          0 
      64     139          0          0 
      64     140          0          0 
      64     141          0          0 
      64     142          0          0 
      64     143          0          0 
      64     144          0          0 
      65       1          1          0 
      65       2          0          0 
      65       3          1          0 
      65       4          7          1 
      65       5          1          0 
      65       6          1          0 
      65       7          2          0 
      65       8          8          1 
      65       9          0          0 
      65      10          0          0 
      65      11          0          0 
      65      12          0          0 
      65      13          1          0 
      65      14          9          1 
      65      15          0          0 
      65      16          2          0 
      65      17          7          1 
      65      18          0          0 
      65      19          0          0 
      65      20          0          0 
      65      21          0          0 
      65      22          0          0 
      65      23          0          0 
      65      24          0          0 
      65      25          2          0 
      65      26          0          0 
      65      27          0          0 
      65      28          0          0 
      65      29          2          0 
      65      30          0          0 
      65      31          0          0 
      65      32          0          0 
      65      33          0          0 
      65      34          2          0 
      65      35          0          0 
      65      36          0          0 
      65      37          0          0 
      65      38          0          0 
      65      39          0          0 
      65      40          0          0 
      65      41          0          0 
      65      42          0          0 
      65      43          2          0 
      65      44          0          0 
      65      45          0          0 
      65      46          0          0 
      65      47          0          0 
      65      48          0          0 
      65      49          0          0 
      65      50          0          0 
      65      51          0          0 
      65      52          0          0 
      65      53          0          0 
      65      54          0          0 
      65      55          0          0 
      65      56          0          0 
      65      57          0          0 
      65      58          0          0 
      65      59          0          0 
      65      60          0          0 
      65      61          1          0 
      65      62          9          1 
      65      63          0          0 
      65      64          8          1 
      65      65         26          5 
      65      66          1          0 
      65      67          0          0 
      65      68          1          1 
      65      69          1          1 
      65      70          1          1 
      65      71          0          0 
      65      72          0          0 
      65      73          1          1 
      65      74          0          0 
      65      75          0          0 
      65      76          1          0 
      65      77          1          1 
      65      78          0          0 
      65      79          0          0 
      65      80          0          0 
      65      81          0          0 
      65      82          0          0 
      65      83          0          0 
      65      84          0          0 
      65      85          1          0 
      65      86          0          0 
      65      87          1          1 
      65      88          1          1 
      65      89          0          0 
      65      90          0          0 
      65      91          0          0 
      65      92          0          0 
      65      93          0          0 
      65      94          1          1 
      65      95          0          0 
      65      96          0          0 
      65      97          0          0 
      65      98          0          0 
      65      99          0          0 
      65     100          0          0 
      65     101          2          0 
      65     102          0          0 
      65     103          2          0 
      65     104          1          1 
      65     105          0          0 
      65     106          0          0 
      65     107          0          0 
      65     108          0          0 
      65     109          0          0 
      65     110          0          0 
      65     111          0          0 
      65     112          0          0 
      65     113          0          0 
      65     114          0          0 
      65     115          1          0 
      65     116          1          1 
      65     117          0          0 
      65     118          0          0 
      65     119          0          0 
      65     120          0          0 
      65     121          0          0 
      65     122          0          0 
      65     123          0          0 
      65     124          1          0 
      65     125          0          0 
      65     126          1          1 
      65     127          1          1 
      65     128          0          0 
      65     129          0          0 
      65     130          0          0 
      65     131          0          0 
      65     132          0          0 
      65     133          1          1 
      65     134          0          0 
      65     135          0          0 
      65     136          0          0 
      65     137          0          0 
      65     138          0          0 
      65     139          0          0 
      65     140          0          0 
      65     141          0          0 
      65     142          0          0 
      65     143          0          0 
      65     144          0          0 
      66       1          1          0 
      66       2          1          0 
      66       3          0          0 
      66       4          1          0 
      66       5          7          1 
      66       6          0          0 
      66       7          8          1 
      66       8          0          0 
      66       9          7          1 
      66      10          0          0 
      66      11          0          0 
      66      12          0          0 
      66      13          9          1 
      66      14          0          0 
      66      15          0          0 
      66      16          1          0 
      66      17          0          0 
      66      18          7          1 
      66      19          0          0 
      66      20          0          0 
      66      21          0          0 
      66      22          0          0 
      66      23          0          0 
      66      24          0          0 
      66      25          0          0 
      66      26          2          0 
      66      27          0          0 
      66      28          2          0 
      66      29          0          0 
      66      30          2          0 
      66      31          0          0 
      66      32          0          0 
      66      33          0          0 
      66      34          2          0 
      66      35          0          0 
      66      36          0          0 
      66      37          0          0 
      66      38          0          0 
      66      39          0          0 
      66      40          0          0 
      66      41          0          0 
      66      42          0          0 
      66      43          2          0 
      66      44          0          0 
      66      45          0          0 
      66      46          0          0 
      66      47          0          0 
      66      48          0          0 
      66      49          0          0 
      66      50          0          0 
      66      51          0          0 
      66      52          0          0 
      66      53          0          0 
      66      54          0          0 
      66      55          0          0 
      66      56          0          0 
      66      57          0          0 
      66      58          0          0 
      66      59          0          0 
      66      60          0          0 
      66      61          9          1 
      66      62          0          0 
      66      63          0          0 
      66      64          9          1 
      66      65          0          0 
      66      66         26          5 
      66      67          1          1 
      66      68          1          1 
      66      69          0          0 
      66      70          0          0 
      66      71          1          1 
      66      72          0          0 
      66      73          0          0 
      66      74          1          1 
      66      75          0          0 
      66      76          2          0 
      66      77          0          0 
      66      78          1          1 
      66      79          0          0 
      66      80          0          0 
      66      81          0          0 
      66      82          0          0 
      66      83          0          0 
      66      84          0          0 
      66      85          1          1 
      66      86          0          0 
      66      87          0          0 
      66      88          0          0 
      66      89          1          1 
      66      90          0          0 
      66      91          1          1 
      66      92          0          0 
      66      93          0          0 
      66      94          0          0 
      66      95          1          1 
      66      96          0          0 
      66      97          0          0 
      66      98          0          0 
      66      99          0          0 
      66     100          2          0 
      66     101          0          0 
      66     102          0          0 
      66     103          2          0 
      66     104          0          0 
      66     105          1          1 
      66     106          0          0 
      66     107          0          0 
      66     108          0          0 
      66     109          0          0 
      66     110          0          0 
      66     111          0          0 
      66     112          0          0 
      66     113          0          0 
      66     114          0          0 
      66     115          2          0 
      66     116          0          0 
      66     117          1          1 
      66     118          0          0 
      66     119          0          0 
      66     120          0          0 
      66     121          0          0 
      66     122          0          0 
      66     123          0          0 
      66     124          1          1 
      66     125          0          0 
      66     126          0          0 
      66     127          0          0 
      66     128          1          1 
      66     129          0          0 
      66     130          1          1 
      66     131          0          0 
      66     132          0          0 
      66     133          0          0 
      66     134          1          1 
      66     135          0          0 
      66     136          0          0 
      66     137          0          0 
      66     138          0          0 
      66     139          0          0 
      66     140          0          0 
      66     141          0          0 
      66     142          0          0 
      66     143          0          0 
      66     144          0          0 
      67       1          1          0 
      67       2          1          0 
      67       3          0          0 
      67       4          1          0 
      67       5          8          1 
      67       6          8          1 
      67       7          9          1 
      67       8          1          0 
      67       9          1          0 
      67      10          8          1 
      67      11          1          0 
      67      12          0          0 
      67      13         10          1 
      67      14          1          0 
      67      15          1          0 
      67      16          1          0 
      67      17          0          0 
      67      18          1          0 
      67      19          8          1 
      67      20          1          0 
      67      21          0          0 
      67      22          1          0 
      67      23          0          0 
      67      24          0          0 
      67      25          0          0 
      67      26          2          0 
      67      27          2          0 
      67      28          2          0 
      67      29          0          0 
      67      30          0          0 
      67      31          2          0 
      67      32          0          0 
      67      33          0          0 
      67      34          2          0 
      67      35          2          0 
      67      36          0          0 
      67      37          2          0 
      67      38          0          0 
      67      39          0          0 
      67      40          0          0 
      67      41          0          0 
      67      42          0          0 
      67      43          2          0 
      67      44          0          0 
      67      45          2          0 
      67      46          0          0 
      67      47          0          0 
      67      48          0          0 
      67      49          0          0 
      67      50          0          0 
      67      51          0          0 
      67      52          0          0 
      67      53          0          0 
      67      54          0          0 
      67      55          0          0 
      67      56          0          0 
      67      57          0          0 
      67      58          0          0 
      67      59          0          0 
      67      60          0          0 
      67      61         10          1 
      67      62          1          0 
      67      63          1          0 
      67      64         10          1 
      67      65          1          0 
      67      66         10          1 
      67      67         36          6 
      67      68          3          0 
      67      69          1          1 
      67      70          2          0 
      67      71          0          0 
      67      72          1          1 
      67      73          0          0 
      67      74          0          0 
      67      75          1          1 
      67      76          2          0 
      67      77          0          0 
      67      78          2          0 
      67      79          1          1 
      67      80          0          0 
      67      81          0          0 
      67      82          0          0 
      67      83          0          0 
      67      84          0          0 
      67      85          2          0 
      67      86          1          1 
      67      87          0          0 
      67      88          0          0 
      67      89          1          1 
      67      90          1          1 
      67      91          0          0 
      67      92          1          1 
      67      93          0          0 
      67      94          0          0 
      67      95          0          0 
      67      96          1          1 
      67      97          0          0 
      67      98          0          0 
      67      99          0          0 
      67     100          2          0 
      67     101          0          0 
      67     102          0          0 
      67     103          2          0 
      67     104          0          0 
      67     105          2          0 
      67     106          1          1 
      67     107          0          0 
      67     108          0          0 
      67     109          0          0 
      67     110          0          0 
      67     111          0          0 
      67     112          0          0 
      67     113          0          0 
      67     114          0          0 
      67     115          2          0 
      67     116          0          0 
      67     117          2          0 
      67     118          1          1 
      67     119          0          0 
      67     120          0          0 
      67     121          0          0 
      67     122          0          0 
      67     123          0          0 
      67     124          2          0 
      67     125          1          1 
      67     126          0          0 
      67     127          0          0 
      67     128          1          1 
      67     129          1          1 
      67     130          0          0 
      67     131          1          1 
      67     132          0          0 
      67     133          0          0 
      67     134          0          0 
      67     135          1          1 
      67     136          0          0 
      67     137          0          0 
      67     138          0          0 
      67     139          0          0 
      67     140          0          0 
      67     141          0          0 
      67     142          0          0 
      67     143          0          0 
      67     144          0          0 
      68       1          2          0 
      68       2          1          0 
      68       3          1          0 
      68       4          2          0 
      68       5          8          1 
      68       6          1          0 
      68       7          9          1 
      68       8          9          1 
      68       9          2          0 
      68      10          1          0 
      68      11          9          1 
      68      12          0          0 
      68      13         10          1 
      68      14         10          1 
      68      15          2          0 
      68      16          1          0 
      68      17          1          0 
      68      18          2          0 
      68      19          1          0 
      68      20          9          1 
      68      21          0          0 
      68      22          2          0 
      68      23          0          0 
      68      24          0          0 
      68      25          0          0 
      68      26          2          0 
      68      27          0          0 
      68      28          2          0 
      68      29          2          0 
      68      30          0          0 
      68      31          0          0 
      68      32          2          0 
      68      33          0          0 
      68      34          2          0 
      68      35          0          0 
      68      36          0          0 
      68      37          2          0 
      68      38          0          0 
      68      39          0          0 
      68      40          0          0 
      68      41          0          0 
      68      42          0          0 
      68      43          2          0 
      68      44          2          0 
      68      45          2          0 
      68      46          0          0 
      68      47          0          0 
      68      48          0          0 
      68      49          0          0 
      68      50          0          0 
      68      51          0          0 
      68      52          0          0 
      68      53          0          0 
      68      54          0          0 
      68      55          0          0 
      68      56          0          0 
      68      57          0          0 
      68      58          0          0 
      68      59          0          0 
      68      60          0          0 
      68      61         10          1 
      68      62         10          1 
      68      63          2          0 
      68      64         10          1 
      68      65         10          1 
      68      66         10          1 
      68      67          0          0 
      68      68         36          6 
      68      69          1          1 
      68      70          4          0 
      68      71          1          1 
      68      72          1          1 
      68      73          0          0 
      68      74          1          1 
      68      75          1          1 
      68      76          2          0 
      68      77          2          0 
      68      78          2          0 
      68      79          0          0 
      68      80          1          1 
      68      81          0          0 
      68      82          0          0 
      68      83          0          0 
      68      84          0          0 
      68      85          2          0 
      68      86          0          0 
      68      87          1          1 
      68      88          0          0 
      68      89          0          0 
      68      90          1          1 
      68      91          1          1 
      68      92          1          1 
      68      93          0          0 
      68      94          0          0 
      68      95          1          1 
      68      96          1          1 
      68      97          0          0 
      68      98          0          0 
      68      99          0          0 
      68     100          2          0 
      68     101          2          0 
      68     102          0          0 
      68     103          2          0 
      68     104          2          0 
      68     105          2          0 
      68     106          0          0 
      68     107          1          1 
      68     108          0          0 
      68     109          0          0 
      68     110          0          0 
      68     111          0          0 
      68     112          0          0 
      68     113          0          0 
      68     114          0          0 
      68     115          2          0 
      68     116          2          0 
      68     117          2          0 
      68     118          0          0 
      68     119          1          1 
      68     120          0          0 
      68     121          0          0 
      68     122          0          0 
      68     123          0          0 
      68     124          2          0 
      68     125          0          0 
      68     126          1          1 
      68     127          0          0 
      68     128          0          0 
      68     129          1          1 
      68     130          1          1 
      68     131          1          1 
      68     132          0          0 
      68     133          0          0 
      68     134          1          1 
      68     135          1          1 
      68     136          0          0 
      68     137          0          0 
      68     138          0          0 
      68     139          0          0 
      68     140          0          0 
      68     141          0          0 
      68     142          0          0 
      68     143          0          0 
      68     144          0          0 
      69       1          1          0 
      69       2          0          0 
      69       3          1          0 
      69       4          1          0 
      69       5          1          0 
      69       6          7          1 
      69       7          1          0 
      69       8          8          1 
      69       9          0          0 
      69      10          2          0 
      69      11          2          0 
      69      12          7          1 
      69      13          1          0 
      69      14          9          1 
      69      15          1          0 
      69      16          0          0 
      69      17          1          0 
      69      18          0          0 
      69      19          2          0 
      69      20          2          0 
      69      21          7          1 
      69      22          1          0 
      69      23          0          0 
      69      24          0          0 
      69      25          0          0 
      69      26          0          0 
      69      27          2          0 
      69      28          0          0 
      69      29          2          0 
      69      30          0          0 
      69      31          0          0 
      69      32          0          0 
      69      33          2          0 
      69      34          0          0 
      69      35          2          0 
      69      36          2          0 
      69      37          0          0 
      69      38          2          0 
      69      39          2          0 
      69      40          0          0 
      69      41          0          0 
      69      42          0          0 
      69      43          0          0 
      69      44          2          0 
      69      45          0          0 
      69      46          2          0 
      69      47          2          0 
      69      48          0          0 
      69      49          2          0 
      69      50          0          0 
      69      51          0          0 
      69      52          0          0 
      69      53          0          0 
      69      54          0          0 
      69      55          0          0 
      69      56          0          0 
      69      57          0          0 
      69      58          0          0 
      69      59          0          0 
      69      60          0          0 
      69      61          1          0 
      69      62          9          1 
      69      63          1          0 
      69      64          1          0 
      69      65          9          1 
      69      66          1          0 
      69      67          8          1 
      69      68         10          1 
      69      69         26          5 
      69      70          2          0 
      69      71          1          0 
      69      72          1          1 
      69      73          1          0 
      69      74          1          0 
      69      75          1          1 
      69      76          0          0 
      69      77          2          0 
      69      78          0          0 
      69      79          1          0 
      69      80          2          0 
      69      81          1          1 
      69      82          1          0 
      69      83          0          0 
      69      84          0          0 
      69      85          0          0 
      69      86          1          0 
      69      87          2          0 
      69      88          1          1 
      69      89          1          0 
      69      90          1          1 
      69      91          1          0 
      69      92          1          1 
      69      93          0          0 
      69      94          1          0 
      69      95          1          0 
      69      96          1          1 
      69      97          0          0 
      69      98          0          0 
      69      99          0          0 
      69     100          0          0 
      69     101          2          0 
      69     102          0          0 
      69     103          0          0 
      69     104          2          0 
      69     105          0          0 
      69     106          2          0 
      69     107          2          0 
      69     108          1          1 
      69     109          0          0 
      69     110          0          0 
      69     111          0          0 
      69     112          0          0 
      69     113          0          0 
      69     114          0          0 
      69     115          0          0 
      69     116          2          0 
      69     117          0          0 
      69     118          1          0 
      69     119          2          0 
      69     120          1          1 
      69     121          1          0 
      69     122          0          0 
      69     123          0          0 
      69     124          0          0 
      69     125          1          0 
      69     126          2          0 
      69     127          1          1 
      69     128          1          0 
      69     129          1          1 
      69     130          1          0 
      69     131          1          1 
      69     132          0          0 
      69     133          1          0 
      69     134          1          0 
      69     135          1          1 
      69     136          0          0 
      69     137          0          0 
      69     138          0          0 
      69     139          0          0 
      69     140          0          0 
      69     141          0          0 
      69     142          0          0 
      69     143          0          0 
      69     144          0          0 
      70       1          2          0 
      70       2          2          0 
      70       3          2          0 
      70       4          2          0 
      70       5          0          0 
      70       6          0          0 
      70       7          8          1 
      70       8          8          1 
      70       9          1          0 
      70      10          1          0 
      70      11          2          0 
      70      12          0          0 
      70      13          9          1 
      70      14          9          1 
      70      15         10          1 
      70      16          2          0 
      70      17          2          0 
      70      18          1          0 
      70      19          1          0 
      70      20          2          0 
      70      21          0          0 
      70      22         10          1 
      70      23          0          0 
      70      24          0          0 
      70      25          0          0 
      70      26          0          0 
      70      27          0          0 
      70      28          2          0 
      70      29          2          0 
      70      30          0          0 
      70      31          0          0 
      70      32          0          0 
      70      33          0          0 
      70      34          0          0 
      70      35          0          0 
      70      36          0          0 
      70      37          2          0 
      70      38          0          0 
      70      39          0          0 
      70      40          0          0 
      70      41          0          0 
      70      42          0          0 
      70      43          2          0 
      70      44          2          0 
      70      45          2          0 
      70      46          0          0 
      70      47          0          0 
      70      48          0          0 
      70      49          0          0 
      70      50          0          0 
      70      51          0          0 
      70      52          0          0 
      70      53          0          0 
      70      54          0          0 
      70      55          0          0 
      70      56          0          0 
      70      57          0          0 
      70      58          0          0 
      70      59          0          0 
      70      60          0          0 
      70      61          9          1 
      70      62          9          1 
      70      63         10          1 
      70      64          9          1 
      70      65          9          1 
      70      66          2          0 
      70      67          0          0 
      70      68          0          0 
      70      69          0          0 
      70      70         36          6 
      70      71          1          1 
      70      72          1          1 
      70      73          1          1 
      70      74          1          1 
      70      75          1          1 
      70      76          2          0 
      70      77          2          0 
      70      78          1          0 
      70      79          0          0 
      70      80          0          0 
      70      81          0          0 
      70      82          1          1 
      70      83          0          0 
      70      84          0          0 
      70      85          1          0 
      70      86          0          0 
      70      87          0          0 
      70      88          0          0 
      70      89          0          0 
      70      90          0          0 
      70      91          1          1 
      70      92          1          1 
      70      93          0          0 
      70      94          1          1 
      70      95          1          1 
      70      96          1          1 
      70      97          0          0 
      70      98          0          0 
      70      99          0          0 
      70     100          2          0 
      70     101          2          0 
      70     102          2          0 
      70     103          2          0 
      70     104          2          0 
      70     105          0          0 
      70     106          0          0 
      70     107          0          0 
      70     108          0          0 
      70     109          1          1 
      70     110          0          0 
      70     111          0          0 
      70     112          0          0 
      70     113          0          0 
      70     114          0          0 
      70     115          2          0 
      70     116          2          0 
      70     117          1          0 
      70     118          0          0 
      70     119          0          0 
      70     120          0          0 
      70     121          1          1 
      70     122          0          0 
      70     123          0          0 
      70     124          1          0 
      70     125          0          0 
      70     126          0          0 
      70     127          0          0 
      70     128          0          0 
      70     129          0          0 
      70     130          1          1 
      70     131          1          1 
      70     132          0          0 
      70     133          1          1 
      70     134          1          1 
      70     135          1          1 
      70     136          0          0 
      70     137          0          0 
      70     138          0          0 
      70     139          0          0 
      70     140          0          0 
      70     141          0          0 
      70     142          0          0 
      70     143          0          0 
      70     144          0          0 
      71       1          0          0 
      71       2          1          0 
      71       3          1          0 
      71       4          0          0 
      71       5          2          0 
      71       6          0          0 
      71       7          2          0 
      71       8          1          0 
      71       9          7          1 
      71      10          1          0 
      71      11          8          1 
      71      12          0          0 
      71      13          1          0 
      71      14          1          0 
      71      15          9          1 
      71      16          0          0 
      71      17          0          0 
      71      18          2          0 
      71      19          0          0 
      71      20          2          0 
      71      21          0          0 
      71      22          2          0 
      71      23          7          1 
      71      24          0          0 
      71      25          0          0 
      71      26          0          0 
      71      27          0          0 
      71      28          0          0 
      71      29          0          0 
      71      30          2          0 
      71      31          0          0 
      71      32          2          0 
      71      33          0          0 
      71      34          0          0 
      71      35          0          0 
      71      36          0          0 
      71      37          2          0 
      71      38          0          0 
      71      39          2          0 
      71      40          0          0 
      71      41          0          0 
      71      42          0          0 
      71      43          0          0 
      71      44          0          0 
      71      45          2          0 
      71      46          0          0 
      71      47          2          0 
      71      48          0          0 
      71      49          2          0 
      71      50          0          0 
      71      51          0          0 
      71      52          0          0 
      71      53          0          0 
      71      54          0          0 
      71      55          0          0 
      71      56          0          0 
      71      57          0          0 
      71      58          0          0 
      71      59          0          0 
      71      60          0          0 
      71      61          1          0 
      71      62          1          0 
      71      63          9          1 
      71      64          1          0 
      71      65          1          0 
      71      66          8          1 
      71      67          1          0 
      71      68          9          1 
      71      69          0          0 
      71      70         10          1 
      71      71         26          5 
      71      72          1          1 
      71      73          1          0 
      71      74          1          1 
      71      75          0          0 
      71      76          0          0 
      71      77          0          0 
      71      78          1          0 
      71      79          0          0 
      71      80          1          0 
      71      81          0          0 
      71      82          2          0 
      71      83          1          1 
      71      84          0          0 
      71      85          1          0 
      71      86          0          0 
      71      87          1          0 
      71      88          0          0 
      71      89          0          0 
      71      90          0          0 
      71      91          1          1 
      71      92          0          0 
      71      93          1          1 
      71      94          1          0 
      71      95          1          1 
      71      96          0          0 
      71      97          0          0 
      71      98          0          0 
      71      99          0          0 
      71     100          0          0 
      71     101          0          0 
      71     102          2          0 
      71     103          0          0 
      71     104          0          0 
      71     105          2          0 
      71     106          0          0 
      71     107          2          0 
      71     108          0          0 
      71     109          2          0 
      71     110          1          1 
      71     111          0          0 
      71     112          0          0 
      71     113          0          0 
      71     114          0          0 
      71     115          0          0 
      71     116          0          0 
      71     117          1          0 
      71     118          0          0 
      71     119          1          0 
      71     120          0          0 
      71     121          2          0 
      71     122          1          1 
      71     123          0          0 
      71     124          1          0 
      71     125          0          0 
      71     126          1          0 
      71     127          0          0 
      71     128          0          0 
      71     129          0          0 
      71     130          1          1 
      71     131          0          0 
      71     132          1          1 
      71     133          1          0 
      71     134          1          1 
      71     135          0          0 
      71     136          0          0 
      71     137          0          0 
      71     138          0          0 
      71     139          0          0 
      71     140          0          0 
      71     141          0          0 
      71     142          0          0 
      71     143          0          0 
      71     144          0          0 
      72       1          0          0 
      72       2          1          0 
      72       3          1          0 
      72       4          0          0 
      72       5          0          0 
      72       6          2          0 
      72       7          1          0 
      72       8          2          0 
      72       9          1          0 
      72      10          7          1 
      72      11          8          1 
      72      12          7          1 
      72      13          1          0 
      72      14          1          0 
      72      15          9          1 
      72      16          0          0 
      72      17          0          0 
      72      18          0          0 
      72      19          2          0 
      72      20          2          0 
      72      21          2          0 
      72      22          2          0 
      72      23          1          0 
      72      24          7          1 
      72      25          0          0 
      72      26          0          0 
      72      27          0          0 
      72      28          0          0 
      72      29          0          0 
      72      30          0          0 
      72      31          2          0 
      72      32          2          0 
      72      33          2          0 
      72      34          0          0 
      72      35          0          0 
      72      36          0          0 
      72      37          0          0 
      72      38          2          0 
      72      39          2          0 
      72      40          2          0 
      72      41          2          0 
      72      42          0          0 
      72      43          0          0 
      72      44          0          0 
      72      45          0          0 
      72      46          2          0 
      72      47          2          0 
      72      48          2          0 
      72      49          2          0 
      72      50          2          0 
      72      51          0          0 
      72      52          0          0 
      72      53          0          0 
      72      54          0          0 
      72      55          0          0 
      72      56          0          0 
      72      57          0          0 
      72      58          0          0 
      72      59          0          0 
      72      60          0          0 
      72      61          1          0 
      72      62          1          0 
      72      63          9          1 
      72      64          1          0 
      72      65          1          0 
      72      66          1          0 
      72      67          8          1 
      72      68          9          1 
      72      69          8          1 
      72      70         10          1 
      72      71          9          1 
      72      72         26          5 
      72      73          1          0 
      72      74          1          0 
      72      75          1          1 
      72      76          0          0 
      72      77          0          0 
      72      78          0          0 
      72      79          1          0 
      72      80          1          0 
      72      81          1          0 
      72      82          2          0 
      72      83          2          0 
      72      84          1          1 
      72      85          0          0 
      72      86          1          0 
      72      87          1          0 
      72      88          1          0 
      72      89          1          0 
      72      90          0          0 
      72      91          2          0 
      72      92          1          1 
      72      93          1          1 
      72      94          1          0 
      72      95          1          0 
      72      96          1          1 
      72      97          0          0 
      72      98          0          0 
      72      99          0          0 
      72     100          0          0 
      72     101          0          0 
      72     102          2          0 
      72     103          0          0 
      72     104          0          0 
      72     105          0          0 
      72     106          2          0 
      72     107          2          0 
      72     108          2          0 
      72     109          2          0 
      72     110          2          0 
      72     111          1          1 
      72     112          0          0 
      72     113          0          0 
      72     114          0          0 
      72     115          0          0 
      72     116          0          0 
      72     117          0          0 
      72     118          1          0 
      72     119          1          0 
      72     120          1          0 
      72     121          2          0 
      72     122          2          0 
      72     123          1          1 
      72     124          0          0 
      72     125          1          0 
      72     126          1          0 
      72     127          1          0 
      72     128          1          0 
      72     129          0          0 
      72     130          2          0 
      72     131          1          1 
      72     132          1          1 
      72     133          1          0 
      72     134          1          0 
      72     135          1          1 
      72     136          0          0 
      72     137          0          0 
      72     138          0          0 
      72     139          0          0 
      72     140          0          0 
      72     141          0          0 
      72     142          0          0 
      72     143          0          0 
      72     144          0          0 
      73       1          0          0 
      73       2          0          0 
      73       3          0          0 
      73       4          2          0 
      73       5          0          0 
      73       6          0          0 
      73       7          2          0 
      73       8          2          0 
      73       9          0          0 
      73      10          0          0 
      73      11          0          0 
      73      12          0          0 
      73      13          2          0 
      73      14          2          0 
      73      15          1          0 
      73      16          7          1 
      73      17          7          1 
      73      18          1          0 
      73      19          1          0 
      73      20          2          0 
      73      21          0          0 
      73      22          9          1 
      73      23          0          0 
      73      24          0          0 
      73      25          0          0 
      73      26          0          0 
      73      27          0          0 
      73      28          0          0 
      73      29          0          0 
      73      30          0          0 
      73      31          0          0 
      73      32          0          0 
      73      33          0          0 
      73      34          0          0 
      73      35          0          0 
      73      36          0          0 
      73      37          0          0 
      73      38          0          0 
      73      39          0          0 
      73      40          0          0 
      73      41          0          0 
      73      42          0          0 
      73      43          2          0 
      73      44          2          0 
      73      45          0          0 
      73      46          0          0 
      73      47          0          0 
      73      48          0          0 
      73      49          2          0 
      73      50          0          0 
      73      51          0          0 
      73      52          2          0 
      73      53          0          0 
      73      54          0          0 
      73      55          0          0 
      73      56          0          0 
      73      57          0          0 
      73      58          0          0 
      73      59          0          0 
      73      60          0          0 
      73      61          1          0 
      73      62          1          0 
      73      63          1          0 
      73      64          8          1 
      73      65          8          1 
      73      66          1          0 
      73      67          1          0 
      73      68          2          0 
      73      69          0          0 
      73      70         10          1 
      73      71          0          0 
      73      72          0          0 
      73      73         26          5 
      73      74          1          1 
      73      75          1          1 
      73      76          1          0 
      73      77          1          0 
      73      78          0          0 
      73      79          0          0 
      73      80          0          0 
      73      81          0          0 
      73      82          1          0 
      73      83          0          0 
      73      84          0          0 
      73      85          1          0 
      73      86          0          0 
      73      87          0          0 
      73      88          0          0 
      73      89          0          0 
      73      90          0          0 
      73      91          0          0 
      73      92          0          0 
      73      93          0          0 
      73      94          1          1 
      73      95          0          0 
      73      96          0          0 
      73      97          1          1 
      73      98          1          1 
      73      99          0          0 
      73     100          0          0 
      73     101          0          0 
      73     102          0          0 
      73     103          2          0 
      73     104          2          0 
      73     105          0          0 
      73     106          0          0 
      73     107          0          0 
      73     108          0          0 
      73     109          2          0 
      73     110          0          0 
      73     111          0          0 
      73     112          1          1 
      73     113          0          0 
      73     114          0          0 
      73     115          1          0 
      73     116          1          0 
      73     117          0          0 
      73     118          0          0 
      73     119          0          0 
      73     120          0          0 
      73     121          1          0 
      73     122          0          0 
      73     123          0          0 
      73     124          1          0 
      73     125          0          0 
      73     126          0          0 
      73     127          0          0 
      73     128          0          0 
      73     129          0          0 
      73     130          0          0 
      73     131          0          0 
      73     132          0          0 
      73     133          1          1 
      73     134          0          0 
      73     135          0          0 
      73     136          1          1 
      73     137          1          1 
      73     138          0          0 
      73     139          0          0 
      73     140          0          0 
      73     141          0          0 
      73     142          0          0 
      73     143          0          0 
      73     144          0          0 
      74       1          0          0 
      74       2          0          0 
      74       3          0          0 
      74       4          0          0 
      74       5          2          0 
      74       6          0          0 
      74       7          2          0 
      74       8          0          0 
      74       9          2          0 
      74      10          0          0 
      74      11          2          0 
      74      12          0          0 
      74      13          2          0 
      74      14          1          0 
      74      15          2          0 
      74      16          1          0 
      74      17          1          0 
      74      18          7          1 
      74      19          1          0 
      74      20          8          1 
      74      21          0          0 
      74      22          9          1 
      74      23          7          1 
      74      24          0          0 
      74      25          0          0 
      74      26          0          0 
      74      27          0          0 
      74      28          0          0 
      74      29          0          0 
      74      30          0          0 
      74      31          0          0 
      74      32          0          0 
      74      33          0          0 
      74      34          0          0 
      74      35          0          0 
      74      36          0          0 
      74      37          0          0 
      74      38          0          0 
      74      39          0          0 
      74      40          0          0 
      74      41          0          0 
      74      42          0          0 
      74      43          0          0 
      74      44          0          0 
      74      45          2          0 
      74      46          0          0 
      74      47          2          0 
      74      48          0          0 
      74      49          2          0 
      74      50          2          0 
      74      51          0          0 
      74      52          2          0 
      74      53          0          0 
      74      54          2          0 
      74      55          0          0 
      74      56          0          0 
      74      57          0          0 
      74      58          0          0 
      74      59          0          0 
      74      60          0          0 
      74      61          1          0 
      74      62          1          0 
      74      63          1          0 
      74      64          1          0 
      74      65          1          0 
      74      66          8          1 
      74      67          1          0 
      74      68          9          1 
      74      69          0          0 
      74      70         10          1 
      74      71          8          1 
      74      72          0          0 
      74      73          9          1 
      74      74         26          5 
      74      75          1          1 
      74      76          0          0 
      74      77          0          0 
      74      78          1          0 
      74      79          0          0 
      74      80          1          0 
      74      81          0          0 
      74      82          1          0 
      74      83          1          0 
      74      84          0          0 
      74      85          1          0 
      74      86          0          0 
      74      87          1          0 
      74      88          0          0 
      74      89          0          0 
      74      90          0          0 
      74      91          0          0 
      74      92          0          0 
      74      93          0          0 
      74      94          2          0 
      74      95          1          1 
      74      96          0          0 
      74      97          1          1 
      74      98          0          0 
      74      99          1          1 
      74     100          0          0 
      74     101          0          0 
      74     102          0          0 
      74     103          0          0 
      74     104          0          0 
      74     105          2          0 
      74     106          0          0 
      74     107          2          0 
      74     108          0          0 
      74     109          2          0 
      74     110          2          0 
      74     111          0          0 
      74     112          2          0 
      74     113          1          1 
      74     114          0          0 
      74     115          0          0 
      74     116          0          0 
      74     117          1          0 
      74     118          0          0 
      74     119          1          0 
      74     120          0          0 
      74     121          1          0 
      74     122          1          0 
      74     123          0          0 
      74     124          1          0 
      74     125          0          0 
      74     126          1          0 
      74     127          0          0 
      74     128          0          0 
      74     129          0          0 
      74     130          0          0 
      74     131          0          0 
      74     132          0          0 
      74     133          2          0 
      74     134          1          1 
      74     135          0          0 
      74     136          1          1 
      74     137          0          0 
      74     138          1          1 
      74     139          0          0 
      74     140          0          0 
      74     141          0          0 
      74     142          0          0 
      74     143          0          0 
      74     144          0          0 
      75       1          0          0 
      75       2          0          0 
      75       3          0          0 
      75       4          0          0 
      75       5          0          0 
      75       6          2          0 
      75       7          0          0 
      75       8          2          0 
      75       9          0          0 
      75      10          2          0 
      75      11          2          0 
      75      12          2          0 
      75      13          1          0 
      75      14          2          0 
      75      15          2          0 
      75      16          1          0 
      75      17          1          0 
      75      18          1          0 
      75      19          7          1 
      75      20          8          1 
      75      21          7          1 
      75      22          9          1 
      75      23          1          0 
      75      24          7          1 
      75      25          0          0 
      75      26          0          0 
      75      27          0          0 
      75      28          0          0 
      75      29          0          0 
      75      30          0          0 
      75      31          0          0 
      75      32          0          0 
      75      33          0          0 
      75      34          0          0 
      75      35          0          0 
      75      36          0          0 
      75      37          0          0 
      75      38          0          0 
      75      39          0          0 
      75      40          0          0 
      75      41          0          0 
      75      42          0          0 
      75      43          0          0 
      75      44          0          0 
      75      45          0          0 
      75      46          2          0 
      75      47          2          0 
      75      48          2          0 
      75      49          2          0 
      75      50          0          0 
      75      51          2          0 
      75      52          0          0 
      75      53          2          0 
      75      54          2          0 
      75      55          2          0 
      75      56          2          0 
      75      57          0          0 
      75      58          2          0 
      75      59          0          0 
      75      60          0          0 
      75      61          1          0 
      75      62          1          0 
      75      63          1          0 
      75      64          1          0 
      75      65          1          0 
      75      66          1          0 
      75      67          8          1 
      75      68          9          1 
      75      69          8          1 
      75      70         10          1 
      75      71          1          0 
      75      72          8          1 
      75      73          9          1 
      75      74          9          1 
      75      75         26          5 
      75      76          0          0 
      75      77          0          0 
      75      78          0          0 
      75      79          1          0 
      75      80          1          0 
      75      81          1          0 
      75      82          1          0 
      75      83          0          0 
      75      84          1          0 
      75      85          0          0 
      75      86          1          0 
      75      87          1          0 
      75      88          1          0 
      75      89          1          0 
      75      90          0          0 
      75      91          1          0 
      75      92          0          0 
      75      93          0          0 
      75      94          2          0 
      75      95          2          0 
      75      96          1          1 
      75      97          2          0 
      75      98          1          1 
      75      99          1          1 
      75     100          0          0 
      75     101          0          0 
      75     102          0          0 
      75     103          0          0 
      75     104          0          0 
      75     105          0          0 
      75     106          2          0 
      75     107          2          0 
      75     108          2          0 
      75     109          2          0 
      75     110          0          0 
      75     111          2          0 
      75     112          2          0 
      75     113          2          0 
      75     114          1          1 
      75     115          0          0 
      75     116          0          0 
      75     117          0          0 
      75     118          1          0 
      75     119          1          0 
      75     120          1          0 
      75     121          1          0 
      75     122          0          0 
      75     123          1          0 
      75     124          0          0 
      75     125          1          0 
      75     126          1          0 
      75     127          1          0 
      75     128          1          0 
      75     129          0          0 
      75     130          1          0 
      75     131          0          0 
      75     132          0          0 
      75     133          2          0 
      75     134          2          0 
      75     135          1          1 
      75     136          2          0 
      75     137          1          1 
      75     138          1          1 
      75     139          0          0 
      75     140          0          0 
      75     141          0          0 
      75     142          0          0 
      75     143          0          0 
      75     144          0          0 
      76       1          1          0 
      76       2          1          0 
      76       3          0          0 
      76       4          1          0 
      76       5          0          0 
      76       6          0          0 
      76       7          1          0 
      76       8          0          0 
      76       9          0          0 
      76      10          0          0 
      76      11          0          0 
      76      12          0          0 
      76      13          1          0 
      76      14          0          0 
      76      15          0          0 
      76      16          1          0 
      76      17          0          0 
      76      18          0          0 
      76      19          0          0 
      76      20          0          0 
      76      21          0          0 
      76      22          0          0 
      76      23          0          0 
      76      24          0          0 
      76      25          6          1 
      76      26          1          0 
      76      27          0          0 
      76      28          7          1 
      76      29          0          0 
      76      30          0          0 
      76      31          0          0 
      76      32          0          0 
      76      33          0          0 
      76      34          1          0 
      76      35          0          0 
      76      36          0          0 
      76      37          0          0 
      76      38          0          0 
      76      39          0          0 
      76      40          0          0 
      76      41          0          0 
      76      42          0          0 
      76      43          7          1 
      76      44          0          0 
      76      45          0          0 
      76      46          0          0 
      76      47          0          0 
      76      48          0          0 
      76      49          0          0 
      76      50          0          0 
      76      51          0          0 
      76      52          0          0 
      76      53          0          0 
      76      54          0          0 
      76      55          0          0 
      76      56          0          0 
      76      57          0          0 
      76      58          0          0 
      76      59          0          0 
      76      60          0          0 
      76      61          8          1 
      76      62          0          0 
      76      63          0          0 
      76      64          8          1 
      76      65          0          0 
      76      66          0          0 
      76      67          0          0 
      76      68          0          0 
      76      69          0          0 
      76      70          0          0 
      76      71          0          0 
      76      72          0          0 
      76      73          0          0 
      76      74          0          0 
      76      75          0          0 
      76      76         18          4 
      76      77          1          1 
      76      78          1          1 
      76      79          1          1 
      76      80          1          1 
      76      81          0          0 
      76      82          1          1 
      76      83          0          0 
      76      84          0          0 
      76      85          1          1 
      76      86          1          1 
      76      87          1          1 
      76      88          0          0 
      76      89          0          0 
      76      90          0          0 
      76      91          0          0 
      76      92          0          0 
      76      93          0          0 
      76      94          1          1 
      76      95          0          0 
      76      96          0          0 
      76      97          0          0 
      76      98          0          0 
      76      99          0          0 
      76     100          1          0 
      76     101          0          0 
      76     102          0          0 
      76     103          1          0 
      76     104          0          0 
      76     105          0          0 
      76     106          0          0 
      76     107          0          0 
      76     108          0          0 
      76     109          0          0 
      76     110          0          0 
      76     111          0          0 
      76     112          0          0 
      76     113          0          0 
      76     114          0          0 
      76     115          1          1 
      76     116          0          0 
      76     117          0          0 
      76     118          0          0 
      76     119          0          0 
      76     120          0          0 
      76     121          0          0 
      76     122          0          0 
      76     123          0          0 
      76     124          0          0 
      76     125          0          0 
      76     126          0          0 
      76     127          0          0 
      76     128          0          0 
      76     129          0          0 
      76     130          0          0 
      76     131          0          0 
      76     132          0          0 
      76     133          0          0 
      76     134          0          0 
      76     135          0          0 
      76     136          0          0 
      76     137          0          0 
      76     138          0          0 
      76     139          1          1 
      76     140          0          0 
      76     141          0          0 
      76     142          0          0 
      76     143          0          0 
      76     144          0          0 
      77       1          1          0 
      77       2          0          0 
      77       3          1          0 
      77       4          1          0 
      77       5          0          0 
      77       6          0          0 
      77       7          0          0 
      77       8          1          0 
      77       9          0          0 
      77      10          0          0 
      77      11          0          0 
      77      12          0          0 
      77      13          0          0 
      77      14          1          0 
      77      15          0          0 
      77      16          0          0 
      77      17          1          0 
      77      18          0          0 
      77      19          0          0 
      77      20          0          0 
      77      21          0          0 
      77      22          0          0 
      77      23          0          0 
      77      24          0          0 
      77      25          6          1 
      77      26          1          0 
      77      27          1          0 
      77      28          2          0 
      77      29          7          1 
      77      30          0          0 
      77      31          0          0 
      77      32          0          0 
      77      33          0          0 
      77      34          1          0 
      77      35          1          0 
      77      36          0          0 
      77      37          0          0 
      77      38          0          0 
      77      39          0          0 
      77      40          0          0 
      77      41          0          0 
      77      42          0          0 
      77      43          2          0 
      77      44          7          1 
      77      45          0          0 
      77      46          0          0 
      77      47          0          0 
      77      48          0          0 
      77      49          0          0 
      77      50          0          0 
      77      51          0          0 
      77      52          0          0 
      77      53          0          0 
      77      54          0          0 
      77      55          0          0 
      77      56          0          0 
      77      57          0          0 
      77      58          0          0 
      77      59          0          0 
      77      60          0          0 
      77      61          1          0 
      77      62          8          1 
      77      63          0          0 
      77      64          1          0 
      77      65          8          1 
      77      66          0          0 
      77      67          0          0 
      77      68          0          0 
      77      69          0          0 
      77      70          0          0 
      77      71          0          0 
      77      72          0          0 
      77      73          0          0 
      77      74          0          0 
      77      75          0          0 
      77      76          6          1 
      77      77         18          4 
      77      78          1          0 
      77      79          0          0 
      77      80          1          1 
      77      81          1          1 
      77      82          1          1 
      77      83          0          0 
      77      84          0          0 
      77      85          1          0 
      77      86          0          0 
      77      87          1          1 
      77      88          1          1 
      77      89          0          0 
      77      90          0          0 
      77      91          0          0 
      77      92          0          0 
      77      93          0          0 
      77      94          1          1 
      77      95          0          0 
      77      96          0          0 
      77      97          0          0 
      77      98          0          0 
      77      99          0          0 
      77     100          0          0 
      77     101          1          0 
      77     102          0          0 
      77     103          0          0 
      77     104          1          0 
      77     105          0          0 
      77     106          0          0 
      77     107          0          0 
      77     108          0          0 
      77     109          0          0 
      77     110          0          0 
      77     111          0          0 
      77     112          0          0 
      77     113          0          0 
      77     114          0          0 
      77     115          2          0 
      77     116          1          1 
      77     117          0          0 
      77     118          0          0 
      77     119          0          0 
      77     120          0          0 
      77     121          0          0 
      77     122          0          0 
      77     123          0          0 
      77     124          0          0 
      77     125          0          0 
      77     126          0          0 
      77     127          0          0 
      77     128          0          0 
      77     129          0          0 
      77     130          0          0 
      77     131          0          0 
      77     132          0          0 
      77     133          0          0 
      77     134          0          0 
      77     135          0          0 
      77     136          0          0 
      77     137          0          0 
      77     138          0          0 
      77     139          1          1 
      77     140          0          0 
      77     141          0          0 
      77     142          0          0 
      77     143          0          0 
      77     144          0          0 
      78       1          1          0 
      78       2          1          0 
      78       3          0          0 
      78       4          0          0 
      78       5          1          0 
      78       6          0          0 
      78       7          1          0 
      78       8          0          0 
      78       9          1          0 
      78      10          0          0 
      78      11          0          0 
      78      12          0          0 
      78      13          1          0 
      78      14          0          0 
      78      15          0          0 
      78      16          0          0 
      78      17          0          0 
      78      18          1          0 
      78      19          0          0 
      78      20          0          0 
      78      21          0          0 
      78      22          0          0 
      78      23          0          0 
      78      24          0          0 
      78      25          1          0 
      78      26          6          1 
      78      27          0          0 
      78      28          7          1 
      78      29          0          0 
      78      30          6          1 
      78      31          0          0 
      78      32          0          0 
      78      33          0          0 
      78      34          1          0 
      78      35          0          0 
      78      36          0          0 
      78      37          1          0 
      78      38          0          0 
      78      39          0          0 
      78      40          0          0 
      78      41          0          0 
      78      42          0          0 
      78      43          2          0 
      78      44          0          0 
      78      45          7          1 
      78      46          0          0 
      78      47          0          0 
      78      48          0          0 
      78      49          0          0 
      78      50          0          0 
      78      51          0          0 
      78      52          0          0 
      78      53          0          0 
      78      54          0          0 
      78      55          0          0 
      78      56          0          0 
      78      57          0          0 
      78      58          0          0 
      78      59          0          0 
      78      60          0          0 
      78      61          8          1 
      78      62          0          0 
      78      63          0          0 
      78      64          2          0 
      78      65          0          0 
      78      66          8          1 
      78      67          0          0 
      78      68          0          0 
      78      69          0          0 
      78      70          0          0 
      78      71          0          0 
      78      72          0          0 
      78      73          0          0 
      78      74          0          0 
      78      75          0          0 
      78      76          7          1 
      78      77          0          0 
      78      78         18          4 
      78      79          1          1 
      78      80          1          1 
      78      81          0          0 
      78      82          0          0 
      78      83          1          1 
      78      84          0          0 
      78      85          1          1 
      78      86          0          0 
      78      87          0          0 
      78      88          0          0 
      78      89          1          1 
      78      90          0          0 
      78      91          1          1 
      78      92          0          0 
      78      93          0          0 
      78      94          0          0 
      78      95          1          1 
      78      96          0          0 
      78      97          0          0 
      78      98          0          0 
      78      99          0          0 
      78     100          1          0 
      78     101          0          0 
      78     102          0          0 
      78     103          0          0 
      78     104          0          0 
      78     105          1          0 
      78     106          0          0 
      78     107          0          0 
      78     108          0          0 
      78     109          0          0 
      78     110          0          0 
      78     111          0          0 
      78     112          0          0 
      78     113          0          0 
      78     114          0          0 
      78     115          1          0 
      78     116          0          0 
      78     117          1          1 
      78     118          0          0 
      78     119          0          0 
      78     120          0          0 
      78     121          0          0 
      78     122          0          0 
      78     123          0          0 
      78     124          0          0 
      78     125          0          0 
      78     126          0          0 
      78     127          0          0 
      78     128          0          0 
      78     129          0          0 
      78     130          0          0 
      78     131          0          0 
      78     132          0          0 
      78     133          0          0 
      78     134          0          0 
      78     135          0          0 
      78     136          0          0 
      78     137          0          0 
      78     138          0          0 
      78     139          0          0 
      78     140          1          1 
      78     141          0          0 
      78     142          0          0 
      78     143          0          0 
      78     144          0          0 
      79       1          1          0 
      79       2          1          0 
      79       3          0          0 
      79       4          0          0 
      79       5          1          0 
      79       6          1          0 
      79       7          1          0 
      79       8          0          0 
      79       9          0          0 
      79      10          1          0 
      79      11          0          0 
      79      12          0          0 
      79      13          1          0 
      79      14          0          0 
      79      15          0          0 
      79      16          0          0 
      79      17          0          0 
      79      18          0          0 
      79      19          1          0 
      79      20          0          0 
      79      21          0          0 
      79      22          0          0 
      79      23          0          0 
      79      24          0          0 
      79      25          1          0 
      79      26          7          1 
      79      27          7          1 
      79      28          8          1 
      79      29          1          0 
      79      30          1          0 
      79      31          7          1 
      79      32          1          0 
      79      33          0          0 
      79      34          1          0 
      79      35          1          0 
      79      36          2          0 
      79      37          1          0 
      79      38          3          0 
      79      39          1          0 
      79      40          0          0 
      79      41          0          0 
      79      42          0          0 
      79      43          2          0 
      79      44          0          0 
      79      45          2          0 
      79      46          9          1 
      79      47          1          0 
      79      48          0          0 
      79      49          1          0 
      79      50          0          0 
      79      51          0          0 
      79      52          0          0 
      79      53          0          0 
      79      54          0          0 
      79      55          0          0 
      79      56          0          0 
      79      57          0          0 
      79      58          0          0 
      79      59          0          0 
      79      60          0          0 
      79      61          9          1 
      79      62          1          0 
      79      63          1          0 
      79      64          2          0 
      79      65          0          0 
      79      66          2          0 
      79      67         10          1 
      79      68          1          0 
      79      69          0          0 
      79      70          1          0 
      79      71          0          0 
      79      72          0          0 
      79      73          0          0 
      79      74          0          0 
      79      75          0          0 
      79      76          8          1 
      79      77          1          0 
      79      78          8          1 
      79      79         26          5 
      79      80          3          0 
      79      81          1          1 
      79      82          2          0 
      79      83          0          0 
      79      84          1          1 
      79      85          2          0 
      79      86          1          1 
      79      87          0          0 
      79      88          0          0 
      79      89          1          1 
      79      90          1          1 
      79      91          0          0 
      79      92          1          1 
      79      93          0          0 
      79      94          0          0 
      79      95          0          0 
      79      96          1          1 
      79      97          0          0 
      79      98          0          0 
      79      99          0          0 
      79     100          1          0 
      79     101          0          0 
      79     102          0          0 
      79     103          0          0 
      79     104          0          0 
      79     105          0          0 
      79     106          1          0 
      79     107          0          0 
      79     108          0          0 
      79     109          0          0 
      79     110          0          0 
      79     111          0          0 
      79     112          0          0 
      79     113          0          0 
      79     114          0          0 
      79     115          1          0 
      79     116          0          0 
      79     117          1          0 
      79     118          1          1 
      79     119          0          0 
      79     120          0          0 
      79     121          0          0 
      79     122          0          0 
      79     123          0          0 
      79     124          0          0 
      79     125          0          0 
      79     126          0          0 
      79     127          0          0 
      79     128          0          0 
      79     129          0          0 
      79     130          0          0 
      79     131          0          0 
      79     132          0          0 
      79     133          0          0 
      79     134          0          0 
      79     135          0          0 
      79     136          0          0 
      79     137          0          0 
      79     138          0          0 
      79     139          0          0 
      79     140          0          0 
      79     141          1          1 
      79     142          0          0 
      79     143          0          0 
      79     144          0          0 
      80       1          1          0 
      80       2          1          0 
      80       3          1          0 
      80       4          0          0 
      80       5          1          0 
      80       6          0          0 
      80       7          1          0 
      80       8          1          0 
      80       9          0          0 
      80      10          0          0 
      80      11          1          0 
      80      12          0          0 
      80      13          1          0 
      80      14          1          0 
      80      15          0          0 
      80      16          0          0 
      80      17          0          0 
      80      18          0          0 
      80      19          0          0 
      80      20          1          0 
      80      21          0          0 
      80      22          0          0 
      80      23          0          0 
      80      24          0          0 
      80      25          2          0 
      80      26          7          1 
      80      27          1          0 
      80      28          8          1 
      80      29          8          1 
      80      30          2          0 
      80      31          1          0 
      80      32          8          1 
      80      33          0          0 
      80      34          1          0 
      80      35          0          0 
      80      36          1          0 
      80      37          1          0 
      80      38          1          0 
      80      39          3          0 
      80      40          0          0 
      80      41          0          0 
      80      42          0          0 
      80      43          2          0 
      80      44          2          0 
      80      45          2          0 
      80      46          1          0 
      80      47          9          1 
      80      48          0          0 
      80      49          2          0 
      80      50          0          0 
      80      51          0          0 
      80      52          0          0 
      80      53          0          0 
      80      54          0          0 
      80      55          0          0 
      80      56          0          0 
      80      57          0          0 
      80      58          0          0 
      80      59          0          0 
      80      60          0          0 
      80      61          9          1 
      80      62          9          1 
      80      63          2          0 
      80      64          2          0 
      80      65          2          0 
      80      66          2          0 
      80      67          1          0 
      80      68         10          1 
      80      69          0          0 
      80      70          2          0 
      80      71          0          0 
      80      72          0          0 
      80      73          0          0 
      80      74          0          0 
      80      75          0          0 
      80      76          8          1 
      80      77          8          1 
      80      78          8          1 
      80      79          0          0 
      80      80         26          5 
      80      81          1          1 
      80      82          4          0 
      80      83          1          1 
      80      84          1          1 
      80      85          2          0 
      80      86          0          0 
      80      87          1          1 
      80      88          0          0 
      80      89          0          0 
      80      90          1          1 
      80      91          1          1 
      80      92          1          1 
      80      93          0          0 
      80      94          0          0 
      80      95          1          1 
      80      96          1          1 
      80      97          0          0 
      80      98          0          0 
      80      99          0          0 
      80     100          1          0 
      80     101          1          0 
      80     102          0          0 
      80     103          0          0 
      80     104          0          0 
      80     105          0          0 
      80     106          0          0 
      80     107          1          0 
      80     108          0          0 
      80     109          0          0 
      80     110          0          0 
      80     111          0          0 
      80     112          0          0 
      80     113          0          0 
      80     114          0          0 
      80     115          1          0 
      80     116          1          0 
      80     117          2          0 
      80     118          0          0 
      80     119          1          1 
      80     120          0          0 
      80     121          0          0 
      80     122          0          0 
      80     123          0          0 
      80     124          0          0 
      80     125          0          0 
      80     126          0          0 
      80     127          0          0 
      80     128          0          0 
      80     129          0          0 
      80     130          0          0 
      80     131          0          0 
      80     132          0          0 
      80     133          0          0 
      80     134          0          0 
      80     135          0          0 
      80     136          0          0 
      80     137          0          0 
      80     138          0          0 
      80     139          0          0 
      80     140          1          1 
      80     141          1          1 
      80     142          0          0 
      80     143          0          0 
      80     144          0          0 
      81       1          1          0 
      81       2          0          0 
      81       3          1          0 
      81       4          0          0 
      81       5          0          0 
      81       6          1          0 
      81       7          0          0 
      81       8          1          0 
      81       9          0          0 
      81      10          0          0 
      81      11          0          0 
      81      12          1          0 
      81      13          0          0 
      81      14          1          0 
      81      15          0          0 
      81      16          0          0 
      81      17          0          0 
      81      18          0          0 
      81      19          0          0 
      81      20          0          0 
      81      21          1          0 
      81      22          0          0 
      81      23          0          0 
      81      24          0          0 
      81      25          1          0 
      81      26          1          0 
      81      27          6          1 
      81      28          1          0 
      81      29          7          1 
      81      30          0          0 
      81      31          2          0 
      81      32          2          0 
      81      33          6          1 
      81      34          0          0 
      81      35          1          0 
      81      36          1          0 
      81      37          0          0 
      81      38          1          0 
      81      39          1          0 
      81      40          1          0 
      81      41          0          0 
      81      42          0          0 
      81      43          0          0 
      81      44          2          0 
      81      45          0          0 
      81      46          2          0 
      81      47          2          0 
      81      48          7          1 
      81      49          1          0 
      81      50          0          0 
      81      51          0          0 
      81      52          0          0 
      81      53          0          0 
      81      54          0          0 
      81      55          0          0 
      81      56          0          0 
      81      57          0          0 
      81      58          0          0 
      81      59          0          0 
      81      60          0          0 
      81      61          1          0 
      81      62          8          1 
      81      63          1          0 
      81      64          0          0 
      81      65          2          0 
      81      66          0          0 
      81      67          1          0 
      81      68          2          0 
      81      69          8          1 
      81      70          1          0 
      81      71          0          0 
      81      72          0          0 
      81      73          0          0 
      81      74          0          0 
      81      75          0          0 
      81      76          1          0 
      81      77          7          1 
      81      78          1          0 
      81      79          6          1 
      81      80          8          1 
      81      81         18          4 
      81      82          2          0 
      81      83          1          0 
      81      84          1          1 
      81      85          0          0 
      81      86          1          0 
      81      87          2          0 
      81      88          1          1 
      81      89          1          0 
      81      90          1          1 
      81      91          1          0 
      81      92          1          1 
      81      93          0          0 
      81      94          1          0 
      81      95          1          0 
      81      96          1          1 
      81      97          0          0 
      81      98          0          0 
      81      99          0          0 
      81     100          0          0 
      81     101          1          0 
      81     102          0          0 
      81     103          0          0 
      81     104          0          0 
      81     105          0          0 
      81     106          0          0 
      81     107          0          0 
      81     108          1          0 
      81     109          0          0 
      81     110          0          0 
      81     111          0          0 
      81     112          0          0 
      81     113          0          0 
      81     114          0          0 
      81     115          0          0 
      81     116          1          0 
      81     117          0          0 
      81     118          2          0 
      81     119          2          0 
      81     120          1          1 
      81     121          1          0 
      81     122          0          0 
      81     123          0          0 
      81     124          0          0 
      81     125          0          0 
      81     126          0          0 
      81     127          0          0 
      81     128          0          0 
      81     129          0          0 
      81     130          0          0 
      81     131          0          0 
      81     132          0          0 
      81     133          0          0 
      81     134          0          0 
      81     135          0          0 
      81     136          0          0 
      81     137          0          0 
      81     138          0          0 
      81     139          1          0 
      81     140          1          0 
      81     141          1          1 
      81     142          0          0 
      81     143          0          0 
      81     144          0          0 
      82       1          0          0 
      82       2          1          0 
      82       3          1          0 
      82       4          0          0 
      82       5          0          0 
      82       6          0          0 
      82       7          1          0 
      82       8          1          0 
      82       9          0          0 
      82      10          0          0 
      82      11          0          0 
      82      12          0          0 
      82      13          1          0 
      82      14          1          0 
      82      15          1          0 
      82      16          0          0 
      82      17          0          0 
      82      18          0          0 
      82      19          0          0 
      82      20          0          0 
      82      21          0          0 
      82      22          1          0 
      82      23          0          0 
      82      24          0          0 
      82      25          2          0 
      82      26          0          0 
      82      27          0          0 
      82      28          7          1 
      82      29          7          1 
      82      30          1          0 
      82      31          1          0 
      82      32          2          0 
      82      33          0          0 
      82      34          0          0 
      82      35          0          0 
      82      36          0          0 
      82      37          1          0 
      82      38          1          0 
      82      39          2          0 
      82      40          0          0 
      82      41          0          0 
      82      42          0          0 
      82      43          2          0 
      82      44          2          0 
      82      45          1          0 
      82      46          1          0 
      82      47          2          0 
      82      48          0          0 
      82      49          9          1 
      82      50          0          0 
      82      51          0          0 
      82      52          0          0 
      82      53          0          0 
      82      54          0          0 
      82      55          0          0 
      82      56          0          0 
      82      57          0          0 
      82      58          0          0 
      82      59          0          0 
      82      60          0          0 
      82      61          8          1 
      82      62          8          1 
      82      63          9          1 
      82      64          2          0 
      82      65          2          0 
      82      66          1          0 
      82      67          1          0 
      82      68          2          0 
      82      69          0          0 
      82      70         10          1 
      82      71          0          0 
      82      72          0          0 
      82      73          0          0 
      82      74          0          0 
      82      75          0          0 
      82      76          7          1 
      82      77          7          1 
      82      78          2          0 
      82      79          0          0 
      82      80          0          0 
      82      81          0          0 
      82      82         26          5 
      82      83          1          1 
      82      84          1          1 
      82      85          1          0 
      82      86          0          0 
      82      87          0          0 
      82      88          0          0 
      82      89          0          0 
      82      90          0          0 
      82      91          1          1 
      82      92          1          1 
      82      93          0          0 
      82      94          1          1 
      82      95          1          1 
      82      96          1          1 
      82      97          0          0 
      82      98          0          0 
      82      99          0          0 
      82     100          1          0 
      82     101          1          0 
      82     102          1          0 
      82     103          0          0 
      82     104          0          0 
      82     105          0          0 
      82     106          0          0 
      82     107          0          0 
      82     108          0          0 
      82     109          1          0 
      82     110          0          0 
      82     111          0          0 
      82     112          0          0 
      82     113          0          0 
      82     114          0          0 
      82     115          2          0 
      82     116          2          0 
      82     117          1          0 
      82     118          0          0 
      82     119          0          0 
      82     120          0          0 
      82     121          1          1 
      82     122          0          0 
      82     123          0          0 
      82     124          0          0 
      82     125          0          0 
      82     126          0          0 
      82     127          0          0 
      82     128          0          0 
      82     129          0          0 
      82     130          0          0 
      82     131          0          0 
      82     132          0          0 
      82     133          0          0 
      82     134          0          0 
      82     135          0          0 
      82     136          0          0 
      82     137          0          0 
      82     138          0          0 
      82     139          1          1 
      82     140          1          1 
      82     141          1          1 
      82     142          0          0 
      82     143          0          0 
      82     144          0          0 
      83       1          0          0 
      83       2          1          0 
      83       3          1          0 
      83       4          0          0 
      83       5          0          0 
      83       6          0          0 
      83       7          0          0 
      83       8          0          0 
      83       9          1          0 
      83      10          0          0 
      83      11          1          0 
      83      12          0          0 
      83      13          0          0 
      83      14          0          0 
      83      15          1          0 
      83      16          0          0 
      83      17          0          0 
      83      18          0          0 
      83      19          0          0 
      83      20          0          0 
      83      21          0          0 
      83      22          0          0 
      83      23          1          0 
      83      24          0          0 
      83      25          0          0 
      83      26          2          0 
      83      27          0          0 
      83      28          2          0 
      83      29          1          0 
      83      30          6          1 
      83      31          1          0 
      83      32          7          1 
      83      33          0          0 
      83      34          0          0 
      83      35          0          0 
      83      36          0          0 
      83      37          1          0 
      83      38          0          0 
      83      39          1          0 
      83      40          0          0 
      83      41          1          0 
      83      42          0          0 
      83      43          0          0 
      83      44          0          0 
      83      45          2          0 
      83      46          0          0 
      83      47          2          0 
      83      48          0          0 
      83      49          1          0 
      83      50          7          1 
      83      51          0          0 
      83      52          0          0 
      83      53          0          0 
      83      54          0          0 
      83      55          0          0 
      83      56          0          0 
      83      57          0          0 
      83      58          0          0 
      83      59          0          0 
      83      60          0          0 
      83      61          1          0 
      83      62          1          0 
      83      63          8          1 
      83      64          0          0 
      83      65          0          0 
      83      66          1          0 
      83      67          0          0 
      83      68          1          0 
      83      69          0          0 
      83      70          2          0 
      83      71          8          1 
      83      72          0          0 
      83      73          0          0 
      83      74          0          0 
      83      75          0          0 
      83      76          1          0 
      83      77          1          0 
      83      78          6          1 
      83      79          1          0 
      83      80          7          1 
      83      81          0          0 
      83      82          8          1 
      83      83         18          4 
      83      84          1          1 
      83      85          1          0 
      83      86          0          0 
      83      87          1          0 
      83      88          0          0 
      83      89          0          0 
      83      90          0          0 
      83      91          1          1 
      83      92          0          0 
      83      93          1          1 
      83      94          1          0 
      83      95          1          1 
      83      96          0          0 
      83      97          0          0 
      83      98          0          0 
      83      99          0          0 
      83     100          0          0 
      83     101          0          0 
      83     102          1          0 
      83     103          0          0 
      83     104          0          0 
      83     105          0          0 
      83     106          0          0 
      83     107          0          0 
      83     108          0          0 
      83     109          0          0 
      83     110          1          0 
      83     111          0          0 
      83     112          0          0 
      83     113          0          0 
      83     114          0          0 
      83     115          0          0 
      83     116          0          0 
      83     117          2          0 
      83     118          0          0 
      83     119          2          0 
      83     120          0          0 
      83     121          2          0 
      83     122          1          1 
      83     123          0          0 
      83     124          0          0 
      83     125          0          0 
      83     126          0          0 
      83     127          0          0 
      83     128          0          0 
      83     129          0          0 
      83     130          0          0 
      83     131          0          0 
      83     132          0          0 
      83     133          0          0 
      83     134          0          0 
      83     135          0          0 
      83     136          0          0 
      83     137          0          0 
      83     138          0          0 
      83     139          1          0 
      83     140          1          1 
      83     141          0          0 
      83     142          0          0 
      83     143          0          0 
      83     144          0          0 
      84       1          0          0 
      84       2          1          0 
      84       3          1          0 
      84       4          0          0 
      84       5          0          0 
      84       6          0          0 
      84       7          0          0 
      84       8          0          0 
      84       9          0          0 
      84      10          1          0 
      84      11          1          0 
      84      12          1          0 
      84      13          0          0 
      84      14          0          0 
      84      15          1          0 
      84      16          0          0 
      84      17          0          0 
      84      18          0          0 
      84      19          0          0 
      84      20          0          0 
      84      21          0          0 
      84      22          0          0 
      84      23          0          0 
      84      24          1          0 
      84      25          0          0 
      84      26          0          0 
      84      27          2          0 
      84      28          1          0 
      84      29          2          0 
      84      30          1          0 
      84      31          6          1 
      84      32          7          1 
      84      33          6          1 
      84      34          0          0 
      84      35          0          0 
      84      36          0          0 
      84      37          0          0 
      84      38          1          0 
      84      39          1          0 
      84      40          1          0 
      84      41          1          0 
      84      42          1          0 
      84      43          0          0 
      84      44          0          0 
      84      45          0          0 
      84      46          2          0 
      84      47          2          0 
      84      48          2          0 
      84      49          1          0 
      84      50          2          0 
      84      51          7          1 
      84      52          0          0 
      84      53          0          0 
      84      54          0          0 
      84      55          0          0 
      84      56          0          0 
      84      57          0          0 
      84      58          0          0 
      84      59          0          0 
      84      60          0          0 
      84      61          1          0 
      84      62          1          0 
      84      63          8          1 
      84      64          0          0 
      84      65          0          0 
      84      66          0          0 
      84      67          1          0 
      84      68          1          0 
      84      69          1          0 
      84      70          2          0 
      84      71          2          0 
      84      72          8          1 
      84      73          0          0 
      84      74          0          0 
      84      75          0          0 
      84      76          1          0 
      84      77          1          0 
      84      78          1          0 
      84      79          6          1 
      84      80          7          1 
      84      81          6          1 
      84      82          8          1 
      84      83          7          1 
      84      84         18          4 
      84      85          0          0 
      84      86          1          0 
      84      87          1          0 
      84      88          1          0 
      84      89          1          0 
      84      90          0          0 
      84      91          2          0 
      84      92          1          1 
      84      93          1          1 
      84      94          1          0 
      84      95          1          0 
      84      96          1          1 
      84      97          0          0 
      84      98          0          0 
      84      99          0          0 
      84     100          0          0 
      84     101          0          0 
      84     102          1          0 
      84     103          0          0 
      84     104          0          0 
      84     105          0          0 
      84     106          0          0 
      84     107          0          0 
      84     108          0          0 
      84     109          0          0 
      84     110          0          0 
      84     111          1          0 
      84     112          0          0 
      84     113          0          0 
      84     114          0          0 
      84     115          0          0 
      84     116          0          0 
      84     117          0          0 
      84     118          2          0 
      84     119          2          0 
      84     120          2          0 
      84     121          2          0 
      84     122          1          0 
      84     123          1          1 
      84     124          0          0 
      84     125          0          0 
      84     126          0          0 
      84     127          0          0 
      84     128          0          0 
      84     129          0          0 
      84     130          0          0 
      84     131          0          0 
      84     132          0          0 
      84     133          0          0 
      84     134          0          0 
      84     135          0          0 
      84     136          0          0 
      84     137          0          0 
      84     138          0          0 
      84     139          1          0 
      84     140          1          0 
      84     141          1          1 
      84     142          0          0 
      84     143          0          0 
      84     144          0          0 
      85       1          0          0 
      85       2          0          0 
      85       3          0          0 
      85       4          1          0 
      85       5          1          0 
      85       6          0          0 
      85       7          1          0 
      85       8          0          0 
      85       9          1          0 
      85      10          0          0 
      85      11          0          0 
      85      12          0          0 
      85      13          0          0 
      85      14          0          0 
      85      15          0          0 
      85      16          1          0 
      85      17          0          0 
      85      18          1          0 
      85      19          0          0 
      85      20          0          0 
      85      21          0          0 
      85      22          0          0 
      85      23          0          0 
      85      24          0          0 
      85      25          1          0 
      85      26          1          0 
      85      27          0          0 
      85      28          2          0 
      85      29          0          0 
      85      30          1          0 
      85      31          0          0 
      85      32          0          0 
      85      33          0          0 
      85      34          6          1 
      85      35          0          0 
      85      36          0          0 
      85      37          6          1 
      85      38          0          0 
      85      39          0          0 
      85      40          0          0 
      85      41          0          0 
      85      42          0          0 
      85      43          7          1 
      85      44          0          0 
      85      45          7          1 
      85      46          0          0 
      85      47          0          0 
      85      48          0          0 
      85      49          0          0 
      85      50          0          0 
      85      51          0          0 
      85      52          6          1 
      85      53          0          0 
      85      54          0          0 
      85      55          0          0 
      85      56          0          0 
      85      57          0          0 
      85      58          0          0 
      85      59          0          0 
      85      60          0          0 
      85      61          2          0 
      85      62          0          0 
      85      63          0          0 
      85      64          8          1 
      85      65          0          0 
      85      66          8          1 
      85      67          0          0 
      85      68          0          0 
      85      69          0          0 
      85      70          0          0 
      85      71          0          0 
      85      72          0          0 
      85      73          0          0 
      85      74          0          0 
      85      75          0          0 
      85      76          7          1 
      85      77          0          0 
      85      78          7          1 
      85      79          0          0 
      85      80          0          0 
      85      81          0          0 
      85      82          0          0 
      85      83          0          0 
      85      84          0          0 
      85      85         18          4 
      85      86          1          1 
      85      87          1          1 
      85      88          0          0 
      85      89          1          1 
      85      90          0          0 
      85      91          1          1 
      85      92          0          0 
      85      93          0          0 
      85      94          0          0 
      85      95          0          0 
      85      96          0          0 
      85      97          1          1 
      85      98          0          0 
      85      99          0          0 
      85     100          0          0 
      85     101          0          0 
      85     102          0          0 
      85     103          1          0 
      85     104          0          0 
      85     105          1          0 
      85     106          0          0 
      85     107          0          0 
      85     108          0          0 
      85     109          0          0 
      85     110          0          0 
      85     111          0          0 
      85     112          0          0 
      85     113          0          0 
      85     114          0          0 
      85     115          1          0 
      85     116          0          0 
      85     117          1          0 
      85     118          0          0 
      85     119          0          0 
      85     120          0          0 
      85     121          0          0 
      85     122          0          0 
      85     123          0          0 
      85     124          1          1 
      85     125          0          0 
      85     126          0          0 
      85     127          0          0 
      85     128          0          0 
      85     129          0          0 
      85     130          0          0 
      85     131          0          0 
      85     132          0          0 
      85     133          0          0 
      85     134          0          0 
      85     135          0          0 
      85     136          0          0 
      85     137          0          0 
      85     138          0          0 
      85     139          0          0 
      85     140          0          0 
      85     141          0          0 
      85     142          1          1 
      85     143          0          0 
      85     144          0          0 
      86       1          0          0 
      86       2          0          0 
      86       3          0          0 
      86       4          1          0 
      86       5          1          0 
      86       6          1          0 
      86       7          1          0 
      86       8          0          0 
      86       9          0          0 
      86      10          1          0 
      86      11          0          0 
      86      12          0          0 
      86      13          0          0 
      86      14          0          0 
      86      15          0          0 
      86      16          1          0 
      86      17          0          0 
      86      18          0          0 
      86      19          1          0 
      86      20          0          0 
      86      21          0          0 
      86      22          0          0 
      86      23          0          0 
      86      24          0          0 
      86      25          1          0 
      86      26          1          0 
      86      27          1          0 
      86      28          2          0 
      86      29          0          0 
      86      30          0          0 
      86      31          1          0 
      86      32          0          0 
      86      33          0          0 
      86      34          7          1 
      86      35          7          1 
      86      36          2          0 
      86      37          2          0 
      86      38          8          1 
      86      39          1          0 
      86      40          0          0 
      86      41          0          0 
      86      42          0          0 
      86      43          8          1 
      86      44          1          0 
      86      45          2          0 
      86      46          9          1 
      86      47          1          0 
      86      48          0          0 
      86      49          1          0 
      86      50          0          0 
      86      51          0          0 
      86      52          1          0 
      86      53          7          1 
      86      54          1          0 
      86      55          0          0 
      86      56          0          0 
      86      57          0          0 
      86      58          0          0 
      86      59          0          0 
      86      60          0          0 
      86      61          2          0 
      86      62          0          0 
      86      63          0          0 
      86      64          9          1 
      86      65          1          0 
      86      66          2          0 
      86      67         10          1 
      86      68          1          0 
      86      69          0          0 
      86      70          1          0 
      86      71          0          0 
      86      72          0          0 
      86      73          1          0 
      86      74          0          0 
      86      75          0          0 
      86      76          8          1 
      86      77          1          0 
      86      78          2          0 
      86      79          9          1 
      86      80          1          0 
      86      81          0          0 
      86      82          1          0 
      86      83          0          0 
      86      84          0          0 
      86      85          8          1 
      86      86         26          5 
      86      87          3          0 
      86      88          1          1 
      86      89          1          1 
      86      90          1          1 
      86      91          0          0 
      86      92          1          1 
      86      93          0          0 
      86      94          2          0 
      86      95          0          0 
      86      96          0          0 
      86      97          0          0 
      86      98          1          1 
      86      99          0          0 
      86     100          0          0 
      86     101          0          0 
      86     102          0          0 
      86     103          1          0 
      86     104          0          0 
      86     105          0          0 
      86     106          1          0 
      86     107          0          0 
      86     108          0          0 
      86     109          0          0 
      86     110          0          0 
      86     111          0          0 
      86     112          0          0 
      86     113          0          0 
      86     114          0          0 
      86     115          1          0 
      86     116          0          0 
      86     117          0          0 
      86     118          1          0 
      86     119          0          0 
      86     120          0          0 
      86     121          0          0 
      86     122          0          0 
      86     123          0          0 
      86     124          1          0 
      86     125          1          1 
      86     126          0          0 
      86     127          0          0 
      86     128          0          0 
      86     129          0          0 
      86     130          0          0 
      86     131          0          0 
      86     132          0          0 
      86     133          0          0 
      86     134          0          0 
      86     135          0          0 
      86     136          0          0 
      86     137          0          0 
      86     138          0          0 
      86     139          0          0 
      86     140          0          0 
      86     141          0          0 
      86     142          0          0 
      86     143          1          1 
      86     144          0          0 
      87       1          0          0 
      87       2          0          0 
      87       3          0          0 
      87       4          1          0 
      87       5          1          0 
      87       6          0          0 
      87       7          1          0 
      87       8          1          0 
      87       9          0          0 
      87      10          0          0 
      87      11          1          0 
      87      12          0          0 
      87      13          0          0 
      87      14          0          0 
      87      15          0          0 
      87      16          1          0 
      87      17          1          0 
      87      18          0          0 
      87      19          0          0 
      87      20          1          0 
      87      21          0          0 
      87      22          0          0 
      87      23          0          0 
      87      24          0          0 
      87      25          2          0 
      87      26          1          0 
      87      27          0          0 
      87      28          2          0 
      87      29          2          0 
      87      30          0          0 
      87      31          0          0 
      87      32          1          0 
      87      33          0          0 
      87      34          7          1 
      87      35          1          0 
      87      36          1          0 
      87      37          2          0 
      87      38          1          0 
      87      39          8          1 
      87      40          0          0 
      87      41          0          0 
      87      42          0          0 
      87      43          8          1 
      87      44          8          1 
      87      45          2          0 
      87      46          1          0 
      87      47          9          1 
      87      48          0          0 
      87      49          2          0 
      87      50          0          0 
      87      51          0          0 
      87      52          2          0 
      87      53          1          0 
      87      54          8          1 
      87      55          0          0 
      87      56          0          0 
      87      57          0          0 
      87      58          0          0 
      87      59          0          0 
      87      60          0          0 
      87      61          2          0 
      87      62          2          0 
      87      63          0          0 
      87      64          9          1 
      87      65          9          1 
      87      66          2          0 
      87      67          1          0 
      87      68         10          1 
      87      69          0          0 
      87      70          2          0 
      87      71          0          0 
      87      72          0          0 
      87      73          2          0 
      87      74          0          0 
      87      75          0          0 
      87      76          8          1 
      87      77          8          1 
      87      78          2          0 
      87      79          1          0 
      87      80          9          1 
      87      81          0          0 
      87      82          2          0 
      87      83          0          0 
      87      84          0          0 
      87      85          8          1 
      87      86          0          0 
      87      87         26          5 
      87      88          1          1 
      87      89          0          0 
      87      90          1          1 
      87      91          1          1 
      87      92          1          1 
      87      93          0          0 
      87      94          4          0 
      87      95          0          0 
      87      96          0          0 
      87      97          1          1 
      87      98          1          1 
      87      99          0          0 
      87     100          0          0 
      87     101          0          0 
      87     102          0          0 
      87     103          1          0 
      87     104          1          0 
      87     105          0          0 
      87     106          0          0 
      87     107          1          0 
      87     108          0          0 
      87     109          0          0 
      87     110          0          0 
      87     111          0          0 
      87     112          0          0 
      87     113          0          0 
      87     114          0          0 
      87     115          1          0 
      87     116          1          0 
      87     117          0          0 
      87     118          0          0 
      87     119          1          0 
      87     120          0          0 
      87     121          0          0 
      87     122          0          0 
      87     123          0          0 
      87     124          2          0 
      87     125          0          0 
      87     126          1          1 
      87     127          0          0 
      87     128          0          0 
      87     129          0          0 
      87     130          0          0 
      87     131          0          0 
      87     132          0          0 
      87     133          0          0 
      87     134          0          0 
      87     135          0          0 
      87     136          0          0 
      87     137          0          0 
      87     138          0          0 
      87     139          0          0 
      87     140          0          0 
      87     141          0          0 
      87     142          1          1 
      87     143          1          1 
      87     144          0          0 
      88       1          0          0 
      88       2          0          0 
      88       3          0          0 
      88       4          1          0 
      88       5          0          0 
      88       6          1          0 
      88       7          0          0 
      88       8          1          0 
      88       9          0          0 
      88      10          0          0 
      88      11          0          0 
      88      12          1          0 
      88      13          0          0 
      88      14          0          0 
      88      15          0          0 
      88      16          0          0 
      88      17          1          0 
      88      18          0          0 
      88      19          0          0 
      88      20          0          0 
      88      21          1          0 
      88      22          0          0 
      88      23          0          0 
      88      24          0          0 
      88      25          1          0 
      88      26          0          0 
      88      27          1          0 
      88      28          0          0 
      88      29          2          0 
      88      30          0          0 
      88      31          0          0 
      88      32          0          0 
      88      33          1          0 
      88      34          1          0 
      88      35          6          1 
      88      36          1          0 
      88      37          0          0 
      88      38          2          0 
      88      39          1          0 
      88      40          6          1 
      88      41          0          0 
      88      42          0          0 
      88      43          1          0 
      88      44          7          1 
      88      45          0          0 
      88      46          1          0 
      88      47          2          0 
      88      48          7          1 
      88      49          1          0 
      88      50          0          0 
      88      51          0          0 
      88      52          0          0 
      88      53          2          0 
      88      54          2          0 
      88      55          6          1 
      88      56          0          0 
      88      57          0          0 
      88      58          0          0 
      88      59          0          0 
      88      60          0          0 
      88      61          0          0 
      88      62          2          0 
      88      63          0          0 
      88      64          1          0 
      88      65          8          1 
      88      66          0          0 
      88      67          1          0 
      88      68          2          0 
      88      69          8          1 
      88      70          1          0 
      88      71          0          0 
      88      72          0          0 
      88      73          1          0 
      88      74          0          0 
      88      75          0          0 
      88      76          1          0 
      88      77          7          1 
      88      78          0          0 
      88      79          1          0 
      88      80          2          0 
      88      81          7          1 
      88      82          1          0 
      88      83          0          0 
      88      84          0          0 
      88      85          1          0 
      88      86          6          1 
      88      87          8          1 
      88      88         18          4 
      88      89          1          0 
      88      90          1          1 
      88      91          1          0 
      88      92          1          1 
      88      93          0          0 
      88      94          2          0 
      88      95          0          0 
      88      96          0          0 
      88      97          1          0 
      88      98          1          1 
      88      99          0          0 
      88     100          0          0 
      88     101          0          0 
      88     102          0          0 
      88     103          0          0 
      88     104          1          0 
      88     105          0          0 
      88     106          0          0 
      88     107          0          0 
      88     108          1          0 
      88     109          0          0 
      88     110          0          0 
      88     111          0          0 
      88     112          0          0 
      88     113          0          0 
      88     114          0          0 
      88     115          0          0 
      88     116          1          0 
      88     117          0          0 
      88     118          0          0 
      88     119          0          0 
      88     120          1          0 
      88     121          0          0 
      88     122          0          0 
      88     123          0          0 
      88     124          0          0 
      88     125          2          0 
      88     126          2          0 
      88     127          1          1 
      88     128          0          0 
      88     129          0          0 
      88     130          0          0 
      88     131          0          0 
      88     132          0          0 
      88     133          1          0 
      88     134          0          0 
      88     135          0          0 
      88     136          0          0 
      88     137          0          0 
      88     138          0          0 
      88     139          1          0 
      88     140          0          0 
      88     141          0          0 
      88     142          1          0 
      88     143          1          1 
      88     144          0          0 
      89       1          0          0 
      89       2          0          0 
      89       3          0          0 
      89       4          0          0 
      89       5          1          0 
      89       6          1          0 
      89       7          0          0 
      89       8          0          0 
      89       9          1          0 
      89      10          1          0 
      89      11          0          0 
      89      12          0          0 
      89      13          0          0 
      89      14          0          0 
      89      15          0          0 
      89      16          0          0 
      89      17          0          0 
      89      18          1          0 
      89      19          1          0 
      89      20          0          0 
      89      21          0          0 
      89      22          0          0 
      89      23          0          0 
      89      24          0          0 
      89      25          0          0 
      89      26          2          0 
      89      27          1          0 
      89      28          2          0 
      89      29          0          0 
      89      30          1          0 
      89      31          1          0 
      89      32          0          0 
      89      33          0          0 
      89      34          2          0 
      89      35          1          0 
      89      36          7          1 
      89      37          7          1 
      89      38          8          1 
      89      39          1          0 
      89      40          0          0 
      89      41          7          1 
      89      42          0          0 
      89      43          2          0 
      89      44          0          0 
      89      45          8          1 
      89      46          9          1 
      89      47          1          0 
      89      48          0          0 
      89      49          0          0 
      89      50          1          0 
      89      51          0          0 
      89      52          1          0 
      89      53          1          0 
      89      54          0          0 
      89      55          0          0 
      89      56          7          1 
      89      57          0          0 
      89      58          1          0 
      89      59          0          0 
      89      60          0          0 
      89      61          2          0 
      89      62          0          0 
      89      63          0          0 
      89      64          2          0 
      89      65          0          0 
      89      66          9          1 
      89      67         10          1 
      89      68          1          0 
      89      69          0          0 
      89      70          0          0 
      89      71          1          0 
      89      72          0          0 
      89      73          0          0 
      89      74          1          0 
      89      75          0          0 
      89      76          2          0 
      89      77          0          0 
      89      78          8          1 
      89      79          9          1 
      89      80          1          0 
      89      81          0          0 
      89      82          0          0 
      89      83          1          0 
      89      84          0          0 
      89      85          8          1 
      89      86          9          1 
      89      87          1          0 
      89      88          0          0 
      89      89         26          5 
      89      90          1          1 
      89      91          3          0 
      89      92          0          0 
      89      93          1          1 
      89      94          0          0 
      89      95          2          0 
      89      96          0          0 
      89      97          0          0 
      89      98          0          0 
      89      99          1          1 
      89     100          0          0 
      89     101          0          0 
      89     102          0          0 
      89     103          0          0 
      89     104          0          0 
      89     105          1          0 
      89     106          1          0 
      89     107          0          0 
      89     108          0          0 
      89     109          0          0 
      89     110          0          0 
      89     111          0          0 
      89     112          0          0 
      89     113          0          0 
      89     114          0          0 
      89     115          0          0 
      89     116          0          0 
      89     117          1          0 
      89     118          1          0 
      89     119          0          0 
      89     120          0          0 
      89     121          0          0 
      89     122          0          0 
      89     123          0          0 
      89     124          1          0 
      89     125          1          0 
      89     126          0          0 
      89     127          0          0 
      89     128          1          1 
      89     129          0          0 
      89     130          0          0 
      89     131          0          0 
      89     132          0          0 
      89     133          0          0 
      89     134          0          0 
      89     135          0          0 
      89     136          0          0 
      89     137          0          0 
      89     138          0          0 
      89     139          0          0 
      89     140          0          0 
      89     141          0          0 
      89     142          0          0 
      89     143          0          0 
      89     144          1          1 
      90       1          0          0 
      90       2          0          0 
      90       3          0          0 
      90       4          0          0 
      90       5          1          0 
      90       6          1          0 
      90       7          0          0 
      90       8          0          0 
      90       9          0          0 
      90      10          1          0 
      90      11          1          0 
      90      12          1          0 
      90      13          0          0 
      90      14          0          0 
      90      15          0          0 
      90      16          0          0 
      90      17          0          0 
      90      18          0          0 
      90      19          1          0 
      90      20          1          0 
      90      21          1          0 
      90      22          0          0 
      90      23          0          0 
      90      24          0          0 
      90      25          0          0 
      90      26          1          0 
      90      27          2          0 
      90      28          0          0 
      90      29          2          0 
      90      30          0          0 
      90      31          1          0 
      90      32          1          0 
      90      33          1          0 
      90      34          1          0 
      90      35          2          0 
      90      36          7          1 
      90      37          1          0 
      90      38          8          1 
      90      39          7          1 
      90      40          7          1 
      90      41          2          0 
      90      42          7          1 
      90      43          0          0 
      90      44          2          0 
      90      45          1          0 
      90      46          9          1 
      90      47          8          1 
      90      48          8          1 
      90      49          0          0 
      90      50          1          0 
      90      51          1          0 
      90      52          0          0 
      90      53          1          0 
      90      54          1          0 
      90      55          1          0 
      90      56          2          0 
      90      57          7          1 
      90      58          1          0 
      90      59          1          0 
      90      60          0          0 
      90      61          0          0 
      90      62          2          0 
      90      63          0          0 
      90      64          0          0 
      90      65          2          0 
      90      66          1          0 
      90      67         10          1 
      90      68          9          1 
      90      69          9          1 
      90      70          0          0 
      90      71          1          0 
      90      72          1          0 
      90      73          0          0 
      90      74          1          0 
      90      75          1          0 
      90      76          0          0 
      90      77          2          0 
      90      78          1          0 
      90      79          9          1 
      90      80          8          1 
      90      81          8          1 
      90      82          0          0 
      90      83          1          0 
      90      84          1          0 
      90      85          1          0 
      90      86          9          1 
      90      87          8          1 
      90      88          8          1 
      90      89          9          1 
      90      90         26          5 
      90      91          3          0 
      90      92          3          0 
      90      93          1          1 
      90      94          0          0 
      90      95          2          0 
      90      96          2          0 
      90      97          1          0 
      90      98          0          0 
      90      99          1          1 
      90     100          0          0 
      90     101          0          0 
      90     102          0          0 
      90     103          0          0 
      90     104          0          0 
      90     105          0          0 
      90     106          1          0 
      90     107          1          0 
      90     108          1          0 
      90     109          0          0 
      90     110          0          0 
      90     111          0          0 
      90     112          0          0 
      90     113          0          0 
      90     114          0          0 
      90     115          0          0 
      90     116          0          0 
      90     117          0          0 
      90     118          1          0 
      90     119          1          0 
      90     120          1          0 
      90     121          0          0 
      90     122          0          0 
      90     123          0          0 
      90     124          0          0 
      90     125          1          0 
      90     126          1          0 
      90     127          1          0 
      90     128          2          0 
      90     129          1          1 
      90     130          1          0 
      90     131          0          0 
      90     132          0          0 
      90     133          0          0 
      90     134          1          0 
      90     135          0          0 
      90     136          0          0 
      90     137          0          0 
      90     138          0          0 
      90     139          0          0 
      90     140          1          0 
      90     141          0          0 
      90     142          1          0 
      90     143          0          0 
      90     144          1          1 
      91       1          0          0 
      91       2          0          0 
      91       3          0          0 
      91       4          0          0 
      91       5          0          0 
      91       6          0          0 
      91       7          1          0 
      91       8          1          0 
      91       9          1          0 
      91      10          0          0 
      91      11          1          0 
      91      12          0          0 
      91      13          0          0 
      91      14          0          0 
      91      15          0          0 
      91      16          0          0 
      91      17          0          0 
      91      18          1          0 
      91      19          0          0 
      91      20          1          0 
      91      21          0          0 
      91      22          1          0 
      91      23          1          0 
      91      24          0          0 
      91      25          0          0 
      91      26          2          0 
      91      27          0          0 
      91      28          2          0 
      91      29          1          0 
      91      30          2          0 
      91      31          0          0 
      91      32          2          0 
      91      33          0          0 
      91      34          2          0 
      91      35          0          0 
      91      36          0          0 
      91      37          7          1 
      91      38          1          0 
      91      39          8          1 
      91      40          0          0 
      91      41          1          0 
      91      42          0          0 
      91      43          2          0 
      91      44          1          0 
      91      45          8          1 
      91      46          1          0 
      91      47          9          1 
      91      48          0          0 
      91      49          8          1 
      91      50          8          1 
      91      51          0          0 
      91      52          2          0 
      91      53          0          0 
      91      54          2          0 
      91      55          0          0 
      91      56          1          0 
      91      57          0          0 
      91      58          8          1 
      91      59          0          0 
      91      60          0          0 
      91      61          2          0 
      91      62          0          0 
      91      63          2          0 
      91      64          2          0 
      91      65          1          0 
      91      66          9          1 
      91      67          1          0 
      91      68         10          1 
      91      69          0          0 
      91      70          9          1 
      91      71          9          1 
      91      72          0          0 
      91      73          1          0 
      91      74          2          0 
      91      75          0          0 
      91      76          2          0 
      91      77          1          0 
      91      78          8          1 
      91      79          1          0 
      91      80          9          1 
      91      81          0          0 
      91      82          8          1 
      91      83          8          1 
      91      84          0          0 
      91      85          8          1 
      91      86          1          0 
      91      87          9          1 
      91      88          0          0 
      91      89          0          0 
      91      90          0          0 
      91      91         26          5 
      91      92          1          1 
      91      93          1          1 
      91      94          2          0 
      91      95          4          0 
      91      96          0          0 
      91      97          1          1 
      91      98          0          0 
      91      99          1          1 
      91     100          0          0 
      91     101          0          0 
      91     102          0          0 
      91     103          0          0 
      91     104          0          0 
      91     105          1          0 
      91     106          0          0 
      91     107          1          0 
      91     108          0          0 
      91     109          1          0 
      91     110          1          0 
      91     111          0          0 
      91     112          0          0 
      91     113          0          0 
      91     114          0          0 
      91     115          0          0 
      91     116          0          0 
      91     117          1          0 
      91     118          0          0 
      91     119          1          0 
      91     120          0          0 
      91     121          1          0 
      91     122          1          0 
      91     123          0          0 
      91     124          2          0 
      91     125          0          0 
      91     126          2          0 
      91     127          0          0 
      91     128          0          0 
      91     129          0          0 
      91     130          1          1 
      91     131          0          0 
      91     132          0          0 
      91     133          1          0 
      91     134          0          0 
      91     135          0          0 
      91     136          0          0 
      91     137          0          0 
      91     138          0          0 
      91     139          1          0 
      91     140          0          0 
      91     141          0          0 
      91     142          1          1 
      91     143          0          0 
      91     144          1          1 
      92       1          0          0 
      92       2          0          0 
      92       3          0          0 
      92       4          0          0 
      92       5          0          0 
      92       6          0          0 
      92       7          1          0 
      92       8          1          0 
      92       9          0          0 
      92      10          1          0 
      92      11          1          0 
      92      12          1          0 
      92      13          0          0 
      92      14          0          0 
      92      15          0          0 
      92      16          0          0 
      92      17          0          0 
      92      18          0          0 
      92      19          1          0 
      92      20          1          0 
      92      21          1          0 
      92      22          1          0 
      92      23          0          0 
      92      24          1          0 
      92      25          0          0 
      92      26          0          0 
      92      27          2          0 
      92      28          1          0 
      92      29          2          0 
      92      30          0          0 
      92      31          2          0 
      92      32          2          0 
      92      33          2          0 
      92      34          0          0 
      92      35          2          0 
      92      36          0          0 
      92      37          1          0 
      92      38          7          1 
      92      39          8          1 
      92      40          7          1 
      92      41          1          0 
      92      42          1          0 
      92      43          1          0 
      92      44          2          0 
      92      45          1          0 
      92      46          8          1 
      92      47          9          1 
      92      48          8          1 
      92      49          8          1 
      92      50          2          0 
      92      51          8          1 
      92      52          0          0 
      92      53          2          0 
      92      54          2          0 
      92      55          2          0 
      92      56          1          0 
      92      57          1          0 
      92      58          2          0 
      92      59          8          1 
      92      60          0          0 
      92      61          0          0 
      92      62          2          0 
      92      63          2          0 
      92      64          1          0 
      92      65          2          0 
      92      66          1          0 
      92      67          9          1 
      92      68         10          1 
      92      69          9          1 
      92      70          9          1 
      92      71          2          0 
      92      72          9          1 
      92      73          1          0 
      92      74          1          0 
      92      75          2          0 
      92      76          1          0 
      92      77          2          0 
      92      78          1          0 
      92      79          8          1 
      92      80          9          1 
      92      81          8          1 
      92      82          8          1 
      92      83          2          0 
      92      84          8          1 
      92      85          1          0 
      92      86          8          1 
      92      87          9          1 
      92      88          8          1 
      92      89          3          0 
      92      90          0          0 
      92      91          9          1 
      92      92         26          5 
      92      93          1          1 
      92      94          2          0 
      92      95          2          0 
      92      96          4          0 
      92      97          2          0 
      92      98          1          1 
      92      99          1          1 
      92     100          0          0 
      92     101          0          0 
      92     102          0          0 
      92     103          0          0 
      92     104          0          0 
      92     105          0          0 
      92     106          1          0 
      92     107          1          0 
      92     108          1          0 
      92     109          1          0 
      92     110          0          0 
      92     111          1          0 
      92     112          0          0 
      92     113          0          0 
      92     114          0          0 
      92     115          0          0 
      92     116          0          0 
      92     117          0          0 
      92     118          1          0 
      92     119          1          0 
      92     120          1          0 
      92     121          1          0 
      92     122          0          0 
      92     123          1          0 
      92     124          0          0 
      92     125          2          0 
      92     126          2          0 
      92     127          2          0 
      92     128          1          0 
      92     129          0          0 
      92     130          2          0 
      92     131          1          1 
      92     132          0          0 
      92     133          1          0 
      92     134          1          0 
      92     135          0          0 
      92     136          0          0 
      92     137          0          0 
      92     138          0          0 
      92     139          1          0 
      92     140          1          0 
      92     141          0          0 
      92     142          2          0 
      92     143          1          1 
      92     144          1          1 
      93       1          0          0 
      93       2          0          0 
      93       3          0          0 
      93       4          0          0 
      93       5          0          0 
      93       6          0          0 
      93       7          0          0 
      93       8          0          0 
      93       9          1          0 
      93      10          1          0 
      93      11          1          0 
      93      12          1          0 
      93      13          0          0 
      93      14          0          0 
      93      15          0          0 
      93      16          0          0 
      93      17          0          0 
      93      18          0          0 
      93      19          0          0 
      93      20          0          0 
      93      21          0          0 
      93      22          0          0 
      93      23          1          0 
      93      24          1          0 
      93      25          0          0 
      93      26          0          0 
      93      27          0          0 
      93      28          0          0 
      93      29          0          0 
      93      30          1          0 
      93      31          1          0 
      93      32          2          0 
      93      33          1          0 
      93      34          0          0 
      93      35          0          0 
      93      36          2          0 
      93      37          1          0 
      93      38          2          0 
      93      39          1          0 
      93      40          1          0 
      93      41          6          1 
      93      42          6          1 
      93      43          0          0 
      93      44          0          0 
      93      45          1          0 
      93      46          1          0 
      93      47          2          0 
      93      48          1          0 
      93      49          2          0 
      93      50          7          1 
      93      51          7          1 
      93      52          0          0 
      93      53          0          0 
      93      54          0          0 
      93      55          0          0 
      93      56          2          0 
      93      57          2          0 
      93      58          2          0 
      93      59          2          0 
      93      60          6          1 
      93      61          0          0 
      93      62          0          0 
      93      63          2          0 
      93      64          0          0 
      93      65          0          0 
      93      66          1          0 
      93      67          1          0 
      93      68          2          0 
      93      69          1          0 
      93      70          2          0 
      93      71          8          1 
      93      72          8          1 
      93      73          0          0 
      93      74          1          0 
      93      75          1          0 
      93      76          0          0 
      93      77          0          0 
      93      78          1          0 
      93      79          1          0 
      93      80          2          0 
      93      81          1          0 
      93      82          2          0 
      93      83          7          1 
      93      84          7          1 
      93      85          1          0 
      93      86          1          0 
      93      87          1          0 
      93      88          1          0 
      93      89          6          1 
      93      90          6          1 
      93      91          8          1 
      93      92          8          1 
      93      93         18          4 
      93      94          0          0 
      93      95          2          0 
      93      96          2          0 
      93      97          1          0 
      93      98          1          0 
      93      99          1          1 
      93     100          0          0 
      93     101          0          0 
      93     102          0          0 
      93     103          0          0 
      93     104          0          0 
      93     105          0          0 
      93     106          0          0 
      93     107          0          0 
      93     108          0          0 
      93     109          0          0 
      93     110          1          0 
      93     111          1          0 
      93     112          0          0 
      93     113          0          0 
      93     114          0          0 
      93     115          0          0 
      93     116          0          0 
      93     117          0          0 
      93     118          0          0 
      93     119          0          0 
      93     120          0          0 
      93     121          0          0 
      93     122          1          0 
      93     123          1          0 
      93     124          0          0 
      93     125          0          0 
      93     126          0          0 
      93     127          0          0 
      93     128          2          0 
      93     129          2          0 
      93     130          2          0 
      93     131          2          0 
      93     132          1          1 
      93     133          0          0 
      93     134          1          0 
      93     135          1          0 
      93     136          0          0 
      93     137          0          0 
      93     138          0          0 
      93     139          0          0 
      93     140          1          0 
      93     141          1          0 
      93     142          1          0 
      93     143          1          0 
      93     144          1          1 
      94       1          0          0 
      94       2          0          0 
      94       3          0          0 
      94       4          0          0 
      94       5          0          0 
      94       6          0          0 
      94       7          0          0 
      94       8          0          0 
      94       9          0          0 
      94      10          0          0 
      94      11          0          0 
      94      12          0          0 
      94      13          1          0 
      94      14          1          0 
      94      15          1          0 
      94      16          1          0 
      94      17          1          0 
      94      18          0          0 
      94      19          0          0 
      94      20          0          0 
      94      21          0          0 
      94      22          1          0 
      94      23          0          0 
      94      24          0          0 
      94      25          2          0 
      94      26          0          0 
      94      27          0          0 
      94      28          2          0 
      94      29          2          0 
      94      30          0          0 
      94      31          0          0 
      94      32          0          0 
      94      33          0          0 
      94      34          0          0 
      94      35          0          0 
      94      36          0          0 
      94      37          0          0 
      94      38          0          0 
      94      39          0          0 
      94      40          0          0 
      94      41          0          0 
      94      42          0          0 
      94      43          7          1 
      94      44          7          1 
      94      45          1          0 
      94      46          1          0 
      94      47          2          0 
      94      48          0          0 
      94      49          9          1 
      94      50          0          0 
      94      51          0          0 
      94      52          1          0 
      94      53          1          0 
      94      54          2          0 
      94      55          0          0 
      94      56          0          0 
      94      57          0          0 
      94      58          0          0 
      94      59          0          0 
      94      60          0          0 
      94      61          2          0 
      94      62          2          0 
      94      63          1          0 
      94      64          8          1 
      94      65          8          1 
      94      66          1          0 
      94      67          1          0 
      94      68          2          0 
      94      69          0          0 
      94      70         10          1 
      94      71          0          0 
      94      72          0          0 
      94      73          9          1 
      94      74          0          0 
      94      75          0          0 
      94      76          7          1 
      94      77          7          1 
      94      78          1          0 
      94      79          1          0 
      94      80          2          0 
      94      81          0          0 
      94      82          9          1 
      94      83          0          0 
      94      84          0          0 
      94      85          2          0 
      94      86          0          0 
      94      87          0          0 
      94      88          0          0 
      94      89          0          0 
      94      90          0          0 
      94      91          0          0 
      94      92          0          0 
      94      93          0          0 
      94      94         26          5 
      94      95          1          1 
      94      96          1          1 
      94      97          1          1 
      94      98          1          1 
      94      99          0          0 
      94     100          0          0 
      94     101          0          0 
      94     102          0          0 
      94     103          1          0 
      94     104          1          0 
      94     105          0          0 
      94     106          0          0 
      94     107          0          0 
      94     108          0          0 
      94     109          1          0 
      94     110          0          0 
      94     111          0          0 
      94     112          1          0 
      94     113          0          0 
      94     114          0          0 
      94     115          2          0 
      94     116          2          0 
      94     117          0          0 
      94     118          0          0 
      94     119          0          0 
      94     120          0          0 
      94     121          2          0 
      94     122          0          0 
      94     123          0          0 
      94     124          1          0 
      94     125          0          0 
      94     126          0          0 
      94     127          0          0 
      94     128          0          0 
      94     129          0          0 
      94     130          0          0 
      94     131          0          0 
      94     132          0          0 
      94     133          1          1 
      94     134          0          0 
      94     135          0          0 
      94     136          0          0 
      94     137          0          0 
      94     138          0          0 
      94     139          1          1 
      94     140          0          0 
      94     141          0          0 
      94     142          1          1 
      94     143          1          1 
      94     144          0          0 
      95       1          0          0 
      95       2          0          0 
      95       3          0          0 
      95       4          0          0 
      95       5          0          0 
      95       6          0          0 
      95       7          0          0 
      95       8          0          0 
      95       9          0          0 
      95      10          0          0 
      95      11          0          0 
      95      12          0          0 
      95      13          1          0 
      95      14          1          0 
      95      15          1          0 
      95      16          0          0 
      95      17          0          0 
      95      18          1          0 
      95      19          0          0 
      95      20          1          0 
      95      21          0          0 
      95      22          1          0 
      95      23          1          0 
      95      24          0          0 
      95      25          0          0 
      95      26          2          0 
      95      27          0          0 
      95      28          2          0 
      95      29          0          0 
      95      30          2          0 
      95      31          0          0 
      95      32          2          0 
      95      33          0          0 
      95      34          0          0 
      95      35          0          0 
      95      36          0          0 
      95      37          0          0 
      95      38          0          0 
      95      39          0          0 
      95      40          0          0 
      95      41          0          0 
      95      42          0          0 
      95      43          1          0 
      95      44          1          0 
      95      45          7          1 
      95      46          1          0 
      95      47          8          1 
      95      48          0          0 
      95      49          9          1 
      95      50          7          1 
      95      51          0          0 
      95      52          1          0 
      95      53          0          0 
      95      54          1          0 
      95      55          0          0 
      95      56          1          0 
      95      57          0          0 
      95      58          2          0 
      95      59          0          0 
      95      60          0          0 
      95      61          2          0 
      95      62          1          0 
      95      63          2          0 
      95      64          1          0 
      95      65          1          0 
      95      66          8          1 
      95      67          1          0 
      95      68          9          1 
      95      69          0          0 
      95      70         10          1 
      95      71          8          1 
      95      72          0          0 
      95      73          2          0 
      95      74          9          1 
      95      75          0          0 
      95      76          1          0 
      95      77          1          0 
      95      78          7          1 
      95      79          1          0 
      95      80          8          1 
      95      81          0          0 
      95      82          9          1 
      95      83          7          1 
      95      84          0          0 
      95      85          2          0 
      95      86          0          0 
      95      87          2          0 
      95      88          0          0 
      95      89          0          0 
      95      90          0          0 
      95      91          0          0 
      95      92          0          0 
      95      93          0          0 
      95      94          9          1 
      95      95         26          5 
      95      96          1          1 
      95      97          1          1 
      95      98          0          0 
      95      99          1          1 
      95     100          0          0 
      95     101          0          0 
      95     102          0          0 
      95     103          0          0 
      95     104          0          0 
      95     105          1          0 
      95     106          0          0 
      95     107          1          0 
      95     108          0          0 
      95     109          1          0 
      95     110          1          0 
      95     111          0          0 
      95     112          0          0 
      95     113          1          0 
      95     114          0          0 
      95     115          0          0 
      95     116          0          0 
      95     117          2          0 
      95     118          0          0 
      95     119          2          0 
      95     120          0          0 
      95     121          2          0 
      95     122          2          0 
      95     123          0          0 
      95     124          1          0 
      95     125          0          0 
      95     126          1          0 
      95     127          0          0 
      95     128          0          0 
      95     129          0          0 
      95     130          0          0 
      95     131          0          0 
      95     132          0          0 
      95     133          2          0 
      95     134          1          1 
      95     135          0          0 
      95     136          0          0 
      95     137          0          0 
      95     138          0          0 
      95     139          2          0 
      95     140          1          1 
      95     141          0          0 
      95     142          1          1 
      95     143          0          0 
      95     144          1          1 
      96       1          0          0 
      96       2          0          0 
      96       3          0          0 
      96       4          0          0 
      96       5          0          0 
      96       6          0          0 
      96       7          0          0 
      96       8          0          0 
      96       9          0          0 
      96      10          0          0 
      96      11          0          0 
      96      12          0          0 
      96      13          1          0 
      96      14          1          0 
      96      15          1          0 
      96      16          0          0 
      96      17          0          0 
      96      18          0          0 
      96      19          1          0 
      96      20          1          0 
      96      21          1          0 
      96      22          1          0 
      96      23          0          0 
      96      24          1          0 
      96      25          0          0 
      96      26          0          0 
      96      27          2          0 
      96      28          0          0 
      96      29          2          0 
      96      30          0          0 
      96      31          2          0 
      96      32          2          0 
      96      33          2          0 
      96      34          0          0 
      96      35          0          0 
      96      36          0          0 
      96      37          0          0 
      96      38          0          0 
      96      39          0          0 
      96      40          0          0 
      96      41          0          0 
      96      42          0          0 
      96      43          1          0 
      96      44          1          0 
      96      45          1          0 
      96      46          7          1 
      96      47          8          1 
      96      48          7          1 
      96      49          9          1 
      96      50          1          0 
      96      51          7          1 
      96      52          0          0 
      96      53          1          0 
      96      54          1          0 
      96      55          1          0 
      96      56          1          0 
      96      57          1          0 
      96      58          1          0 
      96      59          2          0 
      96      60          0          0 
      96      61          1          0 
      96      62          2          0 
      96      63          2          0 
      96      64          1          0 
      96      65          1          0 
      96      66          1          0 
      96      67          8          1 
      96      68          9          1 
      96      69          8          1 
      96      70         10          1 
      96      71          1          0 
      96      72          8          1 
      96      73          2          0 
      96      74          2          0 
      96      75          9          1 
      96      76          1          0 
      96      77          1          0 
      96      78          1          0 
      96      79          7          1 
      96      80          8          1 
      96      81          7          1 
      96      82          9          1 
      96      83          1          0 
      96      84          7          1 
      96      85          0          0 
      96      86          2          0 
      96      87          2          0 
      96      88          2          0 
      96      89          2          0 
      96      90          0          0 
      96      91          2          0 
      96      92          0          0 
      96      93          0          0 
      96      94          9          1 
      96      95          9          1 
      96      96         26          5 
      96      97          2          0 
      96      98          1          1 
      96      99          1          1 
      96     100          0          0 
      96     101          0          0 
      96     102          0          0 
      96     103          0          0 
      96     104          0          0 
      96     105          0          0 
      96     106          1          0 
      96     107          1          0 
      96     108          1          0 
      96     109          1          0 
      96     110          0          0 
      96     111          1          0 
      96     112          0          0 
      96     113          0          0 
      96     114          1          0 
      96     115          0          0 
      96     116          0          0 
      96     117          0          0 
      96     118          2          0 
      96     119          2          0 
      96     120          2          0 
      96     121          2          0 
      96     122          0          0 
      96     123          2          0 
      96     124          0          0 
      96     125          1          0 
      96     126          1          0 
      96     127          1          0 
      96     128          1          0 
      96     129          0          0 
      96     130          1          0 
      96     131          0          0 
      96     132          0          0 
      96     133          2          0 
      96     134          2          0 
      96     135          1          1 
      96     136          0          0 
      96     137          0          0 
      96     138          0          0 
      96     139          2          0 
      96     140          2          0 
      96     141          1          1 
      96     142          2          0 
      96     143          1          1 
      96     144          1          1 
      97       1          0          0 
      97       2          0          0 
      97       3          0          0 
      97       4          0          0 
      97       5          0          0 
      97       6          0          0 
      97       7          0          0 
      97       8          0          0 
      97       9          0          0 
      97      10          0          0 
      97      11          0          0 
      97      12          0          0 
      97      13          0          0 
      97      14          0          0 
      97      15          0          0 
      97      16          1          0 
      97      17          1          0 
      97      18          1          0 
      97      19          0          0 
      97      20          1          0 
      97      21          0          0 
      97      22          1          0 
      97      23          1          0 
      97      24          0          0 
      97      25          0          0 
      97      26          0          0 
      97      27          0          0 
      97      28          0          0 
      97      29          0          0 
      97      30          0          0 
      97      31          0          0 
      97      32          0          0 
      97      33          0          0 
      97      34          2          0 
      97      35          0          0 
      97      36          0          0 
      97      37          2          0 
      97      38          0          0 
      97      39          2          0 
      97      40          0          0 
      97      41          0          0 
      97      42          0          0 
      97      43          2          0 
      97      44          1          0 
      97      45          2          0 
      97      46          0          0 
      97      47          2          0 
      97      48          0          0 
      97      49          1          0 
      97      50          1          0 
      97      51          0          0 
      97      52          6          1 
      97      53          1          0 
      97      54          7          1 
      97      55          0          0 
      97      56          1          0 
      97      57          0          0 
      97      58          7          1 
      97      59          0          0 
      97      60          0          0 
      97      61          0          0 
      97      62          0          0 
      97      63          0          0 
      97      64          1          0 
      97      65          1          0 
      97      66          1          0 
      97      67          0          0 
      97      68          1          0 
      97      69          0          0 
      97      70          2          0 
      97      71          1          0 
      97      72          0          0 
      97      73          8          1 
      97      74          8          1 
      97      75          0          0 
      97      76          1          0 
      97      77          1          0 
      97      78          1          0 
      97      79          0          0 
      97      80          1          0 
      97      81          0          0 
      97      82          1          0 
      97      83          1          0 
      97      84          0          0 
      97      85          6          1 
      97      86          1          0 
      97      87          7          1 
      97      88          0          0 
      97      89          1          0 
      97      90          0          0 
      97      91          7          1 
      97      92          0          0 
      97      93          0          0 
      97      94          8          1 
      97      95          8          1 
      97      96          0          0 
      97      97         18          4 
      97      98          1          1 
      97      99          1          1 
      97     100          0          0 
      97     101          0          0 
      97     102          0          0 
      97     103          0          0 
      97     104          0          0 
      97     105          0          0 
      97     106          0          0 
      97     107          0          0 
      97     108          0          0 
      97     109          0          0 
      97     110          0          0 
      97     111          0          0 
      97     112          1          0 
      97     113          1          0 
      97     114          0          0 
      97     115          0          0 
      97     116          0          0 
      97     117          0          0 
      97     118          0          0 
      97     119          0          0 
      97     120          0          0 
      97     121          0          0 
      97     122          0          0 
      97     123          0          0 
      97     124          2          0 
      97     125          0          0 
      97     126          2          0 
      97     127          0          0 
      97     128          0          0 
      97     129          0          0 
      97     130          2          0 
      97     131          0          0 
      97     132          0          0 
      97     133          2          0 
      97     134          2          0 
      97     135          0          0 
      97     136          1          1 
      97     137          0          0 
      97     138          0          0 
      97     139          1          0 
      97     140          1          0 
      97     141          0          0 
      97     142          1          1 
      97     143          0          0 
      97     144          0          0 
      98       1          0          0 
      98       2          0          0 
      98       3          0          0 
      98       4          0          0 
      98       5          0          0 
      98       6          0          0 
      98       7          0          0 
      98       8          0          0 
      98       9          0          0 
      98      10          0          0 
      98      11          0          0 
      98      12          0          0 
      98      13          0          0 
      98      14          0          0 
      98      15          0          0 
      98      16          1          0 
      98      17          1          0 
      98      18          0          0 
      98      19          1          0 
      98      20          1          0 
      98      21          1          0 
      98      22          1          0 
      98      23          0          0 
      98      24          1          0 
      98      25          0          0 
      98      26          0          0 
      98      27          0          0 
      98      28          0          0 
      98      29          0          0 
      98      30          0          0 
      98      31          0          0 
      98      32          0          0 
      98      33          0          0 
      98      34          0          0 
      98      35          2          0 
      98      36          0          0 
      98      37          0          0 
      98      38          2          0 
      98      39          2          0 
      98      40          2          0 
      98      41          0          0 
      98      42          0          0 
      98      43          1          0 
      98      44          2          0 
      98      45          0          0 
      98      46          2          0 
      98      47          2          0 
      98      48          2          0 
      98      49          1          0 
      98      50          0          0 
      98      51          1          0 
      98      52          1          0 
      98      53          6          1 
      98      54          7          1 
      98      55          6          1 
      98      56          1          0 
      98      57          1          0 
      98      58          2          0 
      98      59          7          1 
      98      60          0          0 
      98      61          0          0 
      98      62          0          0 
      98      63          0          0 
      98      64          1          0 
      98      65          1          0 
      98      66          0          0 
      98      67          1          0 
      98      68          1          0 
      98      69          1          0 
      98      70          2          0 
      98      71          0          0 
      98      72          1          0 
      98      73          8          1 
      98      74          2          0 
      98      75          8          1 
      98      76          1          0 
      98      77          1          0 
      98      78          0          0 
      98      79          1          0 
      98      80          1          0 
      98      81          1          0 
      98      82          1          0 
      98      83          0          0 
      98      84          1          0 
      98      85          1          0 
      98      86          6          1 
      98      87          7          1 
      98      88          6          1 
      98      89          1          0 
      98      90          1          0 
      98      91          2          0 
      98      92          7          1 
      98      93          0          0 
      98      94          8          1 
      98      95          2          0 
      98      96          8          1 
      98      97          7          1 
      98      98         18          4 
      98      99          1          1 
      98     100          0          0 
      98     101          0          0 
      98     102          0          0 
      98     103          0          0 
      98     104          0          0 
      98     105          0          0 
      98     106          0          0 
      98     107          0          0 
      98     108          0          0 
      98     109          0          0 
      98     110          0          0 
      98     111          0          0 
      98     112          1          0 
      98     113          0          0 
      98     114          1          0 
      98     115          0          0 
      98     116          0          0 
      98     117          0          0 
      98     118          0          0 
      98     119          0          0 
      98     120          0          0 
      98     121          0          0 
      98     122          0          0 
      98     123          0          0 
      98     124          0          0 
      98     125          2          0 
      98     126          2          0 
      98     127          2          0 
      98     128          0          0 
      98     129          0          0 
      98     130          0          0 
      98     131          2          0 
      98     132          0          0 
      98     133          2          0 
      98     134          0          0 
      98     135          2          0 
      98     136          1          0 
      98     137          1          1 
      98     138          0          0 
      98     139          1          0 
      98     140          0          0 
      98     141          1          0 
      98     142          1          0 
      98     143          1          1 
      98     144          0          0 
      99       1          0          0 
      99       2          0          0 
      99       3          0          0 
      99       4          0          0 
      99       5          0          0 
      99       6          0          0 
      99       7          0          0 
      99       8          0          0 
      99       9          0          0 
      99      10          0          0 
      99      11          0          0 
      99      12          0          0 
      99      13          0          0 
      99      14          0          0 
      99      15          0          0 
      99      16          0          0 
      99      17          0          0 
      99      18          1          0 
      99      19          1          0 
      99      20          1          0 
      99      21          1          0 
      99      22          0          0 
      99      23          1          0 
      99      24          1          0 
      99      25          0          0 
      99      26          0          0 
      99      27          0          0 
      99      28          0          0 
      99      29          0          0 
      99      30          0          0 
      99      31          0          0 
      99      32          0          0 
      99      33          0          0 
      99      34          0          0 
      99      35          0          0 
      99      36          2          0 
      99      37          0          0 
      99      38          2          0 
      99      39          2          0 
      99      40          0          0 
      99      41          2          0 
      99      42          2          0 
      99      43          0          0 
      99      44          0          0 
      99      45          1          0 
      99      46          2          0 
      99      47          2          0 
      99      48          1          0 
      99      49          2          0 
      99      50          2          0 
      99      51          2          0 
      99      52          1          0 
      99      53          1          0 
      99      54          2          0 
      99      55          1          0 
      99      56          6          1 
      99      57          6          1 
      99      58          7          1 
      99      59          7          1 
      99      60          6          1 
      99      61          0          0 
      99      62          0          0 
      99      63          0          0 
      99      64          0          0 
      99      65          0          0 
      99      66          1          0 
      99      67          1          0 
      99      68          2          0 
      99      69          1          0 
      99      70          2          0 
      99      71          1          0 
      99      72          1          0 
      99      73          2          0 
      99      74          8          1 
      99      75          8          1 
      99      76          0          0 
      99      77          0          0 
      99      78          1          0 
      99      79          1          0 
      99      80          1          0 
      99      81          1          0 
      99      82          0          0 
      99      83          1          0 
      99      84          1          0 
      99      85          1          0 
      99      86          1          0 
      99      87          2          0 
      99      88          1          0 
      99      89          6          1 
      99      90          6          1 
      99      91          7          1 
      99      92          7          1 
      99      93          6          1 
      99      94          2          0 
      99      95          8          1 
      99      96          8          1 
      99      97          7          1 
      99      98          7          1 
      99      99         18          4 
      99     100          0          0 
      99     101          0          0 
      99     102          0          0 
      99     103          0          0 
      99     104          0          0 
      99     105          0          0 
      99     106          0          0 
      99     107          0          0 
      99     108          0          0 
      99     109          0          0 
      99     110          0          0 
      99     111          0          0 
      99     112          0          0 
      99     113          1          0 
      99     114          1          0 
      99     115          0          0 
      99     116          0          0 
      99     117          0          0 
      99     118          0          0 
      99     119          0          0 
      99     120          0          0 
      99     121          0          0 
      99     122          0          0 
      99     123          0          0 
      99     124          0          0 
      99     125          0          0 
      99     126          0          0 
      99     127          0          0 
      99     128          2          0 
      99     129          2          0 
      99     130          2          0 
      99     131          2          0 
      99     132          2          0 
      99     133          0          0 
      99     134          2          0 
      99     135          2          0 
      99     136          1          0 
      99     137          1          0 
      99     138          1          1 
      99     139          0          0 
      99     140          1          0 
      99     141          1          0 
      99     142          1          0 
      99     143          1          0 
      99     144          1          1 
     100       1          6          1 
     100       2          6          1 
     100       3          0          0 
     100       4          1          0 
     100       5          1          0 
     100       6          0          0 
     100       7          2          0 
     100       8          0          0 
     100       9          0          0 
     100      10          0          0 
     100      11          0          0 
     100      12          0          0 
     100      13          8          1 
     100      14          0          0 
     100      15          0          0 
     100      16          0          0 
     100      17          0          0 
     100      18          0          0 
     100      19          0          0 
     100      20          0          0 
     100      21          0          0 
     100      22          0          0 
     100      23          0          0 
     100      24          0          0 
     100      25          1          0 
     100      26          1          0 
     100      27          0          0 
     100      28          2          0 
     100      29          0          0 
     100      30          0          0 
     100      31          0          0 
     100      32          0          0 
     100      33          0          0 
     100      34          0          0 
     100      35          0          0 
     100      36          0          0 
     100      37          0          0 
     100      38          0          0 
     100      39          0          0 
     100      40          0          0 
     100      41          0          0 
     100      42          0          0 
     100      43          0          0 
     100      44          0          0 
     100      45          0          0 
     100      46          0          0 
     100      47          0          0 
     100      48          0          0 
     100      49          0          0 
     100      50          0          0 
     100      51          0          0 
     100      52          0          0 
     100      53          0          0 
     100      54          0          0 
     100      55          0          0 
     100      56          0          0 
     100      57          0          0 
     100      58          0          0 
     100      59          0          0 
     100      60          0          0 
     100      61          8          1 
     100      62          0          0 
     100      63          0          0 
     100      64          0          0 
     100      65          0          0 
     100      66          0          0 
     100      67          0          0 
     100      68          0          0 
     100      69          0          0 
     100      70          0          0 
     100      71          0          0 
     100      72          0          0 
     100      73          0          0 
     100      74          0          0 
     100      75          0          0 
     100      76          0          0 
     100      77          0          0 
     100      78          0          0 
     100      79          0          0 
     100      80          0          0 
     100      81          0          0 
     100      82          0          0 
     100      83          0          0 
     100      84          0          0 
     100      85          0          0 
     100      86          0          0 
     100      87          0          0 
     100      88          0          0 
     100      89          0          0 
     100      90          0          0 
     100      91          0          0 
     100      92          0          0 
     100      93          0          0 
     100      94          0          0 
     100      95          0          0 
     100      96          0          0 
     100      97          0          0 
     100      98          0          0 
     100      99          0          0 
     100     100         18          4 
     100     101          1          1 
     100     102          1          1 
     100     103          1          1 
     100     104          0          0 
     100     105          1          1 
     100     106          1          1 
     100     107          1          1 
     100     108          0          0 
     100     109          1          1 
     100     110          0          0 
     100     111          0          0 
     100     112          0          0 
     100     113          0          0 
     100     114          0          0 
     100     115          1          1 
     100     116          0          0 
     100     117          1          1 
     100     118          1          1 
     100     119          1          1 
     100     120          0          0 
     100     121          1          1 
     100     122          0          0 
     100     123          0          0 
     100     124          0          0 
     100     125          0          0 
     100     126          0          0 
     100     127          0          0 
     100     128          0          0 
     100     129          0          0 
     100     130          0          0 
     100     131          0          0 
     100     132          0          0 
     100     133          0          0 
     100     134          0          0 
     100     135          0          0 
     100     136          0          0 
     100     137          0          0 
     100     138          0          0 
     100     139          0          0 
     100     140          0          0 
     100     141          0          0 
     100     142          0          0 
     100     143          0          0 
     100     144          0          0 
     101       1          6          1 
     101       2          2          0 
     101       3          6          1 
     101       4          1          0 
     101       5          1          0 
     101       6          1          0 
     101       7          1          0 
     101       8          2          0 
     101       9          0          0 
     101      10          0          0 
     101      11          0          0 
     101      12          0          0 
     101      13          2          0 
     101      14          8          1 
     101      15          0          0 
     101      16          0          0 
     101      17          0          0 
     101      18          0          0 
     101      19          0          0 
     101      20          0          0 
     101      21          0          0 
     101      22          0          0 
     101      23          0          0 
     101      24          0          0 
     101      25          1          0 
     101      26          1          0 
     101      27          1          0 
     101      28          1          0 
     101      29          2          0 
     101      30          0          0 
     101      31          0          0 
     101      32          0          0 
     101      33          0          0 
     101      34          0          0 
     101      35          0          0 
     101      36          0          0 
     101      37          0          0 
     101      38          0          0 
     101      39          0          0 
     101      40          0          0 
     101      41          0          0 
     101      42          0          0 
     101      43          0          0 
     101      44          0          0 
     101      45          0          0 
     101      46          0          0 
     101      47          0          0 
     101      48          0          0 
     101      49          0          0 
     101      50          0          0 
     101      51          0          0 
     101      52          0          0 
     101      53          0          0 
     101      54          0          0 
     101      55          0          0 
     101      56          0          0 
     101      57          0          0 
     101      58          0          0 
     101      59          0          0 
     101      60          0          0 
     101      61          2          0 
     101      62          8          1 
     101      63          0          0 
     101      64          0          0 
     101      65          0          0 
     101      66          0          0 
     101      67          0          0 
     101      68          0          0 
     101      69          0          0 
     101      70          0          0 
     101      71          0          0 
     101      72          0          0 
     101      73          0          0 
     101      74          0          0 
     101      75          0          0 
     101      76          0          0 
     101      77          0          0 
     101      78          0          0 
     101      79          0          0 
     101      80          0          0 
     101      81          0          0 
     101      82          0          0 
     101      83          0          0 
     101      84          0          0 
     101      85          0          0 
     101      86          0          0 
     101      87          0          0 
     101      88          0          0 
     101      89          0          0 
     101      90          0          0 
     101      91          0          0 
     101      92          0          0 
     101      93          0          0 
     101      94          0          0 
     101      95          0          0 
     101      96          0          0 
     101      97          0          0 
     101      98          0          0 
     101      99          0          0 
     101     100          6          1 
     101     101         18          4 
     101     102          1          1 
     101     103          1          0 
     101     104          1          1 
     101     105          1          0 
     101     106          0          0 
     101     107          1          1 
     101     108          1          1 
     101     109          1          1 
     101     110          0          0 
     101     111          0          0 
     101     112          0          0 
     101     113          0          0 
     101     114          0          0 
     101     115          1          0 
     101     116          1          1 
     101     117          1          0 
     101     118          0          0 
     101     119          1          1 
     101     120          1          1 
     101     121          1          1 
     101     122          0          0 
     101     123          0          0 
     101     124          0          0 
     101     125          0          0 
     101     126          0          0 
     101     127          0          0 
     101     128          0          0 
     101     129          0          0 
     101     130          0          0 
     101     131          0          0 
     101     132          0          0 
     101     133          0          0 
     101     134          0          0 
     101     135          0          0 
     101     136          0          0 
     101     137          0          0 
     101     138          0          0 
     101     139          0          0 
     101     140          0          0 
     101     141          0          0 
     101     142          0          0 
     101     143          0          0 
     101     144          0          0 
     102       1          2          0 
     102       2          6          1 
     102       3          6          1 
     102       4          0          0 
     102       5          0          0 
     102       6          0          0 
     102       7          1          0 
     102       8          1          0 
     102       9          1          0 
     102      10          1          0 
     102      11          2          0 
     102      12          0          0 
     102      13          2          0 
     102      14          2          0 
     102      15          8          1 
     102      16          0          0 
     102      17          0          0 
     102      18          0          0 
     102      19          0          0 
     102      20          0          0 
     102      21          0          0 
     102      22          0          0 
     102      23          0          0 
     102      24          0          0 
     102      25          0          0 
     102      26          0          0 
     102      27          0          0 
     102      28          1          0 
     102      29          1          0 
     102      30          1          0 
     102      31          1          0 
     102      32          2          0 
     102      33          0          0 
     102      34          0          0 
     102      35          0          0 
     102      36          0          0 
     102      37          0          0 
     102      38          0          0 
     102      39          0          0 
     102      40          0          0 
     102      41          0          0 
     102      42          0          0 
     102      43          0          0 
     102      44          0          0 
     102      45          0          0 
     102      46          0          0 
     102      47          0          0 
     102      48          0          0 
     102      49          0          0 
     102      50          0          0 
     102      51          0          0 
     102      52          0          0 
     102      53          0          0 
     102      54          0          0 
     102      55          0          0 
     102      56          0          0 
     102      57          0          0 
     102      58          0          0 
     102      59          0          0 
     102      60          0          0 
     102      61          2          0 
     102      62          2          0 
     102      63          8          1 
     102      64          0          0 
     102      65          0          0 
     102      66          0          0 
     102      67          0          0 
     102      68          0          0 
     102      69          0          0 
     102      70          0          0 
     102      71          0          0 
     102      72          0          0 
     102      73          0          0 
     102      74          0          0 
     102      75          0          0 
     102      76          0          0 
     102      77          0          0 
     102      78          0          0 
     102      79          0          0 
     102      80          0          0 
     102      81          0          0 
     102      82          0          0 
     102      83          0          0 
     102      84          0          0 
     102      85          0          0 
     102      86          0          0 
     102      87          0          0 
     102      88          0          0 
     102      89          0          0 
     102      90          0          0 
     102      91          0          0 
     102      92          0          0 
     102      93          0          0 
     102      94          0          0 
     102      95          0          0 
     102      96          0          0 
     102      97          0          0 
     102      98          0          0 
     102      99          0          0 
     102     100          6          1 
     102     101          6          1 
     102     102         18          4 
     102     103          1          0 
     102     104          1          0 
     102     105          1          0 
     102     106          0          0 
     102     107          0          0 
     102     108          0          0 
     102     109          1          1 
     102     110          1          1 
     102     111          1          1 
     102     112          0          0 
     102     113          0          0 
     102     114          0          0 
     102     115          1          0 
     102     116          1          0 
     102     117          1          0 
     102     118          0          0 
     102     119          0          0 
     102     120          0          0 
     102     121          1          1 
     102     122          1          1 
     102     123          1          1 
     102     124          0          0 
     102     125          0          0 
     102     126          0          0 
     102     127          0          0 
     102     128          0          0 
     102     129          0          0 
     102     130          0          0 
     102     131          0          0 
     102     132          0          0 
     102     133          0          0 
     102     134          0          0 
     102     135          0          0 
     102     136          0          0 
     102     137          0          0 
     102     138          0          0 
     102     139          0          0 
     102     140          0          0 
     102     141          0          0 
     102     142          0          0 
     102     143          0          0 
     102     144          0          0 
     103       1          1          0 
     103       2          1          0 
     103       3          0          0 
     103       4          6          1 
     103       5          1          0 
     103       6          0          0 
     103       7          7          1 
     103       8          0          0 
     103       9          0          0 
     103      10          0          0 
     103      11          0          0 
     103      12          0          0 
     103      13          8          1 
     103      14          0          0 
     103      15          0          0 
     103      16          6          1 
     103      17          0          0 
     103      18          0          0 
     103      19          0          0 
     103      20          0          0 
     103      21          0          0 
     103      22          0          0 
     103      23          0          0 
     103      24          0          0 
     103      25          1          0 
     103      26          0          0 
     103      27          0          0 
     103      28          1          0 
     103      29          0          0 
     103      30          0          0 
     103      31          0          0 
     103      32          0          0 
     103      33          0          0 
     103      34          1          0 
     103      35          0          0 
     103      36          0          0 
     103      37          0          0 
     103      38          0          0 
     103      39          0          0 
     103      40          0          0 
     103      41          0          0 
     103      42          0          0 
     103      43          2          0 
     103      44          0          0 
     103      45          0          0 
     103      46          0          0 
     103      47          0          0 
     103      48          0          0 
     103      49          0          0 
     103      50          0          0 
     103      51          0          0 
     103      52          0          0 
     103      53          0          0 
     103      54          0          0 
     103      55          0          0 
     103      56          0          0 
     103      57          0          0 
     103      58          0          0 
     103      59          0          0 
     103      60          0          0 
     103      61          2          0 
     103      62          0          0 
     103      63          0          0 
     103      64          8          1 
     103      65          0          0 
     103      66          0          0 
     103      67          0          0 
     103      68          0          0 
     103      69          0          0 
     103      70          0          0 
     103      71          0          0 
     103      72          0          0 
     103      73          0          0 
     103      74          0          0 
     103      75          0          0 
     103      76          0          0 
     103      77          0          0 
     103      78          0          0 
     103      79          0          0 
     103      80          0          0 
     103      81          0          0 
     103      82          0          0 
     103      83          0          0 
     103      84          0          0 
     103      85          0          0 
     103      86          0          0 
     103      87          0          0 
     103      88          0          0 
     103      89          0          0 
     103      90          0          0 
     103      91          0          0 
     103      92          0          0 
     103      93          0          0 
     103      94          0          0 
     103      95          0          0 
     103      96          0          0 
     103      97          0          0 
     103      98          0          0 
     103      99          0          0 
     103     100          7          1 
     103     101          0          0 
     103     102          0          0 
     103     103         18          4 
     103     104          1          1 
     103     105          1          1 
     103     106          1          1 
     103     107          1          1 
     103     108          0          0 
     103     109          1          1 
     103     110          0          0 
     103     111          0          0 
     103     112          1          1 
     103     113          0          0 
     103     114          0          0 
     103     115          1          1 
     103     116          0          0 
     103     117          0          0 
     103     118          0          0 
     103     119          0          0 
     103     120          0          0 
     103     121          0          0 
     103     122          0          0 
     103     123          0          0 
     103     124          1          1 
     103     125          1          1 
     103     126          1          1 
     103     127          0          0 
     103     128          0          0 
     103     129          0          0 
     103     130          0          0 
     103     131          0          0 
     103     132          0          0 
     103     133          1          1 
     103     134          0          0 
     103     135          0          0 
     103     136          0          0 
     103     137          0          0 
     103     138          0          0 
     103     139          0          0 
     103     140          0          0 
     103     141          0          0 
     103     142          0          0 
     103     143          0          0 
     103     144          0          0 
     104       1          1          0 
     104       2          0          0 
     104       3          1          0 
     104       4          6          1 
     104       5          1          0 
     104       6          1          0 
     104       7          2          0 
     104       8          7          1 
     104       9          0          0 
     104      10          0          0 
     104      11          0          0 
     104      12          0          0 
     104      13          1          0 
     104      14          8          1 
     104      15          0          0 
     104      16          2          0 
     104      17          6          1 
     104      18          0          0 
     104      19          0          0 
     104      20          0          0 
     104      21          0          0 
     104      22          0          0 
     104      23          0          0 
     104      24          0          0 
     104      25          1          0 
     104      26          0          0 
     104      27          0          0 
     104      28          0          0 
     104      29          1          0 
     104      30          0          0 
     104      31          0          0 
     104      32          0          0 
     104      33          0          0 
     104      34          1          0 
     104      35          1          0 
     104      36          0          0 
     104      37          0          0 
     104      38          0          0 
     104      39          0          0 
     104      40          0          0 
     104      41          0          0 
     104      42          0          0 
     104      43          1          0 
     104      44          2          0 
     104      45          0          0 
     104      46          0          0 
     104      47          0          0 
     104      48          0          0 
     104      49          0          0 
     104      50          0          0 
     104      51          0          0 
     104      52          0          0 
     104      53          0          0 
     104      54          0          0 
     104      55          0          0 
     104      56          0          0 
     104      57          0          0 
     104      58          0          0 
     104      59          0          0 
     104      60          0          0 
     104      61          0          0 
     104      62          2          0 
     104      63          0          0 
     104      64          2          0 
     104      65          8          1 
     104      66          0          0 
     104      67          0          0 
     104      68          0          0 
     104      69          0          0 
     104      70          0          0 
     104      71          0          0 
     104      72          0          0 
     104      73          0          0 
     104      74          0          0 
     104      75          0          0 
     104      76          0          0 
     104      77          0          0 
     104      78          0          0 
     104      79          0          0 
     104      80          0          0 
     104      81          0          0 
     104      82          0          0 
     104      83          0          0 
     104      84          0          0 
     104      85          0          0 
     104      86          0          0 
     104      87          0          0 
     104      88          0          0 
     104      89          0          0 
     104      90          0          0 
     104      91          0          0 
     104      92          0          0 
     104      93          0          0 
     104      94          0          0 
     104      95          0          0 
     104      96          0          0 
     104      97          0          0 
     104      98          0          0 
     104      99          0          0 
     104     100          1          0 
     104     101          7          1 
     104     102          0          0 
     104     103          6          1 
     104     104         18          4 
     104     105          1          0 
     104     106          0          0 
     104     107          1          1 
     104     108          1          1 
     104     109          1          1 
     104     110          0          0 
     104     111          0          0 
     104     112          1          1 
     104     113          0          0 
     104     114          0          0 
     104     115          1          0 
     104     116          1          1 
     104     117          0          0 
     104     118          0          0 
     104     119          0          0 
     104     120          0          0 
     104     121          0          0 
     104     122          0          0 
     104     123          0          0 
     104     124          1          0 
     104     125          0          0 
     104     126          1          1 
     104     127          1          1 
     104     128          0          0 
     104     129          0          0 
     104     130          0          0 
     104     131          0          0 
     104     132          0          0 
     104     133          1          1 
     104     134          0          0 
     104     135          0          0 
     104     136          0          0 
     104     137          0          0 
     104     138          0          0 
     104     139          0          0 
     104     140          0          0 
     104     141          0          0 
     104     142          0          0 
     104     143          0          0 
     104     144          0          0 
     105       1          1          0 
     105       2          1          0 
     105       3          0          0 
     105       4          1          0 
     105       5          6          1 
     105       6          0          0 
     105       7          7          1 
     105       8          0          0 
     105       9          6          1 
     105      10          0          0 
     105      11          0          0 
     105      12          0          0 
     105      13          8          1 
     105      14          0          0 
     105      15          0          0 
     105      16          1          0 
     105      17          0          0 
     105      18          6          1 
     105      19          0          0 
     105      20          0          0 
     105      21          0          0 
     105      22          0          0 
     105      23          0          0 
     105      24          0          0 
     105      25          0          0 
     105      26          1          0 
     105      27          0          0 
     105      28          1          0 
     105      29          0          0 
     105      30          1          0 
     105      31          0          0 
     105      32          0          0 
     105      33          0          0 
     105      34          1          0 
     105      35          0          0 
     105      36          0          0 
     105      37          1          0 
     105      38          0          0 
     105      39          0          0 
     105      40          0          0 
     105      41          0          0 
     105      42          0          0 
     105      43          1          0 
     105      44          0          0 
     105      45          2          0 
     105      46          0          0 
     105      47          0          0 
     105      48          0          0 
     105      49          0          0 
     105      50          0          0 
     105      51          0          0 
     105      52          0          0 
     105      53          0          0 
     105      54          0          0 
     105      55          0          0 
     105      56          0          0 
     105      57          0          0 
     105      58          0          0 
     105      59          0          0 
     105      60          0          0 
     105      61          2          0 
     105      62          0          0 
     105      63          0          0 
     105      64          2          0 
     105      65          0          0 
     105      66          8          1 
     105      67          0          0 
     105      68          0          0 
     105      69          0          0 
     105      70          0          0 
     105      71          0          0 
     105      72          0          0 
     105      73          0          0 
     105      74          0          0 
     105      75          0          0 
     105      76          0          0 
     105      77          0          0 
     105      78          0          0 
     105      79          0          0 
     105      80          0          0 
     105      81          0          0 
     105      82          0          0 
     105      83          0          0 
     105      84          0          0 
     105      85          0          0 
     105      86          0          0 
     105      87          0          0 
     105      88          0          0 
     105      89          0          0 
     105      90          0          0 
     105      91          0          0 
     105      92          0          0 
     105      93          0          0 
     105      94          0          0 
     105      95          0          0 
     105      96          0          0 
     105      97          0          0 
     105      98          0          0 
     105      99          0          0 
     105     100          7          1 
     105     101          0          0 
     105     102          0          0 
     105     103          7          1 
     105     104          0          0 
     105     105         18          4 
     105     106          1          1 
     105     107          1          1 
     105     108          0          0 
     105     109          0          0 
     105     110          1          1 
     105     111          0          0 
     105     112          0          0 
     105     113          1          1 
     105     114          0          0 
     105     115          2          0 
     105     116          0          0 
     105     117          1          1 
     105     118          0          0 
     105     119          0          0 
     105     120          0          0 
     105     121          0          0 
     105     122          0          0 
     105     123          0          0 
     105     124          1          1 
     105     125          0          0 
     105     126          0          0 
     105     127          0          0 
     105     128          1          1 
     105     129          0          0 
     105     130          1          1 
     105     131          0          0 
     105     132          0          0 
     105     133          0          0 
     105     134          1          1 
     105     135          0          0 
     105     136          0          0 
     105     137          0          0 
     105     138          0          0 
     105     139          0          0 
     105     140          0          0 
     105     141          0          0 
     105     142          0          0 
     105     143          0          0 
     105     144          0          0 
     106       1          1          0 
     106       2          1          0 
     106       3          0          0 
     106       4          1          0 
     106       5          7          1 
     106       6          7          1 
     106       7          8          1 
     106       8          1          0 
     106       9          1          0 
     106      10          7          1 
     106      11          1          0 
     106      12          0          0 
     106      13          9          1 
     106      14          1          0 
     106      15          1          0 
     106      16          1          0 
     106      17          0          0 
     106      18          1          0 
     106      19          7          1 
     106      20          1          0 
     106      21          0          0 
     106      22          1          0 
     106      23          0          0 
     106      24          0          0 
     106      25          0          0 
     106      26          1          0 
     106      27          1          0 
     106      28          1          0 
     106      29          0          0 
     106      30          0          0 
     106      31          1          0 
     106      32          0          0 
     106      33          0          0 
     106      34          1          0 
     106      35          1          0 
     106      36          2          0 
     106      37          1          0 
     106      38          3          0 
     106      39          1          0 
     106      40          0          0 
     106      41          0          0 
     106      42          0          0 
     106      43          1          0 
     106      44          0          0 
     106      45          1          0 
     106      46          4          0 
     106      47          1          0 
     106      48          0          0 
     106      49          1          0 
     106      50          0          0 
     106      51          0          0 
     106      52          0          0 
     106      53          0          0 
     106      54          0          0 
     106      55          0          0 
     106      56          0          0 
     106      57          0          0 
     106      58          0          0 
     106      59          0          0 
     106      60          0          0 
     106      61          2          0 
     106      62          0          0 
     106      63          0          0 
     106      64          2          0 
     106      65          0          0 
     106      66          2          0 
     106      67         10          1 
     106      68          0          0 
     106      69          0          0 
     106      70          0          0 
     106      71          0          0 
     106      72          0          0 
     106      73          0          0 
     106      74          0          0 
     106      75          0          0 
     106      76          0          0 
     106      77          0          0 
     106      78          0          0 
     106      79          0          0 
     106      80          0          0 
     106      81          0          0 
     106      82          0          0 
     106      83          0          0 
     106      84          0          0 
     106      85          0          0 
     106      86          0          0 
     106      87          0          0 
     106      88          0          0 
     106      89          0          0 
     106      90          0          0 
     106      91          0          0 
     106      92          0          0 
     106      93          0          0 
     106      94          0          0 
     106      95          0          0 
     106      96          0          0 
     106      97          0          0 
     106      98          0          0 
     106      99          0          0 
     106     100          8          1 
     106     101          1          0 
     106     102          1          0 
     106     103          8          1 
     106     104          1          0 
     106     105          8          1 
     106     106         26          5 
     106     107          3          0 
     106     108          1          1 
     106     109          2          0 
     106     110          0          0 
     106     111          1          1 
     106     112          0          0 
     106     113          0          0 
     106     114          1          1 
     106     115          2          0 
     106     116          0          0 
     106     117          2          0 
     106     118          1          1 
     106     119          0          0 
     106     120          0          0 
     106     121          0          0 
     106     122          0          0 
     106     123          0          0 
     106     124          2          0 
     106     125          1          1 
     106     126          0          0 
     106     127          0          0 
     106     128          1          1 
     106     129          1          1 
     106     130          0          0 
     106     131          1          1 
     106     132          0          0 
     106     133          0          0 
     106     134          0          0 
     106     135          1          1 
     106     136          0          0 
     106     137          0          0 
     106     138          0          0 
     106     139          0          0 
     106     140          0          0 
     106     141          0          0 
     106     142          0          0 
     106     143          0          0 
     106     144          0          0 
     107       1          2          0 
     107       2          1          0 
     107       3          1          0 
     107       4          2          0 
     107       5          7          1 
     107       6          1          0 
     107       7          8          1 
     107       8          8          1 
     107       9          2          0 
     107      10          1          0 
     107      11          8          1 
     107      12          0          0 
     107      13          9          1 
     107      14          9          1 
     107      15          2          0 
     107      16          1          0 
     107      17          1          0 
     107      18          2          0 
     107      19          1          0 
     107      20          8          1 
     107      21          0          0 
     107      22          2          0 
     107      23          0          0 
     107      24          0          0 
     107      25          0          0 
     107      26          1          0 
     107      27          0          0 
     107      28          1          0 
     107      29          1          0 
     107      30          0          0 
     107      31          0          0 
     107      32          1          0 
     107      33          0          0 
     107      34          1          0 
     107      35          0          0 
     107      36          1          0 
     107      37          1          0 
     107      38          1          0 
     107      39          3          0 
     107      40          0          0 
     107      41          0          0 
     107      42          0          0 
     107      43          1          0 
     107      44          1          0 
     107      45          1          0 
     107      46          1          0 
     107      47          4          0 
     107      48          0          0 
     107      49          2          0 
     107      50          0          0 
     107      51          0          0 
     107      52          0          0 
     107      53          0          0 
     107      54          0          0 
     107      55          0          0 
     107      56          0          0 
     107      57          0          0 
     107      58          0          0 
     107      59          0          0 
     107      60          0          0 
     107      61          2          0 
     107      62          2          0 
     107      63          0          0 
     107      64          2          0 
     107      65          2          0 
     107      66          2          0 
     107      67          0          0 
     107      68         10          1 
     107      69          0          0 
     107      70          0          0 
     107      71          0          0 
     107      72          0          0 
     107      73          0          0 
     107      74          0          0 
     107      75          0          0 
     107      76          0          0 
     107      77          0          0 
     107      78          0          0 
     107      79          0          0 
     107      80          0          0 
     107      81          0          0 
     107      82          0          0 
     107      83          0          0 
     107      84          0          0 
     107      85          0          0 
     107      86          0          0 
     107      87          0          0 
     107      88          0          0 
     107      89          0          0 
     107      90          0          0 
     107      91          0          0 
     107      92          0          0 
     107      93          0          0 
     107      94          0          0 
     107      95          0          0 
     107      96          0          0 
     107      97          0          0 
     107      98          0          0 
     107      99          0          0 
     107     100          8          1 
     107     101          8          1 
     107     102          2          0 
     107     103          8          1 
     107     104          8          1 
     107     105          8          1 
     107     106          0          0 
     107     107         26          5 
     107     108          1          1 
     107     109          4          0 
     107     110          1          1 
     107     111          1          1 
     107     112          0          0 
     107     113          1          1 
     107     114          1          1 
     107     115          2          0 
     107     116          2          0 
     107     117          2          0 
     107     118          0          0 
     107     119          1          1 
     107     120          0          0 
     107     121          0          0 
     107     122          0          0 
     107     123          0          0 
     107     124          2          0 
     107     125          0          0 
     107     126          1          1 
     107     127          0          0 
     107     128          0          0 
     107     129          1          1 
     107     130          1          1 
     107     131          1          1 
     107     132          0          0 
     107     133          0          0 
     107     134          1          1 
     107     135          1          1 
     107     136          0          0 
     107     137          0          0 
     107     138          0          0 
     107     139          0          0 
     107     140          0          0 
     107     141          0          0 
     107     142          0          0 
     107     143          0          0 
     107     144          0          0 
     108       1          1          0 
     108       2          0          0 
     108       3          1          0 
     108       4          1          0 
     108       5          1          0 
     108       6          6          1 
     108       7          1          0 
     108       8          7          1 
     108       9          0          0 
     108      10          2          0 
     108      11          2          0 
     108      12          6          1 
     108      13          1          0 
     108      14          8          1 
     108      15          1          0 
     108      16          0          0 
     108      17          1          0 
     108      18          0          0 
     108      19          2          0 
     108      20          2          0 
     108      21          6          1 
     108      22          1          0 
     108      23          0          0 
     108      24          0          0 
     108      25          0          0 
     108      26          0          0 
     108      27          1          0 
     108      28          0          0 
     108      29          1          0 
     108      30          0          0 
     108      31          0          0 
     108      32          0          0 
     108      33          1          0 
     108      34          0          0 
     108      35          1          0 
     108      36          1          0 
     108      37          0          0 
     108      38          1          0 
     108      39          1          0 
     108      40          1          0 
     108      41          0          0 
     108      42          0          0 
     108      43          0          0 
     108      44          1          0 
     108      45          0          0 
     108      46          1          0 
     108      47          1          0 
     108      48          2          0 
     108      49          1          0 
     108      50          0          0 
     108      51          0          0 
     108      52          0          0 
     108      53          0          0 
     108      54          0          0 
     108      55          0          0 
     108      56          0          0 
     108      57          0          0 
     108      58          0          0 
     108      59          0          0 
     108      60          0          0 
     108      61          0          0 
     108      62          2          0 
     108      63          0          0 
     108      64          0          0 
     108      65          2          0 
     108      66          0          0 
     108      67          2          0 
     108      68          2          0 
     108      69          8          1 
     108      70          0          0 
     108      71          0          0 
     108      72          0          0 
     108      73          0          0 
     108      74          0          0 
     108      75          0          0 
     108      76          0          0 
     108      77          0          0 
     108      78          0          0 
     108      79          0          0 
     108      80          0          0 
     108      81          0          0 
     108      82          0          0 
     108      83          0          0 
     108      84          0          0 
     108      85          0          0 
     108      86          0          0 
     108      87          0          0 
     108      88          0          0 
     108      89          0          0 
     108      90          0          0 
     108      91          0          0 
     108      92          0          0 
     108      93          0          0 
     108      94          0          0 
     108      95          0          0 
     108      96          0          0 
     108      97          0          0 
     108      98          0          0 
     108      99          0          0 
     108     100          1          0 
     108     101          7          1 
     108     102          1          0 
     108     103          1          0 
     108     104          7          1 
     108     105          1          0 
     108     106          6          1 
     108     107          8          1 
     108     108         18          4 
     108     109          2          0 
     108     110          1          0 
     108     111          1          1 
     108     112          1          0 
     108     113          1          0 
     108     114          1          1 
     108     115          0          0 
     108     116          2          0 
     108     117          0          0 
     108     118          1          0 
     108     119          2          0 
     108     120          1          1 
     108     121          1          0 
     108     122          0          0 
     108     123          0          0 
     108     124          0          0 
     108     125          1          0 
     108     126          2          0 
     108     127          1          1 
     108     128          1          0 
     108     129          1          1 
     108     130          1          0 
     108     131          1          1 
     108     132          0          0 
     108     133          1          0 
     108     134          1          0 
     108     135          1          1 
     108     136          0          0 
     108     137          0          0 
     108     138          0          0 
     108     139          0          0 
     108     140          0          0 
     108     141          0          0 
     108     142          0          0 
     108     143          0          0 
     108     144          0          0 
     109       1          2          0 
     109       2          2          0 
     109       3          2          0 
     109       4          2          0 
     109       5          0          0 
     109       6          0          0 
     109       7          7          1 
     109       8          7          1 
     109       9          1          0 
     109      10          1          0 
     109      11          2          0 
     109      12          0          0 
     109      13          8          1 
     109      14          8          1 
     109      15          9          1 
     109      16          2          0 
     109      17          2          0 
     109      18          1          0 
     109      19          1          0 
     109      20          2          0 
     109      21          0          0 
     109      22          9          1 
     109      23          0          0 
     109      24          0          0 
     109      25          0          0 
     109      26          0          0 
     109      27          0          0 
     109      28          1          0 
     109      29          1          0 
     109      30          0          0 
     109      31          0          0 
     109      32          0          0 
     109      33          0          0 
     109      34          0          0 
     109      35          0          0 
     109      36          0          0 
     109      37          1          0 
     109      38          1          0 
     109      39          2          0 
     109      40          0          0 
     109      41          0          0 
     109      42          0          0 
     109      43          1          0 
     109      44          1          0 
     109      45          1          0 
     109      46          1          0 
     109      47          2          0 
     109      48          0          0 
     109      49          2          0 
     109      50          0          0 
     109      51          0          0 
     109      52          0          0 
     109      53          0          0 
     109      54          0          0 
     109      55          0          0 
     109      56          0          0 
     109      57          0          0 
     109      58          0          0 
     109      59          0          0 
     109      60          0          0 
     109      61          2          0 
     109      62          2          0 
     109      63          2          0 
     109      64          2          0 
     109      65          2          0 
     109      66          0          0 
     109      67          0          0 
     109      68          0          0 
     109      69          0          0 
     109      70         10          1 
     109      71          0          0 
     109      72          0          0 
     109      73          0          0 
     109      74          0          0 
     109      75          0          0 
     109      76          0          0 
     109      77          0          0 
     109      78          0          0 
     109      79          0          0 
     109      80          0          0 
     109      81          0          0 
     109      82          0          0 
     109      83          0          0 
     109      84          0          0 
     109      85          0          0 
     109      86          0          0 
     109      87          0          0 
     109      88          0          0 
     109      89          0          0 
     109      90          0          0 
     109      91          0          0 
     109      92          0          0 
     109      93          0          0 
     109      94          0          0 
     109      95          0          0 
     109      96          0          0 
     109      97          0          0 
     109      98          0          0 
     109      99          0          0 
     109     100          7          1 
     109     101          7          1 
     109     102          8          1 
     109     103          7          1 
     109     104          7          1 
     109     105          2          0 
     109     106          0          0 
     109     107          0          0 
     109     108          0          0 
     109     109         26          5 
     109     110          1          1 
     109     111          1          1 
     109     112          1          1 
     109     113          1          1 
     109     114          1          1 
     109     115          2          0 
     109     116          2          0 
     109     117          1          0 
     109     118          0          0 
     109     119          0          0 
     109     120          0          0 
     109     121          1          1 
     109     122          0          0 
     109     123          0          0 
     109     124          1          0 
     109     125          0          0 
     109     126          0          0 
     109     127          0          0 
     109     128          0          0 
     109     129          0          0 
     109     130          1          1 
     109     131          1          1 
     109     132          0          0 
     109     133          1          1 
     109     134          1          1 
     109     135          1          1 
     109     136          0          0 
     109     137          0          0 
     109     138          0          0 
     109     139          0          0 
     109     140          0          0 
     109     141          0          0 
     109     142          0          0 
     109     143          0          0 
     109     144          0          0 
     110       1          0          0 
     110       2          1          0 
     110       3          1          0 
     110       4          0          0 
     110       5          2          0 
     110       6          0          0 
     110       7          2          0 
     110       8          1          0 
     110       9          6          1 
     110      10          1          0 
     110      11          7          1 
     110      12          0          0 
     110      13          1          0 
     110      14          1          0 
     110      15          8          1 
     110      16          0          0 
     110      17          0          0 
     110      18          2          0 
     110      19          0          0 
     110      20          2          0 
     110      21          0          0 
     110      22          2          0 
     110      23          6          1 
     110      24          0          0 
     110      25          0          0 
     110      26          0          0 
     110      27          0          0 
     110      28          0          0 
     110      29          0          0 
     110      30          1          0 
     110      31          0          0 
     110      32          1          0 
     110      33          0          0 
     110      34          0          0 
     110      35          0          0 
     110      36          0          0 
     110      37          1          0 
     110      38          0          0 
     110      39          1          0 
     110      40          0          0 
     110      41          1          0 
     110      42          0          0 
     110      43          0          0 
     110      44          0          0 
     110      45          1          0 
     110      46          0          0 
     110      47          1          0 
     110      48          0          0 
     110      49          1          0 
     110      50          2          0 
     110      51          0          0 
     110      52          0          0 
     110      53          0          0 
     110      54          0          0 
     110      55          0          0 
     110      56          0          0 
     110      57          0          0 
     110      58          0          0 
     110      59          0          0 
     110      60          0          0 
     110      61          0          0 
     110      62          0          0 
     110      63          2          0 
     110      64          0          0 
     110      65          0          0 
     110      66          2          0 
     110      67          0          0 
     110      68          2          0 
     110      69          0          0 
     110      70          2          0 
     110      71          8          1 
     110      72          0          0 
     110      73          0          0 
     110      74          0          0 
     110      75          0          0 
     110      76          0          0 
     110      77          0          0 
     110      78          0          0 
     110      79          0          0 
     110      80          0          0 
     110      81          0          0 
     110      82          0          0 
     110      83          0          0 
     110      84          0          0 
     110      85          0          0 
     110      86          0          0 
     110      87          0          0 
     110      88          0          0 
     110      89          0          0 
     110      90          0          0 
     110      91          0          0 
     110      92          0          0 
     110      93          0          0 
     110      94          0          0 
     110      95          0          0 
     110      96          0          0 
     110      97          0          0 
     110      98          0          0 
     110      99          0          0 
     110     100          1          0 
     110     101          1          0 
     110     102          7          1 
     110     103          1          0 
     110     104          1          0 
     110     105          6          1 
     110     106          1          0 
     110     107          7          1 
     110     108          0          0 
     110     109          8          1 
     110     110         18          4 
     110     111          1          1 
     110     112          1          0 
     110     113          1          1 
     110     114          0          0 
     110     115          0          0 
     110     116          0          0 
     110     117          1          0 
     110     118          0          0 
     110     119          1          0 
     110     120          0          0 
     110     121          2          0 
     110     122          1          1 
     110     123          0          0 
     110     124          1          0 
     110     125          0          0 
     110     126          1          0 
     110     127          0          0 
     110     128          0          0 
     110     129          0          0 
     110     130          1          1 
     110     131          0          0 
     110     132          1          1 
     110     133          1          0 
     110     134          1          1 
     110     135          0          0 
     110     136          0          0 
     110     137          0          0 
     110     138          0          0 
     110     139          0          0 
     110     140          0          0 
     110     141          0          0 
     110     142          0          0 
     110     143          0          0 
     110     144          0          0 
     111       1          0          0 
     111       2          1          0 
     111       3          1          0 
     111       4          0          0 
     111       5          0          0 
     111       6          2          0 
     111       7          1          0 
     111       8          2          0 
     111       9          1          0 
     111      10          6          1 
     111      11          7          1 
     111      12          6          1 
     111      13          1          0 
     111      14          1          0 
     111      15          8          1 
     111      16          0          0 
     111      17          0          0 
     111      18          0          0 
     111      19          2          0 
     111      20          2          0 
     111      21          2          0 
     111      22          2          0 
     111      23          1          0 
     111      24          6          1 
     111      25          0          0 
     111      26          0          0 
     111      27          0          0 
     111      28          0          0 
     111      29          0          0 
     111      30          0          0 
     111      31          1          0 
     111      32          1          0 
     111      33          1          0 
     111      34          0          0 
     111      35          0          0 
     111      36          0          0 
     111      37          0          0 
     111      38          1          0 
     111      39          1          0 
     111      40          1          0 
     111      41          1          0 
     111      42          1          0 
     111      43          0          0 
     111      44          0          0 
     111      45          0          0 
     111      46          1          0 
     111      47          1          0 
     111      48          1          0 
     111      49          1          0 
     111      50          1          0 
     111      51          2          0 
     111      52          0          0 
     111      53          0          0 
     111      54          0          0 
     111      55          0          0 
     111      56          0          0 
     111      57          0          0 
     111      58          0          0 
     111      59          0          0 
     111      60          0          0 
     111      61          0          0 
     111      62          0          0 
     111      63          2          0 
     111      64          0          0 
     111      65          0          0 
     111      66          0          0 
     111      67          2          0 
     111      68          2          0 
     111      69          2          0 
     111      70          2          0 
     111      71          2          0 
     111      72          8          1 
     111      73          0          0 
     111      74          0          0 
     111      75          0          0 
     111      76          0          0 
     111      77          0          0 
     111      78          0          0 
     111      79          0          0 
     111      80          0          0 
     111      81          0          0 
     111      82          0          0 
     111      83          0          0 
     111      84          0          0 
     111      85          0          0 
     111      86          0          0 
     111      87          0          0 
     111      88          0          0 
     111      89          0          0 
     111      90          0          0 
     111      91          0          0 
     111      92          0          0 
     111      93          0          0 
     111      94          0          0 
     111      95          0          0 
     111      96          0          0 
     111      97          0          0 
     111      98          0          0 
     111      99          0          0 
     111     100          1          0 
     111     101          1          0 
     111     102          7          1 
     111     103          1          0 
     111     104          1          0 
     111     105          1          0 
     111     106          6          1 
     111     107          7          1 
     111     108          6          1 
     111     109          8          1 
     111     110          7          1 
     111     111         18          4 
     111     112          1          0 
     111     113          1          0 
     111     114          1          1 
     111     115          0          0 
     111     116          0          0 
     111     117          0          0 
     111     118          1          0 
     111     119          1          0 
     111     120          1          0 
     111     121          2          0 
     111     122          2          0 
     111     123          1          1 
     111     124          0          0 
     111     125          1          0 
     111     126          1          0 
     111     127          1          0 
     111     128          1          0 
     111     129          0          0 
     111     130          2          0 
     111     131          1          1 
     111     132          1          1 
     111     133          1          0 
     111     134          1          0 
     111     135          1          1 
     111     136          0          0 
     111     137          0          0 
     111     138          0          0 
     111     139          0          0 
     111     140          0          0 
     111     141          0          0 
     111     142          0          0 
     111     143          0          0 
     111     144          0          0 
     112       1          0          0 
     112       2          0          0 
     112       3          0          0 
     112       4          2          0 
     112       5          0          0 
     112       6          0          0 
     112       7          2          0 
     112       8          2          0 
     112       9          0          0 
     112      10          0          0 
     112      11          0          0 
     112      12          0          0 
     112      13          2          0 
     112      14          2          0 
     112      15          1          0 
     112      16          6          1 
     112      17          6          1 
     112      18          1          0 
     112      19          1          0 
     112      20          2          0 
     112      21          0          0 
     112      22          8          1 
     112      23          0          0 
     112      24          0          0 
     112      25          0          0 
     112      26          0          0 
     112      27          0          0 
     112      28          0          0 
     112      29          0          0 
     112      30          0          0 
     112      31          0          0 
     112      32          0          0 
     112      33          0          0 
     112      34          0          0 
     112      35          0          0 
     112      36          0          0 
     112      37          0          0 
     112      38          0          0 
     112      39          0          0 
     112      40          0          0 
     112      41          0          0 
     112      42          0          0 
     112      43          1          0 
     112      44          1          0 
     112      45          0          0 
     112      46          0          0 
     112      47          0          0 
     112      48          0          0 
     112      49          1          0 
     112      50          0          0 
     112      51          0          0 
     112      52          1          0 
     112      53          1          0 
     112      54          2          0 
     112      55          0          0 
     112      56          0          0 
     112      57          0          0 
     112      58          0          0 
     112      59          0          0 
     112      60          0          0 
     112      61          0          0 
     112      62          0          0 
     112      63          0          0 
     112      64          2          0 
     112      65          2          0 
     112      66          0          0 
     112      67          0          0 
     112      68          0          0 
     112      69          0          0 
     112      70          2          0 
     112      71          0          0 
     112      72          0          0 
     112      73          8          1 
     112      74          0          0 
     112      75          0          0 
     112      76          0          0 
     112      77          0          0 
     112      78          0          0 
     112      79          0          0 
     112      80          0          0 
     112      81          0          0 
     112      82          0          0 
     112      83          0          0 
     112      84          0          0 
     112      85          0          0 
     112      86          0          0 
     112      87          0          0 
     112      88          0          0 
     112      89          0          0 
     112      90          0          0 
     112      91          0          0 
     112      92          0          0 
     112      93          0          0 
     112      94          0          0 
     112      95          0          0 
     112      96          0          0 
     112      97          0          0 
     112      98          0          0 
     112      99          0          0 
     112     100          1          0 
     112     101          1          0 
     112     102          1          0 
     112     103          6          1 
     112     104          6          1 
     112     105          1          0 
     112     106          1          0 
     112     107          2          0 
     112     108          0          0 
     112     109          8          1 
     112     110          0          0 
     112     111          0          0 
     112     112         18          4 
     112     113          1          1 
     112     114          1          1 
     112     115          1          0 
     112     116          1          0 
     112     117          0          0 
     112     118          0          0 
     112     119          0          0 
     112     120          0          0 
     112     121          1          0 
     112     122          0          0 
     112     123          0          0 
     112     124          1          0 
     112     125          0          0 
     112     126          0          0 
     112     127          0          0 
     112     128          0          0 
     112     129          0          0 
     112     130          0          0 
     112     131          0          0 
     112     132          0          0 
     112     133          1          1 
     112     134          0          0 
     112     135          0          0 
     112     136          1          1 
     112     137          1          1 
     112     138          0          0 
     112     139          0          0 
     112     140          0          0 
     112     141          0          0 
     112     142          0          0 
     112     143          0          0 
     112     144          0          0 
     113       1          0          0 
     113       2          0          0 
     113       3          0          0 
     113       4          0          0 
     113       5          2          0 
     113       6          0          0 
     113       7          2          0 
     113       8          0          0 
     113       9          2          0 
     113      10          0          0 
     113      11          2          0 
     113      12          0          0 
     113      13          2          0 
     113      14          1          0 
     113      15          2          0 
     113      16          1          0 
     113      17          1          0 
     113      18          6          1 
     113      19          1          0 
     113      20          7          1 
     113      21          0          0 
     113      22          8          1 
     113      23          6          1 
     113      24          0          0 
     113      25          0          0 
     113      26          0          0 
     113      27          0          0 
     113      28          0          0 
     113      29          0          0 
     113      30          0          0 
     113      31          0          0 
     113      32          0          0 
     113      33          0          0 
     113      34          0          0 
     113      35          0          0 
     113      36          0          0 
     113      37          0          0 
     113      38          0          0 
     113      39          0          0 
     113      40          0          0 
     113      41          0          0 
     113      42          0          0 
     113      43          0          0 
     113      44          0          0 
     113      45          1          0 
     113      46          0          0 
     113      47          1          0 
     113      48          0          0 
     113      49          1          0 
     113      50          1          0 
     113      51          0          0 
     113      52          1          0 
     113      53          0          0 
     113      54          1          0 
     113      55          0          0 
     113      56          1          0 
     113      57          0          0 
     113      58          2          0 
     113      59          0          0 
     113      60          0          0 
     113      61          0          0 
     113      62          0          0 
     113      63          0          0 
     113      64          0          0 
     113      65          0          0 
     113      66          2          0 
     113      67          0          0 
     113      68          2          0 
     113      69          0          0 
     113      70          2          0 
     113      71          2          0 
     113      72          0          0 
     113      73          2          0 
     113      74          8          1 
     113      75          0          0 
     113      76          0          0 
     113      77          0          0 
     113      78          0          0 
     113      79          0          0 
     113      80          0          0 
     113      81          0          0 
     113      82          0          0 
     113      83          0          0 
     113      84          0          0 
     113      85          0          0 
     113      86          0          0 
     113      87          0          0 
     113      88          0          0 
     113      89          0          0 
     113      90          0          0 
     113      91          0          0 
     113      92          0          0 
     113      93          0          0 
     113      94          0          0 
     113      95          0          0 
     113      96          0          0 
     113      97          0          0 
     113      98          0          0 
     113      99          0          0 
     113     100          1          0 
     113     101          1          0 
     113     102          1          0 
     113     103          1          0 
     113     104          1          0 
     113     105          6          1 
     113     106          1          0 
     113     107          7          1 
     113     108          0          0 
     113     109          8          1 
     113     110          6          1 
     113     111          0          0 
     113     112          7          1 
     113     113         18          4 
     113     114          1          1 
     113     115          0          0 
     113     116          0          0 
     113     117          1          0 
     113     118          0          0 
     113     119          1          0 
     113     120          0          0 
     113     121          1          0 
     113     122          1          0 
     113     123          0          0 
     113     124          1          0 
     113     125          0          0 
     113     126          1          0 
     113     127          0          0 
     113     128          0          0 
     113     129          0          0 
     113     130          0          0 
     113     131          0          0 
     113     132          0          0 
     113     133          2          0 
     113     134          1          1 
     113     135          0          0 
     113     136          1          1 
     113     137          0          0 
     113     138          1          1 
     113     139          0          0 
     113     140          0          0 
     113     141          0          0 
     113     142          0          0 
     113     143          0          0 
     113     144          0          0 
     114       1          0          0 
     114       2          0          0 
     114       3          0          0 
     114       4          0          0 
     114       5          0          0 
     114       6          2          0 
     114       7          0          0 
     114       8          2          0 
     114       9          0          0 
     114      10          2          0 
     114      11          2          0 
     114      12          2          0 
     114      13          1          0 
     114      14          2          0 
     114      15          2          0 
     114      16          1          0 
     114      17          1          0 
     114      18          1          0 
     114      19          6          1 
     114      20          7          1 
     114      21          6          1 
     114      22          8          1 
     114      23          1          0 
     114      24          6          1 
     114      25          0          0 
     114      26          0          0 
     114      27          0          0 
     114      28          0          0 
     114      29          0          0 
     114      30          0          0 
     114      31          0          0 
     114      32          0          0 
     114      33          0          0 
     114      34          0          0 
     114      35          0          0 
     114      36          0          0 
     114      37          0          0 
     114      38          0          0 
     114      39          0          0 
     114      40          0          0 
     114      41          0          0 
     114      42          0          0 
     114      43          0          0 
     114      44          0          0 
     114      45          0          0 
     114      46          1          0 
     114      47          1          0 
     114      48          1          0 
     114      49          1          0 
     114      50          0          0 
     114      51          1          0 
     114      52          0          0 
     114      53          1          0 
     114      54          1          0 
     114      55          1          0 
     114      56          1          0 
     114      57          1          0 
     114      58          1          0 
     114      59          2          0 
     114      60          0          0 
     114      61          0          0 
     114      62          0          0 
     114      63          0          0 
     114      64          0          0 
     114      65          0          0 
     114      66          0          0 
     114      67          2          0 
     114      68          2          0 
     114      69          2          0 
     114      70          2          0 
     114      71          0          0 
     114      72          2          0 
     114      73          2          0 
     114      74          2          0 
     114      75          8          1 
     114      76          0          0 
     114      77          0          0 
     114      78          0          0 
     114      79          0          0 
     114      80          0          0 
     114      81          0          0 
     114      82          0          0 
     114      83          0          0 
     114      84          0          0 
     114      85          0          0 
     114      86          0          0 
     114      87          0          0 
     114      88          0          0 
     114      89          0          0 
     114      90          0          0 
     114      91          0          0 
     114      92          0          0 
     114      93          0          0 
     114      94          0          0 
     114      95          0          0 
     114      96          0          0 
     114      97          0          0 
     114      98          0          0 
     114      99          0          0 
     114     100          1          0 
     114     101          1          0 
     114     102          1          0 
     114     103          1          0 
     114     104          1          0 
     114     105          1          0 
     114     106          6          1 
     114     107          7          1 
     114     108          6          1 
     114     109          8          1 
     114     110          1          0 
     114     111          6          1 
     114     112          7          1 
     114     113          7          1 
     114     114         18          4 
     114     115          0          0 
     114     116          0          0 
     114     117          0          0 
     114     118          1          0 
     114     119          1          0 
     114     120          1          0 
     114     121          1          0 
     114     122          0          0 
     114     123          1          0 
     114     124          0          0 
     114     125          1          0 
     114     126          1          0 
     114     127          1          0 
     114     128          1          0 
     114     129          0          0 
     114     130          1          0 
     114     131          0          0 
     114     132          0          0 
     114     133          2          0 
     114     134          2          0 
     114     135          1          1 
     114     136          2          0 
     114     137          1          1 
     114     138          1          1 
     114     139          0          0 
     114     140          0          0 
     114     141          0          0 
     114     142          0          0 
     114     143          0          0 
     114     144          0          0 
     115       1          1          0 
     115       2          1          0 
     115       3          0          0 
     115       4          1          0 
     115       5          0          0 
     115       6          0          0 
     115       7          1          0 
     115       8          0          0 
     115       9          0          0 
     115      10          0          0 
     115      11          0          0 
     115      12          0          0 
     115      13          2          0 
     115      14          0          0 
     115      15          0          0 
     115      16          1          0 
     115      17          0          0 
     115      18          0          0 
     115      19          0          0 
     115      20          0          0 
     115      21          0          0 
     115      22          0          0 
     115      23          0          0 
     115      24          0          0 
     115      25          6          1 
     115      26          1          0 
     115      27          0          0 
     115      28          7          1 
     115      29          0          0 
     115      30          0          0 
     115      31          0          0 
     115      32          0          0 
     115      33          0          0 
     115      34          1          0 
     115      35          0          0 
     115      36          0          0 
     115      37          0          0 
     115      38          0          0 
     115      39          0          0 
     115      40          0          0 
     115      41          0          0 
     115      42          0          0 
     115      43          7          1 
     115      44          0          0 
     115      45          0          0 
     115      46          0          0 
     115      47          0          0 
     115      48          0          0 
     115      49          0          0 
     115      50          0          0 
     115      51          0          0 
     115      52          0          0 
     115      53          0          0 
     115      54          0          0 
     115      55          0          0 
     115      56          0          0 
     115      57          0          0 
     115      58          0          0 
     115      59          0          0 
     115      60          0          0 
     115      61          8          1 
     115      62          0          0 
     115      63          0          0 
     115      64          8          1 
     115      65          0          0 
     115      66          0          0 
     115      67          0          0 
     115      68          0          0 
     115      69          0          0 
     115      70          0          0 
     115      71          0          0 
     115      72          0          0 
     115      73          0          0 
     115      74          0          0 
     115      75          0          0 
     115      76          6          1 
     115      77          0          0 
     115      78          0          0 
     115      79          0          0 
     115      80          0          0 
     115      81          0          0 
     115      82          0          0 
     115      83          0          0 
     115      84          0          0 
     115      85          0          0 
     115      86          0          0 
     115      87          0          0 
     115      88          0          0 
     115      89          0          0 
     115      90          0          0 
     115      91          0          0 
     115      92          0          0 
     115      93          0          0 
     115      94          0          0 
     115      95          0          0 
     115      96          0          0 
     115      97          0          0 
     115      98          0          0 
     115      99          0          0 
     115     100          7          1 
     115     101          0          0 
     115     102          0          0 
     115     103          7          1 
     115     104          0          0 
     115     105          0          0 
     115     106          0          0 
     115     107          0          0 
     115     108          0          0 
     115     109          0          0 
     115     110          0          0 
     115     111          0          0 
     115     112          0          0 
     115     113          0          0 
     115     114          0          0 
     115     115         18          4 
     115     116          1          1 
     115     117          1          1 
     115     118          1          1 
     115     119          1          1 
     115     120          0          0 
     115     121          1          1 
     115     122          0          0 
     115     123          0          0 
     115     124          1          1 
     115     125          1          1 
     115     126          1          1 
     115     127          0          0 
     115     128          0          0 
     115     129          0          0 
     115     130          0          0 
     115     131          0          0 
     115     132          0          0 
     115     133          1          1 
     115     134          0          0 
     115     135          0          0 
     115     136          0          0 
     115     137          0          0 
     115     138          0          0 
     115     139          1          1 
     115     140          0          0 
     115     141          0          0 
     115     142          0          0 
     115     143          0          0 
     115     144          0          0 
     116       1          1          0 
     116       2          0          0 
     116       3          1          0 
     116       4          1          0 
     116       5          0          0 
     116       6          0          0 
     116       7          0          0 
     116       8          1          0 
     116       9          0          0 
     116      10          0          0 
     116      11          0          0 
     116      12          0          0 
     116      13          0          0 
     116      14          2          0 
     116      15          0          0 
     116      16          0          0 
     116      17          1          0 
     116      18          0          0 
     116      19          0          0 
     116      20          0          0 
     116      21          0          0 
     116      22          0          0 
     116      23          0          0 
     116      24          0          0 
     116      25          6          1 
     116      26          1          0 
     116      27          1          0 
     116      28          2          0 
     116      29          7          1 
     116      30          0          0 
     116      31          0          0 
     116      32          0          0 
     116      33          0          0 
     116      34          1          0 
     116      35          1          0 
     116      36          0          0 
     116      37          0          0 
     116      38          0          0 
     116      39          0          0 
     116      40          0          0 
     116      41          0          0 
     116      42          0          0 
     116      43          2          0 
     116      44          7          1 
     116      45          0          0 
     116      46          0          0 
     116      47          0          0 
     116      48          0          0 
     116      49          0          0 
     116      50          0          0 
     116      51          0          0 
     116      52          0          0 
     116      53          0          0 
     116      54          0          0 
     116      55          0          0 
     116      56          0          0 
     116      57          0          0 
     116      58          0          0 
     116      59          0          0 
     116      60          0          0 
     116      61          1          0 
     116      62          8          1 
     116      63          0          0 
     116      64          1          0 
     116      65          8          1 
     116      66          0          0 
     116      67          0          0 
     116      68          0          0 
     116      69          0          0 
     116      70          0          0 
     116      71          0          0 
     116      72          0          0 
     116      73          0          0 
     116      74          0          0 
     116      75          0          0 
     116      76          2          0 
     116      77          6          1 
     116      78          0          0 
     116      79          0          0 
     116      80          0          0 
     116      81          0          0 
     116      82          0          0 
     116      83          0          0 
     116      84          0          0 
     116      85          0          0 
     116      86          0          0 
     116      87          0          0 
     116      88          0          0 
     116      89          0          0 
     116      90          0          0 
     116      91          0          0 
     116      92          0          0 
     116      93          0          0 
     116      94          0          0 
     116      95          0          0 
     116      96          0          0 
     116      97          0          0 
     116      98          0          0 
     116      99          0          0 
     116     100          1          0 
     116     101          7          1 
     116     102          0          0 
     116     103          1          0 
     116     104          7          1 
     116     105          0          0 
     116     106          0          0 
     116     107          0          0 
     116     108          0          0 
     116     109          0          0 
     116     110          0          0 
     116     111          0          0 
     116     112          0          0 
     116     113          0          0 
     116     114          0          0 
     116     115          6          1 
     116     116         18          4 
     116     117          1          0 
     116     118          0          0 
     116     119          1          1 
     116     120          1          1 
     116     121          1          1 
     116     122          0          0 
     116     123          0          0 
     116     124          1          0 
     116     125          0          0 
     116     126          1          1 
     116     127          1          1 
     116     128          0          0 
     116     129          0          0 
     116     130          0          0 
     116     131          0          0 
     116     132          0          0 
     116     133          1          1 
     116     134          0          0 
     116     135          0          0 
     116     136          0          0 
     116     137          0          0 
     116     138          0          0 
     116     139          1          1 
     116     140          0          0 
     116     141          0          0 
     116     142          0          0 
     116     143          0          0 
     116     144          0          0 
     117       1          1          0 
     117       2          1          0 
     117       3          0          0 
     117       4          0          0 
     117       5          1          0 
     117       6          0          0 
     117       7          1          0 
     117       8          0          0 
     117       9          1          0 
     117      10          0          0 
     117      11          0          0 
     117      12          0          0 
     117      13          2          0 
     117      14          0          0 
     117      15          0          0 
     117      16          0          0 
     117      17          0          0 
     117      18          1          0 
     117      19          0          0 
     117      20          0          0 
     117      21          0          0 
     117      22          0          0 
     117      23          0          0 
     117      24          0          0 
     117      25          1          0 
     117      26          6          1 
     117      27          0          0 
     117      28          7          1 
     117      29          0          0 
     117      30          6          1 
     117      31          0          0 
     117      32          0          0 
     117      33          0          0 
     117      34          1          0 
     117      35          0          0 
     117      36          0          0 
     117      37          1          0 
     117      38          0          0 
     117      39          0          0 
     117      40          0          0 
     117      41          0          0 
     117      42          0          0 
     117      43          2          0 
     117      44          0          0 
     117      45          7          1 
     117      46          0          0 
     117      47          0          0 
     117      48          0          0 
     117      49          0          0 
     117      50          0          0 
     117      51          0          0 
     117      52          0          0 
     117      53          0          0 
     117      54          0          0 
     117      55          0          0 
     117      56          0          0 
     117      57          0          0 
     117      58          0          0 
     117      59          0          0 
     117      60          0          0 
     117      61          8          1 
     117      62          0          0 
     117      63          0          0 
     117      64          2          0 
     117      65          0          0 
     117      66          8          1 
     117      67          0          0 
     117      68          0          0 
     117      69          0          0 
     117      70          0          0 
     117      71          0          0 
     117      72          0          0 
     117      73          0          0 
     117      74          0          0 
     117      75          0          0 
     117      76          1          0 
     117      77          0          0 
     117      78          6          1 
     117      79          0          0 
     117      80          0          0 
     117      81          0          0 
     117      82          0          0 
     117      83          0          0 
     117      84          0          0 
     117      85          0          0 
     117      86          0          0 
     117      87          0          0 
     117      88          0          0 
     117      89          0          0 
     117      90          0          0 
     117      91          0          0 
     117      92          0          0 
     117      93          0          0 
     117      94          0          0 
     117      95          0          0 
     117      96          0          0 
     117      97          0          0 
     117      98          0          0 
     117      99          0          0 
     117     100          7          1 
     117     101          0          0 
     117     102          0          0 
     117     103          2          0 
     117     104          0          0 
     117     105          7          1 
     117     106          0          0 
     117     107          0          0 
     117     108          0          0 
     117     109          0          0 
     117     110          0          0 
     117     111          0          0 
     117     112          0          0 
     117     113          0          0 
     117     114          0          0 
     117     115          7          1 
     117     116          0          0 
     117     117         18          4 
     117     118          1          1 
     117     119          1          1 
     117     120          0          0 
     117     121          0          0 
     117     122          1          1 
     117     123          0          0 
     117     124          1          1 
     117     125          0          0 
     117     126          0          0 
     117     127          0          0 
     117     128          1          1 
     117     129          0          0 
     117     130          1          1 
     117     131          0          0 
     117     132          0          0 
     117     133          0          0 
     117     134          1          1 
     117     135          0          0 
     117     136          0          0 
     117     137          0          0 
     117     138          0          0 
     117     139          0          0 
     117     140          1          1 
     117     141          0          0 
     117     142          0          0 
     117     143          0          0 
     117     144          0          0 
     118       1          1          0 
     118       2          1          0 
     118       3          0          0 
     118       4          0          0 
     118       5          1          0 
     118       6          1          0 
     118       7          1          0 
     118       8          0          0 
     118       9          0          0 
     118      10          1          0 
     118      11          0          0 
     118      12          0          0 
     118      13          2          0 
     118      14          0          0 
     118      15          0          0 
     118      16          0          0 
     118      17          0          0 
     118      18          0          0 
     118      19          1          0 
     118      20          0          0 
     118      21          0          0 
     118      22          0          0 
     118      23          0          0 
     118      24          0          0 
     118      25          1          0 
     118      26          7          1 
     118      27          7          1 
     118      28          8          1 
     118      29          1          0 
     118      30          1          0 
     118      31          7          1 
     118      32          1          0 
     118      33          0          0 
     118      34          1          0 
     118      35          1          0 
     118      36          2          0 
     118      37          1          0 
     118      38          3          0 
     118      39          1          0 
     118      40          0          0 
     118      41          0          0 
     118      42          0          0 
     118      43          2          0 
     118      44          0          0 
     118      45          2          0 
     118      46          9          1 
     118      47          1          0 
     118      48          0          0 
     118      49          1          0 
     118      50          0          0 
     118      51          0          0 
     118      52          0          0 
     118      53          0          0 
     118      54          0          0 
     118      55          0          0 
     118      56          0          0 
     118      57          0          0 
     118      58          0          0 
     118      59          0          0 
     118      60          0          0 
     118      61          9          1 
     118      62          1          0 
     118      63          1          0 
     118      64          2          0 
     118      65          0          0 
     118      66          2          0 
     118      67         10          1 
     118      68          1          0 
     118      69          0          0 
     118      70          1          0 
     118      71          0          0 
     118      72          0          0 
     118      73          0          0 
     118      74          0          0 
     118      75          0          0 
     118      76          1          0 
     118      77          0          0 
     118      78          1          0 
     118      79          7          1 
     118      80          1          0 
     118      81          0          0 
     118      82          1          0 
     118      83          0          0 
     118      84          0          0 
     118      85          0          0 
     118      86          0          0 
     118      87          0          0 
     118      88          0          0 
     118      89          0          0 
     118      90          0          0 
     118      91          0          0 
     118      92          0          0 
     118      93          0          0 
     118      94          0          0 
     118      95          0          0 
     118      96          0          0 
     118      97          0          0 
     118      98          0          0 
     118      99          0          0 
     118     100          8          1 
     118     101          1          0 
     118     102          1          0 
     118     103          2          0 
     118     104          0          0 
     118     105          2          0 
     118     106          9          1 
     118     107          1          0 
     118     108          0          0 
     118     109          1          0 
     118     110          0          0 
     118     111          0          0 
     118     112          0          0 
     118     113          0          0 
     118     114          0          0 
     118     115          8          1 
     118     116          1          0 
     118     117          8          1 
     118     118         26          5 
     118     119          3          0 
     118     120          1          1 
     118     121          2          0 
     118     122          0          0 
     118     123          1          1 
     118     124          2          0 
     118     125          1          1 
     118     126          0          0 
     118     127          0          0 
     118     128          1          1 
     118     129          1          1 
     118     130          0          0 
     118     131          1          1 
     118     132          0          0 
     118     133          0          0 
     118     134          0          0 
     118     135          1          1 
     118     136          0          0 
     118     137          0          0 
     118     138          0          0 
     118     139          0          0 
     118     140          0          0 
     118     141          1          1 
     118     142          0          0 
     118     143          0          0 
     118     144          0          0 
     119       1          2          0 
     119       2          1          0 
     119       3          1          0 
     119       4          0          0 
     119       5          1          0 
     119       6          0          0 
     119       7          1          0 
     119       8          1          0 
     119       9          0          0 
     119      10          0          0 
     119      11          1          0 
     119      12          0          0 
     119      13          2          0 
     119      14          2          0 
     119      15          0          0 
     119      16          0          0 
     119      17          0          0 
     119      18          0          0 
     119      19          0          0 
     119      20          1          0 
     119      21          0          0 
     119      22          0          0 
     119      23          0          0 
     119      24          0          0 
     119      25          2          0 
     119      26          7          1 
     119      27          1          0 
     119      28          8          1 
     119      29          8          1 
     119      30          2          0 
     119      31          1          0 
     119      32          8          1 
     119      33          0          0 
     119      34          1          0 
     119      35          0          0 
     119      36          1          0 
     119      37          1          0 
     119      38          1          0 
     119      39          3          0 
     119      40          0          0 
     119      41          0          0 
     119      42          0          0 
     119      43          2          0 
     119      44          2          0 
     119      45          2          0 
     119      46          1          0 
     119      47          9          1 
     119      48          0          0 
     119      49          2          0 
     119      50          0          0 
     119      51          0          0 
     119      52          0          0 
     119      53          0          0 
     119      54          0          0 
     119      55          0          0 
     119      56          0          0 
     119      57          0          0 
     119      58          0          0 
     119      59          0          0 
     119      60          0          0 
     119      61          9          1 
     119      62          9          1 
     119      63          2          0 
     119      64          2          0 
     119      65          2          0 
     119      66          2          0 
     119      67          1          0 
     119      68         10          1 
     119      69          0          0 
     119      70          2          0 
     119      71          0          0 
     119      72          0          0 
     119      73          0          0 
     119      74          0          0 
     119      75          0          0 
     119      76          1          0 
     119      77          1          0 
     119      78          2          0 
     119      79          1          0 
     119      80          8          1 
     119      81          0          0 
     119      82          2          0 
     119      83          0          0 
     119      84          0          0 
     119      85          0          0 
     119      86          0          0 
     119      87          0          0 
     119      88          0          0 
     119      89          0          0 
     119      90          0          0 
     119      91          0          0 
     119      92          0          0 
     119      93          0          0 
     119      94          0          0 
     119      95          0          0 
     119      96          0          0 
     119      97          0          0 
     119      98          0          0 
     119      99          0          0 
     119     100          8          1 
     119     101          8          1 
     119     102          2          0 
     119     103          2          0 
     119     104          2          0 
     119     105          2          0 
     119     106          1          0 
     119     107          9          1 
     119     108          0          0 
     119     109          2          0 
     119     110          0          0 
     119     111          0          0 
     119     112          0          0 
     119     113          0          0 
     119     114          0          0 
     119     115          8          1 
     119     116          8          1 
     119     117          8          1 
     119     118          0          0 
     119     119         26          5 
     119     120          1          1 
     119     121          4          0 
     119     122          1          1 
     119     123          1          1 
     119     124          2          0 
     119     125          0          0 
     119     126          1          1 
     119     127          0          0 
     119     128          0          0 
     119     129          1          1 
     119     130          1          1 
     119     131          1          1 
     119     132          0          0 
     119     133          0          0 
     119     134          1          1 
     119     135          1          1 
     119     136          0          0 
     119     137          0          0 
     119     138          0          0 
     119     139          0          0 
     119     140          1          1 
     119     141          1          1 
     119     142          0          0 
     119     143          0          0 
     119     144          0          0 
     120       1          1          0 
     120       2          0          0 
     120       3          1          0 
     120       4          0          0 
     120       5          0          0 
     120       6          1          0 
     120       7          0          0 
     120       8          1          0 
     120       9          0          0 
     120      10          0          0 
     120      11          0          0 
     120      12          1          0 
     120      13          0          0 
     120      14          2          0 
     120      15          0          0 
     120      16          0          0 
     120      17          0          0 
     120      18          0          0 
     120      19          0          0 
     120      20          0          0 
     120      21          1          0 
     120      22          0          0 
     120      23          0          0 
     120      24          0          0 
     120      25          1          0 
     120      26          1          0 
     120      27          6          1 
     120      28          1          0 
     120      29          7          1 
     120      30          0          0 
     120      31          2          0 
     120      32          2          0 
     120      33          6          1 
     120      34          0          0 
     120      35          1          0 
     120      36          1          0 
     120      37          0          0 
     120      38          1          0 
     120      39          1          0 
     120      40          1          0 
     120      41          0          0 
     120      42          0          0 
     120      43          0          0 
     120      44          2          0 
     120      45          0          0 
     120      46          2          0 
     120      47          2          0 
     120      48          7          1 
     120      49          1          0 
     120      50          0          0 
     120      51          0          0 
     120      52          0          0 
     120      53          0          0 
     120      54          0          0 
     120      55          0          0 
     120      56          0          0 
     120      57          0          0 
     120      58          0          0 
     120      59          0          0 
     120      60          0          0 
     120      61          1          0 
     120      62          8          1 
     120      63          1          0 
     120      64          0          0 
     120      65          2          0 
     120      66          0          0 
     120      67          1          0 
     120      68          2          0 
     120      69          8          1 
     120      70          1          0 
     120      71          0          0 
     120      72          0          0 
     120      73          0          0 
     120      74          0          0 
     120      75          0          0 
     120      76          0          0 
     120      77          1          0 
     120      78          0          0 
     120      79          2          0 
     120      80          2          0 
     120      81          6          1 
     120      82          1          0 
     120      83          0          0 
     120      84          0          0 
     120      85          0          0 
     120      86          0          0 
     120      87          0          0 
     120      88          0          0 
     120      89          0          0 
     120      90          0          0 
     120      91          0          0 
     120      92          0          0 
     120      93          0          0 
     120      94          0          0 
     120      95          0          0 
     120      96          0          0 
     120      97          0          0 
     120      98          0          0 
     120      99          0          0 
     120     100          1          0 
     120     101          7          1 
     120     102          1          0 
     120     103          0          0 
     120     104          2          0 
     120     105          0          0 
     120     106          1          0 
     120     107          2          0 
     120     108          7          1 
     120     109          1          0 
     120     110          0          0 
     120     111          0          0 
     120     112          0          0 
     120     113          0          0 
     120     114          0          0 
     120     115          1          0 
     120     116          7          1 
     120     117          1          0 
     120     118          6          1 
     120     119          8          1 
     120     120         18          4 
     120     121          2          0 
     120     122          1          0 
     120     123          1          1 
     120     124          0          0 
     120     125          1          0 
     120     126          2          0 
     120     127          1          1 
     120     128          1          0 
     120     129          1          1 
     120     130          1          0 
     120     131          1          1 
     120     132          0          0 
     120     133          1          0 
     120     134          1          0 
     120     135          1          1 
     120     136          0          0 
     120     137          0          0 
     120     138          0          0 
     120     139          1          0 
     120     140          1          0 
     120     141          1          1 
     120     142          0          0 
     120     143          0          0 
     120     144          0          0 
     121       1          2          0 
     121       2          2          0 
     121       3          2          0 
     121       4          0          0 
     121       5          0          0 
     121       6          0          0 
     121       7          1          0 
     121       8          1          0 
     121       9          0          0 
     121      10          0          0 
     121      11          0          0 
     121      12          0          0 
     121      13          2          0 
     121      14          2          0 
     121      15          2          0 
     121      16          0          0 
     121      17          0          0 
     121      18          0          0 
     121      19          0          0 
     121      20          0          0 
     121      21          0          0 
     121      22          1          0 
     121      23          0          0 
     121      24          0          0 
     121      25          2          0 
     121      26          0          0 
     121      27          0          0 
     121      28          7          1 
     121      29          7          1 
     121      30          1          0 
     121      31          1          0 
     121      32          2          0 
     121      33          0          0 
     121      34          0          0 
     121      35          0          0 
     121      36          0          0 
     121      37          1          0 
     121      38          1          0 
     121      39          2          0 
     121      40          0          0 
     121      41          0          0 
     121      42          0          0 
     121      43          2          0 
     121      44          2          0 
     121      45          1          0 
     121      46          1          0 
     121      47          2          0 
     121      48          0          0 
     121      49          9          1 
     121      50          0          0 
     121      51          0          0 
     121      52          0          0 
     121      53          0          0 
     121      54          0          0 
     121      55          0          0 
     121      56          0          0 
     121      57          0          0 
     121      58          0          0 
     121      59          0          0 
     121      60          0          0 
     121      61          8          1 
     121      62          8          1 
     121      63          9          1 
     121      64          2          0 
     121      65          2          0 
     121      66          1          0 
     121      67          1          0 
     121      68          2          0 
     121      69          0          0 
     121      70         10          1 
     121      71          0          0 
     121      72          0          0 
     121      73          0          0 
     121      74          0          0 
     121      75          0          0 
     121      76          2          0 
     121      77          2          0 
     121      78          1          0 
     121      79          1          0 
     121      80          2          0 
     121      81          0          0 
     121      82          9          1 
     121      83          0          0 
     121      84          0          0 
     121      85          0          0 
     121      86          0          0 
     121      87          0          0 
     121      88          0          0 
     121      89          0          0 
     121      90          0          0 
     121      91          0          0 
     121      92          0          0 
     121      93          0          0 
     121      94          0          0 
     121      95          0          0 
     121      96          0          0 
     121      97          0          0 
     121      98          0          0 
     121      99          0          0 
     121     100          7          1 
     121     101          7          1 
     121     102          8          1 
     121     103          2          0 
     121     104          2          0 
     121     105          1          0 
     121     106          1          0 
     121     107          2          0 
     121     108          0          0 
     121     109          9          1 
     121     110          0          0 
     121     111          0          0 
     121     112          0          0 
     121     113          0          0 
     121     114          0          0 
     121     115          7          1 
     121     116          7          1 
     121     117          2          0 
     121     118          0          0 
     121     119          0          0 
     121     120          0          0 
     121     121         26          5 
     121     122          1          1 
     121     123          1          1 
     121     124          1          0 
     121     125          0          0 
     121     126          0          0 
     121     127          0          0 
     121     128          0          0 
     121     129          0          0 
     121     130          1          1 
     121     131          1          1 
     121     132          0          0 
     121     133          1          1 
     121     134          1          1 
     121     135          1          1 
     121     136          0          0 
     121     137          0          0 
     121     138          0          0 
     121     139          1          1 
     121     140          1          1 
     121     141          1          1 
     121     142          0          0 
     121     143          0          0 
     121     144          0          0 
     122       1          0          0 
     122       2          1          0 
     122       3          1          0 
     122       4          0          0 
     122       5          0          0 
     122       6          0          0 
     122       7          0          0 
     122       8          0          0 
     122       9          1          0 
     122      10          0          0 
     122      11          1          0 
     122      12          0          0 
     122      13          0          0 
     122      14          0          0 
     122      15          2          0 
     122      16          0          0 
     122      17          0          0 
     122      18          0          0 
     122      19          0          0 
     122      20          0          0 
     122      21          0          0 
     122      22          0          0 
     122      23          1          0 
     122      24          0          0 
     122      25          0          0 
     122      26          2          0 
     122      27          0          0 
     122      28          2          0 
     122      29          1          0 
     122      30          6          1 
     122      31          1          0 
     122      32          7          1 
     122      33          0          0 
     122      34          0          0 
     122      35          0          0 
     122      36          0          0 
     122      37          1          0 
     122      38          0          0 
     122      39          1          0 
     122      40          0          0 
     122      41          1          0 
     122      42          0          0 
     122      43          0          0 
     122      44          0          0 
     122      45          2          0 
     122      46          0          0 
     122      47          2          0 
     122      48          0          0 
     122      49          1          0 
     122      50          7          1 
     122      51          0          0 
     122      52          0          0 
     122      53          0          0 
     122      54          0          0 
     122      55          0          0 
     122      56          0          0 
     122      57          0          0 
     122      58          0          0 
     122      59          0          0 
     122      60          0          0 
     122      61          1          0 
     122      62          1          0 
     122      63          8          1 
     122      64          0          0 
     122      65          0          0 
     122      66          1          0 
     122      67          0          0 
     122      68          1          0 
     122      69          0          0 
     122      70          2          0 
     122      71          8          1 
     122      72          0          0 
     122      73          0          0 
     122      74          0          0 
     122      75          0          0 
     122      76          0          0 
     122      77          0          0 
     122      78          2          0 
     122      79          0          0 
     122      80          2          0 
     122      81          0          0 
     122      82          2          0 
     122      83          6          1 
     122      84          0          0 
     122      85          0          0 
     122      86          0          0 
     122      87          0          0 
     122      88          0          0 
     122      89          0          0 
     122      90          0          0 
     122      91          0          0 
     122      92          0          0 
     122      93          0          0 
     122      94          0          0 
     122      95          0          0 
     122      96          0          0 
     122      97          0          0 
     122      98          0          0 
     122      99          0          0 
     122     100          1          0 
     122     101          1          0 
     122     102          7          1 
     122     103          0          0 
     122     104          0          0 
     122     105          1          0 
     122     106          0          0 
     122     107          1          0 
     122     108          0          0 
     122     109          2          0 
     122     110          7          1 
     122     111          0          0 
     122     112          0          0 
     122     113          0          0 
     122     114          0          0 
     122     115          1          0 
     122     116          1          0 
     122     117          6          1 
     122     118          1          0 
     122     119          7          1 
     122     120          0          0 
     122     121          8          1 
     122     122         18          4 
     122     123          1          1 
     122     124          1          0 
     122     125          0          0 
     122     126          1          0 
     122     127          0          0 
     122     128          0          0 
     122     129          0          0 
     122     130          1          1 
     122     131          0          0 
     122     132          1          1 
     122     133          1          0 
     122     134          1          1 
     122     135          0          0 
     122     136          0          0 
     122     137          0          0 
     122     138          0          0 
     122     139          1          0 
     122     140          1          1 
     122     141          0          0 
     122     142          0          0 
     122     143          0          0 
     122     144          0          0 
     123       1          0          0 
     123       2          1          0 
     123       3          1          0 
     123       4          0          0 
     123       5          0          0 
     123       6          0          0 
     123       7          0          0 
     123       8          0          0 
     123       9          0          0 
     123      10          1          0 
     123      11          1          0 
     123      12          1          0 
     123      13          0          0 
     123      14          0          0 
     123      15          2          0 
     123      16          0          0 
     123      17          0          0 
     123      18          0          0 
     123      19          0          0 
     123      20          0          0 
     123      21          0          0 
     123      22          0          0 
     123      23          0          0 
     123      24          1          0 
     123      25          0          0 
     123      26          0          0 
     123      27          2          0 
     123      28          1          0 
     123      29          2          0 
     123      30          1          0 
     123      31          6          1 
     123      32          7          1 
     123      33          6          1 
     123      34          0          0 
     123      35          0          0 
     123      36          0          0 
     123      37          0          0 
     123      38          1          0 
     123      39          1          0 
     123      40          1          0 
     123      41          1          0 
     123      42          1          0 
     123      43          0          0 
     123      44          0          0 
     123      45          0          0 
     123      46          2          0 
     123      47          2          0 
     123      48          2          0 
     123      49          1          0 
     123      50          2          0 
     123      51          7          1 
     123      52          0          0 
     123      53          0          0 
     123      54          0          0 
     123      55          0          0 
     123      56          0          0 
     123      57          0          0 
     123      58          0          0 
     123      59          0          0 
     123      60          0          0 
     123      61          1          0 
     123      62          1          0 
     123      63          8          1 
     123      64          0          0 
     123      65          0          0 
     123      66          0          0 
     123      67          1          0 
     123      68          1          0 
     123      69          1          0 
     123      70          2          0 
     123      71          2          0 
     123      72          8          1 
     123      73          0          0 
     123      74          0          0 
     123      75          0          0 
     123      76          0          0 
     123      77          0          0 
     123      78          0          0 
     123      79          2          0 
     123      80          2          0 
     123      81          2          0 
     123      82          2          0 
     123      83          1          0 
     123      84          6          1 
     123      85          0          0 
     123      86          0          0 
     123      87          0          0 
     123      88          0          0 
     123      89          0          0 
     123      90          0          0 
     123      91          0          0 
     123      92          0          0 
     123      93          0          0 
     123      94          0          0 
     123      95          0          0 
     123      96          0          0 
     123      97          0          0 
     123      98          0          0 
     123      99          0          0 
     123     100          1          0 
     123     101          1          0 
     123     102          7          1 
     123     103          0          0 
     123     104          0          0 
     123     105          0          0 
     123     106          1          0 
     123     107          1          0 
     123     108          1          0 
     123     109          2          0 
     123     110          2          0 
     123     111          7          1 
     123     112          0          0 
     123     113          0          0 
     123     114          0          0 
     123     115          1          0 
     123     116          1          0 
     123     117          1          0 
     123     118          6          1 
     123     119          7          1 
     123     120          6          1 
     123     121          8          1 
     123     122          7          1 
     123     123         18          4 
     123     124          0          0 
     123     125          1          0 
     123     126          1          0 
     123     127          1          0 
     123     128          1          0 
     123     129          0          0 
     123     130          2          0 
     123     131          1          1 
     123     132          1          1 
     123     133          1          0 
     123     134          1          0 
     123     135          1          1 
     123     136          0          0 
     123     137          0          0 
     123     138          0          0 
     123     139          1          0 
     123     140          1          0 
     123     141          1          1 
     123     142          0          0 
     123     143          0          0 
     123     144          0          0 
     124       1          0          0 
     124       2          0          0 
     124       3          0          0 
     124       4          1          0 
     124       5          1          0 
     124       6          0          0 
     124       7          2          0 
     124       8          0          0 
     124       9          1          0 
     124      10          0          0 
     124      11          0          0 
     124      12          0          0 
     124      13          2          0 
     124      14          0          0 
     124      15          0          0 
     124      16          1          0 
     124      17          0          0 
     124      18          1          0 
     124      19          0          0 
     124      20          0          0 
     124      21          0          0 
     124      22          0          0 
     124      23          0          0 
     124      24          0          0 
     124      25          1          0 
     124      26          1          0 
     124      27          0          0 
     124      28          2          0 
     124      29          0          0 
     124      30          1          0 
     124      31          0          0 
     124      32          0          0 
     124      33          0          0 
     124      34          6          1 
     124      35          0          0 
     124      36          0          0 
     124      37          6          1 
     124      38          0          0 
     124      39          0          0 
     124      40          0          0 
     124      41          0          0 
     124      42          0          0 
     124      43          7          1 
     124      44          0          0 
     124      45          7          1 
     124      46          0          0 
     124      47          0          0 
     124      48          0          0 
     124      49          0          0 
     124      50          0          0 
     124      51          0          0 
     124      52          6          1 
     124      53          0          0 
     124      54          0          0 
     124      55          0          0 
     124      56          0          0 
     124      57          0          0 
     124      58          0          0 
     124      59          0          0 
     124      60          0          0 
     124      61          2          0 
     124      62          0          0 
     124      63          0          0 
     124      64          8          1 
     124      65          0          0 
     124      66          8          1 
     124      67          0          0 
     124      68          0          0 
     124      69          0          0 
     124      70          0          0 
     124      71          0          0 
     124      72          0          0 
     124      73          0          0 
     124      74          0          0 
     124      75          0          0 
     124      76          1          0 
     124      77          0          0 
     124      78          1          0 
     124      79          0          0 
     124      80          0          0 
     124      81          0          0 
     124      82          0          0 
     124      83          0          0 
     124      84          0          0 
     124      85          6          1 
     124      86          0          0 
     124      87          0          0 
     124      88          0          0 
     124      89          0          0 
     124      90          0          0 
     124      91          0          0 
     124      92          0          0 
     124      93          0          0 
     124      94          0          0 
     124      95          0          0 
     124      96          0          0 
     124      97          0          0 
     124      98          0          0 
     124      99          0          0 
     124     100          2          0 
     124     101          0          0 
     124     102          0          0 
     124     103          7          1 
     124     104          0          0 
     124     105          7          1 
     124     106          0          0 
     124     107          0          0 
     124     108          0          0 
     124     109          0          0 
     124     110          0          0 
     124     111          0          0 
     124     112          0          0 
     124     113          0          0 
     124     114          0          0 
     124     115          7          1 
     124     116          0          0 
     124     117          7          1 
     124     118          0          0 
     124     119          0          0 
     124     120          0          0 
     124     121          0          0 
     124     122          0          0 
     124     123          0          0 
     124     124         18          4 
     124     125          1          1 
     124     126          1          1 
     124     127          0          0 
     124     128          1          1 
     124     129          0          0 
     124     130          1          1 
     124     131          0          0 
     124     132          0          0 
     124     133          0          0 
     124     134          0          0 
     124     135          0          0 
     124     136          1          1 
     124     137          0          0 
     124     138          0          0 
     124     139          0          0 
     124     140          0          0 
     124     141          0          0 
     124     142          1          1 
     124     143          0          0 
     124     144          0          0 
     125       1          0          0 
     125       2          0          0 
     125       3          0          0 
     125       4          1          0 
     125       5          1          0 
     125       6          1          0 
     125       7          2          0 
     125       8          0          0 
     125       9          0          0 
     125      10          1          0 
     125      11          0          0 
     125      12          0          0 
     125      13          2          0 
     125      14          0          0 
     125      15          0          0 
     125      16          1          0 
     125      17          0          0 
     125      18          0          0 
     125      19          1          0 
     125      20          0          0 
     125      21          0          0 
     125      22          0          0 
     125      23          0          0 
     125      24          0          0 
     125      25          1          0 
     125      26          1          0 
     125      27          1          0 
     125      28          2          0 
     125      29          0          0 
     125      30          0          0 
     125      31          1          0 
     125      32          0          0 
     125      33          0          0 
     125      34          7          1 
     125      35          7          1 
     125      36          2          0 
     125      37          2          0 
     125      38          8          1 
     125      39          1          0 
     125      40          0          0 
     125      41          0          0 
     125      42          0          0 
     125      43          8          1 
     125      44          1          0 
     125      45          2          0 
     125      46          9          1 
     125      47          1          0 
     125      48          0          0 
     125      49          1          0 
     125      50          0          0 
     125      51          0          0 
     125      52          1          0 
     125      53          7          1 
     125      54          1          0 
     125      55          0          0 
     125      56          0          0 
     125      57          0          0 
     125      58          0          0 
     125      59          0          0 
     125      60          0          0 
     125      61          2          0 
     125      62          0          0 
     125      63          0          0 
     125      64          9          1 
     125      65          1          0 
     125      66          2          0 
     125      67         10          1 
     125      68          1          0 
     125      69          0          0 
     125      70          1          0 
     125      71          0          0 
     125      72          0          0 
     125      73          1          0 
     125      74          0          0 
     125      75          0          0 
     125      76          1          0 
     125      77          0          0 
     125      78          0          0 
     125      79          1          0 
     125      80          0          0 
     125      81          0          0 
     125      82          0          0 
     125      83          0          0 
     125      84          0          0 
     125      85          1          0 
     125      86          7          1 
     125      87          1          0 
     125      88          0          0 
     125      89          0          0 
     125      90          0          0 
     125      91          0          0 
     125      92          0          0 
     125      93          0          0 
     125      94          1          0 
     125      95          0          0 
     125      96          0          0 
     125      97          0          0 
     125      98          0          0 
     125      99          0          0 
     125     100          2          0 
     125     101          0          0 
     125     102          0          0 
     125     103          8          1 
     125     104          1          0 
     125     105          2          0 
     125     106          9          1 
     125     107          1          0 
     125     108          0          0 
     125     109          1          0 
     125     110          0          0 
     125     111          0          0 
     125     112          1          0 
     125     113          0          0 
     125     114          0          0 
     125     115          8          1 
     125     116          1          0 
     125     117          2          0 
     125     118          9          1 
     125     119          1          0 
     125     120          0          0 
     125     121          1          0 
     125     122          0          0 
     125     123          0          0 
     125     124          8          1 
     125     125         26          5 
     125     126          3          0 
     125     127          1          1 
     125     128          1          1 
     125     129          1          1 
     125     130          0          0 
     125     131          1          1 
     125     132          0          0 
     125     133          2          0 
     125     134          0          0 
     125     135          0          0 
     125     136          0          0 
     125     137          1          1 
     125     138          0          0 
     125     139          0          0 
     125     140          0          0 
     125     141          0          0 
     125     142          0          0 
     125     143          1          1 
     125     144          0          0 
     126       1          0          0 
     126       2          0          0 
     126       3          0          0 
     126       4          2          0 
     126       5          1          0 
     126       6          0          0 
     126       7          2          0 
     126       8          2          0 
     126       9          0          0 
     126      10          0          0 
     126      11          1          0 
     126      12          0          0 
     126      13          2          0 
     126      14          2          0 
     126      15          0          0 
     126      16          1          0 
     126      17          1          0 
     126      18          0          0 
     126      19          0          0 
     126      20          1          0 
     126      21          0          0 
     126      22          0          0 
     126      23          0          0 
     126      24          0          0 
     126      25          2          0 
     126      26          1          0 
     126      27          0          0 
     126      28          2          0 
     126      29          2          0 
     126      30          0          0 
     126      31          0          0 
     126      32          1          0 
     126      33          0          0 
     126      34          7          1 
     126      35          1          0 
     126      36          1          0 
     126      37          2          0 
     126      38          1          0 
     126      39          8          1 
     126      40          0          0 
     126      41          0          0 
     126      42          0          0 
     126      43          8          1 
     126      44          8          1 
     126      45          2          0 
     126      46          1          0 
     126      47          9          1 
     126      48          0          0 
     126      49          2          0 
     126      50          0          0 
     126      51          0          0 
     126      52          2          0 
     126      53          1          0 
     126      54          8          1 
     126      55          0          0 
     126      56          0          0 
     126      57          0          0 
     126      58          0          0 
     126      59          0          0 
     126      60          0          0 
     126      61          2          0 
     126      62          2          0 
     126      63          0          0 
     126      64          9          1 
     126      65          9          1 
     126      66          2          0 
     126      67          1          0 
     126      68         10          1 
     126      69          0          0 
     126      70          2          0 
     126      71          0          0 
     126      72          0          0 
     126      73          2          0 
     126      74          0          0 
     126      75          0          0 
     126      76          1          0 
     126      77          1          0 
     126      78          0          0 
     126      79          0          0 
     126      80          1          0 
     126      81          0          0 
     126      82          0          0 
     126      83          0          0 
     126      84          0          0 
     126      85          2          0 
     126      86          1          0 
     126      87          8          1 
     126      88          0          0 
     126      89          0          0 
     126      90          0          0 
     126      91          0          0 
     126      92          0          0 
     126      93          0          0 
     126      94          2          0 
     126      95          0          0 
     126      96          0          0 
     126      97          0          0 
     126      98          0          0 
     126      99          0          0 
     126     100          2          0 
     126     101          2          0 
     126     102          0          0 
     126     103          8          1 
     126     104          8          1 
     126     105          2          0 
     126     106          1          0 
     126     107          9          1 
     126     108          0          0 
     126     109          2          0 
     126     110          0          0 
     126     111          0          0 
     126     112          2          0 
     126     113          0          0 
     126     114          0          0 
     126     115          8          1 
     126     116          8          1 
     126     117          2          0 
     126     118          1          0 
     126     119          9          1 
     126     120          0          0 
     126     121          2          0 
     126     122          0          0 
     126     123          0          0 
     126     124          8          1 
     126     125          0          0 
     126     126         26          5 
     126     127          1          1 
     126     128          0          0 
     126     129          1          1 
     126     130          1          1 
     126     131          1          1 
     126     132          0          0 
     126     133          4          0 
     126     134          0          0 
     126     135          0          0 
     126     136          1          1 
     126     137          1          1 
     126     138          0          0 
     126     139          0          0 
     126     140          0          0 
     126     141          0          0 
     126     142          1          1 
     126     143          1          1 
     126     144          0          0 
     127       1          0          0 
     127       2          0          0 
     127       3          0          0 
     127       4          1          0 
     127       5          0          0 
     127       6          1          0 
     127       7          0          0 
     127       8          2          0 
     127       9          0          0 
     127      10          0          0 
     127      11          0          0 
     127      12          1          0 
     127      13          0          0 
     127      14          2          0 
     127      15          0          0 
     127      16          0          0 
     127      17          1          0 
     127      18          0          0 
     127      19          0          0 
     127      20          0          0 
     127      21          1          0 
     127      22          0          0 
     127      23          0          0 
     127      24          0          0 
     127      25          1          0 
     127      26          0          0 
     127      27          1          0 
     127      28          0          0 
     127      29          2          0 
     127      30          0          0 
     127      31          0          0 
     127      32          0          0 
     127      33          1          0 
     127      34          1          0 
     127      35          6          1 
     127      36          1          0 
     127      37          0          0 
     127      38          2          0 
     127      39          1          0 
     127      40          6          1 
     127      41          0          0 
     127      42          0          0 
     127      43          1          0 
     127      44          7          1 
     127      45          0          0 
     127      46          1          0 
     127      47          2          0 
     127      48          7          1 
     127      49          1          0 
     127      50          0          0 
     127      51          0          0 
     127      52          0          0 
     127      53          2          0 
     127      54          2          0 
     127      55          6          1 
     127      56          0          0 
     127      57          0          0 
     127      58          0          0 
     127      59          0          0 
     127      60          0          0 
     127      61          0          0 
     127      62          2          0 
     127      63          0          0 
     127      64          1          0 
     127      65          8          1 
     127      66          0          0 
     127      67          1          0 
     127      68          2          0 
     127      69          8          1 
     127      70          1          0 
     127      71          0          0 
     127      72          0          0 
     127      73          1          0 
     127      74          0          0 
     127      75          0          0 
     127      76          0          0 
     127      77          1          0 
     127      78          0          0 
     127      79          0          0 
     127      80          0          0 
     127      81          1          0 
     127      82          0          0 
     127      83          0          0 
     127      84          0          0 
     127      85          0          0 
     127      86          2          0 
     127      87          2          0 
     127      88          6          1 
     127      89          0          0 
     127      90          0          0 
     127      91          0          0 
     127      92          0          0 
     127      93          0          0 
     127      94          1          0 
     127      95          0          0 
     127      96          0          0 
     127      97          0          0 
     127      98          0          0 
     127      99          0          0 
     127     100          0          0 
     127     101          2          0 
     127     102          0          0 
     127     103          1          0 
     127     104          7          1 
     127     105          0          0 
     127     106          1          0 
     127     107          2          0 
     127     108          7          1 
     127     109          1          0 
     127     110          0          0 
     127     111          0          0 
     127     112          1          0 
     127     113          0          0 
     127     114          0          0 
     127     115          1          0 
     127     116          7          1 
     127     117          0          0 
     127     118          1          0 
     127     119          2          0 
     127     120          7          1 
     127     121          1          0 
     127     122          0          0 
     127     123          0          0 
     127     124          1          0 
     127     125          6          1 
     127     126          8          1 
     127     127         18          4 
     127     128          1          0 
     127     129          1          1 
     127     130          1          0 
     127     131          1          1 
     127     132          0          0 
     127     133          2          0 
     127     134          0          0 
     127     135          0          0 
     127     136          1          0 
     127     137          1          1 
     127     138          0          0 
     127     139          1          0 
     127     140          0          0 
     127     141          0          0 
     127     142          1          0 
     127     143          1          1 
     127     144          0          0 
     128       1          0          0 
     128       2          0          0 
     128       3          0          0 
     128       4          0          0 
     128       5          2          0 
     128       6          1          0 
     128       7          2          0 
     128       8          0          0 
     128       9          1          0 
     128      10          1          0 
     128      11          0          0 
     128      12          0          0 
     128      13          2          0 
     128      14          0          0 
     128      15          0          0 
     128      16          0          0 
     128      17          0          0 
     128      18          1          0 
     128      19          1          0 
     128      20          0          0 
     128      21          0          0 
     128      22          0          0 
     128      23          0          0 
     128      24          0          0 
     128      25          0          0 
     128      26          2          0 
     128      27          1          0 
     128      28          2          0 
     128      29          0          0 
     128      30          1          0 
     128      31          1          0 
     128      32          0          0 
     128      33          0          0 
     128      34          2          0 
     128      35          1          0 
     128      36          7          1 
     128      37          7          1 
     128      38          8          1 
     128      39          1          0 
     128      40          0          0 
     128      41          7          1 
     128      42          0          0 
     128      43          2          0 
     128      44          0          0 
     128      45          8          1 
     128      46          9          1 
     128      47          1          0 
     128      48          0          0 
     128      49          0          0 
     128      50          1          0 
     128      51          0          0 
     128      52          1          0 
     128      53          1          0 
     128      54          0          0 
     128      55          0          0 
     128      56          7          1 
     128      57          0          0 
     128      58          1          0 
     128      59          0          0 
     128      60          0          0 
     128      61          2          0 
     128      62          0          0 
     128      63          0          0 
     128      64          2          0 
     128      65          0          0 
     128      66          9          1 
     128      67         10          1 
     128      68          1          0 
     128      69          0          0 
     128      70          0          0 
     128      71          1          0 
     128      72          0          0 
     128      73          0          0 
     128      74          1          0 
     128      75          0          0 
     128      76          0          0 
     128      77          0          0 
     128      78          1          0 
     128      79          1          0 
     128      80          0          0 
     128      81          0          0 
     128      82          0          0 
     128      83          0          0 
     128      84          0          0 
     128      85          1          0 
     128      86          1          0 
     128      87          0          0 
     128      88          0          0 
     128      89          7          1 
     128      90          0          0 
     128      91          1          0 
     128      92          0          0 
     128      93          0          0 
     128      94          0          0 
     128      95          1          0 
     128      96          0          0 
     128      97          0          0 
     128      98          0          0 
     128      99          0          0 
     128     100          2          0 
     128     101          0          0 
     128     102          0          0 
     128     103          2          0 
     128     104          0          0 
     128     105          8          1 
     128     106          9          1 
     128     107          1          0 
     128     108          0          0 
     128     109          0          0 
     128     110          1          0 
     128     111          0          0 
     128     112          0          0 
     128     113          1          0 
     128     114          0          0 
     128     115          2          0 
     128     116          0          0 
     128     117          8          1 
     128     118          9          1 
     128     119          1          0 
     128     120          0          0 
     128     121          0          0 
     128     122          1          0 
     128     123          0          0 
     128     124          8          1 
     128     125          9          1 
     128     126          1          0 
     128     127          0          0 
     128     128         26          5 
     128     129          1          1 
     128     130          3          0 
     128     131          0          0 
     128     132          1          1 
     128     133          0          0 
     128     134          2          0 
     128     135          0          0 
     128     136          0          0 
     128     137          0          0 
     128     138          1          1 
     128     139          0          0 
     128     140          0          0 
     128     141          0          0 
     128     142          0          0 
     128     143          0          0 
     128     144          1          1 
     129       1          0          0 
     129       2          0          0 
     129       3          0          0 
     129       4          0          0 
     129       5          1          0 
     129       6          2          0 
     129       7          0          0 
     129       8          2          0 
     129       9          0          0 
     129      10          1          0 
     129      11          1          0 
     129      12          1          0 
     129      13          0          0 
     129      14          2          0 
     129      15          0          0 
     129      16          0          0 
     129      17          0          0 
     129      18          0          0 
     129      19          1          0 
     129      20          1          0 
     129      21          1          0 
     129      22          0          0 
     129      23          0          0 
     129      24          0          0 
     129      25          0          0 
     129      26          1          0 
     129      27          2          0 
     129      28          0          0 
     129      29          2          0 
     129      30          0          0 
     129      31          1          0 
     129      32          1          0 
     129      33          1          0 
     129      34          1          0 
     129      35          2          0 
     129      36          7          1 
     129      37          1          0 
     129      38          8          1 
     129      39          7          1 
     129      40          7          1 
     129      41          2          0 
     129      42          7          1 
     129      43          0          0 
     129      44          2          0 
     129      45          1          0 
     129      46          9          1 
     129      47          8          1 
     129      48          8          1 
     129      49          0          0 
     129      50          1          0 
     129      51          1          0 
     129      52          0          0 
     129      53          1          0 
     129      54          1          0 
     129      55          1          0 
     129      56          2          0 
     129      57          7          1 
     129      58          1          0 
     129      59          1          0 
     129      60          0          0 
     129      61          0          0 
     129      62          2          0 
     129      63          0          0 
     129      64          0          0 
     129      65          2          0 
     129      66          1          0 
     129      67         10          1 
     129      68          9          1 
     129      69          9          1 
     129      70          0          0 
     129      71          1          0 
     129      72          1          0 
     129      73          0          0 
     129      74          1          0 
     129      75          1          0 
     129      76          0          0 
     129      77          0          0 
     129      78          0          0 
     129      79          1          0 
     129      80          1          0 
     129      81          1          0 
     129      82          0          0 
     129      83          0          0 
     129      84          0          0 
     129      85          0          0 
     129      86          1          0 
     129      87          1          0 
     129      88          1          0 
     129      89          2          0 
     129      90          7          1 
     129      91          1          0 
     129      92          1          0 
     129      93          0          0 
     129      94          0          0 
     129      95          1          0 
     129      96          1          0 
     129      97          0          0 
     129      98          0          0 
     129      99          0          0 
     129     100          0          0 
     129     101          2          0 
     129     102          0          0 
     129     103          0          0 
     129     104          2          0 
     129     105          1          0 
     129     106          9          1 
     129     107          8          1 
     129     108          8          1 
     129     109          0          0 
     129     110          1          0 
     129     111          1          0 
     129     112          0          0 
     129     113          1          0 
     129     114          1          0 
     129     115          0          0 
     129     116          2          0 
     129     117          1          0 
     129     118          9          1 
     129     119          8          1 
     129     120          8          1 
     129     121          0          0 
     129     122          1          0 
     129     123          1          0 
     129     124          1          0 
     129     125          9          1 
     129     126          8          1 
     129     127          8          1 
     129     128          9          1 
     129     129         26          5 
     129     130          3          0 
     129     131          3          0 
     129     132          1          1 
     129     133          0          0 
     129     134          2          0 
     129     135          2          0 
     129     136          1          0 
     129     137          0          0 
     129     138          1          1 
     129     139          0          0 
     129     140          1          0 
     129     141          0          0 
     129     142          1          0 
     129     143          0          0 
     129     144          1          1 
     130       1          0          0 
     130       2          0          0 
     130       3          0          0 
     130       4          0          0 
     130       5          2          0 
     130       6          0          0 
     130       7          2          0 
     130       8          1          0 
     130       9          2          0 
     130      10          0          0 
     130      11          2          0 
     130      12          0          0 
     130      13          2          0 
     130      14          0          0 
     130      15          2          0 
     130      16          0          0 
     130      17          0          0 
     130      18          1          0 
     130      19          0          0 
     130      20          1          0 
     130      21          0          0 
     130      22          1          0 
     130      23          1          0 
     130      24          0          0 
     130      25          0          0 
     130      26          2          0 
     130      27          0          0 
     130      28          2          0 
     130      29          1          0 
     130      30          2          0 
     130      31          0          0 
     130      32          2          0 
     130      33          0          0 
     130      34          2          0 
     130      35          0          0 
     130      36          0          0 
     130      37          7          1 
     130      38          1          0 
     130      39          8          1 
     130      40          0          0 
     130      41          1          0 
     130      42          0          0 
     130      43          2          0 
     130      44          1          0 
     130      45          8          1 
     130      46          1          0 
     130      47          9          1 
     130      48          0          0 
     130      49          8          1 
     130      50          8          1 
     130      51          0          0 
     130      52          2          0 
     130      53          0          0 
     130      54          2          0 
     130      55          0          0 
     130      56          1          0 
     130      57          0          0 
     130      58          8          1 
     130      59          0          0 
     130      60          0          0 
     130      61          2          0 
     130      62          0          0 
     130      63          2          0 
     130      64          2          0 
     130      65          1          0 
     130      66          9          1 
     130      67          1          0 
     130      68         10          1 
     130      69          0          0 
     130      70          9          1 
     130      71          9          1 
     130      72          0          0 
     130      73          1          0 
     130      74          2          0 
     130      75          0          0 
     130      76          0          0 
     130      77          0          0 
     130      78          1          0 
     130      79          0          0 
     130      80          1          0 
     130      81          0          0 
     130      82          1          0 
     130      83          1          0 
     130      84          0          0 
     130      85          2          0 
     130      86          0          0 
     130      87          2          0 
     130      88          0          0 
     130      89          1          0 
     130      90          0          0 
     130      91          8          1 
     130      92          0          0 
     130      93          0          0 
     130      94          1          0 
     130      95          2          0 
     130      96          0          0 
     130      97          0          0 
     130      98          0          0 
     130      99          0          0 
     130     100          2          0 
     130     101          0          0 
     130     102          2          0 
     130     103          2          0 
     130     104          1          0 
     130     105          8          1 
     130     106          1          0 
     130     107          9          1 
     130     108          0          0 
     130     109          8          1 
     130     110          8          1 
     130     111          0          0 
     130     112          1          0 
     130     113          2          0 
     130     114          0          0 
     130     115          2          0 
     130     116          1          0 
     130     117          8          1 
     130     118          1          0 
     130     119          9          1 
     130     120          0          0 
     130     121          8          1 
     130     122          8          1 
     130     123          0          0 
     130     124          8          1 
     130     125          1          0 
     130     126          9          1 
     130     127          0          0 
     130     128          0          0 
     130     129          0          0 
     130     130         26          5 
     130     131          1          1 
     130     132          1          1 
     130     133          2          0 
     130     134          4          0 
     130     135          0          0 
     130     136          1          1 
     130     137          0          0 
     130     138          1          1 
     130     139          1          0 
     130     140          0          0 
     130     141          0          0 
     130     142          1          1 
     130     143          0          0 
     130     144          1          1 
     131       1          0          0 
     131       2          0          0 
     131       3          0          0 
     131       4          0          0 
     131       5          0          0 
     131       6          2          0 
     131       7          1          0 
     131       8          2          0 
     131       9          0          0 
     131      10          2          0 
     131      11          2          0 
     131      12          2          0 
     131      13          0          0 
     131      14          2          0 
     131      15          2          0 
     131      16          0          0 
     131      17          0          0 
     131      18          0          0 
     131      19          1          0 
     131      20          1          0 
     131      21          1          0 
     131      22          1          0 
     131      23          0          0 
     131      24          1          0 
     131      25          0          0 
     131      26          0          0 
     131      27          2          0 
     131      28          1          0 
     131      29          2          0 
     131      30          0          0 
     131      31          2          0 
     131      32          2          0 
     131      33          2          0 
     131      34          0          0 
     131      35          2          0 
     131      36          0          0 
     131      37          1          0 
     131      38          7          1 
     131      39          8          1 
     131      40          7          1 
     131      41          1          0 
     131      42          1          0 
     131      43          1          0 
     131      44          2          0 
     131      45          1          0 
     131      46          8          1 
     131      47          9          1 
     131      48          8          1 
     131      49          8          1 
     131      50          2          0 
     131      51          8          1 
     131      52          0          0 
     131      53          2          0 
     131      54          2          0 
     131      55          2          0 
     131      56          1          0 
     131      57          1          0 
     131      58          2          0 
     131      59          8          1 
     131      60          0          0 
     131      61          0          0 
     131      62          2          0 
     131      63          2          0 
     131      64          1          0 
     131      65          2          0 
     131      66          1          0 
     131      67          9          1 
     131      68         10          1 
     131      69          9          1 
     131      70          9          1 
     131      71          2          0 
     131      72          9          1 
     131      73          1          0 
     131      74          1          0 
     131      75          2          0 
     131      76          0          0 
     131      77          0          0 
     131      78          0          0 
     131      79          1          0 
     131      80          1          0 
     131      81          1          0 
     131      82          1          0 
     131      83          0          0 
     131      84          1          0 
     131      85          0          0 
     131      86          2          0 
     131      87          2          0 
     131      88          2          0 
     131      89          1          0 
     131      90          1          0 
     131      91          2          0 
     131      92          8          1 
     131      93          0          0 
     131      94          1          0 
     131      95          1          0 
     131      96          2          0 
     131      97          0          0 
     131      98          0          0 
     131      99          0          0 
     131     100          0          0 
     131     101          2          0 
     131     102          2          0 
     131     103          1          0 
     131     104          2          0 
     131     105          1          0 
     131     106          8          1 
     131     107          9          1 
     131     108          8          1 
     131     109          8          1 
     131     110          2          0 
     131     111          8          1 
     131     112          1          0 
     131     113          1          0 
     131     114          2          0 
     131     115          1          0 
     131     116          2          0 
     131     117          1          0 
     131     118          8          1 
     131     119          9          1 
     131     120          8          1 
     131     121          8          1 
     131     122          2          0 
     131     123          8          1 
     131     124          1          0 
     131     125          8          1 
     131     126          9          1 
     131     127          8          1 
     131     128          3          0 
     131     129          0          0 
     131     130          9          1 
     131     131         26          5 
     131     132          1          1 
     131     133          2          0 
     131     134          2          0 
     131     135          4          0 
     131     136          2          0 
     131     137          1          1 
     131     138          1          1 
     131     139          1          0 
     131     140          1          0 
     131     141          0          0 
     131     142          2          0 
     131     143          1          1 
     131     144          1          1 
     132       1          0          0 
     132       2          0          0 
     132       3          0          0 
     132       4          0          0 
     132       5          0          0 
     132       6          0          0 
     132       7          0          0 
     132       8          0          0 
     132       9          1          0 
     132      10          1          0 
     132      11          2          0 
     132      12          1          0 
     132      13          0          0 
     132      14          0          0 
     132      15          2          0 
     132      16          0          0 
     132      17          0          0 
     132      18          0          0 
     132      19          0          0 
     132      20          0          0 
     132      21          0          0 
     132      22          0          0 
     132      23          1          0 
     132      24          1          0 
     132      25          0          0 
     132      26          0          0 
     132      27          0          0 
     132      28          0          0 
     132      29          0          0 
     132      30          1          0 
     132      31          1          0 
     132      32          2          0 
     132      33          1          0 
     132      34          0          0 
     132      35          0          0 
     132      36          2          0 
     132      37          1          0 
     132      38          2          0 
     132      39          1          0 
     132      40          1          0 
     132      41          6          1 
     132      42          6          1 
     132      43          0          0 
     132      44          0          0 
     132      45          1          0 
     132      46          1          0 
     132      47          2          0 
     132      48          1          0 
     132      49          2          0 
     132      50          7          1 
     132      51          7          1 
     132      52          0          0 
     132      53          0          0 
     132      54          0          0 
     132      55          0          0 
     132      56          2          0 
     132      57          2          0 
     132      58          2          0 
     132      59          2          0 
     132      60          6          1 
     132      61          0          0 
     132      62          0          0 
     132      63          2          0 
     132      64          0          0 
     132      65          0          0 
     132      66          1          0 
     132      67          1          0 
     132      68          2          0 
     132      69          1          0 
     132      70          2          0 
     132      71          8          1 
     132      72          8          1 
     132      73          0          0 
     132      74          1          0 
     132      75          1          0 
     132      76          0          0 
     132      77          0          0 
     132      78          0          0 
     132      79          0          0 
     132      80          0          0 
     132      81          0          0 
     132      82          0          0 
     132      83          1          0 
     132      84          1          0 
     132      85          0          0 
     132      86          0          0 
     132      87          0          0 
     132      88          0          0 
     132      89          2          0 
     132      90          2          0 
     132      91          2          0 
     132      92          2          0 
     132      93          6          1 
     132      94          0          0 
     132      95          1          0 
     132      96          1          0 
     132      97          0          0 
     132      98          0          0 
     132      99          0          0 
     132     100          0          0 
     132     101          0          0 
     132     102          2          0 
     132     103          0          0 
     132     104          0          0 
     132     105          1          0 
     132     106          1          0 
     132     107          2          0 
     132     108          1          0 
     132     109          2          0 
     132     110          7          1 
     132     111          7          1 
     132     112          0          0 
     132     113          1          0 
     132     114          1          0 
     132     115          0          0 
     132     116          0          0 
     132     117          1          0 
     132     118          1          0 
     132     119          2          0 
     132     120          1          0 
     132     121          2          0 
     132     122          7          1 
     132     123          7          1 
     132     124          1          0 
     132     125          1          0 
     132     126          1          0 
     132     127          1          0 
     132     128          6          1 
     132     129          6          1 
     132     130          8          1 
     132     131          8          1 
     132     132         18          4 
     132     133          0          0 
     132     134          2          0 
     132     135          2          0 
     132     136          1          0 
     132     137          1          0 
     132     138          1          1 
     132     139          0          0 
     132     140          1          0 
     132     141          1          0 
     132     142          1          0 
     132     143          1          0 
     132     144          1          1 
     133       1          0          0 
     133       2          0          0 
     133       3          0          0 
     133       4          2          0 
     133       5          0          0 
     133       6          0          0 
     133       7          2          0 
     133       8          2          0 
     133       9          0          0 
     133      10          0          0 
     133      11          0          0 
     133      12          0          0 
     133      13          2          0 
     133      14          2          0 
     133      15          1          0 
     133      16          2          0 
     133      17          2          0 
     133      18          0          0 
     133      19          0          0 
     133      20          0          0 
     133      21          0          0 
     133      22          2          0 
     133      23          0          0 
     133      24          0          0 
     133      25          2          0 
     133      26          0          0 
     133      27          0          0 
     133      28          2          0 
     133      29          2          0 
     133      30          0          0 
     133      31          0          0 
     133      32          0          0 
     133      33          0          0 
     133      34          0          0 
     133      35          0          0 
     133      36          0          0 
     133      37          0          0 
     133      38          0          0 
     133      39          0          0 
     133      40          0          0 
     133      41          0          0 
     133      42          0          0 
     133      43          7          1 
     133      44          7          1 
     133      45          1          0 
     133      46          1          0 
     133      47          2          0 
     133      48          0          0 
     133      49          9          1 
     133      50          0          0 
     133      51          0          0 
     133      52          1          0 
     133      53          1          0 
     133      54          2          0 
     133      55          0          0 
     133      56          0          0 
     133      57          0          0 
     133      58          0          0 
     133      59          0          0 
     133      60          0          0 
     133      61          2          0 
     133      62          2          0 
     133      63          1          0 
     133      64          8          1 
     133      65          8          1 
     133      66          1          0 
     133      67          1          0 
     133      68          2          0 
     133      69          0          0 
     133      70         10          1 
     133      71          0          0 
     133      72          0          0 
     133      73          9          1 
     133      74          0          0 
     133      75          0          0 
     133      76          2          0 
     133      77          2          0 
     133      78          0          0 
     133      79          0          0 
     133      80          0          0 
     133      81          0          0 
     133      82          2          0 
     133      83          0          0 
     133      84          0          0 
     133      85          1          0 
     133      86          1          0 
     133      87          2          0 
     133      88          0          0 
     133      89          0          0 
     133      90          0          0 
     133      91          0          0 
     133      92          0          0 
     133      93          0          0 
     133      94          9          1 
     133      95          0          0 
     133      96          0          0 
     133      97          0          0 
     133      98          0          0 
     133      99          0          0 
     133     100          2          0 
     133     101          2          0 
     133     102          1          0 
     133     103          7          1 
     133     104          7          1 
     133     105          1          0 
     133     106          1          0 
     133     107          2          0 
     133     108          0          0 
     133     109          9          1 
     133     110          0          0 
     133     111          0          0 
     133     112          8          1 
     133     113          0          0 
     133     114          0          0 
     133     115          7          1 
     133     116          7          1 
     133     117          1          0 
     133     118          1          0 
     133     119          2          0 
     133     120          0          0 
     133     121          9          1 
     133     122          0          0 
     133     123          0          0 
     133     124          2          0 
     133     125          0          0 
     133     126          0          0 
     133     127          0          0 
     133     128          0          0 
     133     129          0          0 
     133     130          0          0 
     133     131          0          0 
     133     132          0          0 
     133     133         26          5 
     133     134          1          1 
     133     135          1          1 
     133     136          1          1 
     133     137          1          1 
     133     138          0          0 
     133     139          1          1 
     133     140          0          0 
     133     141          0          0 
     133     142          1          1 
     133     143          1          1 
     133     144          0          0 
     134       1          0          0 
     134       2          0          0 
     134       3          0          0 
     134       4          0          0 
     134       5          2          0 
     134       6          0          0 
     134       7          2          0 
     134       8          0          0 
     134       9          2          0 
     134      10          0          0 
     134      11          2          0 
     134      12          0          0 
     134      13          2          0 
     134      14          1          0 
     134      15          2          0 
     134      16          0          0 
     134      17          0          0 
     134      18          2          0 
     134      19          0          0 
     134      20          2          0 
     134      21          0          0 
     134      22          2          0 
     134      23          2          0 
     134      24          0          0 
     134      25          0          0 
     134      26          2          0 
     134      27          0          0 
     134      28          2          0 
     134      29          0          0 
     134      30          2          0 
     134      31          0          0 
     134      32          2          0 
     134      33          0          0 
     134      34          0          0 
     134      35          0          0 
     134      36          0          0 
     134      37          0          0 
     134      38          0          0 
     134      39          0          0 
     134      40          0          0 
     134      41          0          0 
     134      42          0          0 
     134      43          1          0 
     134      44          1          0 
     134      45          7          1 
     134      46          1          0 
     134      47          8          1 
     134      48          0          0 
     134      49          9          1 
     134      50          7          1 
     134      51          0          0 
     134      52          1          0 
     134      53          0          0 
     134      54          1          0 
     134      55          0          0 
     134      56          1          0 
     134      57          0          0 
     134      58          2          0 
     134      59          0          0 
     134      60          0          0 
     134      61          2          0 
     134      62          1          0 
     134      63          2          0 
     134      64          1          0 
     134      65          1          0 
     134      66          8          1 
     134      67          1          0 
     134      68          9          1 
     134      69          0          0 
     134      70         10          1 
     134      71          8          1 
     134      72          0          0 
     134      73          2          0 
     134      74          9          1 
     134      75          0          0 
     134      76          0          0 
     134      77          0          0 
     134      78          2          0 
     134      79          0          0 
     134      80          2          0 
     134      81          0          0 
     134      82          2          0 
     134      83          2          0 
     134      84          0          0 
     134      85          1          0 
     134      86          0          0 
     134      87          1          0 
     134      88          0          0 
     134      89          1          0 
     134      90          0          0 
     134      91          2          0 
     134      92          0          0 
     134      93          0          0 
     134      94          2          0 
     134      95          9          1 
     134      96          0          0 
     134      97          0          0 
     134      98          0          0 
     134      99          0          0 
     134     100          2          0 
     134     101          1          0 
     134     102          2          0 
     134     103          1          0 
     134     104          1          0 
     134     105          7          1 
     134     106          1          0 
     134     107          8          1 
     134     108          0          0 
     134     109          9          1 
     134     110          7          1 
     134     111          0          0 
     134     112          2          0 
     134     113          8          1 
     134     114          0          0 
     134     115          1          0 
     134     116          1          0 
     134     117          7          1 
     134     118          1          0 
     134     119          8          1 
     134     120          0          0 
     134     121          9          1 
     134     122          7          1 
     134     123          0          0 
     134     124          2          0 
     134     125          0          0 
     134     126          2          0 
     134     127          0          0 
     134     128          0          0 
     134     129          0          0 
     134     130          0          0 
     134     131          0          0 
     134     132          0          0 
     134     133          9          1 
     134     134         26          5 
     134     135          1          1 
     134     136          1          1 
     134     137          0          0 
     134     138          1          1 
     134     139          2          0 
     134     140          1          1 
     134     141          0          0 
     134     142          1          1 
     134     143          0          0 
     134     144          1          1 
     135       1          0          0 
     135       2          0          0 
     135       3          0          0 
     135       4          0          0 
     135       5          0          0 
     135       6          2          0 
     135       7          0          0 
     135       8          2          0 
     135       9          0          0 
     135      10          2          0 
     135      11          2          0 
     135      12          2          0 
     135      13          1          0 
     135      14          2          0 
     135      15          2          0 
     135      16          0          0 
     135      17          0          0 
     135      18          0          0 
     135      19          2          0 
     135      20          2          0 
     135      21          2          0 
     135      22          2          0 
     135      23          0          0 
     135      24          2          0 
     135      25          0          0 
     135      26          0          0 
     135      27          2          0 
     135      28          0          0 
     135      29          2          0 
     135      30          0          0 
     135      31          2          0 
     135      32          2          0 
     135      33          2          0 
     135      34          0          0 
     135      35          0          0 
     135      36          0          0 
     135      37          0          0 
     135      38          0          0 
     135      39          0          0 
     135      40          0          0 
     135      41          0          0 
     135      42          0          0 
     135      43          1          0 
     135      44          1          0 
     135      45          1          0 
     135      46          7          1 
     135      47          8          1 
     135      48          7          1 
     135      49          9          1 
     135      50          1          0 
     135      51          7          1 
     135      52          0          0 
     135      53          1          0 
     135      54          1          0 
     135      55          1          0 
     135      56          1          0 
     135      57          1          0 
     135      58          1          0 
     135      59          2          0 
     135      60          0          0 
     135      61          1          0 
     135      62          2          0 
     135      63          2          0 
     135      64          1          0 
     135      65          1          0 
     135      66          1          0 
     135      67          8          1 
     135      68          9          1 
     135      69          8          1 
     135      70         10          1 
     135      71          1          0 
     135      72          8          1 
     135      73          2          0 
     135      74          2          0 
     135      75          9          1 
     135      76          0          0 
     135      77          0          0 
     135      78          0          0 
     135      79          2          0 
     135      80          2          0 
     135      81          2          0 
     135      82          2          0 
     135      83          0          0 
     135      84          2          0 
     135      85          0          0 
     135      86          1          0 
     135      87          1          0 
     135      88          1          0 
     135      89          1          0 
     135      90          1          0 
     135      91          1          0 
     135      92          2          0 
     135      93          0          0 
     135      94          2          0 
     135      95          2          0 
     135      96          9          1 
     135      97          0          0 
     135      98          0          0 
     135      99          0          0 
     135     100          1          0 
     135     101          2          0 
     135     102          2          0 
     135     103          1          0 
     135     104          1          0 
     135     105          1          0 
     135     106          7          1 
     135     107          8          1 
     135     108          7          1 
     135     109          9          1 
     135     110          1          0 
     135     111          7          1 
     135     112          2          0 
     135     113          2          0 
     135     114          8          1 
     135     115          1          0 
     135     116          1          0 
     135     117          1          0 
     135     118          7          1 
     135     119          8          1 
     135     120          7          1 
     135     121          9          1 
     135     122          1          0 
     135     123          7          1 
     135     124          0          0 
     135     125          2          0 
     135     126          2          0 
     135     127          2          0 
     135     128          2          0 
     135     129          0          0 
     135     130          2          0 
     135     131          0          0 
     135     132          0          0 
     135     133          9          1 
     135     134          9          1 
     135     135         26          5 
     135     136          2          0 
     135     137          1          1 
     135     138          1          1 
     135     139          2          0 
     135     140          2          0 
     135     141          1          1 
     135     142          2          0 
     135     143          1          1 
     135     144          1          1 
     136       1          0          0 
     136       2          0          0 
     136       3          0          0 
     136       4          0          0 
     136       5          0          0 
     136       6          0          0 
     136       7          0          0 
     136       8          0          0 
     136       9          0          0 
     136      10          0          0 
     136      11          0          0 
     136      12          0          0 
     136      13          0          0 
     136      14          0          0 
     136      15          0          0 
     136      16          1          0 
     136      17          1          0 
     136      18          1          0 
     136      19          0          0 
     136      20          1          0 
     136      21          0          0 
     136      22          2          0 
     136      23          1          0 
     136      24          0          0 
     136      25          0          0 
     136      26          0          0 
     136      27          0          0 
     136      28          0          0 
     136      29          0          0 
     136      30          0          0 
     136      31          0          0 
     136      32          0          0 
     136      33          0          0 
     136      34          2          0 
     136      35          0          0 
     136      36          0          0 
     136      37          2          0 
     136      38          0          0 
     136      39          2          0 
     136      40          0          0 
     136      41          0          0 
     136      42          0          0 
     136      43          2          0 
     136      44          1          0 
     136      45          2          0 
     136      46          0          0 
     136      47          2          0 
     136      48          0          0 
     136      49          1          0 
     136      50          1          0 
     136      51          0          0 
     136      52          6          1 
     136      53          1          0 
     136      54          7          1 
     136      55          0          0 
     136      56          1          0 
     136      57          0          0 
     136      58          7          1 
     136      59          0          0 
     136      60          0          0 
     136      61          0          0 
     136      62          0          0 
     136      63          0          0 
     136      64          1          0 
     136      65          1          0 
     136      66          1          0 
     136      67          0          0 
     136      68          1          0 
     136      69          0          0 
     136      70          2          0 
     136      71          1          0 
     136      72          0          0 
     136      73          8          1 
     136      74          8          1 
     136      75          0          0 
     136      76          0          0 
     136      77          0          0 
     136      78          0          0 
     136      79          0          0 
     136      80          0          0 
     136      81          0          0 
     136      82          0          0 
     136      83          0          0 
     136      84          0          0 
     136      85          2          0 
     136      86          0          0 
     136      87          2          0 
     136      88          0          0 
     136      89          0          0 
     136      90          0          0 
     136      91          2          0 
     136      92          0          0 
     136      93          0          0 
     136      94          2          0 
     136      95          2          0 
     136      96          0          0 
     136      97          6          1 
     136      98          0          0 
     136      99          0          0 
     136     100          0          0 
     136     101          0          0 
     136     102          0          0 
     136     103          1          0 
     136     104          1          0 
     136     105          1          0 
     136     106          0          0 
     136     107          1          0 
     136     108          0          0 
     136     109          2          0 
     136     110          1          0 
     136     111          0          0 
     136     112          7          1 
     136     113          7          1 
     136     114          0          0 
     136     115          1          0 
     136     116          1          0 
     136     117          1          0 
     136     118          0          0 
     136     119          1          0 
     136     120          0          0 
     136     121          1          0 
     136     122          1          0 
     136     123          0          0 
     136     124          6          1 
     136     125          1          0 
     136     126          7          1 
     136     127          0          0 
     136     128          1          0 
     136     129          0          0 
     136     130          7          1 
     136     131          0          0 
     136     132          0          0 
     136     133          8          1 
     136     134          8          1 
     136     135          0          0 
     136     136         18          4 
     136     137          1          1 
     136     138          1          1 
     136     139          1          0 
     136     140          1          0 
     136     141          0          0 
     136     142          1          1 
     136     143          0          0 
     136     144          0          0 
     137       1          0          0 
     137       2          0          0 
     137       3          0          0 
     137       4          0          0 
     137       5          0          0 
     137       6          0          0 
     137       7          0          0 
     137       8          0          0 
     137       9          0          0 
     137      10          0          0 
     137      11          0          0 
     137      12          0          0 
     137      13          0          0 
     137      14          0          0 
     137      15          0          0 
     137      16          1          0 
     137      17          1          0 
     137      18          0          0 
     137      19          1          0 
     137      20          1          0 
     137      21          1          0 
     137      22          2          0 
     137      23          0          0 
     137      24          1          0 
     137      25          0          0 
     137      26          0          0 
     137      27          0          0 
     137      28          0          0 
     137      29          0          0 
     137      30          0          0 
     137      31          0          0 
     137      32          0          0 
     137      33          0          0 
     137      34          0          0 
     137      35          2          0 
     137      36          0          0 
     137      37          0          0 
     137      38          2          0 
     137      39          2          0 
     137      40          2          0 
     137      41          0          0 
     137      42          0          0 
     137      43          1          0 
     137      44          2          0 
     137      45          0          0 
     137      46          2          0 
     137      47          2          0 
     137      48          2          0 
     137      49          1          0 
     137      50          0          0 
     137      51          1          0 
     137      52          1          0 
     137      53          6          1 
     137      54          7          1 
     137      55          6          1 
     137      56          1          0 
     137      57          1          0 
     137      58          2          0 
     137      59          7          1 
     137      60          0          0 
     137      61          0          0 
     137      62          0          0 
     137      63          0          0 
     137      64          1          0 
     137      65          1          0 
     137      66          0          0 
     137      67          1          0 
     137      68          1          0 
     137      69          1          0 
     137      70          2          0 
     137      71          0          0 
     137      72          1          0 
     137      73          8          1 
     137      74          2          0 
     137      75          8          1 
     137      76          0          0 
     137      77          0          0 
     137      78          0          0 
     137      79          0          0 
     137      80          0          0 
     137      81          0          0 
     137      82          0          0 
     137      83          0          0 
     137      84          0          0 
     137      85          0          0 
     137      86          2          0 
     137      87          2          0 
     137      88          2          0 
     137      89          0          0 
     137      90          0          0 
     137      91          0          0 
     137      92          2          0 
     137      93          0          0 
     137      94          2          0 
     137      95          0          0 
     137      96          2          0 
     137      97          1          0 
     137      98          6          1 
     137      99          0          0 
     137     100          0          0 
     137     101          0          0 
     137     102          0          0 
     137     103          1          0 
     137     104          1          0 
     137     105          0          0 
     137     106          1          0 
     137     107          1          0 
     137     108          1          0 
     137     109          2          0 
     137     110          0          0 
     137     111          1          0 
     137     112          7          1 
     137     113          2          0 
     137     114          7          1 
     137     115          1          0 
     137     116          1          0 
     137     117          0          0 
     137     118          1          0 
     137     119          1          0 
     137     120          1          0 
     137     121          1          0 
     137     122          0          0 
     137     123          1          0 
     137     124          1          0 
     137     125          6          1 
     137     126          7          1 
     137     127          6          1 
     137     128          1          0 
     137     129          1          0 
     137     130          2          0 
     137     131          7          1 
     137     132          0          0 
     137     133          8          1 
     137     134          2          0 
     137     135          8          1 
     137     136          7          1 
     137     137         18          4 
     137     138          1          1 
     137     139          1          0 
     137     140          0          0 
     137     141          1          0 
     137     142          1          0 
     137     143          1          1 
     137     144          0          0 
     138       1          0          0 
     138       2          0          0 
     138       3          0          0 
     138       4          0          0 
     138       5          0          0 
     138       6          0          0 
     138       7          0          0 
     138       8          0          0 
     138       9          0          0 
     138      10          0          0 
     138      11          0          0 
     138      12          0          0 
     138      13          0          0 
     138      14          0          0 
     138      15          0          0 
     138      16          0          0 
     138      17          0          0 
     138      18          1          0 
     138      19          1          0 
     138      20          2          0 
     138      21          1          0 
     138      22          2          0 
     138      23          1          0 
     138      24          1          0 
     138      25          0          0 
     138      26          0          0 
     138      27          0          0 
     138      28          0          0 
     138      29          0          0 
     138      30          0          0 
     138      31          0          0 
     138      32          0          0 
     138      33          0          0 
     138      34          0          0 
     138      35          0          0 
     138      36          2          0 
     138      37          0          0 
     138      38          2          0 
     138      39          2          0 
     138      40          0          0 
     138      41          2          0 
     138      42          2          0 
     138      43          0          0 
     138      44          0          0 
     138      45          1          0 
     138      46          2          0 
     138      47          2          0 
     138      48          1          0 
     138      49          2          0 
     138      50          2          0 
     138      51          2          0 
     138      52          1          0 
     138      53          1          0 
     138      54          2          0 
     138      55          1          0 
     138      56          6          1 
     138      57          6          1 
     138      58          7          1 
     138      59          7          1 
     138      60          6          1 
     138      61          0          0 
     138      62          0          0 
     138      63          0          0 
     138      64          0          0 
     138      65          0          0 
     138      66          1          0 
     138      67          1          0 
     138      68          2          0 
     138      69          1          0 
     138      70          2          0 
     138      71          1          0 
     138      72          1          0 
     138      73          2          0 
     138      74          8          1 
     138      75          8          1 
     138      76          0          0 
     138      77          0          0 
     138      78          0          0 
     138      79          0          0 
     138      80          0          0 
     138      81          0          0 
     138      82          0          0 
     138      83          0          0 
     138      84          0          0 
     138      85          0          0 
     138      86          0          0 
     138      87          0          0 
     138      88          0          0 
     138      89          2          0 
     138      90          2          0 
     138      91          2          0 
     138      92          2          0 
     138      93          2          0 
     138      94          0          0 
     138      95          2          0 
     138      96          2          0 
     138      97          1          0 
     138      98          1          0 
     138      99          6          1 
     138     100          0          0 
     138     101          0          0 
     138     102          0          0 
     138     103          0          0 
     138     104          0          0 
     138     105          1          0 
     138     106          1          0 
     138     107          2          0 
     138     108          1          0 
     138     109          2          0 
     138     110          1          0 
     138     111          1          0 
     138     112          2          0 
     138     113          7          1 
     138     114          7          1 
     138     115          0          0 
     138     116          0          0 
     138     117          1          0 
     138     118          1          0 
     138     119          1          0 
     138     120          1          0 
     138     121          0          0 
     138     122          1          0 
     138     123          1          0 
     138     124          1          0 
     138     125          1          0 
     138     126          2          0 
     138     127          1          0 
     138     128          6          1 
     138     129          6          1 
     138     130          7          1 
     138     131          7          1 
     138     132          6          1 
     138     133          2          0 
     138     134          8          1 
     138     135          8          1 
     138     136          7          1 
     138     137          7          1 
     138     138         18          4 
     138     139          0          0 
     138     140          1          0 
     138     141          1          0 
     138     142          1          0 
     138     143          1          0 
     138     144          1          1 
     139       1          0          0 
     139       2          0          0 
     139       3          0          0 
     139       4          0          0 
     139       5          0          0 
     139       6          0          0 
     139       7          0          0 
     139       8          0          0 
     139       9          0          0 
     139      10          0          0 
     139      11          0          0 
     139      12          0          0 
     139      13          0          0 
     139      14          0          0 
     139      15          0          0 
     139      16          0          0 
     139      17          0          0 
     139      18          0          0 
     139      19          0          0 
     139      20          0          0 
     139      21          0          0 
     139      22          0          0 
     139      23          0          0 
     139      24          0          0 
     139      25          2          0 
     139      26          0          0 
     139      27          0          0 
     139      28          2          0 
     139      29          2          0 
     139      30          0          0 
     139      31          0          0 
     139      32          0          0 
     139      33          0          0 
     139      34          0          0 
     139      35          0          0 
     139      36          0          0 
     139      37          0          0 
     139      38          0          0 
     139      39          0          0 
     139      40          0          0 
     139      41          0          0 
     139      42          0          0 
     139      43          2          0 
     139      44          2          0 
     139      45          0          0 
     139      46          0          0 
     139      47          0          0 
     139      48          0          0 
     139      49          2          0 
     139      50          0          0 
     139      51          0          0 
     139      52          0          0 
     139      53          0          0 
     139      54          0          0 
     139      55          0          0 
     139      56          0          0 
     139      57          0          0 
     139      58          0          0 
     139      59          0          0 
     139      60          0          0 
     139      61          2          0 
     139      62          2          0 
     139      63          1          0 
     139      64          2          0 
     139      65          2          0 
     139      66          0          0 
     139      67          0          0 
     139      68          0          0 
     139      69          0          0 
     139      70          2          0 
     139      71          0          0 
     139      72          0          0 
     139      73          1          0 
     139      74          0          0 
     139      75          0          0 
     139      76          6          1 
     139      77          6          1 
     139      78          1          0 
     139      79          1          0 
     139      80          2          0 
     139      81          0          0 
     139      82          8          1 
     139      83          0          0 
     139      84          0          0 
     139      85          1          0 
     139      86          1          0 
     139      87          2          0 
     139      88          0          0 
     139      89          0          0 
     139      90          0          0 
     139      91          0          0 
     139      92          0          0 
     139      93          0          0 
     139      94          8          1 
     139      95          0          0 
     139      96          0          0 
     139      97          0          0 
     139      98          0          0 
     139      99          0          0 
     139     100          1          0 
     139     101          1          0 
     139     102          1          0 
     139     103          1          0 
     139     104          1          0 
     139     105          0          0 
     139     106          0          0 
     139     107          0          0 
     139     108          0          0 
     139     109          1          0 
     139     110          0          0 
     139     111          0          0 
     139     112          1          0 
     139     113          0          0 
     139     114          0          0 
     139     115          6          1 
     139     116          6          1 
     139     117          1          0 
     139     118          1          0 
     139     119          2          0 
     139     120          0          0 
     139     121          8          1 
     139     122          0          0 
     139     123          0          0 
     139     124          1          0 
     139     125          1          0 
     139     126          2          0 
     139     127          0          0 
     139     128          0          0 
     139     129          0          0 
     139     130          0          0 
     139     131          0          0 
     139     132          0          0 
     139     133          8          1 
     139     134          0          0 
     139     135          0          0 
     139     136          0          0 
     139     137          0          0 
     139     138          0          0 
     139     139         18          4 
     139     140          1          1 
     139     141          1          1 
     139     142          1          1 
     139     143          1          1 
     139     144          0          0 
     140       1          0          0 
     140       2          0          0 
     140       3          0          0 
     140       4          0          0 
     140       5          0          0 
     140       6          0          0 
     140       7          0          0 
     140       8          0          0 
     140       9          0          0 
     140      10          0          0 
     140      11          0          0 
     140      12          0          0 
     140      13          0          0 
     140      14          0          0 
     140      15          0          0 
     140      16          0          0 
     140      17          0          0 
     140      18          0          0 
     140      19          0          0 
     140      20          0          0 
     140      21          0          0 
     140      22          0          0 
     140      23          0          0 
     140      24          0          0 
     140      25          0          0 
     140      26          2          0 
     140      27          0          0 
     140      28          2          0 
     140      29          0          0 
     140      30          2          0 
     140      31          0          0 
     140      32          2          0 
     140      33          0          0 
     140      34          0          0 
     140      35          0          0 
     140      36          0          0 
     140      37          0          0 
     140      38          0          0 
     140      39          0          0 
     140      40          0          0 
     140      41          0          0 
     140      42          0          0 
     140      43          0          0 
     140      44          0          0 
     140      45          2          0 
     140      46          0          0 
     140      47          2          0 
     140      48          0          0 
     140      49          2          0 
     140      50          2          0 
     140      51          0          0 
     140      52          0          0 
     140      53          0          0 
     140      54          0          0 
     140      55          0          0 
     140      56          0          0 
     140      57          0          0 
     140      58          0          0 
     140      59          0          0 
     140      60          0          0 
     140      61          2          0 
     140      62          1          0 
     140      63          2          0 
     140      64          0          0 
     140      65          0          0 
     140      66          2          0 
     140      67          0          0 
     140      68          2          0 
     140      69          0          0 
     140      70          2          0 
     140      71          2          0 
     140      72          0          0 
     140      73          0          0 
     140      74          1          0 
     140      75          0          0 
     140      76          1          0 
     140      77          1          0 
     140      78          6          1 
     140      79          1          0 
     140      80          7          1 
     140      81          0          0 
     140      82          8          1 
     140      83          6          1 
     140      84          0          0 
     140      85          1          0 
     140      86          0          0 
     140      87          1          0 
     140      88          0          0 
     140      89          1          0 
     140      90          0          0 
     140      91          2          0 
     140      92          0          0 
     140      93          0          0 
     140      94          2          0 
     140      95          8          1 
     140      96          0          0 
     140      97          0          0 
     140      98          0          0 
     140      99          0          0 
     140     100          1          0 
     140     101          1          0 
     140     102          1          0 
     140     103          0          0 
     140     104          0          0 
     140     105          1          0 
     140     106          0          0 
     140     107          1          0 
     140     108          0          0 
     140     109          1          0 
     140     110          1          0 
     140     111          0          0 
     140     112          0          0 
     140     113          1          0 
     140     114          0          0 
     140     115          1          0 
     140     116          1          0 
     140     117          6          1 
     140     118          1          0 
     140     119          7          1 
     140     120          0          0 
     140     121          8          1 
     140     122          6          1 
     140     123          0          0 
     140     124          1          0 
     140     125          0          0 
     140     126          1          0 
     140     127          0          0 
     140     128          1          0 
     140     129          0          0 
     140     130          2          0 
     140     131          0          0 
     140     132          0          0 
     140     133          2          0 
     140     134          8          1 
     140     135          0          0 
     140     136          0          0 
     140     137          0          0 
     140     138          0          0 
     140     139          7          1 
     140     140         18          4 
     140     141          1          1 
     140     142          1          1 
     140     143          0          0 
     140     144          1          1 
     141       1          0          0 
     141       2          0          0 
     141       3          0          0 
     141       4          0          0 
     141       5          0          0 
     141       6          0          0 
     141       7          0          0 
     141       8          0          0 
     141       9          0          0 
     141      10          0          0 
     141      11          0          0 
     141      12          0          0 
     141      13          0          0 
     141      14          0          0 
     141      15          0          0 
     141      16          0          0 
     141      17          0          0 
     141      18          0          0 
     141      19          0          0 
     141      20          0          0 
     141      21          0          0 
     141      22          0          0 
     141      23          0          0 
     141      24          0          0 
     141      25          0          0 
     141      26          0          0 
     141      27          2          0 
     141      28          0          0 
     141      29          2          0 
     141      30          0          0 
     141      31          2          0 
     141      32          2          0 
     141      33          2          0 
     141      34          0          0 
     141      35          0          0 
     141      36          0          0 
     141      37          0          0 
     141      38          0          0 
     141      39          0          0 
     141      40          0          0 
     141      41          0          0 
     141      42          0          0 
     141      43          0          0 
     141      44          0          0 
     141      45          0          0 
     141      46          2          0 
     141      47          2          0 
     141      48          2          0 
     141      49          2          0 
     141      50          0          0 
     141      51          2          0 
     141      52          0          0 
     141      53          0          0 
     141      54          0          0 
     141      55          0          0 
     141      56          0          0 
     141      57          0          0 
     141      58          0          0 
     141      59          0          0 
     141      60          0          0 
     141      61          1          0 
     141      62          2          0 
     141      63          2          0 
     141      64          0          0 
     141      65          0          0 
     141      66          0          0 
     141      67          2          0 
     141      68          2          0 
     141      69          2          0 
     141      70          2          0 
     141      71          0          0 
     141      72          2          0 
     141      73          0          0 
     141      74          0          0 
     141      75          1          0 
     141      76          1          0 
     141      77          1          0 
     141      78          1          0 
     141      79          6          1 
     141      80          7          1 
     141      81          6          1 
     141      82          8          1 
     141      83          1          0 
     141      84          6          1 
     141      85          0          0 
     141      86          1          0 
     141      87          1          0 
     141      88          1          0 
     141      89          1          0 
     141      90          1          0 
     141      91          1          0 
     141      92          2          0 
     141      93          0          0 
     141      94          2          0 
     141      95          2          0 
     141      96          8          1 
     141      97          0          0 
     141      98          0          0 
     141      99          0          0 
     141     100          1          0 
     141     101          1          0 
     141     102          1          0 
     141     103          0          0 
     141     104          0          0 
     141     105          0          0 
     141     106          1          0 
     141     107          1          0 
     141     108          1          0 
     141     109          1          0 
     141     110          0          0 
     141     111          1          0 
     141     112          0          0 
     141     113          0          0 
     141     114          1          0 
     141     115          1          0 
     141     116          1          0 
     141     117          1          0 
     141     118          6          1 
     141     119          7          1 
     141     120          6          1 
     141     121          8          1 
     141     122          1          0 
     141     123          6          1 
     141     124          0          0 
     141     125          1          0 
     141     126          1          0 
     141     127          1          0 
     141     128          1          0 
     141     129          1          0 
     141     130          1          0 
     141     131          2          0 
     141     132          0          0 
     141     133          2          0 
     141     134          2          0 
     141     135          8          1 
     141     136          0          0 
     141     137          0          0 
     141     138          0          0 
     141     139          7          1 
     141     140          7          1 
     141     141         18          4 
     141     142          2          0 
     141     143          1          1 
     141     144          1          1 
     142       1          0          0 
     142       2          0          0 
     142       3          0          0 
     142       4          0          0 
     142       5          0          0 
     142       6          0          0 
     142       7          0          0 
     142       8          0          0 
     142       9          0          0 
     142      10          0          0 
     142      11          0          0 
     142      12          0          0 
     142      13          0          0 
     142      14          0          0 
     142      15          0          0 
     142      16          0          0 
     142      17          0          0 
     142      18          0          0 
     142      19          0          0 
     142      20          0          0 
     142      21          0          0 
     142      22          0          0 
     142      23          0          0 
     142      24          0          0 
     142      25          0          0 
     142      26          0          0 
     142      27          0          0 
     142      28          0          0 
     142      29          0          0 
     142      30          0          0 
     142      31          0          0 
     142      32          0          0 
     142      33          0          0 
     142      34          2          0 
     142      35          0          0 
     142      36          0          0 
     142      37          2          0 
     142      38          0          0 
     142      39          2          0 
     142      40          0          0 
     142      41          0          0 
     142      42          0          0 
     142      43          2          0 
     142      44          0          0 
     142      45          2          0 
     142      46          0          0 
     142      47          2          0 
     142      48          0          0 
     142      49          2          0 
     142      50          0          0 
     142      51          0          0 
     142      52          2          0 
     142      53          0          0 
     142      54          2          0 
     142      55          0          0 
     142      56          0          0 
     142      57          0          0 
     142      58          2          0 
     142      59          0          0 
     142      60          0          0 
     142      61          0          0 
     142      62          0          0 
     142      63          0          0 
     142      64          2          0 
     142      65          1          0 
     142      66          2          0 
     142      67          0          0 
     142      68          2          0 
     142      69          0          0 
     142      70          2          0 
     142      71          1          0 
     142      72          0          0 
     142      73          2          0 
     142      74          2          0 
     142      75          0          0 
     142      76          1          0 
     142      77          1          0 
     142      78          1          0 
     142      79          0          0 
     142      80          1          0 
     142      81          0          0 
     142      82          2          0 
     142      83          1          0 
     142      84          0          0 
     142      85          6          1 
     142      86          1          0 
     142      87          7          1 
     142      88          0          0 
     142      89          1          0 
     142      90          0          0 
     142      91          7          1 
     142      92          0          0 
     142      93          0          0 
     142      94          8          1 
     142      95          8          1 
     142      96          0          0 
     142      97          6          1 
     142      98          0          0 
     142      99          0          0 
     142     100          0          0 
     142     101          0          0 
     142     102          0          0 
     142     103          1          0 
     142     104          1          0 
     142     105          1          0 
     142     106          0          0 
     142     107          1          0 
     142     108          0          0 
     142     109          1          0 
     142     110          1          0 
     142     111          0          0 
     142     112          1          0 
     142     113          1          0 
     142     114          0          0 
     142     115          1          0 
     142     116          1          0 
     142     117          1          0 
     142     118          0          0 
     142     119          1          0 
     142     120          0          0 
     142     121          2          0 
     142     122          1          0 
     142     123          0          0 
     142     124          6          1 
     142     125          1          0 
     142     126          7          1 
     142     127          0          0 
     142     128          1          0 
     142     129          0          0 
     142     130          7          1 
     142     131          0          0 
     142     132          0          0 
     142     133          8          1 
     142     134          8          1 
     142     135          0          0 
     142     136          6          1 
     142     137          0          0 
     142     138          0          0 
     142     139          7          1 
     142     140          7          1 
     142     141          0          0 
     142     142         18          4 
     142     143          1          1 
     142     144          1          1 
     143       1          0          0 
     143       2          0          0 
     143       3          0          0 
     143       4          0          0 
     143       5          0          0 
     143       6          0          0 
     143       7          0          0 
     143       8          0          0 
     143       9          0          0 
     143      10          0          0 
     143      11          0          0 
     143      12          0          0 
     143      13          0          0 
     143      14          0          0 
     143      15          0          0 
     143      16          0          0 
     143      17          0          0 
     143      18          0          0 
     143      19          0          0 
     143      20          0          0 
     143      21          0          0 
     143      22          0          0 
     143      23          0          0 
     143      24          0          0 
     143      25          0          0 
     143      26          0          0 
     143      27          0          0 
     143      28          0          0 
     143      29          0          0 
     143      30          0          0 
     143      31          0          0 
     143      32          0          0 
     143      33          0          0 
     143      34          0          0 
     143      35          2          0 
     143      36          0          0 
     143      37          0          0 
     143      38          2          0 
     143      39          2          0 
     143      40          2          0 
     143      41          0          0 
     143      42          0          0 
     143      43          0          0 
     143      44          2          0 
     143      45          0          0 
     143      46          2          0 
     143      47          2          0 
     143      48          2          0 
     143      49          2          0 
     143      50          0          0 
     143      51          0          0 
     143      52          0          0 
     143      53          2          0 
     143      54          2          0 
     143      55          2          0 
     143      56          0          0 
     143      57          0          0 
     143      58          0          0 
     143      59          2          0 
     143      60          0          0 
     143      61          0          0 
     143      62          0          0 
     143      63          0          0 
     143      64          1          0 
     143      65          2          0 
     143      66          0          0 
     143      67          2          0 
     143      68          2          0 
     143      69          2          0 
     143      70          2          0 
     143      71          0          0 
     143      72          1          0 
     143      73          2          0 
     143      74          0          0 
     143      75          2          0 
     143      76          1          0 
     143      77          1          0 
     143      78          0          0 
     143      79          1          0 
     143      80          1          0 
     143      81          1          0 
     143      82          2          0 
     143      83          0          0 
     143      84          1          0 
     143      85          1          0 
     143      86          6          1 
     143      87          7          1 
     143      88          6          1 
     143      89          1          0 
     143      90          1          0 
     143      91          2          0 
     143      92          7          1 
     143      93          0          0 
     143      94          8          1 
     143      95          2          0 
     143      96          8          1 
     143      97          1          0 
     143      98          6          1 
     143      99          0          0 
     143     100          0          0 
     143     101          0          0 
     143     102          0          0 
     143     103          1          0 
     143     104          1          0 
     143     105          0          0 
     143     106          1          0 
     143     107          1          0 
     143     108          1          0 
     143     109          1          0 
     143     110          0          0 
     143     111          1          0 
     143     112          1          0 
     143     113          0          0 
     143     114          1          0 
     143     115          1          0 
     143     116          1          0 
     143     117          0          0 
     143     118          1          0 
     143     119          1          0 
     143     120          1          0 
     143     121          2          0 
     143     122          0          0 
     143     123          1          0 
     143     124          1          0 
     143     125          6          1 
     143     126          7          1 
     143     127          6          1 
     143     128          1          0 
     143     129          1          0 
     143     130          2          0 
     143     131          7          1 
     143     132          0          0 
     143     133          8          1 
     143     134          2          0 
     143     135          8          1 
     143     136          1          0 
     143     137          6          1 
     143     138          0          0 
     143     139          7          1 
     143     140          2          0 
     143     141          7          1 
     143     142          7          1 
     143     143         18          4 
     143     144          1          1 
     144       1          0          0 
     144       2          0          0 
     144       3          0          0 
     144       4          0          0 
     144       5          0          0 
     144       6          0          0 
     144       7          0          0 
     144       8          0          0 
     144       9          0          0 
     144      10          0          0 
     144      11          0          0 
     144      12          0          0 
     144      13          0          0 
     144      14          0          0 
     144      15          0          0 
     144      16          0          0 
     144      17          0          0 
     144      18          0          0 
     144      19          0          0 
     144      20          0          0 
     144      21          0          0 
     144      22          0          0 
     144      23          0          0 
     144      24          0          0 
     144      25          0          0 
     144      26          0          0 
     144      27          0          0 
     144      28          0          0 
     144      29          0          0 
     144      30          0          0 
     144      31          0          0 
     144      32          0          0 
     144      33          0          0 
     144      34          0          0 
     144      35          0          0 
     144      36          2          0 
     144      37          0          0 
     144      38          2          0 
     144      39          2          0 
     144      40          0          0 
     144      41          2          0 
     144      42          2          0 
     144      43          0          0 
     144      44          0          0 
     144      45          0          0 
     144      46          2          0 
     144      47          2          0 
     144      48          0          0 
     144      49          2          0 
     144      50          2          0 
     144      51          2          0 
     144      52          0          0 
     144      53          0          0 
     144      54          0          0 
     144      55          0          0 
     144      56          2          0 
     144      57          2          0 
     144      58          2          0 
     144      59          2          0 
     144      60          2          0 
     144      61          0          0 
     144      62          0          0 
     144      63          0          0 
     144      64          0          0 
     144      65          0          0 
     144      66          1          0 
     144      67          2          0 
     144      68          2          0 
     144      69          1          0 
     144      70          0          0 
     144      71          2          0 
     144      72          2          0 
     144      73          0          0 
     144      74          2          0 
     144      75          2          0 
     144      76          0          0 
     144      77          0          0 
     144      78          1          0 
     144      79          1          0 
     144      80          2          0 
     144      81          1          0 
     144      82          2          0 
     144      83          1          0 
     144      84          1          0 
     144      85          1          0 
     144      86          1          0 
     144      87          2          0 
     144      88          1          0 
     144      89          6          1 
     144      90          6          1 
     144      91          7          1 
     144      92          7          1 
     144      93          6          1 
     144      94          2          0 
     144      95          8          1 
     144      96          8          1 
     144      97          1          0 
     144      98          1          0 
     144      99          6          1 
     144     100          0          0 
     144     101          0          0 
     144     102          0          0 
     144     103          0          0 
     144     104          0          0 
     144     105          1          0 
     144     106          1          0 
     144     107          1          0 
     144     108          1          0 
     144     109          0          0 
     144     110          1          0 
     144     111          1          0 
     144     112          0          0 
     144     113          1          0 
     144     114          1          0 
     144     115          0          0 
     144     116          0          0 
     144     117          1          0 
     144     118          1          0 
     144     119          2          0 
     144     120          1          0 
     144     121          2          0 
     144     122          1          0 
     144     123          1          0 
     144     124          1          0 
     144     125          1          0 
     144     126          2          0 
     144     127          1          0 
     144     128          6          1 
     144     129          6          1 
     144     130          7          1 
     144     131          7          1 
     144     132          6          1 
     144     133          2          0 
     144     134          8          1 
     144     135          8          1 
     144     136          1          0 
     144     137          1          0 
     144     138          6          1 
     144     139          2          0 
     144     140          7          1 
     144     141          7          1 
     144     142          7          1 
     144     143          7          1 
     144     144         18          4 
