 CSF List 
["u", "e", "e", "d", "f", "f"]
["u", "e", "e", "f", "d", "f"]
["u", "e", "e", "f", "f", "d"]
["u", "e", "u", "d", "d", "f"]
["u", "e", "u", "d", "f", "d"]
["u", "e", "u", "f", "d", "d"]
["u", "e", "d", "e", "f", "f"]
["u", "e", "d", "u", "d", "f"]
["u", "e", "d", "u", "f", "d"]
["u", "e", "d", "f", "e", "f"]
["u", "e", "d", "f", "u", "d"]
["u", "e", "d", "f", "f", "e"]
["u", "e", "f", "e", "d", "f"]
["u", "e", "f", "e", "f", "d"]
["u", "e", "f", "u", "d", "d"]
["u", "e", "f", "d", "e", "f"]
["u", "e", "f", "d", "u", "d"]
["u", "e", "f", "d", "f", "e"]
["u", "e", "f", "f", "e", "d"]
["u", "e", "f", "f", "d", "e"]
["u", "u", "e", "d", "d", "f"]
["u", "u", "e", "d", "f", "d"]
["u", "u", "e", "f", "d", "d"]
["u", "u", "u", "d", "d", "d"]
["u", "u", "d", "e", "d", "f"]
["u", "u", "d", "e", "f", "d"]
["u", "u", "d", "u", "d", "d"]
["u", "u", "d", "d", "e", "f"]
["u", "u", "d", "d", "u", "d"]
["u", "u", "d", "d", "f", "e"]
["u", "u", "d", "f", "e", "d"]
["u", "u", "d", "f", "d", "e"]
["u", "u", "f", "e", "d", "d"]
["u", "u", "f", "d", "e", "d"]
["u", "u", "f", "d", "d", "e"]
["u", "d", "e", "e", "f", "f"]
["u", "d", "e", "u", "d", "f"]
["u", "d", "e", "u", "f", "d"]
["u", "d", "e", "f", "e", "f"]
["u", "d", "e", "f", "u", "d"]
["u", "d", "e", "f", "f", "e"]
["u", "d", "u", "e", "d", "f"]
["u", "d", "u", "e", "f", "d"]
["u", "d", "u", "u", "d", "d"]
["u", "d", "u", "d", "e", "f"]
["u", "d", "u", "d", "u", "d"]
["u", "d", "u", "d", "f", "e"]
["u", "d", "u", "f", "e", "d"]
["u", "d", "u", "f", "d", "e"]
["u", "d", "f", "e", "e", "f"]
["u", "d", "f", "e", "u", "d"]
["u", "d", "f", "e", "f", "e"]
["u", "d", "f", "u", "e", "d"]
["u", "d", "f", "u", "d", "e"]
["u", "d", "f", "f", "e", "e"]
["u", "f", "e", "e", "d", "f"]
["u", "f", "e", "e", "f", "d"]
["u", "f", "e", "u", "d", "d"]
["u", "f", "e", "d", "e", "f"]
["u", "f", "e", "d", "u", "d"]
["u", "f", "e", "d", "f", "e"]
["u", "f", "e", "f", "e", "d"]
["u", "f", "e", "f", "d", "e"]
["u", "f", "u", "e", "d", "d"]
["u", "f", "u", "d", "e", "d"]
["u", "f", "u", "d", "d", "e"]
["u", "f", "d", "e", "e", "f"]
["u", "f", "d", "e", "u", "d"]
["u", "f", "d", "e", "f", "e"]
["u", "f", "d", "u", "e", "d"]
["u", "f", "d", "u", "d", "e"]
["u", "f", "d", "f", "e", "e"]
["u", "f", "f", "e", "e", "d"]
["u", "f", "f", "e", "d", "e"]
["u", "f", "f", "d", "e", "e"]
["f", "e", "e", "e", "f", "f"]
["f", "e", "e", "u", "d", "f"]
["f", "e", "e", "u", "f", "d"]
["f", "e", "e", "f", "e", "f"]
["f", "e", "e", "f", "u", "d"]
["f", "e", "e", "f", "f", "e"]
["f", "e", "u", "e", "d", "f"]
["f", "e", "u", "e", "f", "d"]
["f", "e", "u", "u", "d", "d"]
["f", "e", "u", "d", "e", "f"]
["f", "e", "u", "d", "u", "d"]
["f", "e", "u", "d", "f", "e"]
["f", "e", "u", "f", "e", "d"]
["f", "e", "u", "f", "d", "e"]
["f", "e", "f", "e", "e", "f"]
["f", "e", "f", "e", "u", "d"]
["f", "e", "f", "e", "f", "e"]
["f", "e", "f", "u", "e", "d"]
["f", "e", "f", "u", "d", "e"]
["f", "e", "f", "f", "e", "e"]
["f", "u", "e", "e", "d", "f"]
["f", "u", "e", "e", "f", "d"]
["f", "u", "e", "u", "d", "d"]
["f", "u", "e", "d", "e", "f"]
["f", "u", "e", "d", "u", "d"]
["f", "u", "e", "d", "f", "e"]
["f", "u", "e", "f", "e", "d"]
["f", "u", "e", "f", "d", "e"]
["f", "u", "u", "e", "d", "d"]
["f", "u", "u", "d", "e", "d"]
["f", "u", "u", "d", "d", "e"]
["f", "u", "d", "e", "e", "f"]
["f", "u", "d", "e", "u", "d"]
["f", "u", "d", "e", "f", "e"]
["f", "u", "d", "u", "e", "d"]
["f", "u", "d", "u", "d", "e"]
["f", "u", "d", "f", "e", "e"]
["f", "u", "f", "e", "e", "d"]
["f", "u", "f", "e", "d", "e"]
["f", "u", "f", "d", "e", "e"]
["f", "f", "e", "e", "e", "f"]
["f", "f", "e", "e", "u", "d"]
["f", "f", "e", "e", "f", "e"]
["f", "f", "e", "u", "e", "d"]
["f", "f", "e", "u", "d", "e"]
["f", "f", "e", "f", "e", "e"]
["f", "f", "u", "e", "e", "d"]
["f", "f", "u", "e", "d", "e"]
["f", "f", "u", "d", "e", "e"]
["f", "f", "f", "e", "e", "e"]
 Energy Expression 
       I       J       pqrs     Coef 
       1       1            20      2.0000000000000004e+00 
       1       1             0      9.9999999999999967e-01 
       1       1            14      2.0000000000000004e+00 
       1       1             9      1.0000000000000000e+00 
       1       2            13     -9.9999999999999933e-01 
       1       3            18     -9.9999999999999922e-01 
       1       4            12      1.2247448713915881e+00 
       1       5            17      1.2247448713915878e+00 
       1       7             8      9.9999999999999956e-01 
       1       8            12      7.0710678118654724e-01 
       1       9            17      7.0710678118654713e-01 
       1      21            11      1.2247448713915874e+00 
       1      22            16      1.2247448713915872e+00 
       1      36             7      9.9999999999999900e-01 
       1      37            11      7.0710678118654702e-01 
       1      38            16      7.0710678118654691e-01 
       1      76             6     -1.4142135623730936e+00 
       1      77            10     -9.9999999999999900e-01 
       1      78            15     -9.9999999999999889e-01 
       2       1            13     -9.9999999999999956e-01 
       2       2            20      2.0000000000000004e+00 
       2       2             0      9.9999999999999967e-01 
       2       2            14      1.0000000000000000e+00 
       2       2             9      1.9999999999999996e+00 
       2       3            19     -9.9999999999999933e-01 
       2       4             8     -1.2247448713915883e+00 
       2       6            17      1.2247448713915874e+00 
       2       8             8      7.0710678118654713e-01 
       2      10            12      9.9999999999999900e-01 
       2      11            17      7.0710678118654702e-01 
       2      21             7     -1.2247448713915876e+00 
       2      23            16      1.2247448713915869e+00 
       2      37             7      7.0710678118654691e-01 
       2      39            11      9.9999999999999878e-01 
       2      40            16      7.0710678118654680e-01 
       2      77             6     -9.9999999999999900e-01 
       2      79            10     -1.4142135623730931e+00 
       2      80            15     -9.9999999999999878e-01 
       3       1            18     -9.9999999999999900e-01 
       3       2            19     -9.9999999999999956e-01 
       3       3            20      1.0000000000000000e+00 
       3       3             0      9.9999999999999967e-01 
       3       3             9      1.9999999999999996e+00 
       3       3            14      1.9999999999999996e+00 
       3       5             8     -1.2247448713915883e+00 
       3       6            12     -1.2247448713915876e+00 
       3       9             8      7.0710678118654713e-01 
       3      11            12      7.0710678118654691e-01 
       3      12            17      9.9999999999999878e-01 
       3      22             7     -1.2247448713915876e+00 
       3      23            11     -1.2247448713915869e+00 
       3      38             7      7.0710678118654691e-01 
       3      40            11      7.0710678118654668e-01 
       3      41            16      9.9999999999999845e-01 
       3      78             6     -9.9999999999999900e-01 
       3      80            10     -9.9999999999999878e-01 
       3      81            15     -1.4142135623730927e+00 
       4       1            12      1.2247448713915874e+00 
       4       2             8     -1.2247448713915876e+00 
       4       4            20      2.0000000000000004e+00 
       4       4             0      9.9999999999999967e-01 
       4       4             9      9.9999999999999956e-01 
       4       4             5      1.0000000000000000e+00 
       4       4            14      1.0000000000000000e+00 
       4       5            19     -9.9999999999999933e-01 
       4       6            18      9.9999999999999956e-01 
       4      13             8     -1.2247448713915876e+00 
       4      15            17      4.9999999999999950e-01 
       4      16            12      1.2247448713915874e+00 
       4      17            17      8.6602540378443749e-01 
       4      21             4      9.9999999999999967e-01 
       4      24            16      1.1547005383792517e+00 
       4      25             7      4.9999999999999978e-01 
       4      27            16     -2.0412414523193143e-01 
       4      28            11     -4.9999999999999961e-01 
       4      29            16     -3.5355339059327356e-01 
       4      42             7     -8.6602540378443771e-01 
       4      44            16      3.5355339059327345e-01 
       4      45            11      8.6602540378443738e-01 
       4      46            16      6.1237243569579369e-01 
       4      82             6      1.2247448713915874e+00 
       4      84            15     -4.9999999999999944e-01 
       4      85            10     -1.2247448713915872e+00 
       4      86            15     -8.6602540378443738e-01 
       5       1            17      1.2247448713915869e+00 
       5       3             8     -1.2247448713915876e+00 
       5       4            19     -9.9999999999999956e-01 
       5       5            20      1.0000000000000000e+00 
       5       5             0      9.9999999999999967e-01 
       5       5             9      9.9999999999999956e-01 
       5       5             5      1.0000000000000000e+00 
       5       5            14      1.9999999999999996e+00 
       5       6            13     -9.9999999999999967e-01 
       5      14             8     -1.2247448713915876e+00 
       5      15            12     -4.9999999999999961e-01 
       5      17            12      8.6602540378443749e-01 
       5      18            17      1.2247448713915869e+00 
       5      22             4      9.9999999999999967e-01 
       5      24            11     -1.1547005383792517e+00 
       5      26             7      4.9999999999999978e-01 
       5      27            11      2.0412414523193148e-01 
       5      29            11     -3.5355339059327351e-01 
       5      30            16     -4.9999999999999944e-01 
       5      43             7     -8.6602540378443771e-01 
       5      44            11     -3.5355339059327345e-01 
       5      46            11      6.1237243569579369e-01 
       5      47            16      8.6602540378443704e-01 
       5      83             6      1.2247448713915874e+00 
       5      84            10      4.9999999999999950e-01 
       5      86            10     -8.6602540378443738e-01 
       5      87            15     -1.2247448713915867e+00 
       6       2            17      1.2247448713915872e+00 
       6       3            12     -1.2247448713915874e+00 
       6       4            18      9.9999999999999878e-01 
       6       5            13     -9.9999999999999889e-01 
       6       6            20      1.0000000000000000e+00 
       6       6             0      9.9999999999999967e-01 
       6       6             9      2.0000000000000013e+00 
       6       6             5      1.0000000000000000e+00 
       6       6            14      9.9999999999999956e-01 
       6      15             8     -9.9999999999999956e-01 
       6      19            12     -1.2247448713915874e+00 
       6      20            17      1.2247448713915872e+00 
       6      23             4      9.9999999999999967e-01 
       6      24             7      1.1547005383792524e+00 
       6      27             7      4.0824829046386307e-01 
       6      31            11      4.9999999999999967e-01 
       6      32            16     -4.9999999999999950e-01 
       6      44             7     -7.0710678118654713e-01 
       6      48            11     -8.6602540378443749e-01 
       6      49            16      8.6602540378443738e-01 
       6      84             6      9.9999999999999933e-01 
       6      88            10      1.2247448713915872e+00 
       6      89            15     -1.2247448713915869e+00 
       7       1             8      9.9999999999999933e-01 
       7       7            20      2.0000000000000004e+00 
       7       7             0      9.9999999999999967e-01 
       7       7             5      1.0000000000000000e+00 
       7       7            14      2.0000000000000004e+00 
       7       8            13     -1.4142135623730949e+00 
       7       9            18     -1.4142135623730945e+00 
       7      13            12     -9.9999999999999922e-01 
       7      14            17     -9.9999999999999900e-01 
       7      25            11      1.2247448713915878e+00 
       7      26            16      1.2247448713915874e+00 
       7      36             4      9.9999999999999956e-01 
       7      42            11      7.0710678118654713e-01 
       7      43            16      7.0710678118654691e-01 
       7      76             3     -1.4142135623730940e+00 
       7      82            10     -9.9999999999999922e-01 
       7      83            15     -9.9999999999999900e-01 
       8       1            12      7.0710678118654657e-01 
       8       2             8      7.0710678118654702e-01 
       8       7            13     -1.4142135623730945e+00 
       8       8            20      2.0000000000000004e+00 
       8       8             0      9.9999999999999967e-01 
       8       8            14      1.0000000000000000e+00 
       8       8             5      1.0000000000000000e+00 
       8       8             9      9.9999999999999967e-01 
       8       9            19     -9.9999999999999933e-01 
       8      10            13     -1.4142135623730945e+00 
       8      11            18     -9.9999999999999967e-01 
       8      13             8      7.0710678118654702e-01 
       8      15            17     -8.6602540378443726e-01 
       8      16            12      7.0710678118654657e-01 
       8      17            17      4.9999999999999939e-01 
       8      25             7     -8.6602540378443782e-01 
       8      27            16      1.0606601717798196e+00 
       8      28            11     -8.6602540378443738e-01 
       8      29            16     -6.1237243569579369e-01 
       8      37             4      9.9999999999999956e-01 
       8      42             7     -4.9999999999999978e-01 
       8      44            16      6.1237243569579369e-01 
       8      45            11     -4.9999999999999944e-01 
       8      46            16     -3.5355339059327345e-01 
       8      77             3     -1.4142135623730940e+00 
       8      82             6      7.0710678118654702e-01 
       8      84            15     -8.6602540378443726e-01 
       8      85            10      7.0710678118654657e-01 
       8      86            15      4.9999999999999939e-01 
       9       1            17      7.0710678118654635e-01 
       9       3             8      7.0710678118654702e-01 
       9       7            18     -1.4142135623730940e+00 
       9       8            19     -9.9999999999999956e-01 
       9       9            20      1.0000000000000000e+00 
       9       9             0      9.9999999999999967e-01 
       9       9             5      1.0000000000000000e+00 
       9       9            14      1.9999999999999996e+00 
       9       9             9      9.9999999999999967e-01 
       9      11            13     -9.9999999999999967e-01 
       9      12            18     -1.4142135623730940e+00 
       9      14             8      7.0710678118654702e-01 
       9      15            12      8.6602540378443738e-01 
       9      17            12      4.9999999999999939e-01 
       9      18            17      7.0710678118654635e-01 
       9      26             7     -8.6602540378443782e-01 
       9      27            11     -1.0606601717798199e+00 
       9      29            11     -6.1237243569579369e-01 
       9      30            16     -8.6602540378443704e-01 
       9      38             4      9.9999999999999956e-01 
       9      43             7     -4.9999999999999978e-01 
       9      44            11     -6.1237243569579380e-01 
       9      46            11     -3.5355339059327340e-01 
       9      47            16     -4.9999999999999928e-01 
       9      78             3     -1.4142135623730940e+00 
       9      83             6      7.0710678118654702e-01 
       9      84            10      8.6602540378443738e-01 
       9      86            10      4.9999999999999939e-01 
       9      87            15      7.0710678118654635e-01 
      10       2            12      9.9999999999999922e-01 
      10       8            13     -1.4142135623730949e+00 
      10      10            20      2.0000000000000004e+00 
      10      10             0      9.9999999999999967e-01 
      10      10             9      2.0000000000000004e+00 
      10      10             5      1.0000000000000000e+00 
      10      11            19     -1.4142135623730949e+00 
      10      16             8     -9.9999999999999933e-01 
      10      19            17     -9.9999999999999900e-01 
      10      28             7      1.2247448713915881e+00 
      10      31            16      1.2247448713915874e+00 
      10      39             4      9.9999999999999956e-01 
      10      45             7      7.0710678118654724e-01 
      10      48            16      7.0710678118654691e-01 
      10      79             3     -1.4142135623730940e+00 
      10      85             6     -9.9999999999999933e-01 
      10      88            15     -9.9999999999999900e-01 
      11       2            17      7.0710678118654646e-01 
      11       3            12      7.0710678118654691e-01 
      11       8            18     -9.9999999999999900e-01 
      11       9            13     -9.9999999999999967e-01 
      11      10            19     -1.4142135623730945e+00 
      11      11            20      1.0000000000000000e+00 
      11      11             0      9.9999999999999967e-01 
      11      11             9      2.0000000000000004e+00 
      11      11             5      1.0000000000000000e+00 
      11      11            14      9.9999999999999967e-01 
      11      12            19     -1.4142135623730945e+00 
      11      17             8     -9.9999999999999933e-01 
      11      19            12      7.0710678118654691e-01 
      11      20            17      7.0710678118654646e-01 
      11      29             7      1.2247448713915881e+00 
      11      31            11     -8.6602540378443771e-01 
      11      32            16     -8.6602540378443726e-01 
      11      40             4      9.9999999999999956e-01 
      11      46             7      7.0710678118654724e-01 
      11      48            11     -4.9999999999999961e-01 
      11      49            16     -4.9999999999999939e-01 
      11      80             3     -1.4142135623730940e+00 
      11      86             6     -9.9999999999999933e-01 
      11      88            10      7.0710678118654691e-01 
      11      89            15      7.0710678118654646e-01 
      12       3            17      9.9999999999999900e-01 
      12       9            18     -1.4142135623730945e+00 
      12      11            19     -1.4142135623730949e+00 
      12      12             0      9.9999999999999967e-01 
      12      12            14      2.0000000000000004e+00 
      12      12             9      2.0000000000000004e+00 
      12      12             5      1.0000000000000000e+00 
      12      18             8     -9.9999999999999933e-01 
      12      20            12     -9.9999999999999922e-01 
      12      30             7      1.2247448713915881e+00 
      12      32            11      1.2247448713915878e+00 
      12      41             4      9.9999999999999956e-01 
      12      47             7      7.0710678118654724e-01 
      12      49            11      7.0710678118654713e-01 
      12      81             3     -1.4142135623730940e+00 
      12      87             6     -9.9999999999999933e-01 
      12      89            10     -9.9999999999999922e-01 
      13       4             8     -1.2247448713915883e+00 
      13       7            12     -9.9999999999999900e-01 
      13       8             8      7.0710678118654713e-01 
      13      13            20      2.0000000000000004e+00 
      13      13             0      9.9999999999999967e-01 
      13      13            14      1.0000000000000000e+00 
      13      13             5      1.9999999999999996e+00 
      13      14            19     -9.9999999999999933e-01 
      13      15            18      1.2247448713915881e+00 
      13      16            13      9.9999999999999956e-01 
      13      17            18      7.0710678118654724e-01 
      13      25             4     -1.2247448713915883e+00 
      13      33            16      1.2247448713915869e+00 
      13      42             4      7.0710678118654713e-01 
      13      50            11      9.9999999999999878e-01 
      13      51            16      7.0710678118654680e-01 
      13      82             3     -9.9999999999999933e-01 
      13      90            10     -1.4142135623730931e+00 
      13      91            15     -9.9999999999999878e-01 
      14       5             8     -1.2247448713915883e+00 
      14       7            17     -9.9999999999999878e-01 
      14       9             8      7.0710678118654713e-01 
      14      13            19     -9.9999999999999956e-01 
      14      14            20      1.0000000000000000e+00 
      14      14             0      9.9999999999999967e-01 
      14      14             5      1.9999999999999996e+00 
      14      14            14      1.9999999999999996e+00 
      14      15            13     -1.2247448713915883e+00 
      14      17            13      7.0710678118654713e-01 
      14      18            18      9.9999999999999900e-01 
      14      26             4     -1.2247448713915883e+00 
      14      33            11     -1.2247448713915869e+00 
      14      43             4      7.0710678118654713e-01 
      14      51            11      7.0710678118654668e-01 
      14      52            16      9.9999999999999845e-01 
      14      83             3     -9.9999999999999933e-01 
      14      91            10     -9.9999999999999878e-01 
      14      92            15     -1.4142135623730927e+00 
      15       4            17      4.9999999999999961e-01 
      15       5            12     -4.9999999999999978e-01 
      15       6             8     -9.9999999999999967e-01 
      15       8            17     -8.6602540378443738e-01 
      15       9            12      8.6602540378443771e-01 
      15      13            18      1.2247448713915874e+00 
      15      14            13     -1.2247448713915876e+00 
      15      15            20      1.0000000000000000e+00 
      15      15             0      9.9999999999999967e-01 
      15      15             5      1.9999999999999996e+00 
      15      15             9      1.0000000000000000e+00 
      15      15            14      9.9999999999999956e-01 
      15      19            13     -1.2247448713915876e+00 
      15      20            18      1.2247448713915874e+00 
      15      27             4     -1.2247448713915883e+00 
      15      33             7      9.9999999999999900e-01 
      15      34            11      4.9999999999999944e-01 
      15      35            16     -4.9999999999999939e-01 
      15      44             4      7.0710678118654713e-01 
      15      53            11     -8.6602540378443738e-01 
      15      54            16      8.6602540378443726e-01 
      15      84             3     -9.9999999999999933e-01 
      15      93            10      1.2247448713915869e+00 
      15      94            15     -1.2247448713915867e+00 
      16       4            12      1.2247448713915881e+00 
      16       8            12      7.0710678118654724e-01 
      16      10             8     -9.9999999999999956e-01 
      16      13            13      9.9999999999999933e-01 
      16      16            20      2.0000000000000004e+00 
      16      16             0      9.9999999999999967e-01 
      16      16             5      1.9999999999999996e+00 
      16      16             9      1.0000000000000000e+00 
      16      17            19     -1.4142135623730949e+00 
      16      19            18     -9.9999999999999922e-01 
      16      28             4     -1.2247448713915883e+00 
      16      34            16      1.2247448713915872e+00 
      16      45             4      7.0710678118654713e-01 
      16      50             7      9.9999999999999900e-01 
      16      53            16      7.0710678118654691e-01 
      16      85             3     -9.9999999999999933e-01 
      16      90             6     -1.4142135623730936e+00 
      16      93            15     -9.9999999999999889e-01 
      17       4            17      8.6602540378443738e-01 
      17       5            12      8.6602540378443782e-01 
      17       8            17      4.9999999999999944e-01 
      17       9            12      4.9999999999999978e-01 
      17      11             8     -9.9999999999999956e-01 
      17      13            18      7.0710678118654657e-01 
      17      14            13      7.0710678118654702e-01 
      17      16            19     -1.4142135623730945e+00 
      17      17            20      1.0000000000000000e+00 
      17      17             0      9.9999999999999967e-01 
      17      17             5      1.9999999999999996e+00 
      17      17             9      1.0000000000000000e+00 
      17      17            14      9.9999999999999967e-01 
      17      18            19     -1.4142135623730945e+00 
      17      19            13      7.0710678118654702e-01 
      17      20            18      7.0710678118654657e-01 
      17      29             4     -1.2247448713915883e+00 
      17      34            11     -8.6602540378443738e-01 
      17      35            16     -8.6602540378443693e-01 
      17      46             4      7.0710678118654713e-01 
      17      51             7      9.9999999999999900e-01 
      17      53            11     -4.9999999999999961e-01 
      17      54            16     -4.9999999999999928e-01 
      17      86             3     -9.9999999999999933e-01 
      17      91             6     -1.4142135623730936e+00 
      17      93            10      7.0710678118654680e-01 
      17      94            15      7.0710678118654635e-01 
      18       5            17      1.2247448713915878e+00 
      18       9            17      7.0710678118654713e-01 
      18      12             8     -9.9999999999999956e-01 
      18      14            18      9.9999999999999922e-01 
      18      17            19     -1.4142135623730949e+00 
      18      18             0      9.9999999999999967e-01 
      18      18            14      2.0000000000000004e+00 
      18      18             5      1.9999999999999996e+00 
      18      18             9      1.0000000000000000e+00 
      18      20            13     -9.9999999999999933e-01 
      18      30             4     -1.2247448713915883e+00 
      18      35            11      1.2247448713915874e+00 
      18      47             4      7.0710678118654713e-01 
      18      52             7      9.9999999999999900e-01 
      18      54            11      7.0710678118654702e-01 
      18      87             3     -9.9999999999999933e-01 
      18      92             6     -1.4142135623730936e+00 
      18      94            10     -9.9999999999999900e-01 
      19       6            12     -1.2247448713915876e+00 
      19      10            17     -9.9999999999999878e-01 
      19      11            12      7.0710678118654691e-01 
      19      15            13     -1.2247448713915883e+00 
      19      16            18     -9.9999999999999900e-01 
      19      17            13      7.0710678118654713e-01 
      19      19             9      1.9999999999999996e+00 
      19      19            20      1.0000000000000000e+00 
      19      19             0      9.9999999999999967e-01 
      19      19             5      1.9999999999999996e+00 
      19      20            19      9.9999999999999956e-01 
      19      31             4     -1.2247448713915883e+00 
      19      34             7     -1.2247448713915876e+00 
      19      48             4      7.0710678118654713e-01 
      19      53             7      7.0710678118654691e-01 
      19      55            16      9.9999999999999845e-01 
      19      88             3     -9.9999999999999933e-01 
      19      93             6     -9.9999999999999900e-01 
      19      95            15     -1.4142135623730927e+00 
      20       6            17      1.2247448713915874e+00 
      20      11            17      7.0710678118654702e-01 
      20      12            12     -9.9999999999999900e-01 
      20      15            18      1.2247448713915881e+00 
      20      17            18      7.0710678118654724e-01 
      20      18            13     -9.9999999999999956e-01 
      20      19            19      9.9999999999999933e-01 
      20      20             9      1.9999999999999996e+00 
      20      20             0      9.9999999999999967e-01 
      20      20             5      1.9999999999999996e+00 
      20      20            14      1.0000000000000000e+00 
      20      32             4     -1.2247448713915883e+00 
      20      35             7     -1.2247448713915876e+00 
      20      49             4      7.0710678118654713e-01 
      20      54             7      7.0710678118654691e-01 
      20      55            11      9.9999999999999878e-01 
      20      89             3     -9.9999999999999933e-01 
      20      94             6     -9.9999999999999900e-01 
      20      95            10     -1.4142135623730931e+00 
      21       1            11      1.2247448713915872e+00 
      21       2             7     -1.2247448713915874e+00 
      21       4             4      9.9999999999999956e-01 
      21      21             2      1.0000000000000000e+00 
      21      21            20      2.0000000000000004e+00 
      21      21             0      9.9999999999999967e-01 
      21      21             9      9.9999999999999956e-01 
      21      21            14      1.0000000000000000e+00 
      21      22            19     -9.9999999999999933e-01 
      21      23            18      9.9999999999999956e-01 
      21      24            17     -1.1547005383792512e+00 
      21      25             8      9.9999999999999889e-01 
      21      27            17     -4.0824829046386268e-01 
      21      28            12     -9.9999999999999878e-01 
      21      29            17     -7.0710678118654668e-01 
      21      56             7     -1.2247448713915874e+00 
      21      58            16      4.9999999999999944e-01 
      21      59            11      1.2247448713915872e+00 
      21      60            16      8.6602540378443738e-01 
      21      96             6      1.2247448713915876e+00 
      21      98            15     -4.9999999999999950e-01 
      21      99            10     -1.2247448713915874e+00 
      21     100            15     -8.6602540378443749e-01 
      22       1            16      1.2247448713915867e+00 
      22       3             7     -1.2247448713915874e+00 
      22       5             4      9.9999999999999956e-01 
      22      21            19     -9.9999999999999956e-01 
      22      22             2      1.0000000000000000e+00 
      22      22            20      1.0000000000000000e+00 
      22      22             0      9.9999999999999967e-01 
      22      22             9      9.9999999999999956e-01 
      22      22            14      1.9999999999999996e+00 
      22      23            13     -9.9999999999999967e-01 
      22      24            12      1.1547005383792515e+00 
      22      26             8      9.9999999999999889e-01 
      22      27            12      4.0824829046386280e-01 
      22      29            12     -7.0710678118654668e-01 
      22      30            17     -9.9999999999999845e-01 
      22      57             7     -1.2247448713915874e+00 
      22      58            11     -4.9999999999999950e-01 
      22      60            11      8.6602540378443738e-01 
      22      61            16      1.2247448713915867e+00 
      22      97             6      1.2247448713915876e+00 
      22      98            10      4.9999999999999961e-01 
      22     100            10     -8.6602540378443749e-01 
      22     101            15     -1.2247448713915869e+00 
      23       2            16      1.2247448713915869e+00 
      23       3            11     -1.2247448713915872e+00 
      23       6             4      9.9999999999999956e-01 
      23      21            18      9.9999999999999878e-01 
      23      22            13     -9.9999999999999889e-01 
      23      23             2      1.0000000000000000e+00 
      23      23            20      1.0000000000000000e+00 
      23      23             0      9.9999999999999967e-01 
      23      23             9      2.0000000000000013e+00 
      23      23            14      9.9999999999999956e-01 
      23      24             8     -1.1547005383792521e+00 
      23      27             8      8.1649658092772570e-01 
      23      31            12      9.9999999999999889e-01 
      23      32            17     -9.9999999999999856e-01 
      23      58             7     -9.9999999999999933e-01 
      23      62            11     -1.2247448713915872e+00 
      23      63            16      1.2247448713915869e+00 
      23      98             6      9.9999999999999956e-01 
      23     102            10      1.2247448713915874e+00 
      23     103            15     -1.2247448713915872e+00 
      24       4            16      1.1547005383792508e+00 
      24       5            11     -1.1547005383792512e+00 
      24       6             7      1.1547005383792515e+00 
      24      21            17     -1.1547005383792512e+00 
      24      22            12      1.1547005383792512e+00 
      24      23             8     -1.1547005383792517e+00 
      24      24             9      1.0000000000000002e+00 
      24      24             2      1.0000000000000000e+00 
      24      24            20      1.0000000000000000e+00 
      24      24             0      9.9999999999999967e-01 
      24      24             5      1.0000000000000000e+00 
      24      24            14      9.9999999999999956e-01 
      24      33             8     -1.1547005383792517e+00 
      24      34            12      1.1547005383792512e+00 
      24      35            17     -1.1547005383792512e+00 
      24      64             7      1.1547005383792515e+00 
      24      65            11     -1.1547005383792512e+00 
      24      66            16      1.1547005383792508e+00 
      24     104             6     -1.1547005383792517e+00 
      24     105            10      1.1547005383792512e+00 
      24     106            15     -1.1547005383792512e+00 
      25       4             7      4.9999999999999961e-01 
      25       7            11      1.2247448713915869e+00 
      25       8             7     -8.6602540378443749e-01 
      25      13             4     -1.2247448713915876e+00 
      25      21             8      9.9999999999999967e-01 
      25      25             2      1.0000000000000000e+00 
      25      25            20      2.0000000000000004e+00 
      25      25             5      9.9999999999999956e-01 
      25      25             0      9.9999999999999967e-01 
      25      25            14      1.0000000000000000e+00 
      25      26            19     -9.9999999999999933e-01 
      25      27            18      1.2247448713915881e+00 
      25      28            13      9.9999999999999956e-01 
      25      29            18      7.0710678118654724e-01 
      25      33            17      9.9999999999999889e-01 
      25      56             4     -1.2247448713915876e+00 
      25      64            16      4.9999999999999928e-01 
      25      67            11      1.2247448713915869e+00 
      25      68            16      8.6602540378443726e-01 
      25      96             3      1.2247448713915881e+00 
      25     104            15     -4.9999999999999939e-01 
      25     107            10     -1.2247448713915872e+00 
      25     108            15     -8.6602540378443738e-01 
      26       5             7      4.9999999999999961e-01 
      26       7            16      1.2247448713915865e+00 
      26       9             7     -8.6602540378443749e-01 
      26      14             4     -1.2247448713915876e+00 
      26      22             8      9.9999999999999967e-01 
      26      25            19     -9.9999999999999956e-01 
      26      26             2      1.0000000000000000e+00 
      26      26             5      9.9999999999999956e-01 
      26      26            20      1.0000000000000000e+00 
      26      26             0      9.9999999999999967e-01 
      26      26            14      1.9999999999999996e+00 
      26      27            13     -1.2247448713915883e+00 
      26      29            13      7.0710678118654713e-01 
      26      30            18      9.9999999999999900e-01 
      26      33            12     -9.9999999999999900e-01 
      26      57             4     -1.2247448713915876e+00 
      26      64            11     -4.9999999999999939e-01 
      26      68            11      8.6602540378443726e-01 
      26      69            16      1.2247448713915865e+00 
      26      97             3      1.2247448713915881e+00 
      26     104            10      4.9999999999999944e-01 
      26     108            10     -8.6602540378443738e-01 
      26     109            15     -1.2247448713915867e+00 
      27       4            16     -2.0412414523193131e-01 
      27       5            11      2.0412414523193140e-01 
      27       6             7      4.0824829046386280e-01 
      27       8            16      1.0606601717798190e+00 
      27       9            11     -1.0606601717798194e+00 
      27      15             4     -1.2247448713915876e+00 
      27      21            17     -4.0824829046386285e-01 
      27      22            12      4.0824829046386296e-01 
      27      23             8      8.1649658092772592e-01 
      27      25            18      1.2247448713915874e+00 
      27      26            13     -1.2247448713915876e+00 
      27      27             2      1.0000000000000000e+00 
      27      27             5      9.9999999999999956e-01 
      27      27            20      1.0000000000000000e+00 
      27      27             0      9.9999999999999967e-01 
      27      27             9      1.0000000000000000e+00 
      27      27            14      9.9999999999999956e-01 
      27      31            13     -1.2247448713915876e+00 
      27      32            18      1.2247448713915874e+00 
      27      33             8      8.1649658092772592e-01 
      27      34            12      4.0824829046386296e-01 
      27      35            17     -4.0824829046386285e-01 
      27      58             4     -1.2247448713915876e+00 
      27      64             7      4.0824829046386280e-01 
      27      65            11      2.0412414523193140e-01 
      27      66            16     -2.0412414523193131e-01 
      27      70            11     -1.0606601717798194e+00 
      27      71            16      1.0606601717798190e+00 
      27      98             3      1.2247448713915881e+00 
      27     104             6     -4.0824829046386285e-01 
      27     105            10     -2.0412414523193143e-01 
      27     106            15      2.0412414523193140e-01 
      27     110            10      1.0606601717798194e+00 
      27     111            15     -1.0606601717798190e+00 
      28       4            11     -4.9999999999999950e-01 
      28       8            11     -8.6602540378443749e-01 
      28      10             7      1.2247448713915874e+00 
      28      16             4     -1.2247448713915876e+00 
      28      21            12     -9.9999999999999956e-01 
      28      25            13      9.9999999999999933e-01 
      28      28             2      1.0000000000000000e+00 
      28      28            20      2.0000000000000004e+00 
      28      28             5      9.9999999999999956e-01 
      28      28             0      9.9999999999999967e-01 
      28      28             9      1.0000000000000000e+00 
      28      29            19     -1.4142135623730949e+00 
      28      31            18     -9.9999999999999922e-01 
      28      34            17      9.9999999999999933e-01 
      28      59             4     -1.2247448713915876e+00 
      28      65            16      4.9999999999999944e-01 
      28      67             7      1.2247448713915874e+00 
      28      70            16      8.6602540378443738e-01 
      28      99             3      1.2247448713915881e+00 
      28     105            15     -4.9999999999999961e-01 
      28     107             6     -1.2247448713915876e+00 
      28     110            15     -8.6602540378443749e-01 
      29       4            16     -3.5355339059327318e-01 
      29       5            11     -3.5355339059327340e-01 
      29       8            16     -6.1237243569579336e-01 
      29       9            11     -6.1237243569579369e-01 
      29      11             7      1.2247448713915874e+00 
      29      17             4     -1.2247448713915876e+00 
      29      21            17     -7.0710678118654668e-01 
      29      22            12     -7.0710678118654713e-01 
      29      25            18      7.0710678118654657e-01 
      29      26            13      7.0710678118654702e-01 
      29      28            19     -1.4142135623730945e+00 
      29      29             2      1.0000000000000000e+00 
      29      29             5      9.9999999999999956e-01 
      29      29            20      1.0000000000000000e+00 
      29      29             0      9.9999999999999967e-01 
      29      29            14      9.9999999999999967e-01 
      29      29             9      1.0000000000000000e+00 
      29      30            19     -1.4142135623730945e+00 
      29      31            13      7.0710678118654702e-01 
      29      32            18      7.0710678118654657e-01 
      29      34            12     -7.0710678118654713e-01 
      29      35            17     -7.0710678118654668e-01 
      29      60             4     -1.2247448713915876e+00 
      29      65            11     -3.5355339059327340e-01 
      29      66            16     -3.5355339059327318e-01 
      29      68             7      1.2247448713915874e+00 
      29      70            11     -6.1237243569579369e-01 
      29      71            16     -6.1237243569579336e-01 
      29     100             3      1.2247448713915881e+00 
      29     105            10      3.5355339059327351e-01 
      29     106            15      3.5355339059327329e-01 
      29     108             6     -1.2247448713915876e+00 
      29     110            10      6.1237243569579380e-01 
      29     111            15      6.1237243569579347e-01 
      30       5            16     -4.9999999999999944e-01 
      30       9            16     -8.6602540378443738e-01 
      30      12             7      1.2247448713915874e+00 
      30      18             4     -1.2247448713915876e+00 
      30      22            17     -9.9999999999999933e-01 
      30      26            18      9.9999999999999922e-01 
      30      29            19     -1.4142135623730949e+00 
      30      30             2      1.0000000000000000e+00 
      30      30             5      9.9999999999999956e-01 
      30      30             0      9.9999999999999967e-01 
      30      30            14      2.0000000000000004e+00 
      30      30             9      1.0000000000000000e+00 
      30      32            13     -9.9999999999999933e-01 
      30      35            12      9.9999999999999956e-01 
      30      61             4     -1.2247448713915876e+00 
      30      66            11      4.9999999999999950e-01 
      30      69             7      1.2247448713915874e+00 
      30      71            11      8.6602540378443749e-01 
      30     101             3      1.2247448713915881e+00 
      30     106            10     -4.9999999999999967e-01 
      30     109             6     -1.2247448713915876e+00 
      30     111            10     -8.6602540378443771e-01 
      31       6            11      4.9999999999999939e-01 
      31      10            16      1.2247448713915865e+00 
      31      11            11     -8.6602540378443726e-01 
      31      19             4     -1.2247448713915876e+00 
      31      23            12      9.9999999999999900e-01 
      31      27            13     -1.2247448713915883e+00 
      31      28            18     -9.9999999999999900e-01 
      31      29            13      7.0710678118654713e-01 
      31      31             2      1.0000000000000000e+00 
      31      31             9      1.9999999999999996e+00 
      31      31             5      9.9999999999999956e-01 
      31      31            20      1.0000000000000000e+00 
      31      31             0      9.9999999999999967e-01 
      31      32            19      9.9999999999999956e-01 
      31      34             8     -9.9999999999999967e-01 
      31      62             4     -1.2247448713915876e+00 
      31      65             7     -4.9999999999999961e-01 
      31      70             7      8.6602540378443749e-01 
      31      72            16      1.2247448713915865e+00 
      31     102             3      1.2247448713915881e+00 
      31     105             6      4.9999999999999978e-01 
      31     110             6     -8.6602540378443771e-01 
      31     112            15     -1.2247448713915867e+00 
      32       6            16     -4.9999999999999928e-01 
      32      11            16     -8.6602540378443726e-01 
      32      12            11      1.2247448713915869e+00 
      32      20             4     -1.2247448713915876e+00 
      32      23            17     -9.9999999999999889e-01 
      32      27            18      1.2247448713915881e+00 
      32      29            18      7.0710678118654724e-01 
      32      30            13     -9.9999999999999956e-01 
      32      31            19      9.9999999999999933e-01 
      32      32             2      1.0000000000000000e+00 
      32      32             9      1.9999999999999996e+00 
      32      32             5      9.9999999999999956e-01 
      32      32             0      9.9999999999999967e-01 
      32      32            14      1.0000000000000000e+00 
      32      35             8     -9.9999999999999967e-01 
      32      63             4     -1.2247448713915876e+00 
      32      66             7     -4.9999999999999961e-01 
      32      71             7      8.6602540378443749e-01 
      32      72            11      1.2247448713915869e+00 
      32     103             3      1.2247448713915881e+00 
      32     106             6      4.9999999999999978e-01 
      32     111             6     -8.6602540378443771e-01 
      32     112            10     -1.2247448713915872e+00 
      33      13            16      1.2247448713915869e+00 
      33      14            11     -1.2247448713915872e+00 
      33      15             7      9.9999999999999933e-01 
      33      24             8     -1.1547005383792521e+00 
      33      25            17      9.9999999999999856e-01 
      33      26            12     -9.9999999999999889e-01 
      33      27             8      8.1649658092772570e-01 
      33      33             2      1.0000000000000000e+00 
      33      33            20      1.0000000000000000e+00 
      33      33             0      9.9999999999999967e-01 
      33      33             5      2.0000000000000013e+00 
      33      33            14      9.9999999999999956e-01 
      33      34            13      9.9999999999999889e-01 
      33      35            18     -9.9999999999999878e-01 
      33      64             4     -9.9999999999999956e-01 
      33      73            11     -1.2247448713915872e+00 
      33      74            16      1.2247448713915869e+00 
      33     104             3      9.9999999999999978e-01 
      33     113            10      1.2247448713915874e+00 
      33     114            15     -1.2247448713915872e+00 
      34      15            11      4.9999999999999950e-01 
      34      16            16      1.2247448713915867e+00 
      34      17            11     -8.6602540378443738e-01 
      34      19             7     -1.2247448713915874e+00 
      34      24            12      1.1547005383792515e+00 
      34      27            12      4.0824829046386280e-01 
      34      28            17      9.9999999999999845e-01 
      34      29            12     -7.0710678118654668e-01 
      34      31             8     -9.9999999999999889e-01 
      34      33            13      9.9999999999999967e-01 
      34      34             2      1.0000000000000000e+00 
      34      34             9      9.9999999999999956e-01 
      34      34             0      9.9999999999999967e-01 
      34      34            20      1.0000000000000000e+00 
      34      34             5      2.0000000000000013e+00 
      34      35            19      9.9999999999999956e-01 
      34      65             4     -9.9999999999999956e-01 
      34      73             7     -1.2247448713915874e+00 
      34      75            16      1.2247448713915867e+00 
      34     105             3      9.9999999999999978e-01 
      34     113             6      1.2247448713915876e+00 
      34     115            15     -1.2247448713915869e+00 
      35      15            16     -4.9999999999999944e-01 
      35      17            16     -8.6602540378443738e-01 
      35      18            11      1.2247448713915872e+00 
      35      20             7     -1.2247448713915874e+00 
      35      24            17     -1.1547005383792512e+00 
      35      27            17     -4.0824829046386268e-01 
      35      29            17     -7.0710678118654668e-01 
      35      30            12      9.9999999999999878e-01 
      35      32             8     -9.9999999999999889e-01 
      35      33            18     -9.9999999999999956e-01 
      35      34            19      9.9999999999999933e-01 
      35      35             2      1.0000000000000000e+00 
      35      35             9      9.9999999999999956e-01 
      35      35             0      9.9999999999999967e-01 
      35      35             5      2.0000000000000013e+00 
      35      35            14      1.0000000000000000e+00 
      35      66             4     -9.9999999999999956e-01 
      35      74             7     -1.2247448713915874e+00 
      35      75            11      1.2247448713915872e+00 
      35     106             3      9.9999999999999978e-01 
      35     114             6      1.2247448713915876e+00 
      35     115            10     -1.2247448713915874e+00 
      36       1             7      9.9999999999999922e-01 
      36       7             4      9.9999999999999933e-01 
      36      36             2      1.0000000000000000e+00 
      36      36            20      2.0000000000000004e+00 
      36      36             0      9.9999999999999967e-01 
      36      36            14      2.0000000000000004e+00 
      36      37            13     -1.4142135623730949e+00 
      36      38            18     -1.4142135623730945e+00 
      36      42            12     -1.4142135623730945e+00 
      36      43            17     -1.4142135623730943e+00 
      36      56            11     -9.9999999999999900e-01 
      36      57            16     -9.9999999999999889e-01 
      36      76             1     -1.4142135623730945e+00 
      36      96            10     -9.9999999999999933e-01 
      36      97            15     -9.9999999999999922e-01 
      37       1            11      7.0710678118654646e-01 
      37       2             7      7.0710678118654691e-01 
      37       8             4      9.9999999999999933e-01 
      37      36            13     -1.4142135623730945e+00 
      37      37             2      1.0000000000000000e+00 
      37      37            20      2.0000000000000004e+00 
      37      37             0      9.9999999999999967e-01 
      37      37            14      1.0000000000000000e+00 
      37      37             9      9.9999999999999967e-01 
      37      38            19     -9.9999999999999933e-01 
      37      39            13     -1.4142135623730945e+00 
      37      40            18     -9.9999999999999967e-01 
      37      42             8      9.9999999999999967e-01 
      37      44            17     -1.2247448713915878e+00 
      37      45            12      9.9999999999999900e-01 
      37      46            17      7.0710678118654702e-01 
      37      56             7      7.0710678118654691e-01 
      37      58            16     -8.6602540378443704e-01 
      37      59            11      7.0710678118654646e-01 
      37      60            16      4.9999999999999928e-01 
      37      77             1     -1.4142135623730945e+00 
      37      96             6      7.0710678118654713e-01 
      37      98            15     -8.6602540378443738e-01 
      37      99            10      7.0710678118654668e-01 
      37     100            15      4.9999999999999944e-01 
      38       1            16      7.0710678118654624e-01 
      38       3             7      7.0710678118654691e-01 
      38       9             4      9.9999999999999933e-01 
      38      36            18     -1.4142135623730940e+00 
      38      37            19     -9.9999999999999956e-01 
      38      38             2      1.0000000000000000e+00 
      38      38            20      1.0000000000000000e+00 
      38      38             0      9.9999999999999967e-01 
      38      38            14      1.9999999999999996e+00 
      38      38             9      9.9999999999999967e-01 
      38      40            13     -9.9999999999999967e-01 
      38      41            18     -1.4142135623730940e+00 
      38      43             8      9.9999999999999967e-01 
      38      44            12      1.2247448713915881e+00 
      38      46            12      7.0710678118654691e-01 
      38      47            17      9.9999999999999878e-01 
      38      57             7      7.0710678118654691e-01 
      38      58            11      8.6602540378443726e-01 
      38      60            11      4.9999999999999928e-01 
      38      61            16      7.0710678118654624e-01 
      38      78             1     -1.4142135623730945e+00 
      38      97             6      7.0710678118654713e-01 
      38      98            10      8.6602540378443749e-01 
      38     100            10      4.9999999999999944e-01 
      38     101            15      7.0710678118654646e-01 
      39       2            11      9.9999999999999900e-01 
      39      10             4      9.9999999999999933e-01 
      39      37            13     -1.4142135623730949e+00 
      39      39             2      1.0000000000000000e+00 
      39      39            20      2.0000000000000004e+00 
      39      39             0      9.9999999999999967e-01 
      39      39             9      2.0000000000000004e+00 
      39      40            19     -1.4142135623730949e+00 
      39      45             8     -1.4142135623730949e+00 
      39      48            17     -1.4142135623730943e+00 
      39      59             7     -9.9999999999999922e-01 
      39      62            16     -9.9999999999999889e-01 
      39      79             1     -1.4142135623730945e+00 
      39      99             6     -9.9999999999999956e-01 
      39     102            15     -9.9999999999999922e-01 
      40       2            16      7.0710678118654635e-01 
      40       3            11      7.0710678118654680e-01 
      40      11             4      9.9999999999999933e-01 
      40      37            18     -9.9999999999999900e-01 
      40      38            13     -9.9999999999999967e-01 
      40      39            19     -1.4142135623730945e+00 
      40      40             2      1.0000000000000000e+00 
      40      40            20      1.0000000000000000e+00 
      40      40             0      9.9999999999999967e-01 
      40      40             9      2.0000000000000004e+00 
      40      40            14      9.9999999999999967e-01 
      40      41            19     -1.4142135623730945e+00 
      40      46             8     -1.4142135623730949e+00 
      40      48            12      9.9999999999999956e-01 
      40      49            17      9.9999999999999889e-01 
      40      60             7     -9.9999999999999922e-01 
      40      62            11      7.0710678118654680e-01 
      40      63            16      7.0710678118654635e-01 
      40      80             1     -1.4142135623730945e+00 
      40     100             6     -9.9999999999999956e-01 
      40     102            10      7.0710678118654702e-01 
      40     103            15      7.0710678118654657e-01 
      41       3            16      9.9999999999999889e-01 
      41      12             4      9.9999999999999933e-01 
      41      38            18     -1.4142135623730945e+00 
      41      40            19     -1.4142135623730949e+00 
      41      41             2      1.0000000000000000e+00 
      41      41             0      9.9999999999999967e-01 
      41      41            14      2.0000000000000004e+00 
      41      41             9      2.0000000000000004e+00 
      41      47             8     -1.4142135623730949e+00 
      41      49            12     -1.4142135623730945e+00 
      41      61             7     -9.9999999999999922e-01 
      41      63            11     -9.9999999999999900e-01 
      41      81             1     -1.4142135623730945e+00 
      41     101             6     -9.9999999999999956e-01 
      41     103            10     -9.9999999999999933e-01 
      42       4             7     -8.6602540378443738e-01 
      42       7            11      7.0710678118654635e-01 
      42       8             7     -4.9999999999999939e-01 
      42      13             4      7.0710678118654702e-01 
      42      36            12     -1.4142135623730940e+00 
      42      37             8      9.9999999999999967e-01 
      42      42             2      1.0000000000000000e+00 
      42      42            20      2.0000000000000004e+00 
      42      42             0      9.9999999999999967e-01 
      42      42            14      1.0000000000000000e+00 
      42      42             5      9.9999999999999967e-01 
      42      43            19     -9.9999999999999933e-01 
      42      44            18      1.2247448713915881e+00 
      42      45            13      9.9999999999999956e-01 
      42      46            18      7.0710678118654724e-01 
      42      50            12     -1.4142135623730940e+00 
      42      51            17     -9.9999999999999933e-01 
      42      56             4      7.0710678118654702e-01 
      42      64            16     -8.6602540378443671e-01 
      42      67            11      7.0710678118654635e-01 
      42      68            16      4.9999999999999922e-01 
      42      82             1     -1.4142135623730945e+00 
      42      96             3      7.0710678118654724e-01 
      42     104            15     -8.6602540378443704e-01 
      42     107            10      7.0710678118654657e-01 
      42     108            15      4.9999999999999939e-01 
      43       5             7     -8.6602540378443738e-01 
      43       7            16      7.0710678118654613e-01 
      43       9             7     -4.9999999999999939e-01 
      43      14             4      7.0710678118654702e-01 
      43      36            17     -1.4142135623730936e+00 
      43      38             8      9.9999999999999967e-01 
      43      42            19     -9.9999999999999956e-01 
      43      43             2      1.0000000000000000e+00 
      43      43            20      1.0000000000000000e+00 
      43      43             0      9.9999999999999967e-01 
      43      43             5      9.9999999999999967e-01 
      43      43            14      1.9999999999999996e+00 
      43      44            13     -1.2247448713915883e+00 
      43      46            13      7.0710678118654713e-01 
      43      47            18      9.9999999999999900e-01 
      43      51            12     -9.9999999999999933e-01 
      43      52            17     -1.4142135623730936e+00 
      43      57             4      7.0710678118654702e-01 
      43      64            11      8.6602540378443693e-01 
      43      68            11      4.9999999999999922e-01 
      43      69            16      7.0710678118654613e-01 
      43      83             1     -1.4142135623730945e+00 
      43      97             3      7.0710678118654724e-01 
      43     104            10      8.6602540378443726e-01 
      43     108            10      4.9999999999999939e-01 
      43     109            15      7.0710678118654635e-01 
      44       4            16      3.5355339059327318e-01 
      44       5            11     -3.5355339059327329e-01 
      44       6             7     -7.0710678118654668e-01 
      44       8            16      6.1237243569579314e-01 
      44       9            11     -6.1237243569579325e-01 
      44      15             4      7.0710678118654702e-01 
      44      37            17     -1.2247448713915876e+00 
      44      38            12      1.2247448713915881e+00 
      44      42            18      1.2247448713915874e+00 
      44      43            13     -1.2247448713915876e+00 
      44      44             2      1.0000000000000000e+00 
      44      44            20      1.0000000000000000e+00 
      44      44             0      9.9999999999999967e-01 
      44      44             5      9.9999999999999967e-01 
      44      44             9      1.0000000000000000e+00 
      44      44            14      9.9999999999999956e-01 
      44      48            13     -1.2247448713915876e+00 
      44      49            18      1.2247448713915874e+00 
      44      53            12      1.2247448713915881e+00 
      44      54            17     -1.2247448713915876e+00 
      44      58             4      7.0710678118654702e-01 
      44      64             7     -7.0710678118654668e-01 
      44      65            11     -3.5355339059327329e-01 
      44      66            16      3.5355339059327318e-01 
      44      70            11     -6.1237243569579325e-01 
      44      71            16      6.1237243569579314e-01 
      44      84             1     -1.4142135623730945e+00 
      44      98             3      7.0710678118654724e-01 
      44     104             6     -7.0710678118654691e-01 
      44     105            10     -3.5355339059327340e-01 
      44     106            15      3.5355339059327329e-01 
      44     110            10     -6.1237243569579347e-01 
      44     111            15      6.1237243569579336e-01 
      45       4            11      8.6602540378443726e-01 
      45       8            11     -4.9999999999999939e-01 
      45      10             7      7.0710678118654657e-01 
      45      16             4      7.0710678118654702e-01 
      45      37            12      9.9999999999999967e-01 
      45      39             8     -1.4142135623730945e+00 
      45      42            13      9.9999999999999933e-01 
      45      45             2      1.0000000000000000e+00 
      45      45            20      2.0000000000000004e+00 
      45      45             0      9.9999999999999967e-01 
      45      45             5      9.9999999999999967e-01 
      45      45             9      1.0000000000000000e+00 
      45      46            19     -1.4142135623730949e+00 
      45      48            18     -9.9999999999999922e-01 
      45      50             8     -1.4142135623730945e+00 
      45      53            17     -9.9999999999999956e-01 
      45      59             4      7.0710678118654702e-01 
      45      65            16     -8.6602540378443704e-01 
      45      67             7      7.0710678118654657e-01 
      45      70            16      4.9999999999999928e-01 
      45      85             1     -1.4142135623730945e+00 
      45      99             3      7.0710678118654724e-01 
      45     105            15     -8.6602540378443738e-01 
      45     107             6      7.0710678118654680e-01 
      45     110            15      4.9999999999999944e-01 
      46       4            16      6.1237243569579314e-01 
      46       5            11      6.1237243569579347e-01 
      46       8            16     -3.5355339059327306e-01 
      46       9            11     -3.5355339059327329e-01 
      46      11             7      7.0710678118654657e-01 
      46      17             4      7.0710678118654702e-01 
      46      37            17      7.0710678118654680e-01 
      46      38            12      7.0710678118654724e-01 
      46      40             8     -1.4142135623730945e+00 
      46      42            18      7.0710678118654657e-01 
      46      43            13      7.0710678118654702e-01 
      46      45            19     -1.4142135623730945e+00 
      46      46             2      1.0000000000000000e+00 
      46      46            20      1.0000000000000000e+00 
      46      46             0      9.9999999999999967e-01 
      46      46            14      9.9999999999999967e-01 
      46      46             5      9.9999999999999967e-01 
      46      46             9      1.0000000000000000e+00 
      46      47            19     -1.4142135623730945e+00 
      46      48            13      7.0710678118654702e-01 
      46      49            18      7.0710678118654657e-01 
      46      51             8     -1.4142135623730945e+00 
      46      53            12      7.0710678118654724e-01 
      46      54            17      7.0710678118654680e-01 
      46      60             4      7.0710678118654702e-01 
      46      65            11      6.1237243569579347e-01 
      46      66            16      6.1237243569579314e-01 
      46      68             7      7.0710678118654657e-01 
      46      70            11     -3.5355339059327329e-01 
      46      71            16     -3.5355339059327306e-01 
      46      86             1     -1.4142135623730945e+00 
      46     100             3      7.0710678118654724e-01 
      46     105            10      6.1237243569579369e-01 
      46     106            15      6.1237243569579336e-01 
      46     108             6      7.0710678118654680e-01 
      46     110            10     -3.5355339059327340e-01 
      46     111            15     -3.5355339059327318e-01 
      47       5            16      8.6602540378443704e-01 
      47       9            16     -4.9999999999999928e-01 
      47      12             7      7.0710678118654657e-01 
      47      18             4      7.0710678118654702e-01 
      47      38            17      9.9999999999999956e-01 
      47      41             8     -1.4142135623730945e+00 
      47      43            18      9.9999999999999922e-01 
      47      46            19     -1.4142135623730949e+00 
      47      47             2      1.0000000000000000e+00 
      47      47             0      9.9999999999999967e-01 
      47      47            14      2.0000000000000004e+00 
      47      47             5      9.9999999999999967e-01 
      47      47             9      1.0000000000000000e+00 
      47      49            13     -9.9999999999999933e-01 
      47      52             8     -1.4142135623730945e+00 
      47      54            12     -9.9999999999999967e-01 
      47      61             4      7.0710678118654702e-01 
      47      66            11     -8.6602540378443726e-01 
      47      69             7      7.0710678118654657e-01 
      47      71            11      4.9999999999999939e-01 
      47      87             1     -1.4142135623730945e+00 
      47     101             3      7.0710678118654724e-01 
      47     106            10     -8.6602540378443749e-01 
      47     109             6      7.0710678118654680e-01 
      47     111            10      4.9999999999999950e-01 
      48       6            11     -8.6602540378443693e-01 
      48      10            16      7.0710678118654613e-01 
      48      11            11     -4.9999999999999922e-01 
      48      19             4      7.0710678118654702e-01 
      48      39            17     -1.4142135623730936e+00 
      48      40            12      9.9999999999999933e-01 
      48      44            13     -1.2247448713915883e+00 
      48      45            18     -9.9999999999999900e-01 
      48      46            13      7.0710678118654713e-01 
      48      48             2      1.0000000000000000e+00 
      48      48             9      1.9999999999999996e+00 
      48      48            20      1.0000000000000000e+00 
      48      48             0      9.9999999999999967e-01 
      48      48             5      9.9999999999999967e-01 
      48      49            19      9.9999999999999956e-01 
      48      53             8     -9.9999999999999967e-01 
      48      55            17     -1.4142135623730936e+00 
      48      62             4      7.0710678118654702e-01 
      48      65             7      8.6602540378443738e-01 
      48      70             7      4.9999999999999939e-01 
      48      72            16      7.0710678118654613e-01 
      48      88             1     -1.4142135623730945e+00 
      48     102             3      7.0710678118654724e-01 
      48     105             6      8.6602540378443771e-01 
      48     110             6      4.9999999999999950e-01 
      48     112            15      7.0710678118654635e-01 
      49       6            16      8.6602540378443671e-01 
      49      11            16     -4.9999999999999922e-01 
      49      12            11      7.0710678118654635e-01 
      49      20             4      7.0710678118654702e-01 
      49      40            17      9.9999999999999933e-01 
      49      41            12     -1.4142135623730940e+00 
      49      44            18      1.2247448713915881e+00 
      49      46            18      7.0710678118654724e-01 
      49      47            13     -9.9999999999999956e-01 
      49      48            19      9.9999999999999933e-01 
      49      49             2      1.0000000000000000e+00 
      49      49             9      1.9999999999999996e+00 
      49      49             0      9.9999999999999967e-01 
      49      49            14      1.0000000000000000e+00 
      49      49             5      9.9999999999999967e-01 
      49      54             8     -9.9999999999999967e-01 
      49      55            12     -1.4142135623730940e+00 
      49      63             4      7.0710678118654702e-01 
      49      66             7      8.6602540378443738e-01 
      49      71             7      4.9999999999999939e-01 
      49      72            11      7.0710678118654635e-01 
      49      89             1     -1.4142135623730945e+00 
      49     103             3      7.0710678118654724e-01 
      49     106             6      8.6602540378443771e-01 
      49     111             6      4.9999999999999950e-01 
      49     112            10      7.0710678118654657e-01 
      50      13            11      9.9999999999999900e-01 
      50      16             7      9.9999999999999922e-01 
      50      42            12     -1.4142135623730945e+00 
      50      45             8     -1.4142135623730949e+00 
      50      50             2      1.0000000000000000e+00 
      50      50            20      2.0000000000000004e+00 
      50      50             0      9.9999999999999967e-01 
      50      50             5      2.0000000000000004e+00 
      50      51            19     -1.4142135623730949e+00 
      50      53            18     -1.4142135623730945e+00 
      50      67             4     -9.9999999999999933e-01 
      50      73            16     -9.9999999999999889e-01 
      50      90             1     -1.4142135623730945e+00 
      50     107             3     -9.9999999999999967e-01 
      50     113            15     -9.9999999999999922e-01 
      51      13            16      7.0710678118654635e-01 
      51      14            11      7.0710678118654680e-01 
      51      17             7      9.9999999999999922e-01 
      51      42            17     -9.9999999999999889e-01 
      51      43            12     -9.9999999999999956e-01 
      51      46             8     -1.4142135623730949e+00 
      51      50            19     -1.4142135623730945e+00 
      51      51             2      1.0000000000000000e+00 
      51      51            20      1.0000000000000000e+00 
      51      51             0      9.9999999999999967e-01 
      51      51             5      2.0000000000000004e+00 
      51      51            14      9.9999999999999967e-01 
      51      52            19     -1.4142135623730945e+00 
      51      53            13      9.9999999999999967e-01 
      51      54            18      9.9999999999999900e-01 
      51      68             4     -9.9999999999999933e-01 
      51      73            11      7.0710678118654680e-01 
      51      74            16      7.0710678118654635e-01 
      51      91             1     -1.4142135623730945e+00 
      51     108             3     -9.9999999999999967e-01 
      51     113            10      7.0710678118654702e-01 
      51     114            15      7.0710678118654657e-01 
      52      14            16      9.9999999999999889e-01 
      52      18             7      9.9999999999999922e-01 
      52      43            17     -1.4142135623730943e+00 
      52      47             8     -1.4142135623730949e+00 
      52      51            19     -1.4142135623730949e+00 
      52      52             2      1.0000000000000000e+00 
      52      52             0      9.9999999999999967e-01 
      52      52             5      2.0000000000000004e+00 
      52      52            14      2.0000000000000004e+00 
      52      54            13     -1.4142135623730949e+00 
      52      69             4     -9.9999999999999933e-01 
      52      74            11     -9.9999999999999900e-01 
      52      92             1     -1.4142135623730945e+00 
      52     109             3     -9.9999999999999967e-01 
      52     114            10     -9.9999999999999933e-01 
      53      15            11     -8.6602540378443726e-01 
      53      16            16      7.0710678118654624e-01 
      53      17            11     -4.9999999999999928e-01 
      53      19             7      7.0710678118654691e-01 
      53      44            12      1.2247448713915881e+00 
      53      45            17     -9.9999999999999878e-01 
      53      46            12      7.0710678118654691e-01 
      53      48             8     -9.9999999999999967e-01 
      53      50            18     -1.4142135623730940e+00 
      53      51            13      9.9999999999999967e-01 
      53      53             2      1.0000000000000000e+00 
      53      53            20      1.0000000000000000e+00 
      53      53             0      9.9999999999999967e-01 
      53      53             5      2.0000000000000004e+00 
      53      53             9      9.9999999999999967e-01 
      53      54            19      9.9999999999999956e-01 
      53      55            18     -1.4142135623730940e+00 
      53      70             4     -9.9999999999999933e-01 
      53      73             7      7.0710678118654691e-01 
      53      75            16      7.0710678118654624e-01 
      53      93             1     -1.4142135623730945e+00 
      53     110             3     -9.9999999999999967e-01 
      53     113             6      7.0710678118654713e-01 
      53     115            15      7.0710678118654646e-01 
      54      15            16      8.6602540378443704e-01 
      54      17            16     -4.9999999999999928e-01 
      54      18            11      7.0710678118654646e-01 
      54      20             7      7.0710678118654691e-01 
      54      44            17     -1.2247448713915878e+00 
      54      46            17      7.0710678118654702e-01 
      54      47            12     -9.9999999999999900e-01 
      54      49             8     -9.9999999999999967e-01 
      54      51            18      9.9999999999999967e-01 
      54      52            13     -1.4142135623730945e+00 
      54      53            19      9.9999999999999933e-01 
      54      54             2      1.0000000000000000e+00 
      54      54             0      9.9999999999999967e-01 
      54      54             5      2.0000000000000004e+00 
      54      54            14      1.0000000000000000e+00 
      54      54             9      9.9999999999999967e-01 
      54      55            13     -1.4142135623730945e+00 
      54      71             4     -9.9999999999999933e-01 
      54      74             7      7.0710678118654691e-01 
      54      75            11      7.0710678118654646e-01 
      54      94             1     -1.4142135623730945e+00 
      54     111             3     -9.9999999999999967e-01 
      54     114             6      7.0710678118654713e-01 
      54     115            10      7.0710678118654668e-01 
      55      19            16      9.9999999999999889e-01 
      55      20            11      9.9999999999999900e-01 
      55      48            17     -1.4142135623730943e+00 
      55      49            12     -1.4142135623730945e+00 
      55      53            18     -1.4142135623730945e+00 
      55      54            13     -1.4142135623730949e+00 
      55      55             2      1.0000000000000000e+00 
      55      55             0      9.9999999999999967e-01 
      55      55             5      2.0000000000000004e+00 
      55      55             9      2.0000000000000004e+00 
      55      72             4     -9.9999999999999933e-01 
      55      75             7     -9.9999999999999922e-01 
      55      95             1     -1.4142135623730945e+00 
      55     112             3     -9.9999999999999967e-01 
      55     115             6     -9.9999999999999956e-01 
      56      21             7     -1.2247448713915876e+00 
      56      25             4     -1.2247448713915883e+00 
      56      36            11     -9.9999999999999878e-01 
      56      37             7      7.0710678118654691e-01 
      56      42             4      7.0710678118654713e-01 
      56      56            20      2.0000000000000004e+00 
      56      56             0      9.9999999999999967e-01 
      56      56             2      1.9999999999999996e+00 
      56      56            14      1.0000000000000000e+00 
      56      57            19     -9.9999999999999933e-01 
      56      58            18      1.2247448713915881e+00 
      56      59            13      9.9999999999999956e-01 
      56      60            18      7.0710678118654724e-01 
      56      64            17      1.2247448713915874e+00 
      56      67            12      9.9999999999999900e-01 
      56      68            17      7.0710678118654702e-01 
      56      96             1     -9.9999999999999967e-01 
      56     116            10     -1.4142135623730931e+00 
      56     117            15     -9.9999999999999878e-01 
      57      22             7     -1.2247448713915876e+00 
      57      26             4     -1.2247448713915883e+00 
      57      36            16     -9.9999999999999845e-01 
      57      38             7      7.0710678118654691e-01 
      57      43             4      7.0710678118654713e-01 
      57      56            19     -9.9999999999999956e-01 
      57      57            20      1.0000000000000000e+00 
      57      57             0      9.9999999999999967e-01 
      57      57             2      1.9999999999999996e+00 
      57      57            14      1.9999999999999996e+00 
      57      58            13     -1.2247448713915883e+00 
      57      60            13      7.0710678118654713e-01 
      57      61            18      9.9999999999999900e-01 
      57      64            12     -1.2247448713915876e+00 
      57      68            12      7.0710678118654691e-01 
      57      69            17      9.9999999999999878e-01 
      57      97             1     -9.9999999999999967e-01 
      57     117            10     -9.9999999999999878e-01 
      57     118            15     -1.4142135623730927e+00 
      58      21            16      4.9999999999999939e-01 
      58      22            11     -4.9999999999999944e-01 
      58      23             7     -9.9999999999999900e-01 
      58      27             4     -1.2247448713915883e+00 
      58      37            16     -8.6602540378443726e-01 
      58      38            11      8.6602540378443738e-01 
      58      44             4      7.0710678118654713e-01 
      58      56            18      1.2247448713915874e+00 
      58      57            13     -1.2247448713915876e+00 
      58      58            20      1.0000000000000000e+00 
      58      58             0      9.9999999999999967e-01 
      58      58             2      1.9999999999999996e+00 
      58      58             9      1.0000000000000000e+00 
      58      58            14      9.9999999999999956e-01 
      58      62            13     -1.2247448713915876e+00 
      58      63            18      1.2247448713915874e+00 
      58      64             8      9.9999999999999967e-01 
      58      65            12      4.9999999999999978e-01 
      58      66            17     -4.9999999999999961e-01 
      58      70            12     -8.6602540378443771e-01 
      58      71            17      8.6602540378443738e-01 
      58      98             1     -9.9999999999999967e-01 
      58     119            10      1.2247448713915869e+00 
      58     120            15     -1.2247448713915867e+00 
      59      21            11      1.2247448713915874e+00 
      59      28             4     -1.2247448713915883e+00 
      59      37            11      7.0710678118654702e-01 
      59      39             7     -9.9999999999999900e-01 
      59      45             4      7.0710678118654713e-01 
      59      56            13      9.9999999999999933e-01 
      59      59            20      2.0000000000000004e+00 
      59      59             0      9.9999999999999967e-01 
      59      59             2      1.9999999999999996e+00 
      59      59             9      1.0000000000000000e+00 
      59      60            19     -1.4142135623730949e+00 
      59      62            18     -9.9999999999999922e-01 
      59      65            17      1.2247448713915878e+00 
      59      67             8      9.9999999999999956e-01 
      59      70            17      7.0710678118654713e-01 
      59      99             1     -9.9999999999999967e-01 
      59     116             6     -1.4142135623730936e+00 
      59     119            15     -9.9999999999999889e-01 
      60      21            16      8.6602540378443693e-01 
      60      22            11      8.6602540378443738e-01 
      60      29             4     -1.2247448713915883e+00 
      60      37            16      4.9999999999999928e-01 
      60      38            11      4.9999999999999961e-01 
      60      40             7     -9.9999999999999900e-01 
      60      46             4      7.0710678118654713e-01 
      60      56            18      7.0710678118654657e-01 
      60      57            13      7.0710678118654702e-01 
      60      59            19     -1.4142135623730945e+00 
      60      60            20      1.0000000000000000e+00 
      60      60             0      9.9999999999999967e-01 
      60      60             2      1.9999999999999996e+00 
      60      60            14      9.9999999999999967e-01 
      60      60             9      1.0000000000000000e+00 
      60      61            19     -1.4142135623730945e+00 
      60      62            13      7.0710678118654702e-01 
      60      63            18      7.0710678118654657e-01 
      60      65            12     -8.6602540378443782e-01 
      60      66            17     -8.6602540378443738e-01 
      60      68             8      9.9999999999999956e-01 
      60      70            12     -4.9999999999999978e-01 
      60      71            17     -4.9999999999999944e-01 
      60     100             1     -9.9999999999999967e-01 
      60     117             6     -1.4142135623730936e+00 
      60     119            10      7.0710678118654680e-01 
      60     120            15      7.0710678118654635e-01 
      61      22            16      1.2247448713915872e+00 
      61      30             4     -1.2247448713915883e+00 
      61      38            16      7.0710678118654691e-01 
      61      41             7     -9.9999999999999900e-01 
      61      47             4      7.0710678118654713e-01 
      61      57            18      9.9999999999999922e-01 
      61      60            19     -1.4142135623730949e+00 
      61      61             0      9.9999999999999967e-01 
      61      61             2      1.9999999999999996e+00 
      61      61            14      2.0000000000000004e+00 
      61      61             9      1.0000000000000000e+00 
      61      63            13     -9.9999999999999933e-01 
      61      66            12      1.2247448713915881e+00 
      61      69             8      9.9999999999999956e-01 
      61      71            12      7.0710678118654724e-01 
      61     101             1     -9.9999999999999967e-01 
      61     118             6     -1.4142135623730936e+00 
      61     120            10     -9.9999999999999900e-01 
      62      23            11     -1.2247448713915869e+00 
      62      31             4     -1.2247448713915883e+00 
      62      39            16     -9.9999999999999845e-01 
      62      40            11      7.0710678118654668e-01 
      62      48             4      7.0710678118654713e-01 
      62      58            13     -1.2247448713915883e+00 
      62      59            18     -9.9999999999999900e-01 
      62      60            13      7.0710678118654713e-01 
      62      62             9      1.9999999999999996e+00 
      62      62            20      1.0000000000000000e+00 
      62      62             0      9.9999999999999967e-01 
      62      62             2      1.9999999999999996e+00 
      62      63            19      9.9999999999999956e-01 
      62      65             8     -1.2247448713915883e+00 
      62      70             8      7.0710678118654713e-01 
      62      72            17      9.9999999999999878e-01 
      62     102             1     -9.9999999999999967e-01 
      62     119             6     -9.9999999999999900e-01 
      62     121            15     -1.4142135623730927e+00 
      63      23            16      1.2247448713915869e+00 
      63      32             4     -1.2247448713915883e+00 
      63      40            16      7.0710678118654680e-01 
      63      41            11     -9.9999999999999878e-01 
      63      49             4      7.0710678118654713e-01 
      63      58            18      1.2247448713915881e+00 
      63      60            18      7.0710678118654724e-01 
      63      61            13     -9.9999999999999956e-01 
      63      62            19      9.9999999999999933e-01 
      63      63             9      1.9999999999999996e+00 
      63      63             0      9.9999999999999967e-01 
      63      63             2      1.9999999999999996e+00 
      63      63            14      1.0000000000000000e+00 
      63      66             8     -1.2247448713915883e+00 
      63      71             8      7.0710678118654713e-01 
      63      72            12      9.9999999999999900e-01 
      63     103             1     -9.9999999999999967e-01 
      63     120             6     -9.9999999999999900e-01 
      63     121            10     -1.4142135623730931e+00 
      64      24             7      1.1547005383792524e+00 
      64      25            16      4.9999999999999950e-01 
      64      26            11     -4.9999999999999967e-01 
      64      27             7      4.0824829046386307e-01 
      64      33             4     -9.9999999999999967e-01 
      64      42            16     -8.6602540378443738e-01 
      64      43            11      8.6602540378443749e-01 
      64      44             7     -7.0710678118654713e-01 
      64      56            17      1.2247448713915872e+00 
      64      57            12     -1.2247448713915874e+00 
      64      58             8      9.9999999999999956e-01 
      64      64            20      1.0000000000000000e+00 
      64      64             0      9.9999999999999967e-01 
      64      64             2      1.9999999999999996e+00 
      64      64             5      1.0000000000000000e+00 
      64      64            14      9.9999999999999956e-01 
      64      65            13      9.9999999999999889e-01 
      64      66            18     -9.9999999999999878e-01 
      64      73            12     -1.2247448713915874e+00 
      64      74            17      1.2247448713915872e+00 
      64     104             1     -9.9999999999999967e-01 
      64     122            10      1.2247448713915872e+00 
      64     123            15     -1.2247448713915869e+00 
      65      24            11     -1.1547005383792517e+00 
      65      27            11      2.0412414523193148e-01 
      65      28            16      4.9999999999999944e-01 
      65      29            11     -3.5355339059327351e-01 
      65      31             7     -4.9999999999999978e-01 
      65      34             4     -9.9999999999999967e-01 
      65      44            11     -3.5355339059327345e-01 
      65      45            16     -8.6602540378443704e-01 
      65      46            11      6.1237243569579369e-01 
      65      48             7      8.6602540378443771e-01 
      65      58            12      4.9999999999999961e-01 
      65      59            17      1.2247448713915869e+00 
      65      60            12     -8.6602540378443749e-01 
      65      62             8     -1.2247448713915876e+00 
      65      64            13      9.9999999999999967e-01 
      65      65             9      9.9999999999999956e-01 
      65      65             0      9.9999999999999967e-01 
      65      65             2      1.9999999999999996e+00 
      65      65             5      1.0000000000000000e+00 
      65      65            20      1.0000000000000000e+00 
      65      66            19      9.9999999999999956e-01 
      65      73             8     -1.2247448713915876e+00 
      65      75            17      1.2247448713915869e+00 
      65     105             1     -9.9999999999999967e-01 
      65     122             6      1.2247448713915874e+00 
      65     124            15     -1.2247448713915867e+00 
      66      24            16      1.1547005383792517e+00 
      66      27            16     -2.0412414523193143e-01 
      66      29            16     -3.5355339059327356e-01 
      66      30            11      4.9999999999999961e-01 
      66      32             7     -4.9999999999999978e-01 
      66      35             4     -9.9999999999999967e-01 
      66      44            16      3.5355339059327345e-01 
      66      46            16      6.1237243569579369e-01 
      66      47            11     -8.6602540378443738e-01 
      66      49             7      8.6602540378443771e-01 
      66      58            17     -4.9999999999999950e-01 
      66      60            17     -8.6602540378443749e-01 
      66      61            12      1.2247448713915874e+00 
      66      63             8     -1.2247448713915876e+00 
      66      64            18     -9.9999999999999956e-01 
      66      65            19      9.9999999999999933e-01 
      66      66             9      9.9999999999999956e-01 
      66      66             0      9.9999999999999967e-01 
      66      66             2      1.9999999999999996e+00 
      66      66             5      1.0000000000000000e+00 
      66      66            14      1.0000000000000000e+00 
      66      74             8     -1.2247448713915876e+00 
      66      75            12      1.2247448713915874e+00 
      66     106             1     -9.9999999999999967e-01 
      66     123             6      1.2247448713915874e+00 
      66     124            10     -1.2247448713915872e+00 
      67      25            11      1.2247448713915878e+00 
      67      28             7      1.2247448713915881e+00 
      67      42            11      7.0710678118654713e-01 
      67      45             7      7.0710678118654724e-01 
      67      50             4     -9.9999999999999956e-01 
      67      56            12      9.9999999999999922e-01 
      67      59             8      9.9999999999999933e-01 
      67      67            20      2.0000000000000004e+00 
      67      67             0      9.9999999999999967e-01 
      67      67             2      1.9999999999999996e+00 
      67      67             5      1.0000000000000000e+00 
      67      68            19     -1.4142135623730949e+00 
      67      70            18     -1.4142135623730945e+00 
      67      73            17     -9.9999999999999900e-01 
      67     107             1     -9.9999999999999967e-01 
      67     116             3     -1.4142135623730940e+00 
      67     122            15     -9.9999999999999900e-01 
      68      25            16      8.6602540378443726e-01 
      68      26            11      8.6602540378443771e-01 
      68      29             7      1.2247448713915881e+00 
      68      42            16      4.9999999999999939e-01 
      68      43            11      4.9999999999999961e-01 
      68      46             7      7.0710678118654724e-01 
      68      51             4     -9.9999999999999956e-01 
      68      56            17      7.0710678118654646e-01 
      68      57            12      7.0710678118654691e-01 
      68      60             8      9.9999999999999933e-01 
      68      67            19     -1.4142135623730945e+00 
      68      68            20      1.0000000000000000e+00 
      68      68             0      9.9999999999999967e-01 
      68      68             2      1.9999999999999996e+00 
      68      68            14      9.9999999999999967e-01 
      68      68             5      1.0000000000000000e+00 
      68      69            19     -1.4142135623730945e+00 
      68      70            13      9.9999999999999967e-01 
      68      71            18      9.9999999999999900e-01 
      68      73            12      7.0710678118654691e-01 
      68      74            17      7.0710678118654646e-01 
      68     108             1     -9.9999999999999967e-01 
      68     117             3     -1.4142135623730940e+00 
      68     122            10      7.0710678118654691e-01 
      68     123            15      7.0710678118654646e-01 
      69      26            16      1.2247448713915874e+00 
      69      30             7      1.2247448713915881e+00 
      69      43            16      7.0710678118654691e-01 
      69      47             7      7.0710678118654724e-01 
      69      52             4     -9.9999999999999956e-01 
      69      57            17      9.9999999999999900e-01 
      69      61             8      9.9999999999999933e-01 
      69      68            19     -1.4142135623730949e+00 
      69      69             0      9.9999999999999967e-01 
      69      69             2      1.9999999999999996e+00 
      69      69            14      2.0000000000000004e+00 
      69      69             5      1.0000000000000000e+00 
      69      71            13     -1.4142135623730949e+00 
      69      74            12     -9.9999999999999922e-01 
      69     109             1     -9.9999999999999967e-01 
      69     118             3     -1.4142135623730940e+00 
      69     123            10     -9.9999999999999922e-01 
      70      27            11     -1.0606601717798199e+00 
      70      28            16      8.6602540378443704e-01 
      70      29            11     -6.1237243569579369e-01 
      70      31             7      8.6602540378443782e-01 
      70      44            11     -6.1237243569579380e-01 
      70      45            16      4.9999999999999928e-01 
      70      46            11     -3.5355339059327340e-01 
      70      48             7      4.9999999999999978e-01 
      70      53             4     -9.9999999999999956e-01 
      70      58            12     -8.6602540378443738e-01 
      70      59            17      7.0710678118654635e-01 
      70      60            12     -4.9999999999999939e-01 
      70      62             8      7.0710678118654702e-01 
      70      67            18     -1.4142135623730940e+00 
      70      68            13      9.9999999999999967e-01 
      70      70            20      1.0000000000000000e+00 
      70      70             0      9.9999999999999967e-01 
      70      70             2      1.9999999999999996e+00 
      70      70             5      1.0000000000000000e+00 
      70      70             9      9.9999999999999967e-01 
      70      71            19      9.9999999999999956e-01 
      70      72            18     -1.4142135623730940e+00 
      70      73             8      7.0710678118654702e-01 
      70      75            17      7.0710678118654635e-01 
      70     110             1     -9.9999999999999967e-01 
      70     119             3     -1.4142135623730940e+00 
      70     122             6      7.0710678118654702e-01 
      70     124            15      7.0710678118654635e-01 
      71      27            16      1.0606601717798196e+00 
      71      29            16     -6.1237243569579369e-01 
      71      30            11      8.6602540378443738e-01 
      71      32             7      8.6602540378443782e-01 
      71      44            16      6.1237243569579369e-01 
      71      46            16     -3.5355339059327345e-01 
      71      47            11      4.9999999999999944e-01 
      71      49             7      4.9999999999999978e-01 
      71      54             4     -9.9999999999999956e-01 
      71      58            17      8.6602540378443726e-01 
      71      60            17     -4.9999999999999939e-01 
      71      61            12      7.0710678118654657e-01 
      71      63             8      7.0710678118654702e-01 
      71      68            18      9.9999999999999967e-01 
      71      69            13     -1.4142135623730945e+00 
      71      70            19      9.9999999999999933e-01 
      71      71             0      9.9999999999999967e-01 
      71      71             2      1.9999999999999996e+00 
      71      71            14      1.0000000000000000e+00 
      71      71             5      1.0000000000000000e+00 
      71      71             9      9.9999999999999967e-01 
      71      72            13     -1.4142135623730945e+00 
      71      74             8      7.0710678118654702e-01 
      71      75            12      7.0710678118654657e-01 
      71     111             1     -9.9999999999999967e-01 
      71     120             3     -1.4142135623730940e+00 
      71     123             6      7.0710678118654702e-01 
      71     124            10      7.0710678118654657e-01 
      72      31            16      1.2247448713915874e+00 
      72      32            11      1.2247448713915878e+00 
      72      48            16      7.0710678118654691e-01 
      72      49            11      7.0710678118654713e-01 
      72      55             4     -9.9999999999999956e-01 
      72      62            17      9.9999999999999900e-01 
      72      63            12      9.9999999999999922e-01 
      72      70            18     -1.4142135623730945e+00 
      72      71            13     -1.4142135623730949e+00 
      72      72             0      9.9999999999999967e-01 
      72      72             2      1.9999999999999996e+00 
      72      72             9      2.0000000000000004e+00 
      72      72             5      1.0000000000000000e+00 
      72      75             8     -9.9999999999999933e-01 
      72     112             1     -9.9999999999999967e-01 
      72     121             3     -1.4142135623730940e+00 
      72     124             6     -9.9999999999999933e-01 
      73      33            11     -1.2247448713915869e+00 
      73      34             7     -1.2247448713915876e+00 
      73      50            16     -9.9999999999999845e-01 
      73      51            11      7.0710678118654668e-01 
      73      53             7      7.0710678118654691e-01 
      73      64            12     -1.2247448713915876e+00 
      73      65             8     -1.2247448713915883e+00 
      73      67            17     -9.9999999999999878e-01 
      73      68            12      7.0710678118654691e-01 
      73      70             8      7.0710678118654713e-01 
      73      73            20      1.0000000000000000e+00 
      73      73             0      9.9999999999999967e-01 
      73      73             2      1.9999999999999996e+00 
      73      73             5      1.9999999999999996e+00 
      73      74            19      9.9999999999999956e-01 
      73      75            18      9.9999999999999900e-01 
      73     113             1     -9.9999999999999967e-01 
      73     122             3     -9.9999999999999933e-01 
      73     125            15     -1.4142135623730927e+00 
      74      33            16      1.2247448713915869e+00 
      74      35             7     -1.2247448713915876e+00 
      74      51            16      7.0710678118654680e-01 
      74      52            11     -9.9999999999999878e-01 
      74      54             7      7.0710678118654691e-01 
      74      64            17      1.2247448713915874e+00 
      74      66             8     -1.2247448713915883e+00 
      74      68            17      7.0710678118654702e-01 
      74      69            12     -9.9999999999999900e-01 
      74      71             8      7.0710678118654713e-01 
      74      73            19      9.9999999999999933e-01 
      74      74             0      9.9999999999999967e-01 
      74      74             2      1.9999999999999996e+00 
      74      74            14      1.0000000000000000e+00 
      74      74             5      1.9999999999999996e+00 
      74      75            13      9.9999999999999956e-01 
      74     114             1     -9.9999999999999967e-01 
      74     123             3     -9.9999999999999933e-01 
      74     125            10     -1.4142135623730931e+00 
      75      34            16      1.2247448713915872e+00 
      75      35            11      1.2247448713915874e+00 
      75      53            16      7.0710678118654691e-01 
      75      54            11      7.0710678118654702e-01 
      75      55             7     -9.9999999999999900e-01 
      75      65            17      1.2247448713915878e+00 
      75      66            12      1.2247448713915881e+00 
      75      70            17      7.0710678118654713e-01 
      75      71            12      7.0710678118654724e-01 
      75      72             8     -9.9999999999999956e-01 
      75      73            18      9.9999999999999922e-01 
      75      74            13      9.9999999999999933e-01 
      75      75             9      1.0000000000000000e+00 
      75      75             0      9.9999999999999967e-01 
      75      75             2      1.9999999999999996e+00 
      75      75             5      1.9999999999999996e+00 
      75     115             1     -9.9999999999999967e-01 
      75     124             3     -9.9999999999999933e-01 
      75     125             6     -1.4142135623730936e+00 
      76       1             6     -1.4142135623730943e+00 
      76       7             3     -1.4142135623730945e+00 
      76      36             1     -1.4142135623730949e+00 
      76      76             0      2.0000000000000004e+00 
      76      76            20      2.0000000000000004e+00 
      76      76            14      2.0000000000000004e+00 
      76      77            13     -1.4142135623730949e+00 
      76      78            18     -1.4142135623730945e+00 
      76      82            12     -1.4142135623730945e+00 
      76      83            17     -1.4142135623730943e+00 
      76      96            11     -1.4142135623730943e+00 
      76      97            16     -1.4142135623730938e+00 
      77       1            10     -9.9999999999999878e-01 
      77       2             6     -9.9999999999999922e-01 
      77       8             3     -1.4142135623730945e+00 
      77      37             1     -1.4142135623730949e+00 
      77      76            13     -1.4142135623730945e+00 
      77      77             0      2.0000000000000004e+00 
      77      77            20      2.0000000000000004e+00 
      77      77            14      1.0000000000000000e+00 
      77      77             9      9.9999999999999967e-01 
      77      78            19     -9.9999999999999933e-01 
      77      79            13     -1.4142135623730945e+00 
      77      80            18     -9.9999999999999967e-01 
      77      82             8      9.9999999999999967e-01 
      77      84            17     -1.2247448713915878e+00 
      77      85            12      9.9999999999999900e-01 
      77      86            17      7.0710678118654702e-01 
      77      96             7      9.9999999999999956e-01 
      77      98            16     -1.2247448713915874e+00 
      77      99            11      9.9999999999999889e-01 
      77     100            16      7.0710678118654691e-01 
      78       1            15     -9.9999999999999845e-01 
      78       3             6     -9.9999999999999922e-01 
      78       9             3     -1.4142135623730945e+00 
      78      38             1     -1.4142135623730949e+00 
      78      76            18     -1.4142135623730940e+00 
      78      77            19     -9.9999999999999956e-01 
      78      78             0      2.0000000000000004e+00 
      78      78            20      1.0000000000000000e+00 
      78      78            14      1.9999999999999996e+00 
      78      78             9      9.9999999999999967e-01 
      78      80            13     -9.9999999999999967e-01 
      78      81            18     -1.4142135623730940e+00 
      78      83             8      9.9999999999999967e-01 
      78      84            12      1.2247448713915881e+00 
      78      86            12      7.0710678118654691e-01 
      78      87            17      9.9999999999999878e-01 
      78      97             7      9.9999999999999956e-01 
      78      98            11      1.2247448713915876e+00 
      78     100            11      7.0710678118654680e-01 
      78     101            16      9.9999999999999856e-01 
      79       2            10     -1.4142135623730938e+00 
      79      10             3     -1.4142135623730945e+00 
      79      39             1     -1.4142135623730949e+00 
      79      77            13     -1.4142135623730949e+00 
      79      79             0      2.0000000000000004e+00 
      79      79            20      2.0000000000000004e+00 
      79      79             9      2.0000000000000004e+00 
      79      80            19     -1.4142135623730949e+00 
      79      85             8     -1.4142135623730949e+00 
      79      88            17     -1.4142135623730943e+00 
      79      99             7     -1.4142135623730945e+00 
      79     102            16     -1.4142135623730938e+00 
      80       2            15     -9.9999999999999845e-01 
      80       3            10     -9.9999999999999900e-01 
      80      11             3     -1.4142135623730945e+00 
      80      40             1     -1.4142135623730949e+00 
      80      77            18     -9.9999999999999900e-01 
      80      78            13     -9.9999999999999967e-01 
      80      79            19     -1.4142135623730945e+00 
      80      80             0      2.0000000000000004e+00 
      80      80            20      1.0000000000000000e+00 
      80      80             9      2.0000000000000004e+00 
      80      80            14      9.9999999999999967e-01 
      80      81            19     -1.4142135623730945e+00 
      80      86             8     -1.4142135623730949e+00 
      80      88            12      9.9999999999999956e-01 
      80      89            17      9.9999999999999889e-01 
      80     100             7     -1.4142135623730945e+00 
      80     102            11      9.9999999999999922e-01 
      80     103            16      9.9999999999999878e-01 
      81       3            15     -1.4142135623730936e+00 
      81      12             3     -1.4142135623730945e+00 
      81      41             1     -1.4142135623730949e+00 
      81      78            18     -1.4142135623730945e+00 
      81      80            19     -1.4142135623730949e+00 
      81      81             0      2.0000000000000004e+00 
      81      81            14      2.0000000000000004e+00 
      81      81             9      2.0000000000000004e+00 
      81      87             8     -1.4142135623730949e+00 
      81      89            12     -1.4142135623730945e+00 
      81     101             7     -1.4142135623730945e+00 
      81     103            11     -1.4142135623730943e+00 
      82       4             6      1.2247448713915876e+00 
      82       7            10     -9.9999999999999856e-01 
      82       8             6      7.0710678118654680e-01 
      82      13             3     -9.9999999999999956e-01 
      82      42             1     -1.4142135623730949e+00 
      82      76            12     -1.4142135623730940e+00 
      82      77             8      9.9999999999999967e-01 
      82      82             0      2.0000000000000004e+00 
      82      82            20      2.0000000000000004e+00 
      82      82            14      1.0000000000000000e+00 
      82      82             5      9.9999999999999967e-01 
      82      83            19     -9.9999999999999933e-01 
      82      84            18      1.2247448713915881e+00 
      82      85            13      9.9999999999999956e-01 
      82      86            18      7.0710678118654724e-01 
      82      90            12     -1.4142135623730940e+00 
      82      91            17     -9.9999999999999933e-01 
      82      96             4      9.9999999999999967e-01 
      82     104            16     -1.2247448713915869e+00 
      82     107            11      9.9999999999999878e-01 
      82     108            16      7.0710678118654680e-01 
      83       5             6      1.2247448713915876e+00 
      83       7            15     -9.9999999999999822e-01 
      83       9             6      7.0710678118654680e-01 
      83      14             3     -9.9999999999999956e-01 
      83      43             1     -1.4142135623730949e+00 
      83      76            17     -1.4142135623730936e+00 
      83      78             8      9.9999999999999967e-01 
      83      82            19     -9.9999999999999956e-01 
      83      83             0      2.0000000000000004e+00 
      83      83            20      1.0000000000000000e+00 
      83      83             5      9.9999999999999967e-01 
      83      83            14      1.9999999999999996e+00 
      83      84            13     -1.2247448713915883e+00 
      83      86            13      7.0710678118654713e-01 
      83      87            18      9.9999999999999900e-01 
      83      91            12     -9.9999999999999933e-01 
      83      92            17     -1.4142135623730936e+00 
      83      97             4      9.9999999999999967e-01 
      83     104            11      1.2247448713915872e+00 
      83     108            11      7.0710678118654668e-01 
      83     109            16      9.9999999999999845e-01 
      84       4            15     -4.9999999999999939e-01 
      84       5            10      4.9999999999999944e-01 
      84       6             6      9.9999999999999900e-01 
      84       8            15     -8.6602540378443693e-01 
      84       9            10      8.6602540378443726e-01 
      84      15             3     -9.9999999999999956e-01 
      84      44             1     -1.4142135623730949e+00 
      84      77            17     -1.2247448713915876e+00 
      84      78            12      1.2247448713915881e+00 
      84      82            18      1.2247448713915874e+00 
      84      83            13     -1.2247448713915876e+00 
      84      84             0      2.0000000000000004e+00 
      84      84            20      1.0000000000000000e+00 
      84      84             5      9.9999999999999967e-01 
      84      84             9      1.0000000000000000e+00 
      84      84            14      9.9999999999999956e-01 
      84      88            13     -1.2247448713915876e+00 
      84      89            18      1.2247448713915874e+00 
      84      93            12      1.2247448713915881e+00 
      84      94            17     -1.2247448713915876e+00 
      84      98             4      9.9999999999999967e-01 
      84     104             7     -9.9999999999999922e-01 
      84     105            11     -4.9999999999999961e-01 
      84     106            16      4.9999999999999944e-01 
      84     110            11     -8.6602540378443738e-01 
      84     111            16      8.6602540378443726e-01 
      85       4            10     -1.2247448713915874e+00 
      85       8            10      7.0710678118654691e-01 
      85      10             6     -9.9999999999999889e-01 
      85      16             3     -9.9999999999999956e-01 
      85      45             1     -1.4142135623730949e+00 
      85      77            12      9.9999999999999967e-01 
      85      79             8     -1.4142135623730945e+00 
      85      82            13      9.9999999999999933e-01 
      85      85             0      2.0000000000000004e+00 
      85      85            20      2.0000000000000004e+00 
      85      85             5      9.9999999999999967e-01 
      85      85             9      1.0000000000000000e+00 
      85      86            19     -1.4142135623730949e+00 
      85      88            18     -9.9999999999999922e-01 
      85      90             8     -1.4142135623730945e+00 
      85      93            17     -9.9999999999999956e-01 
      85      99             4      9.9999999999999967e-01 
      85     105            16     -1.2247448713915874e+00 
      85     107             7      9.9999999999999900e-01 
      85     110            16      7.0710678118654691e-01 
      86       4            15     -8.6602540378443693e-01 
      86       5            10     -8.6602540378443738e-01 
      86       8            15      4.9999999999999922e-01 
      86       9            10      4.9999999999999944e-01 
      86      11             6     -9.9999999999999889e-01 
      86      17             3     -9.9999999999999956e-01 
      86      46             1     -1.4142135623730949e+00 
      86      77            17      7.0710678118654680e-01 
      86      78            12      7.0710678118654724e-01 
      86      80             8     -1.4142135623730945e+00 
      86      82            18      7.0710678118654657e-01 
      86      83            13      7.0710678118654702e-01 
      86      85            19     -1.4142135623730945e+00 
      86      86             0      2.0000000000000004e+00 
      86      86            20      1.0000000000000000e+00 
      86      86            14      9.9999999999999967e-01 
      86      86             5      9.9999999999999967e-01 
      86      86             9      1.0000000000000000e+00 
      86      87            19     -1.4142135623730945e+00 
      86      88            13      7.0710678118654702e-01 
      86      89            18      7.0710678118654657e-01 
      86      91             8     -1.4142135623730945e+00 
      86      93            12      7.0710678118654724e-01 
      86      94            17      7.0710678118654680e-01 
      86     100             4      9.9999999999999967e-01 
      86     105            11      8.6602540378443771e-01 
      86     106            16      8.6602540378443726e-01 
      86     108             7      9.9999999999999900e-01 
      86     110            11     -4.9999999999999961e-01 
      86     111            16     -4.9999999999999928e-01 
      87       5            15     -1.2247448713915872e+00 
      87       9            15      7.0710678118654668e-01 
      87      12             6     -9.9999999999999889e-01 
      87      18             3     -9.9999999999999956e-01 
      87      47             1     -1.4142135623730949e+00 
      87      78            17      9.9999999999999956e-01 
      87      81             8     -1.4142135623730945e+00 
      87      83            18      9.9999999999999922e-01 
      87      86            19     -1.4142135623730949e+00 
      87      87             0      2.0000000000000004e+00 
      87      87            14      2.0000000000000004e+00 
      87      87             5      9.9999999999999967e-01 
      87      87             9      1.0000000000000000e+00 
      87      89            13     -9.9999999999999933e-01 
      87      92             8     -1.4142135623730945e+00 
      87      94            12     -9.9999999999999967e-01 
      87     101             4      9.9999999999999967e-01 
      87     106            11     -1.2247448713915878e+00 
      87     109             7      9.9999999999999900e-01 
      87     111            11      7.0710678118654702e-01 
      88       6            10      1.2247448713915869e+00 
      88      10            15     -9.9999999999999822e-01 
      88      11            10      7.0710678118654657e-01 
      88      19             3     -9.9999999999999956e-01 
      88      48             1     -1.4142135623730949e+00 
      88      79            17     -1.4142135623730936e+00 
      88      80            12      9.9999999999999933e-01 
      88      84            13     -1.2247448713915883e+00 
      88      85            18     -9.9999999999999900e-01 
      88      86            13      7.0710678118654713e-01 
      88      88             0      2.0000000000000004e+00 
      88      88             9      1.9999999999999996e+00 
      88      88            20      1.0000000000000000e+00 
      88      88             5      9.9999999999999967e-01 
      88      89            19      9.9999999999999956e-01 
      88      93             8     -9.9999999999999967e-01 
      88      95            17     -1.4142135623730936e+00 
      88     102             4      9.9999999999999967e-01 
      88     105             7      1.2247448713915881e+00 
      88     110             7      7.0710678118654691e-01 
      88     112            16      9.9999999999999845e-01 
      89       6            15     -1.2247448713915869e+00 
      89      11            15      7.0710678118654668e-01 
      89      12            10     -9.9999999999999856e-01 
      89      20             3     -9.9999999999999956e-01 
      89      49             1     -1.4142135623730949e+00 
      89      80            17      9.9999999999999933e-01 
      89      81            12     -1.4142135623730940e+00 
      89      84            18      1.2247448713915881e+00 
      89      86            18      7.0710678118654724e-01 
      89      87            13     -9.9999999999999956e-01 
      89      88            19      9.9999999999999933e-01 
      89      89             0      2.0000000000000004e+00 
      89      89             9      1.9999999999999996e+00 
      89      89            14      1.0000000000000000e+00 
      89      89             5      9.9999999999999967e-01 
      89      94             8     -9.9999999999999967e-01 
      89      95            12     -1.4142135623730940e+00 
      89     103             4      9.9999999999999967e-01 
      89     106             7      1.2247448713915881e+00 
      89     111             7      7.0710678118654691e-01 
      89     112            11      9.9999999999999878e-01 
      90      13            10     -1.4142135623730938e+00 
      90      16             6     -1.4142135623730943e+00 
      90      50             1     -1.4142135623730949e+00 
      90      82            12     -1.4142135623730945e+00 
      90      85             8     -1.4142135623730949e+00 
      90      90             0      2.0000000000000004e+00 
      90      90            20      2.0000000000000004e+00 
      90      90             5      2.0000000000000004e+00 
      90      91            19     -1.4142135623730949e+00 
      90      93            18     -1.4142135623730945e+00 
      90     107             4     -1.4142135623730949e+00 
      90     113            16     -1.4142135623730938e+00 
      91      13            15     -9.9999999999999845e-01 
      91      14            10     -9.9999999999999900e-01 
      91      17             6     -1.4142135623730943e+00 
      91      51             1     -1.4142135623730949e+00 
      91      82            17     -9.9999999999999889e-01 
      91      83            12     -9.9999999999999956e-01 
      91      86             8     -1.4142135623730949e+00 
      91      90            19     -1.4142135623730945e+00 
      91      91             0      2.0000000000000004e+00 
      91      91            20      1.0000000000000000e+00 
      91      91             5      2.0000000000000004e+00 
      91      91            14      9.9999999999999967e-01 
      91      92            19     -1.4142135623730945e+00 
      91      93            13      9.9999999999999967e-01 
      91      94            18      9.9999999999999900e-01 
      91     108             4     -1.4142135623730949e+00 
      91     113            11      9.9999999999999922e-01 
      91     114            16      9.9999999999999878e-01 
      92      14            15     -1.4142135623730936e+00 
      92      18             6     -1.4142135623730943e+00 
      92      52             1     -1.4142135623730949e+00 
      92      83            17     -1.4142135623730943e+00 
      92      87             8     -1.4142135623730949e+00 
      92      91            19     -1.4142135623730949e+00 
      92      92             0      2.0000000000000004e+00 
      92      92             5      2.0000000000000004e+00 
      92      92            14      2.0000000000000004e+00 
      92      94            13     -1.4142135623730949e+00 
      92     109             4     -1.4142135623730949e+00 
      92     114            11     -1.4142135623730943e+00 
      93      15            10      1.2247448713915874e+00 
      93      16            15     -9.9999999999999845e-01 
      93      17            10      7.0710678118654668e-01 
      93      19             6     -9.9999999999999922e-01 
      93      53             1     -1.4142135623730949e+00 
      93      84            12      1.2247448713915881e+00 
      93      85            17     -9.9999999999999878e-01 
      93      86            12      7.0710678118654691e-01 
      93      88             8     -9.9999999999999967e-01 
      93      90            18     -1.4142135623730940e+00 
      93      91            13      9.9999999999999967e-01 
      93      93             0      2.0000000000000004e+00 
      93      93            20      1.0000000000000000e+00 
      93      93             5      2.0000000000000004e+00 
      93      93             9      9.9999999999999967e-01 
      93      94            19      9.9999999999999956e-01 
      93      95            18     -1.4142135623730940e+00 
      93     110             4     -1.4142135623730949e+00 
      93     113             7      9.9999999999999956e-01 
      93     115            16      9.9999999999999856e-01 
      94      15            15     -1.2247448713915872e+00 
      94      17            15      7.0710678118654668e-01 
      94      18            10     -9.9999999999999878e-01 
      94      20             6     -9.9999999999999922e-01 
      94      54             1     -1.4142135623730949e+00 
      94      84            17     -1.2247448713915878e+00 
      94      86            17      7.0710678118654702e-01 
      94      87            12     -9.9999999999999900e-01 
      94      89             8     -9.9999999999999967e-01 
      94      91            18      9.9999999999999967e-01 
      94      92            13     -1.4142135623730945e+00 
      94      93            19      9.9999999999999933e-01 
      94      94             0      2.0000000000000004e+00 
      94      94             5      2.0000000000000004e+00 
      94      94            14      1.0000000000000000e+00 
      94      94             9      9.9999999999999967e-01 
      94      95            13     -1.4142135623730945e+00 
      94     111             4     -1.4142135623730949e+00 
      94     114             7      9.9999999999999956e-01 
      94     115            11      9.9999999999999889e-01 
      95      19            15     -1.4142135623730936e+00 
      95      20            10     -1.4142135623730938e+00 
      95      55             1     -1.4142135623730949e+00 
      95      88            17     -1.4142135623730943e+00 
      95      89            12     -1.4142135623730945e+00 
      95      93            18     -1.4142135623730945e+00 
      95      94            13     -1.4142135623730949e+00 
      95      95             0      2.0000000000000004e+00 
      95      95             9      2.0000000000000004e+00 
      95      95             5      2.0000000000000004e+00 
      95     112             4     -1.4142135623730949e+00 
      95     115             7     -1.4142135623730945e+00 
      96      21             6      1.2247448713915872e+00 
      96      25             3      1.2247448713915881e+00 
      96      36            10     -9.9999999999999845e-01 
      96      37             6      7.0710678118654668e-01 
      96      42             3      7.0710678118654691e-01 
      96      56             1     -9.9999999999999967e-01 
      96      76            11     -1.4142135623730936e+00 
      96      77             7      9.9999999999999933e-01 
      96      82             4      9.9999999999999967e-01 
      96      96             0      2.0000000000000004e+00 
      96      96            20      2.0000000000000004e+00 
      96      96             2      9.9999999999999967e-01 
      96      96            14      1.0000000000000000e+00 
      96      97            19     -9.9999999999999933e-01 
      96      98            18      1.2247448713915881e+00 
      96      99            13      9.9999999999999956e-01 
      96     100            18      7.0710678118654724e-01 
      96     104            17      1.2247448713915874e+00 
      96     107            12      9.9999999999999900e-01 
      96     108            17      7.0710678118654702e-01 
      96     116            11     -1.4142135623730936e+00 
      96     117            16     -9.9999999999999900e-01 
      97      22             6      1.2247448713915872e+00 
      97      26             3      1.2247448713915881e+00 
      97      36            15     -9.9999999999999811e-01 
      97      38             6      7.0710678118654668e-01 
      97      43             3      7.0710678118654691e-01 
      97      57             1     -9.9999999999999967e-01 
      97      76            16     -1.4142135623730931e+00 
      97      78             7      9.9999999999999933e-01 
      97      83             4      9.9999999999999967e-01 
      97      96            19     -9.9999999999999956e-01 
      97      97             0      2.0000000000000004e+00 
      97      97            20      1.0000000000000000e+00 
      97      97             2      9.9999999999999967e-01 
      97      97            14      1.9999999999999996e+00 
      97      98            13     -1.2247448713915883e+00 
      97     100            13      7.0710678118654713e-01 
      97     101            18      9.9999999999999900e-01 
      97     104            12     -1.2247448713915876e+00 
      97     108            12      7.0710678118654691e-01 
      97     109            17      9.9999999999999878e-01 
      97     117            11     -9.9999999999999900e-01 
      97     118            16     -1.4142135623730931e+00 
      98      21            15     -4.9999999999999922e-01 
      98      22            10      4.9999999999999928e-01 
      98      23             6      9.9999999999999878e-01 
      98      27             3      1.2247448713915881e+00 
      98      37            15     -8.6602540378443693e-01 
      98      38            10      8.6602540378443704e-01 
      98      44             3      7.0710678118654691e-01 
      98      58             1     -9.9999999999999967e-01 
      98      77            16     -1.2247448713915872e+00 
      98      78            11      1.2247448713915874e+00 
      98      84             4      9.9999999999999967e-01 
      98      96            18      1.2247448713915874e+00 
      98      97            13     -1.2247448713915876e+00 
      98      98             0      2.0000000000000004e+00 
      98      98            20      1.0000000000000000e+00 
      98      98             2      9.9999999999999967e-01 
      98      98             9      1.0000000000000000e+00 
      98      98            14      9.9999999999999956e-01 
      98     102            13     -1.2247448713915876e+00 
      98     103            18      1.2247448713915874e+00 
      98     104             8      9.9999999999999967e-01 
      98     105            12      4.9999999999999978e-01 
      98     106            17     -4.9999999999999961e-01 
      98     110            12     -8.6602540378443771e-01 
      98     111            17      8.6602540378443738e-01 
      98     119            11      1.2247448713915874e+00 
      98     120            16     -1.2247448713915872e+00 
      99      21            10     -1.2247448713915869e+00 
      99      28             3      1.2247448713915881e+00 
      99      37            10      7.0710678118654680e-01 
      99      39             6     -9.9999999999999878e-01 
      99      45             3      7.0710678118654691e-01 
      99      59             1     -9.9999999999999967e-01 
      99      77            11      9.9999999999999933e-01 
      99      79             7     -1.4142135623730940e+00 
      99      85             4      9.9999999999999967e-01 
      99      96            13      9.9999999999999933e-01 
      99      99             0      2.0000000000000004e+00 
      99      99            20      2.0000000000000004e+00 
      99      99             2      9.9999999999999967e-01 
      99      99             9      1.0000000000000000e+00 
      99     100            19     -1.4142135623730949e+00 
      99     102            18     -9.9999999999999922e-01 
      99     105            17      1.2247448713915878e+00 
      99     107             8      9.9999999999999956e-01 
      99     110            17      7.0710678118654713e-01 
      99     116             7     -1.4142135623730940e+00 
      99     119            16     -9.9999999999999922e-01 
     100      21            15     -8.6602540378443660e-01 
     100      22            10     -8.6602540378443704e-01 
     100      29             3      1.2247448713915881e+00 
     100      37            15      4.9999999999999911e-01 
     100      38            10      4.9999999999999944e-01 
     100      40             6     -9.9999999999999878e-01 
     100      46             3      7.0710678118654691e-01 
     100      60             1     -9.9999999999999967e-01 
     100      77            16      7.0710678118654657e-01 
     100      78            11      7.0710678118654702e-01 
     100      80             7     -1.4142135623730940e+00 
     100      86             4      9.9999999999999967e-01 
     100      96            18      7.0710678118654657e-01 
     100      97            13      7.0710678118654702e-01 
     100      99            19     -1.4142135623730945e+00 
     100     100             0      2.0000000000000004e+00 
     100     100            20      1.0000000000000000e+00 
     100     100             2      9.9999999999999967e-01 
     100     100            14      9.9999999999999967e-01 
     100     100             9      1.0000000000000000e+00 
     100     101            19     -1.4142135623730945e+00 
     100     102            13      7.0710678118654702e-01 
     100     103            18      7.0710678118654657e-01 
     100     105            12     -8.6602540378443782e-01 
     100     106            17     -8.6602540378443738e-01 
     100     108             8      9.9999999999999956e-01 
     100     110            12     -4.9999999999999978e-01 
     100     111            17     -4.9999999999999944e-01 
     100     117             7     -1.4142135623730940e+00 
     100     119            11      7.0710678118654702e-01 
     100     120            16      7.0710678118654657e-01 
     101      22            15     -1.2247448713915867e+00 
     101      30             3      1.2247448713915881e+00 
     101      38            15      7.0710678118654668e-01 
     101      41             6     -9.9999999999999878e-01 
     101      47             3      7.0710678118654691e-01 
     101      61             1     -9.9999999999999967e-01 
     101      78            16      9.9999999999999922e-01 
     101      81             7     -1.4142135623730940e+00 
     101      87             4      9.9999999999999967e-01 
     101      97            18      9.9999999999999922e-01 
     101     100            19     -1.4142135623730949e+00 
     101     101             0      2.0000000000000004e+00 
     101     101             2      9.9999999999999967e-01 
     101     101            14      2.0000000000000004e+00 
     101     101             9      1.0000000000000000e+00 
     101     103            13     -9.9999999999999933e-01 
     101     106            12      1.2247448713915881e+00 
     101     109             8      9.9999999999999956e-01 
     101     111            12      7.0710678118654724e-01 
     101     118             7     -1.4142135623730940e+00 
     101     120            11     -9.9999999999999933e-01 
     102      23            10      1.2247448713915865e+00 
     102      31             3      1.2247448713915881e+00 
     102      39            15     -9.9999999999999811e-01 
     102      40            10      7.0710678118654646e-01 
     102      48             3      7.0710678118654691e-01 
     102      62             1     -9.9999999999999967e-01 
     102      79            16     -1.4142135623730931e+00 
     102      80            11      9.9999999999999900e-01 
     102      88             4      9.9999999999999967e-01 
     102      98            13     -1.2247448713915883e+00 
     102      99            18     -9.9999999999999900e-01 
     102     100            13      7.0710678118654713e-01 
     102     102             0      2.0000000000000004e+00 
     102     102             9      1.9999999999999996e+00 
     102     102            20      1.0000000000000000e+00 
     102     102             2      9.9999999999999967e-01 
     102     103            19      9.9999999999999956e-01 
     102     105             8     -1.2247448713915883e+00 
     102     110             8      7.0710678118654713e-01 
     102     112            17      9.9999999999999878e-01 
     102     119             7     -9.9999999999999933e-01 
     102     121            16     -1.4142135623730931e+00 
     103      23            15     -1.2247448713915865e+00 
     103      32             3      1.2247448713915881e+00 
     103      40            15      7.0710678118654657e-01 
     103      41            10     -9.9999999999999845e-01 
     103      49             3      7.0710678118654691e-01 
     103      63             1     -9.9999999999999967e-01 
     103      80            16      9.9999999999999900e-01 
     103      81            11     -1.4142135623730936e+00 
     103      89             4      9.9999999999999967e-01 
     103      98            18      1.2247448713915881e+00 
     103     100            18      7.0710678118654724e-01 
     103     101            13     -9.9999999999999956e-01 
     103     102            19      9.9999999999999933e-01 
     103     103             0      2.0000000000000004e+00 
     103     103             9      1.9999999999999996e+00 
     103     103             2      9.9999999999999967e-01 
     103     103            14      1.0000000000000000e+00 
     103     106             8     -1.2247448713915883e+00 
     103     111             8      7.0710678118654713e-01 
     103     112            12      9.9999999999999900e-01 
     103     120             7     -9.9999999999999933e-01 
     103     121            11     -1.4142135623730936e+00 
     104      24             6     -1.1547005383792519e+00 
     104      25            15     -4.9999999999999939e-01 
     104      26            10      4.9999999999999950e-01 
     104      27             6     -4.0824829046386296e-01 
     104      33             3      9.9999999999999922e-01 
     104      42            15     -8.6602540378443704e-01 
     104      43            10      8.6602540378443726e-01 
     104      44             6     -7.0710678118654702e-01 
     104      64             1     -9.9999999999999967e-01 
     104      82            16     -1.2247448713915874e+00 
     104      83            11      1.2247448713915876e+00 
     104      84             7     -9.9999999999999978e-01 
     104      96            17      1.2247448713915872e+00 
     104      97            12     -1.2247448713915874e+00 
     104      98             8      9.9999999999999956e-01 
     104     104             0      2.0000000000000004e+00 
     104     104            20      1.0000000000000000e+00 
     104     104             2      9.9999999999999967e-01 
     104     104             5      1.0000000000000000e+00 
     104     104            14      9.9999999999999956e-01 
     104     105            13      9.9999999999999889e-01 
     104     106            18     -9.9999999999999878e-01 
     104     113            12     -1.2247448713915874e+00 
     104     114            17      1.2247448713915872e+00 
     104     122            11      1.2247448713915876e+00 
     104     123            16     -1.2247448713915874e+00 
     105      24            10      1.1547005383792512e+00 
     105      27            10     -2.0412414523193143e-01 
     105      28            15     -4.9999999999999928e-01 
     105      29            10      3.5355339059327340e-01 
     105      31             6      4.9999999999999961e-01 
     105      34             3      9.9999999999999922e-01 
     105      44            10     -3.5355339059327340e-01 
     105      45            15     -8.6602540378443693e-01 
     105      46            10      6.1237243569579347e-01 
     105      48             6      8.6602540378443738e-01 
     105      65             1     -9.9999999999999967e-01 
     105      84            11     -4.9999999999999978e-01 
     105      85            16     -1.2247448713915872e+00 
     105      86            11      8.6602540378443771e-01 
     105      88             7      1.2247448713915881e+00 
     105      98            12      4.9999999999999961e-01 
     105      99            17      1.2247448713915869e+00 
     105     100            12     -8.6602540378443749e-01 
     105     102             8     -1.2247448713915876e+00 
     105     104            13      9.9999999999999967e-01 
     105     105             0      2.0000000000000004e+00 
     105     105             9      9.9999999999999956e-01 
     105     105            20      1.0000000000000000e+00 
     105     105             2      9.9999999999999967e-01 
     105     105             5      1.0000000000000000e+00 
     105     106            19      9.9999999999999956e-01 
     105     113             8     -1.2247448713915876e+00 
     105     115            17      1.2247448713915869e+00 
     105     122             7      1.2247448713915881e+00 
     105     124            16     -1.2247448713915872e+00 
     106      24            15     -1.1547005383792512e+00 
     106      27            15      2.0412414523193140e-01 
     106      29            15      3.5355339059327345e-01 
     106      30            10     -4.9999999999999944e-01 
     106      32             6      4.9999999999999961e-01 
     106      35             3      9.9999999999999922e-01 
     106      44            15      3.5355339059327334e-01 
     106      46            15      6.1237243569579358e-01 
     106      47            10     -8.6602540378443726e-01 
     106      49             6      8.6602540378443738e-01 
     106      66             1     -9.9999999999999967e-01 
     106      84            16      4.9999999999999967e-01 
     106      86            16      8.6602540378443771e-01 
     106      87            11     -1.2247448713915876e+00 
     106      89             7      1.2247448713915881e+00 
     106      98            17     -4.9999999999999950e-01 
     106     100            17     -8.6602540378443749e-01 
     106     101            12      1.2247448713915874e+00 
     106     103             8     -1.2247448713915876e+00 
     106     104            18     -9.9999999999999956e-01 
     106     105            19      9.9999999999999933e-01 
     106     106             0      2.0000000000000004e+00 
     106     106             9      9.9999999999999956e-01 
     106     106             2      9.9999999999999967e-01 
     106     106             5      1.0000000000000000e+00 
     106     106            14      1.0000000000000000e+00 
     106     114             8     -1.2247448713915876e+00 
     106     115            12      1.2247448713915874e+00 
     106     123             7      1.2247448713915881e+00 
     106     124            11     -1.2247448713915876e+00 
     107      25            10     -1.2247448713915874e+00 
     107      28             6     -1.2247448713915878e+00 
     107      42            10      7.0710678118654691e-01 
     107      45             6      7.0710678118654702e-01 
     107      50             3     -9.9999999999999900e-01 
     107      67             1     -9.9999999999999967e-01 
     107      82            11      9.9999999999999956e-01 
     107      85             7      9.9999999999999967e-01 
     107      90             4     -1.4142135623730945e+00 
     107      96            12      9.9999999999999922e-01 
     107      99             8      9.9999999999999933e-01 
     107     107             0      2.0000000000000004e+00 
     107     107            20      2.0000000000000004e+00 
     107     107             2      9.9999999999999967e-01 
     107     107             5      1.0000000000000000e+00 
     107     108            19     -1.4142135623730949e+00 
     107     110            18     -1.4142135623730945e+00 
     107     113            17     -9.9999999999999900e-01 
     107     116             4     -1.4142135623730945e+00 
     107     122            16     -9.9999999999999933e-01 
     108      25            15     -8.6602540378443693e-01 
     108      26            10     -8.6602540378443738e-01 
     108      29             6     -1.2247448713915878e+00 
     108      42            15      4.9999999999999922e-01 
     108      43            10      4.9999999999999944e-01 
     108      46             6      7.0710678118654702e-01 
     108      51             3     -9.9999999999999900e-01 
     108      68             1     -9.9999999999999967e-01 
     108      82            16      7.0710678118654668e-01 
     108      83            11      7.0710678118654713e-01 
     108      86             7      9.9999999999999967e-01 
     108      91             4     -1.4142135623730945e+00 
     108      96            17      7.0710678118654646e-01 
     108      97            12      7.0710678118654691e-01 
     108     100             8      9.9999999999999933e-01 
     108     107            19     -1.4142135623730945e+00 
     108     108             0      2.0000000000000004e+00 
     108     108            20      1.0000000000000000e+00 
     108     108             2      9.9999999999999967e-01 
     108     108            14      9.9999999999999967e-01 
     108     108             5      1.0000000000000000e+00 
     108     109            19     -1.4142135623730945e+00 
     108     110            13      9.9999999999999967e-01 
     108     111            18      9.9999999999999900e-01 
     108     113            12      7.0710678118654691e-01 
     108     114            17      7.0710678118654646e-01 
     108     117             4     -1.4142135623730945e+00 
     108     122            11      7.0710678118654713e-01 
     108     123            16      7.0710678118654668e-01 
     109      26            15     -1.2247448713915872e+00 
     109      30             6     -1.2247448713915878e+00 
     109      43            15      7.0710678118654668e-01 
     109      47             6      7.0710678118654702e-01 
     109      52             3     -9.9999999999999900e-01 
     109      69             1     -9.9999999999999967e-01 
     109      83            16      9.9999999999999933e-01 
     109      87             7      9.9999999999999967e-01 
     109      92             4     -1.4142135623730945e+00 
     109      97            17      9.9999999999999900e-01 
     109     101             8      9.9999999999999933e-01 
     109     108            19     -1.4142135623730949e+00 
     109     109             0      2.0000000000000004e+00 
     109     109             2      9.9999999999999967e-01 
     109     109            14      2.0000000000000004e+00 
     109     109             5      1.0000000000000000e+00 
     109     111            13     -1.4142135623730949e+00 
     109     114            12     -9.9999999999999922e-01 
     109     118             4     -1.4142135623730945e+00 
     109     123            11     -9.9999999999999956e-01 
     110      27            10      1.0606601717798194e+00 
     110      28            15     -8.6602540378443693e-01 
     110      29            10      6.1237243569579347e-01 
     110      31             6     -8.6602540378443771e-01 
     110      44            10     -6.1237243569579358e-01 
     110      45            15      4.9999999999999911e-01 
     110      46            10     -3.5355339059327329e-01 
     110      48             6      4.9999999999999961e-01 
     110      53             3     -9.9999999999999900e-01 
     110      70             1     -9.9999999999999967e-01 
     110      84            11     -8.6602540378443771e-01 
     110      85            16      7.0710678118654657e-01 
     110      86            11     -4.9999999999999950e-01 
     110      88             7      7.0710678118654724e-01 
     110      93             4     -1.4142135623730945e+00 
     110      98            12     -8.6602540378443738e-01 
     110      99            17      7.0710678118654635e-01 
     110     100            12     -4.9999999999999939e-01 
     110     102             8      7.0710678118654702e-01 
     110     107            18     -1.4142135623730940e+00 
     110     108            13      9.9999999999999967e-01 
     110     110             0      2.0000000000000004e+00 
     110     110            20      1.0000000000000000e+00 
     110     110             2      9.9999999999999967e-01 
     110     110             5      1.0000000000000000e+00 
     110     110             9      9.9999999999999967e-01 
     110     111            19      9.9999999999999956e-01 
     110     112            18     -1.4142135623730940e+00 
     110     113             8      7.0710678118654702e-01 
     110     115            17      7.0710678118654635e-01 
     110     119             4     -1.4142135623730945e+00 
     110     122             7      7.0710678118654724e-01 
     110     124            16      7.0710678118654657e-01 
     111      27            15     -1.0606601717798194e+00 
     111      29            15      6.1237243569579358e-01 
     111      30            10     -8.6602540378443726e-01 
     111      32             6     -8.6602540378443771e-01 
     111      44            15      6.1237243569579347e-01 
     111      46            15     -3.5355339059327334e-01 
     111      47            10      4.9999999999999928e-01 
     111      49             6      4.9999999999999961e-01 
     111      54             3     -9.9999999999999900e-01 
     111      71             1     -9.9999999999999967e-01 
     111      84            16      8.6602540378443749e-01 
     111      86            16     -4.9999999999999950e-01 
     111      87            11      7.0710678118654680e-01 
     111      89             7      7.0710678118654724e-01 
     111      94             4     -1.4142135623730945e+00 
     111      98            17      8.6602540378443726e-01 
     111     100            17     -4.9999999999999939e-01 
     111     101            12      7.0710678118654657e-01 
     111     103             8      7.0710678118654702e-01 
     111     108            18      9.9999999999999967e-01 
     111     109            13     -1.4142135623730945e+00 
     111     110            19      9.9999999999999933e-01 
     111     111             0      2.0000000000000004e+00 
     111     111             2      9.9999999999999967e-01 
     111     111            14      1.0000000000000000e+00 
     111     111             5      1.0000000000000000e+00 
     111     111             9      9.9999999999999967e-01 
     111     112            13     -1.4142135623730945e+00 
     111     114             8      7.0710678118654702e-01 
     111     115            12      7.0710678118654657e-01 
     111     120             4     -1.4142135623730945e+00 
     111     123             7      7.0710678118654724e-01 
     111     124            11      7.0710678118654680e-01 
     112      31            15     -1.2247448713915872e+00 
     112      32            10     -1.2247448713915874e+00 
     112      48            15      7.0710678118654668e-01 
     112      49            10      7.0710678118654691e-01 
     112      55             3     -9.9999999999999900e-01 
     112      72             1     -9.9999999999999967e-01 
     112      88            16      9.9999999999999933e-01 
     112      89            11      9.9999999999999956e-01 
     112      95             4     -1.4142135623730945e+00 
     112     102            17      9.9999999999999900e-01 
     112     103            12      9.9999999999999922e-01 
     112     110            18     -1.4142135623730945e+00 
     112     111            13     -1.4142135623730949e+00 
     112     112             0      2.0000000000000004e+00 
     112     112             9      2.0000000000000004e+00 
     112     112             2      9.9999999999999967e-01 
     112     112             5      1.0000000000000000e+00 
     112     115             8     -9.9999999999999933e-01 
     112     121             4     -1.4142135623730945e+00 
     112     124             7     -9.9999999999999967e-01 
     113      33            10      1.2247448713915865e+00 
     113      34             6      1.2247448713915872e+00 
     113      50            15     -9.9999999999999811e-01 
     113      51            10      7.0710678118654646e-01 
     113      53             6      7.0710678118654668e-01 
     113      73             1     -9.9999999999999967e-01 
     113      90            16     -1.4142135623730931e+00 
     113      91            11      9.9999999999999900e-01 
     113      93             7      9.9999999999999933e-01 
     113     104            12     -1.2247448713915876e+00 
     113     105             8     -1.2247448713915883e+00 
     113     107            17     -9.9999999999999878e-01 
     113     108            12      7.0710678118654691e-01 
     113     110             8      7.0710678118654713e-01 
     113     113             0      2.0000000000000004e+00 
     113     113            20      1.0000000000000000e+00 
     113     113             2      9.9999999999999967e-01 
     113     113             5      1.9999999999999996e+00 
     113     114            19      9.9999999999999956e-01 
     113     115            18      9.9999999999999900e-01 
     113     122             4     -9.9999999999999967e-01 
     113     125            16     -1.4142135623730931e+00 
     114      33            15     -1.2247448713915865e+00 
     114      35             6      1.2247448713915872e+00 
     114      51            15      7.0710678118654657e-01 
     114      52            10     -9.9999999999999845e-01 
     114      54             6      7.0710678118654668e-01 
     114      74             1     -9.9999999999999967e-01 
     114      91            16      9.9999999999999900e-01 
     114      92            11     -1.4142135623730936e+00 
     114      94             7      9.9999999999999933e-01 
     114     104            17      1.2247448713915874e+00 
     114     106             8     -1.2247448713915883e+00 
     114     108            17      7.0710678118654702e-01 
     114     109            12     -9.9999999999999900e-01 
     114     111             8      7.0710678118654713e-01 
     114     113            19      9.9999999999999933e-01 
     114     114             0      2.0000000000000004e+00 
     114     114             2      9.9999999999999967e-01 
     114     114            14      1.0000000000000000e+00 
     114     114             5      1.9999999999999996e+00 
     114     115            13      9.9999999999999956e-01 
     114     123             4     -9.9999999999999967e-01 
     114     125            11     -1.4142135623730936e+00 
     115      34            15     -1.2247448713915867e+00 
     115      35            10     -1.2247448713915869e+00 
     115      53            15      7.0710678118654668e-01 
     115      54            10      7.0710678118654680e-01 
     115      55             6     -9.9999999999999878e-01 
     115      75             1     -9.9999999999999967e-01 
     115      93            16      9.9999999999999922e-01 
     115      94            11      9.9999999999999933e-01 
     115      95             7     -1.4142135623730940e+00 
     115     105            17      1.2247448713915878e+00 
     115     106            12      1.2247448713915881e+00 
     115     110            17      7.0710678118654713e-01 
     115     111            12      7.0710678118654724e-01 
     115     112             8     -9.9999999999999956e-01 
     115     113            18      9.9999999999999922e-01 
     115     114            13      9.9999999999999933e-01 
     115     115             0      2.0000000000000004e+00 
     115     115             9      1.0000000000000000e+00 
     115     115             2      9.9999999999999967e-01 
     115     115             5      1.9999999999999996e+00 
     115     124             4     -9.9999999999999967e-01 
     115     125             7     -1.4142135623730940e+00 
     116      56            10     -1.4142135623730938e+00 
     116      59             6     -1.4142135623730943e+00 
     116      67             3     -1.4142135623730945e+00 
     116      96            11     -1.4142135623730943e+00 
     116      99             7     -1.4142135623730945e+00 
     116     107             4     -1.4142135623730949e+00 
     116     116             2      2.0000000000000004e+00 
     116     116             0      2.0000000000000004e+00 
     116     116            20      2.0000000000000004e+00 
     116     117            19     -1.4142135623730949e+00 
     116     119            18     -1.4142135623730945e+00 
     116     122            17     -1.4142135623730943e+00 
     117      56            15     -9.9999999999999845e-01 
     117      57            10     -9.9999999999999900e-01 
     117      60             6     -1.4142135623730943e+00 
     117      68             3     -1.4142135623730945e+00 
     117      96            16     -9.9999999999999878e-01 
     117      97            11     -9.9999999999999922e-01 
     117     100             7     -1.4142135623730945e+00 
     117     108             4     -1.4142135623730949e+00 
     117     116            19     -1.4142135623730945e+00 
     117     117             2      2.0000000000000004e+00 
     117     117             0      2.0000000000000004e+00 
     117     117            20      1.0000000000000000e+00 
     117     117            14      9.9999999999999967e-01 
     117     118            19     -1.4142135623730945e+00 
     117     119            13      9.9999999999999967e-01 
     117     120            18      9.9999999999999900e-01 
     117     122            12      9.9999999999999956e-01 
     117     123            17      9.9999999999999889e-01 
     118      57            15     -1.4142135623730936e+00 
     118      61             6     -1.4142135623730943e+00 
     118      69             3     -1.4142135623730945e+00 
     118      97            16     -1.4142135623730938e+00 
     118     101             7     -1.4142135623730945e+00 
     118     109             4     -1.4142135623730949e+00 
     118     117            19     -1.4142135623730949e+00 
     118     118             2      2.0000000000000004e+00 
     118     118             0      2.0000000000000004e+00 
     118     118            14      2.0000000000000004e+00 
     118     120            13     -1.4142135623730949e+00 
     118     123            12     -1.4142135623730945e+00 
     119      58            10      1.2247448713915874e+00 
     119      59            15     -9.9999999999999845e-01 
     119      60            10      7.0710678118654668e-01 
     119      62             6     -9.9999999999999922e-01 
     119      70             3     -1.4142135623730945e+00 
     119      98            11      1.2247448713915876e+00 
     119      99            16     -9.9999999999999856e-01 
     119     100            11      7.0710678118654680e-01 
     119     102             7     -9.9999999999999956e-01 
     119     110             4     -1.4142135623730949e+00 
     119     116            18     -1.4142135623730940e+00 
     119     117            13      9.9999999999999967e-01 
     119     119             2      2.0000000000000004e+00 
     119     119             0      2.0000000000000004e+00 
     119     119            20      1.0000000000000000e+00 
     119     119             9      9.9999999999999967e-01 
     119     120            19      9.9999999999999956e-01 
     119     121            18     -1.4142135623730940e+00 
     119     122             8      9.9999999999999967e-01 
     119     124            17      9.9999999999999878e-01 
     120      58            15     -1.2247448713915872e+00 
     120      60            15      7.0710678118654668e-01 
     120      61            10     -9.9999999999999878e-01 
     120      63             6     -9.9999999999999922e-01 
     120      71             3     -1.4142135623730945e+00 
     120      98            16     -1.2247448713915874e+00 
     120     100            16      7.0710678118654691e-01 
     120     101            11     -9.9999999999999889e-01 
     120     103             7     -9.9999999999999956e-01 
     120     111             4     -1.4142135623730949e+00 
     120     117            18      9.9999999999999967e-01 
     120     118            13     -1.4142135623730945e+00 
     120     119            19      9.9999999999999933e-01 
     120     120             2      2.0000000000000004e+00 
     120     120             0      2.0000000000000004e+00 
     120     120            14      1.0000000000000000e+00 
     120     120             9      9.9999999999999967e-01 
     120     121            13     -1.4142135623730945e+00 
     120     123             8      9.9999999999999967e-01 
     120     124            12      9.9999999999999900e-01 
     121      62            15     -1.4142135623730936e+00 
     121      63            10     -1.4142135623730938e+00 
     121      72             3     -1.4142135623730945e+00 
     121     102            16     -1.4142135623730938e+00 
     121     103            11     -1.4142135623730943e+00 
     121     112             4     -1.4142135623730949e+00 
     121     119            18     -1.4142135623730945e+00 
     121     120            13     -1.4142135623730949e+00 
     121     121             2      2.0000000000000004e+00 
     121     121             0      2.0000000000000004e+00 
     121     121             9      2.0000000000000004e+00 
     121     124             8     -1.4142135623730949e+00 
     122      64            10      1.2247448713915869e+00 
     122      65             6      1.2247448713915876e+00 
     122      67            15     -9.9999999999999822e-01 
     122      68            10      7.0710678118654657e-01 
     122      70             6      7.0710678118654680e-01 
     122      73             3     -9.9999999999999956e-01 
     122     104            11      1.2247448713915872e+00 
     122     105             7      1.2247448713915881e+00 
     122     107            16     -9.9999999999999845e-01 
     122     108            11      7.0710678118654668e-01 
     122     110             7      7.0710678118654691e-01 
     122     113             4     -9.9999999999999967e-01 
     122     116            17     -1.4142135623730936e+00 
     122     117            12      9.9999999999999933e-01 
     122     119             8      9.9999999999999967e-01 
     122     122             2      2.0000000000000004e+00 
     122     122             0      2.0000000000000004e+00 
     122     122             5      9.9999999999999967e-01 
     122     122            20      1.0000000000000000e+00 
     122     123            19      9.9999999999999956e-01 
     122     124            18      9.9999999999999900e-01 
     122     125            17     -1.4142135623730936e+00 
     123      64            15     -1.2247448713915869e+00 
     123      66             6      1.2247448713915876e+00 
     123      68            15      7.0710678118654668e-01 
     123      69            10     -9.9999999999999856e-01 
     123      71             6      7.0710678118654680e-01 
     123      74             3     -9.9999999999999956e-01 
     123     104            16     -1.2247448713915869e+00 
     123     106             7      1.2247448713915881e+00 
     123     108            16      7.0710678118654680e-01 
     123     109            11     -9.9999999999999878e-01 
     123     111             7      7.0710678118654691e-01 
     123     114             4     -9.9999999999999967e-01 
     123     117            17      9.9999999999999933e-01 
     123     118            12     -1.4142135623730940e+00 
     123     120             8      9.9999999999999967e-01 
     123     122            19      9.9999999999999933e-01 
     123     123             2      2.0000000000000004e+00 
     123     123             0      2.0000000000000004e+00 
     123     123             5      9.9999999999999967e-01 
     123     123            14      1.0000000000000000e+00 
     123     124            13      9.9999999999999956e-01 
     123     125            12     -1.4142135623730940e+00 
     124      65            15     -1.2247448713915872e+00 
     124      66            10     -1.2247448713915874e+00 
     124      70            15      7.0710678118654668e-01 
     124      71            10      7.0710678118654691e-01 
     124      72             6     -9.9999999999999889e-01 
     124      75             3     -9.9999999999999956e-01 
     124     105            16     -1.2247448713915874e+00 
     124     106            11     -1.2247448713915878e+00 
     124     110            16      7.0710678118654691e-01 
     124     111            11      7.0710678118654702e-01 
     124     112             7     -9.9999999999999900e-01 
     124     115             4     -9.9999999999999967e-01 
     124     119            17      9.9999999999999956e-01 
     124     120            12      9.9999999999999967e-01 
     124     121             8     -1.4142135623730945e+00 
     124     122            18      9.9999999999999922e-01 
     124     123            13      9.9999999999999933e-01 
     124     124             2      2.0000000000000004e+00 
     124     124             0      2.0000000000000004e+00 
     124     124             5      9.9999999999999967e-01 
     124     124             9      1.0000000000000000e+00 
     124     125             8     -1.4142135623730945e+00 
     125      73            15     -1.4142135623730936e+00 
     125      74            10     -1.4142135623730938e+00 
     125      75             6     -1.4142135623730943e+00 
     125     113            16     -1.4142135623730938e+00 
     125     114            11     -1.4142135623730943e+00 
     125     115             7     -1.4142135623730945e+00 
     125     122            17     -1.4142135623730943e+00 
     125     123            12     -1.4142135623730945e+00 
     125     124             8     -1.4142135623730949e+00 
     125     125             2      2.0000000000000004e+00 
     125     125             0      2.0000000000000004e+00 
     125     125             5      2.0000000000000004e+00 
