       I       J     n_full      n_one 
       1       1         18          4 
       1       2          1          1 
       1       3          1          1 
       1       4          1          1 
       1       5          1          1 
       1       6          0          0 
       1       7          1          1 
       1       8          1          1 
       1       9          1          1 
       1      10          0          0 
       1      11          0          0 
       1      12          0          0 
       1      13          0          0 
       1      14          0          0 
       1      15          0          0 
       1      16          0          0 
       1      17          0          0 
       1      18          0          0 
       1      19          0          0 
       1      20          0          0 
       1      21          1          1 
       1      22          1          1 
       1      23          0          0 
       1      24          0          0 
       1      25          0          0 
       1      26          0          0 
       1      27          0          0 
       1      28          0          0 
       1      29          0          0 
       1      30          0          0 
       1      31          0          0 
       1      32          0          0 
       1      33          0          0 
       1      34          0          0 
       1      35          0          0 
       1      36          1          1 
       1      37          1          1 
       1      38          1          1 
       1      39          0          0 
       1      40          0          0 
       1      41          0          0 
       1      42          0          0 
       1      43          0          0 
       1      44          0          0 
       1      45          0          0 
       1      46          0          0 
       1      47          0          0 
       1      48          0          0 
       1      49          0          0 
       1      50          0          0 
       1      51          0          0 
       1      52          0          0 
       1      53          0          0 
       1      54          0          0 
       1      55          0          0 
       1      56          0          0 
       1      57          0          0 
       1      58          0          0 
       1      59          0          0 
       1      60          0          0 
       1      61          0          0 
       1      62          0          0 
       1      63          0          0 
       1      64          0          0 
       1      65          0          0 
       1      66          0          0 
       1      67          0          0 
       1      68          0          0 
       1      69          0          0 
       1      70          0          0 
       1      71          0          0 
       1      72          0          0 
       1      73          0          0 
       1      74          0          0 
       1      75          0          0 
       1      76          1          1 
       1      77          1          1 
       1      78          1          1 
       1      79          0          0 
       1      80          0          0 
       1      81          0          0 
       1      82          0          0 
       1      83          0          0 
       1      84          0          0 
       1      85          0          0 
       1      86          0          0 
       1      87          0          0 
       1      88          0          0 
       1      89          0          0 
       1      90          0          0 
       1      91          0          0 
       1      92          0          0 
       1      93          0          0 
       1      94          0          0 
       1      95          0          0 
       1      96          0          0 
       1      97          0          0 
       1      98          0          0 
       1      99          0          0 
       1     100          0          0 
       1     101          0          0 
       1     102          0          0 
       1     103          0          0 
       1     104          0          0 
       1     105          0          0 
       1     106          0          0 
       1     107          0          0 
       1     108          0          0 
       1     109          0          0 
       1     110          0          0 
       1     111          0          0 
       1     112          0          0 
       1     113          0          0 
       1     114          0          0 
       1     115          0          0 
       1     116          0          0 
       1     117          0          0 
       1     118          0          0 
       1     119          0          0 
       1     120          0          0 
       1     121          0          0 
       1     122          0          0 
       1     123          0          0 
       1     124          0          0 
       1     125          0          0 
       2       1          7          1 
       2       2         18          4 
       2       3          1          1 
       2       4          1          1 
       2       5          0          0 
       2       6          1          1 
       2       7          1          0 
       2       8          1          1 
       2       9          0          0 
       2      10          1          1 
       2      11          1          1 
       2      12          0          0 
       2      13          0          0 
       2      14          0          0 
       2      15          0          0 
       2      16          0          0 
       2      17          0          0 
       2      18          0          0 
       2      19          0          0 
       2      20          0          0 
       2      21          1          1 
       2      22          0          0 
       2      23          1          1 
       2      24          0          0 
       2      25          0          0 
       2      26          0          0 
       2      27          0          0 
       2      28          0          0 
       2      29          0          0 
       2      30          0          0 
       2      31          0          0 
       2      32          0          0 
       2      33          0          0 
       2      34          0          0 
       2      35          0          0 
       2      36          1          0 
       2      37          1          1 
       2      38          0          0 
       2      39          1          1 
       2      40          1          1 
       2      41          0          0 
       2      42          0          0 
       2      43          0          0 
       2      44          0          0 
       2      45          0          0 
       2      46          0          0 
       2      47          0          0 
       2      48          0          0 
       2      49          0          0 
       2      50          0          0 
       2      51          0          0 
       2      52          0          0 
       2      53          0          0 
       2      54          0          0 
       2      55          0          0 
       2      56          0          0 
       2      57          0          0 
       2      58          0          0 
       2      59          0          0 
       2      60          0          0 
       2      61          0          0 
       2      62          0          0 
       2      63          0          0 
       2      64          0          0 
       2      65          0          0 
       2      66          0          0 
       2      67          0          0 
       2      68          0          0 
       2      69          0          0 
       2      70          0          0 
       2      71          0          0 
       2      72          0          0 
       2      73          0          0 
       2      74          0          0 
       2      75          0          0 
       2      76          1          0 
       2      77          1          1 
       2      78          0          0 
       2      79          1          1 
       2      80          1          1 
       2      81          0          0 
       2      82          0          0 
       2      83          0          0 
       2      84          0          0 
       2      85          0          0 
       2      86          0          0 
       2      87          0          0 
       2      88          0          0 
       2      89          0          0 
       2      90          0          0 
       2      91          0          0 
       2      92          0          0 
       2      93          0          0 
       2      94          0          0 
       2      95          0          0 
       2      96          0          0 
       2      97          0          0 
       2      98          0          0 
       2      99          0          0 
       2     100          0          0 
       2     101          0          0 
       2     102          0          0 
       2     103          0          0 
       2     104          0          0 
       2     105          0          0 
       2     106          0          0 
       2     107          0          0 
       2     108          0          0 
       2     109          0          0 
       2     110          0          0 
       2     111          0          0 
       2     112          0          0 
       2     113          0          0 
       2     114          0          0 
       2     115          0          0 
       2     116          0          0 
       2     117          0          0 
       2     118          0          0 
       2     119          0          0 
       2     120          0          0 
       2     121          0          0 
       2     122          0          0 
       2     123          0          0 
       2     124          0          0 
       2     125          0          0 
       3       1          7          1 
       3       2          7          1 
       3       3         18          4 
       3       4          2          0 
       3       5          1          1 
       3       6          1          1 
       3       7          1          0 
       3       8          2          0 
       3       9          1          1 
       3      10          1          0 
       3      11          1          1 
       3      12          1          1 
       3      13          0          0 
       3      14          0          0 
       3      15          0          0 
       3      16          0          0 
       3      17          0          0 
       3      18          0          0 
       3      19          0          0 
       3      20          0          0 
       3      21          2          0 
       3      22          1          1 
       3      23          1          1 
       3      24          0          0 
       3      25          0          0 
       3      26          0          0 
       3      27          0          0 
       3      28          0          0 
       3      29          0          0 
       3      30          0          0 
       3      31          0          0 
       3      32          0          0 
       3      33          0          0 
       3      34          0          0 
       3      35          0          0 
       3      36          1          0 
       3      37          2          0 
       3      38          1          1 
       3      39          1          0 
       3      40          1          1 
       3      41          1          1 
       3      42          0          0 
       3      43          0          0 
       3      44          0          0 
       3      45          0          0 
       3      46          0          0 
       3      47          0          0 
       3      48          0          0 
       3      49          0          0 
       3      50          0          0 
       3      51          0          0 
       3      52          0          0 
       3      53          0          0 
       3      54          0          0 
       3      55          0          0 
       3      56          0          0 
       3      57          0          0 
       3      58          0          0 
       3      59          0          0 
       3      60          0          0 
       3      61          0          0 
       3      62          0          0 
       3      63          0          0 
       3      64          0          0 
       3      65          0          0 
       3      66          0          0 
       3      67          0          0 
       3      68          0          0 
       3      69          0          0 
       3      70          0          0 
       3      71          0          0 
       3      72          0          0 
       3      73          0          0 
       3      74          0          0 
       3      75          0          0 
       3      76          1          0 
       3      77          2          0 
       3      78          1          1 
       3      79          1          0 
       3      80          1          1 
       3      81          1          1 
       3      82          0          0 
       3      83          0          0 
       3      84          0          0 
       3      85          0          0 
       3      86          0          0 
       3      87          0          0 
       3      88          0          0 
       3      89          0          0 
       3      90          0          0 
       3      91          0          0 
       3      92          0          0 
       3      93          0          0 
       3      94          0          0 
       3      95          0          0 
       3      96          0          0 
       3      97          0          0 
       3      98          0          0 
       3      99          0          0 
       3     100          0          0 
       3     101          0          0 
       3     102          0          0 
       3     103          0          0 
       3     104          0          0 
       3     105          0          0 
       3     106          0          0 
       3     107          0          0 
       3     108          0          0 
       3     109          0          0 
       3     110          0          0 
       3     111          0          0 
       3     112          0          0 
       3     113          0          0 
       3     114          0          0 
       3     115          0          0 
       3     116          0          0 
       3     117          0          0 
       3     118          0          0 
       3     119          0          0 
       3     120          0          0 
       3     121          0          0 
       3     122          0          0 
       3     123          0          0 
       3     124          0          0 
       3     125          0          0 
       4       1          7          1 
       4       2          7          1 
       4       3          0          0 
       4       4         26          5 
       4       5          1          1 
       4       6          1          1 
       4       7          2          0 
       4       8          4          0 
       4       9          0          0 
       4      10          0          0 
       4      11          0          0 
       4      12          0          0 
       4      13          1          1 
       4      14          0          0 
       4      15          1          1 
       4      16          1          1 
       4      17          1          1 
       4      18          0          0 
       4      19          0          0 
       4      20          0          0 
       4      21          1          1 
       4      22          0          0 
       4      23          0          0 
       4      24          1          1 
       4      25          1          1 
       4      26          0          0 
       4      27          1          1 
       4      28          1          1 
       4      29          1          1 
       4      30          0          0 
       4      31          0          0 
       4      32          0          0 
       4      33          0          0 
       4      34          0          0 
       4      35          0          0 
       4      36          1          0 
       4      37          0          0 
       4      38          0          0 
       4      39          0          0 
       4      40          0          0 
       4      41          0          0 
       4      42          1          1 
       4      43          0          0 
       4      44          1          1 
       4      45          1          1 
       4      46          1          1 
       4      47          0          0 
       4      48          0          0 
       4      49          0          0 
       4      50          0          0 
       4      51          0          0 
       4      52          0          0 
       4      53          0          0 
       4      54          0          0 
       4      55          0          0 
       4      56          0          0 
       4      57          0          0 
       4      58          0          0 
       4      59          0          0 
       4      60          0          0 
       4      61          0          0 
       4      62          0          0 
       4      63          0          0 
       4      64          0          0 
       4      65          0          0 
       4      66          0          0 
       4      67          0          0 
       4      68          0          0 
       4      69          0          0 
       4      70          0          0 
       4      71          0          0 
       4      72          0          0 
       4      73          0          0 
       4      74          0          0 
       4      75          0          0 
       4      76          1          0 
       4      77          0          0 
       4      78          0          0 
       4      79          0          0 
       4      80          0          0 
       4      81          0          0 
       4      82          1          1 
       4      83          0          0 
       4      84          1          1 
       4      85          1          1 
       4      86          1          1 
       4      87          0          0 
       4      88          0          0 
       4      89          0          0 
       4      90          0          0 
       4      91          0          0 
       4      92          0          0 
       4      93          0          0 
       4      94          0          0 
       4      95          0          0 
       4      96          0          0 
       4      97          0          0 
       4      98          0          0 
       4      99          0          0 
       4     100          0          0 
       4     101          0          0 
       4     102          0          0 
       4     103          0          0 
       4     104          0          0 
       4     105          0          0 
       4     106          0          0 
       4     107          0          0 
       4     108          0          0 
       4     109          0          0 
       4     110          0          0 
       4     111          0          0 
       4     112          0          0 
       4     113          0          0 
       4     114          0          0 
       4     115          0          0 
       4     116          0          0 
       4     117          0          0 
       4     118          0          0 
       4     119          0          0 
       4     120          0          0 
       4     121          0          0 
       4     122          0          0 
       4     123          0          0 
       4     124          0          0 
       4     125          0          0 
       5       1          7          1 
       5       2          2          0 
       5       3          7          1 
       5       4          8          1 
       5       5         26          5 
       5       6          1          1 
       5       7          2          0 
       5       8          2          0 
       5       9          4          0 
       5      10          0          0 
       5      11          0          0 
       5      12          0          0 
       5      13          1          0 
       5      14          1          1 
       5      15          1          1 
       5      16          1          0 
       5      17          1          1 
       5      18          1          1 
       5      19          0          0 
       5      20          0          0 
       5      21          2          0 
       5      22          1          1 
       5      23          0          0 
       5      24          1          1 
       5      25          1          0 
       5      26          1          1 
       5      27          1          1 
       5      28          1          0 
       5      29          1          1 
       5      30          1          1 
       5      31          0          0 
       5      32          0          0 
       5      33          0          0 
       5      34          0          0 
       5      35          0          0 
       5      36          1          0 
       5      37          1          0 
       5      38          0          0 
       5      39          0          0 
       5      40          0          0 
       5      41          0          0 
       5      42          1          0 
       5      43          1          1 
       5      44          1          1 
       5      45          1          0 
       5      46          1          1 
       5      47          1          1 
       5      48          0          0 
       5      49          0          0 
       5      50          0          0 
       5      51          0          0 
       5      52          0          0 
       5      53          0          0 
       5      54          0          0 
       5      55          0          0 
       5      56          0          0 
       5      57          0          0 
       5      58          0          0 
       5      59          0          0 
       5      60          0          0 
       5      61          0          0 
       5      62          0          0 
       5      63          0          0 
       5      64          0          0 
       5      65          0          0 
       5      66          0          0 
       5      67          0          0 
       5      68          0          0 
       5      69          0          0 
       5      70          0          0 
       5      71          0          0 
       5      72          0          0 
       5      73          0          0 
       5      74          0          0 
       5      75          0          0 
       5      76          1          0 
       5      77          1          0 
       5      78          0          0 
       5      79          0          0 
       5      80          0          0 
       5      81          0          0 
       5      82          1          0 
       5      83          1          1 
       5      84          1          1 
       5      85          1          0 
       5      86          1          1 
       5      87          1          1 
       5      88          0          0 
       5      89          0          0 
       5      90          0          0 
       5      91          0          0 
       5      92          0          0 
       5      93          0          0 
       5      94          0          0 
       5      95          0          0 
       5      96          0          0 
       5      97          0          0 
       5      98          0          0 
       5      99          0          0 
       5     100          0          0 
       5     101          0          0 
       5     102          0          0 
       5     103          0          0 
       5     104          0          0 
       5     105          0          0 
       5     106          0          0 
       5     107          0          0 
       5     108          0          0 
       5     109          0          0 
       5     110          0          0 
       5     111          0          0 
       5     112          0          0 
       5     113          0          0 
       5     114          0          0 
       5     115          0          0 
       5     116          0          0 
       5     117          0          0 
       5     118          0          0 
       5     119          0          0 
       5     120          0          0 
       5     121          0          0 
       5     122          0          0 
       5     123          0          0 
       5     124          0          0 
       5     125          0          0 
       6       1          2          0 
       6       2          7          1 
       6       3          7          1 
       6       4          8          1 
       6       5          8          1 
       6       6         26          5 
       6       7          0          0 
       6       8          2          0 
       6       9          2          0 
       6      10          2          0 
       6      11          4          0 
       6      12          0          0 
       6      13          1          0 
       6      14          1          0 
       6      15          1          1 
       6      16          1          0 
       6      17          0          0 
       6      18          0          0 
       6      19          1          1 
       6      20          1          1 
       6      21          2          0 
       6      22          2          0 
       6      23          1          1 
       6      24          1          1 
       6      25          1          0 
       6      26          1          0 
       6      27          1          1 
       6      28          1          0 
       6      29          0          0 
       6      30          0          0 
       6      31          1          1 
       6      32          1          1 
       6      33          0          0 
       6      34          0          0 
       6      35          0          0 
       6      36          0          0 
       6      37          1          0 
       6      38          1          0 
       6      39          1          0 
       6      40          0          0 
       6      41          0          0 
       6      42          1          0 
       6      43          1          0 
       6      44          1          1 
       6      45          1          0 
       6      46          0          0 
       6      47          0          0 
       6      48          1          1 
       6      49          1          1 
       6      50          0          0 
       6      51          0          0 
       6      52          0          0 
       6      53          0          0 
       6      54          0          0 
       6      55          0          0 
       6      56          0          0 
       6      57          0          0 
       6      58          0          0 
       6      59          0          0 
       6      60          0          0 
       6      61          0          0 
       6      62          0          0 
       6      63          0          0 
       6      64          0          0 
       6      65          0          0 
       6      66          0          0 
       6      67          0          0 
       6      68          0          0 
       6      69          0          0 
       6      70          0          0 
       6      71          0          0 
       6      72          0          0 
       6      73          0          0 
       6      74          0          0 
       6      75          0          0 
       6      76          0          0 
       6      77          1          0 
       6      78          1          0 
       6      79          1          0 
       6      80          0          0 
       6      81          0          0 
       6      82          1          0 
       6      83          1          0 
       6      84          1          1 
       6      85          1          0 
       6      86          0          0 
       6      87          0          0 
       6      88          1          1 
       6      89          1          1 
       6      90          0          0 
       6      91          0          0 
       6      92          0          0 
       6      93          0          0 
       6      94          0          0 
       6      95          0          0 
       6      96          0          0 
       6      97          0          0 
       6      98          0          0 
       6      99          0          0 
       6     100          0          0 
       6     101          0          0 
       6     102          0          0 
       6     103          0          0 
       6     104          0          0 
       6     105          0          0 
       6     106          0          0 
       6     107          0          0 
       6     108          0          0 
       6     109          0          0 
       6     110          0          0 
       6     111          0          0 
       6     112          0          0 
       6     113          0          0 
       6     114          0          0 
       6     115          0          0 
       6     116          0          0 
       6     117          0          0 
       6     118          0          0 
       6     119          0          0 
       6     120          0          0 
       6     121          0          0 
       6     122          0          0 
       6     123          0          0 
       6     124          0          0 
       6     125          0          0 
       7       1          7          1 
       7       2          0          0 
       7       3          0          0 
       7       4          0          0 
       7       5          0          0 
       7       6          0          0 
       7       7         18          4 
       7       8          1          1 
       7       9          1          1 
       7      10          0          0 
       7      11          0          0 
       7      12          0          0 
       7      13          1          1 
       7      14          1          1 
       7      15          0          0 
       7      16          0          0 
       7      17          0          0 
       7      18          0          0 
       7      19          0          0 
       7      20          0          0 
       7      21          0          0 
       7      22          0          0 
       7      23          0          0 
       7      24          0          0 
       7      25          1          1 
       7      26          1          1 
       7      27          0          0 
       7      28          0          0 
       7      29          0          0 
       7      30          0          0 
       7      31          0          0 
       7      32          0          0 
       7      33          0          0 
       7      34          0          0 
       7      35          0          0 
       7      36          1          1 
       7      37          0          0 
       7      38          0          0 
       7      39          0          0 
       7      40          0          0 
       7      41          0          0 
       7      42          1          1 
       7      43          1          1 
       7      44          0          0 
       7      45          0          0 
       7      46          0          0 
       7      47          0          0 
       7      48          0          0 
       7      49          0          0 
       7      50          0          0 
       7      51          0          0 
       7      52          0          0 
       7      53          0          0 
       7      54          0          0 
       7      55          0          0 
       7      56          0          0 
       7      57          0          0 
       7      58          0          0 
       7      59          0          0 
       7      60          0          0 
       7      61          0          0 
       7      62          0          0 
       7      63          0          0 
       7      64          0          0 
       7      65          0          0 
       7      66          0          0 
       7      67          0          0 
       7      68          0          0 
       7      69          0          0 
       7      70          0          0 
       7      71          0          0 
       7      72          0          0 
       7      73          0          0 
       7      74          0          0 
       7      75          0          0 
       7      76          1          1 
       7      77          0          0 
       7      78          0          0 
       7      79          0          0 
       7      80          0          0 
       7      81          0          0 
       7      82          1          1 
       7      83          1          1 
       7      84          0          0 
       7      85          0          0 
       7      86          0          0 
       7      87          0          0 
       7      88          0          0 
       7      89          0          0 
       7      90          0          0 
       7      91          0          0 
       7      92          0          0 
       7      93          0          0 
       7      94          0          0 
       7      95          0          0 
       7      96          0          0 
       7      97          0          0 
       7      98          0          0 
       7      99          0          0 
       7     100          0          0 
       7     101          0          0 
       7     102          0          0 
       7     103          0          0 
       7     104          0          0 
       7     105          0          0 
       7     106          0          0 
       7     107          0          0 
       7     108          0          0 
       7     109          0          0 
       7     110          0          0 
       7     111          0          0 
       7     112          0          0 
       7     113          0          0 
       7     114          0          0 
       7     115          0          0 
       7     116          0          0 
       7     117          0          0 
       7     118          0          0 
       7     119          0          0 
       7     120          0          0 
       7     121          0          0 
       7     122          0          0 
       7     123          0          0 
       7     124          0          0 
       7     125          0          0 
       8       1          8          1 
       8       2          8          1 
       8       3          0          0 
       8       4          0          0 
       8       5          0          0 
       8       6          0          0 
       8       7          8          1 
       8       8         26          5 
       8       9          1          1 
       8      10          1          1 
       8      11          1          1 
       8      12          0          0 
       8      13          1          1 
       8      14          0          0 
       8      15          1          1 
       8      16          1          1 
       8      17          1          1 
       8      18          0          0 
       8      19          0          0 
       8      20          0          0 
       8      21          0          0 
       8      22          0          0 
       8      23          0          0 
       8      24          0          0 
       8      25          1          1 
       8      26          0          0 
       8      27          1          1 
       8      28          1          1 
       8      29          1          1 
       8      30          0          0 
       8      31          0          0 
       8      32          0          0 
       8      33          0          0 
       8      34          0          0 
       8      35          0          0 
       8      36          2          0 
       8      37          1          1 
       8      38          0          0 
       8      39          0          0 
       8      40          0          0 
       8      41          0          0 
       8      42          1          1 
       8      43          0          0 
       8      44          1          1 
       8      45          1          1 
       8      46          1          1 
       8      47          0          0 
       8      48          0          0 
       8      49          0          0 
       8      50          0          0 
       8      51          0          0 
       8      52          0          0 
       8      53          0          0 
       8      54          0          0 
       8      55          0          0 
       8      56          0          0 
       8      57          0          0 
       8      58          0          0 
       8      59          0          0 
       8      60          0          0 
       8      61          0          0 
       8      62          0          0 
       8      63          0          0 
       8      64          0          0 
       8      65          0          0 
       8      66          0          0 
       8      67          0          0 
       8      68          0          0 
       8      69          0          0 
       8      70          0          0 
       8      71          0          0 
       8      72          0          0 
       8      73          0          0 
       8      74          0          0 
       8      75          0          0 
       8      76          2          0 
       8      77          1          1 
       8      78          0          0 
       8      79          0          0 
       8      80          0          0 
       8      81          0          0 
       8      82          1          1 
       8      83          0          0 
       8      84          1          1 
       8      85          1          1 
       8      86          1          1 
       8      87          0          0 
       8      88          0          0 
       8      89          0          0 
       8      90          0          0 
       8      91          0          0 
       8      92          0          0 
       8      93          0          0 
       8      94          0          0 
       8      95          0          0 
       8      96          0          0 
       8      97          0          0 
       8      98          0          0 
       8      99          0          0 
       8     100          0          0 
       8     101          0          0 
       8     102          0          0 
       8     103          0          0 
       8     104          0          0 
       8     105          0          0 
       8     106          0          0 
       8     107          0          0 
       8     108          0          0 
       8     109          0          0 
       8     110          0          0 
       8     111          0          0 
       8     112          0          0 
       8     113          0          0 
       8     114          0          0 
       8     115          0          0 
       8     116          0          0 
       8     117          0          0 
       8     118          0          0 
       8     119          0          0 
       8     120          0          0 
       8     121          0          0 
       8     122          0          0 
       8     123          0          0 
       8     124          0          0 
       8     125          0          0 
       9       1          8          1 
       9       2          2          0 
       9       3          8          1 
       9       4          2          0 
       9       5          0          0 
       9       6          0          0 
       9       7          8          1 
       9       8          9          1 
       9       9         26          5 
       9      10          1          0 
       9      11          1          1 
       9      12          1          1 
       9      13          2          0 
       9      14          1          1 
       9      15          1          1 
       9      16          1          0 
       9      17          1          1 
       9      18          1          1 
       9      19          0          0 
       9      20          0          0 
       9      21          1          0 
       9      22          0          0 
       9      23          0          0 
       9      24          0          0 
       9      25          2          0 
       9      26          1          1 
       9      27          1          1 
       9      28          1          0 
       9      29          1          1 
       9      30          1          1 
       9      31          0          0 
       9      32          0          0 
       9      33          0          0 
       9      34          0          0 
       9      35          0          0 
       9      36          2          0 
       9      37          2          0 
       9      38          1          1 
       9      39          0          0 
       9      40          0          0 
       9      41          0          0 
       9      42          2          0 
       9      43          1          1 
       9      44          1          1 
       9      45          1          0 
       9      46          1          1 
       9      47          1          1 
       9      48          0          0 
       9      49          0          0 
       9      50          0          0 
       9      51          0          0 
       9      52          0          0 
       9      53          0          0 
       9      54          0          0 
       9      55          0          0 
       9      56          0          0 
       9      57          0          0 
       9      58          0          0 
       9      59          0          0 
       9      60          0          0 
       9      61          0          0 
       9      62          0          0 
       9      63          0          0 
       9      64          0          0 
       9      65          0          0 
       9      66          0          0 
       9      67          0          0 
       9      68          0          0 
       9      69          0          0 
       9      70          0          0 
       9      71          0          0 
       9      72          0          0 
       9      73          0          0 
       9      74          0          0 
       9      75          0          0 
       9      76          2          0 
       9      77          2          0 
       9      78          1          1 
       9      79          0          0 
       9      80          0          0 
       9      81          0          0 
       9      82          2          0 
       9      83          1          1 
       9      84          1          1 
       9      85          1          0 
       9      86          1          1 
       9      87          1          1 
       9      88          0          0 
       9      89          0          0 
       9      90          0          0 
       9      91          0          0 
       9      92          0          0 
       9      93          0          0 
       9      94          0          0 
       9      95          0          0 
       9      96          0          0 
       9      97          0          0 
       9      98          0          0 
       9      99          0          0 
       9     100          0          0 
       9     101          0          0 
       9     102          0          0 
       9     103          0          0 
       9     104          0          0 
       9     105          0          0 
       9     106          0          0 
       9     107          0          0 
       9     108          0          0 
       9     109          0          0 
       9     110          0          0 
       9     111          0          0 
       9     112          0          0 
       9     113          0          0 
       9     114          0          0 
       9     115          0          0 
       9     116          0          0 
       9     117          0          0 
       9     118          0          0 
       9     119          0          0 
       9     120          0          0 
       9     121          0          0 
       9     122          0          0 
       9     123          0          0 
       9     124          0          0 
       9     125          0          0 
      10       1          1          0 
      10       2          7          1 
      10       3          0          0 
      10       4          2          0 
      10       5          0          0 
      10       6          0          0 
      10       7          1          0 
      10       8          8          1 
      10       9          0          0 
      10      10         18          4 
      10      11          1          1 
      10      12          0          0 
      10      13          1          0 
      10      14          0          0 
      10      15          0          0 
      10      16          1          1 
      10      17          0          0 
      10      18          0          0 
      10      19          1          1 
      10      20          0          0 
      10      21          1          0 
      10      22          0          0 
      10      23          0          0 
      10      24          0          0 
      10      25          1          0 
      10      26          0          0 
      10      27          0          0 
      10      28          1          1 
      10      29          0          0 
      10      30          0          0 
      10      31          1          1 
      10      32          0          0 
      10      33          0          0 
      10      34          0          0 
      10      35          0          0 
      10      36          0          0 
      10      37          2          0 
      10      38          0          0 
      10      39          1          1 
      10      40          0          0 
      10      41          0          0 
      10      42          1          0 
      10      43          0          0 
      10      44          0          0 
      10      45          1          1 
      10      46          0          0 
      10      47          0          0 
      10      48          1          1 
      10      49          0          0 
      10      50          0          0 
      10      51          0          0 
      10      52          0          0 
      10      53          0          0 
      10      54          0          0 
      10      55          0          0 
      10      56          0          0 
      10      57          0          0 
      10      58          0          0 
      10      59          0          0 
      10      60          0          0 
      10      61          0          0 
      10      62          0          0 
      10      63          0          0 
      10      64          0          0 
      10      65          0          0 
      10      66          0          0 
      10      67          0          0 
      10      68          0          0 
      10      69          0          0 
      10      70          0          0 
      10      71          0          0 
      10      72          0          0 
      10      73          0          0 
      10      74          0          0 
      10      75          0          0 
      10      76          0          0 
      10      77          2          0 
      10      78          0          0 
      10      79          1          1 
      10      80          0          0 
      10      81          0          0 
      10      82          1          0 
      10      83          0          0 
      10      84          0          0 
      10      85          1          1 
      10      86          0          0 
      10      87          0          0 
      10      88          1          1 
      10      89          0          0 
      10      90          0          0 
      10      91          0          0 
      10      92          0          0 
      10      93          0          0 
      10      94          0          0 
      10      95          0          0 
      10      96          0          0 
      10      97          0          0 
      10      98          0          0 
      10      99          0          0 
      10     100          0          0 
      10     101          0          0 
      10     102          0          0 
      10     103          0          0 
      10     104          0          0 
      10     105          0          0 
      10     106          0          0 
      10     107          0          0 
      10     108          0          0 
      10     109          0          0 
      10     110          0          0 
      10     111          0          0 
      10     112          0          0 
      10     113          0          0 
      10     114          0          0 
      10     115          0          0 
      10     116          0          0 
      10     117          0          0 
      10     118          0          0 
      10     119          0          0 
      10     120          0          0 
      10     121          0          0 
      10     122          0          0 
      10     123          0          0 
      10     124          0          0 
      10     125          0          0 
      11       1          2          0 
      11       2          8          1 
      11       3          8          1 
      11       4          2          0 
      11       5          2          0 
      11       6          0          0 
      11       7          1          0 
      11       8          9          1 
      11       9          9          1 
      11      10          8          1 
      11      11         26          5 
      11      12          1          1 
      11      13          1          0 
      11      14          1          0 
      11      15          0          0 
      11      16          2          0 
      11      17          1          1 
      11      18          0          0 
      11      19          1          1 
      11      20          1          1 
      11      21          1          0 
      11      22          1          0 
      11      23          0          0 
      11      24          0          0 
      11      25          1          0 
      11      26          1          0 
      11      27          0          0 
      11      28          2          0 
      11      29          1          1 
      11      30          0          0 
      11      31          1          1 
      11      32          1          1 
      11      33          0          0 
      11      34          0          0 
      11      35          0          0 
      11      36          0          0 
      11      37          2          0 
      11      38          2          0 
      11      39          2          0 
      11      40          1          1 
      11      41          0          0 
      11      42          1          0 
      11      43          1          0 
      11      44          0          0 
      11      45          2          0 
      11      46          1          1 
      11      47          0          0 
      11      48          1          1 
      11      49          1          1 
      11      50          0          0 
      11      51          0          0 
      11      52          0          0 
      11      53          0          0 
      11      54          0          0 
      11      55          0          0 
      11      56          0          0 
      11      57          0          0 
      11      58          0          0 
      11      59          0          0 
      11      60          0          0 
      11      61          0          0 
      11      62          0          0 
      11      63          0          0 
      11      64          0          0 
      11      65          0          0 
      11      66          0          0 
      11      67          0          0 
      11      68          0          0 
      11      69          0          0 
      11      70          0          0 
      11      71          0          0 
      11      72          0          0 
      11      73          0          0 
      11      74          0          0 
      11      75          0          0 
      11      76          0          0 
      11      77          2          0 
      11      78          2          0 
      11      79          2          0 
      11      80          1          1 
      11      81          0          0 
      11      82          1          0 
      11      83          1          0 
      11      84          0          0 
      11      85          2          0 
      11      86          1          1 
      11      87          0          0 
      11      88          1          1 
      11      89          1          1 
      11      90          0          0 
      11      91          0          0 
      11      92          0          0 
      11      93          0          0 
      11      94          0          0 
      11      95          0          0 
      11      96          0          0 
      11      97          0          0 
      11      98          0          0 
      11      99          0          0 
      11     100          0          0 
      11     101          0          0 
      11     102          0          0 
      11     103          0          0 
      11     104          0          0 
      11     105          0          0 
      11     106          0          0 
      11     107          0          0 
      11     108          0          0 
      11     109          0          0 
      11     110          0          0 
      11     111          0          0 
      11     112          0          0 
      11     113          0          0 
      11     114          0          0 
      11     115          0          0 
      11     116          0          0 
      11     117          0          0 
      11     118          0          0 
      11     119          0          0 
      11     120          0          0 
      11     121          0          0 
      11     122          0          0 
      11     123          0          0 
      11     124          0          0 
      11     125          0          0 
      12       1          1          0 
      12       2          1          0 
      12       3          7          1 
      12       4          0          0 
      12       5          2          0 
      12       6          2          0 
      12       7          1          0 
      12       8          1          0 
      12       9          8          1 
      12      10          1          0 
      12      11          8          1 
      12      12         18          4 
      12      13          0          0 
      12      14          1          0 
      12      15          1          0 
      12      16          0          0 
      12      17          2          0 
      12      18          1          1 
      12      19          1          0 
      12      20          1          1 
      12      21          0          0 
      12      22          1          0 
      12      23          1          0 
      12      24          0          0 
      12      25          0          0 
      12      26          1          0 
      12      27          1          0 
      12      28          0          0 
      12      29          2          0 
      12      30          1          1 
      12      31          1          0 
      12      32          1          1 
      12      33          0          0 
      12      34          0          0 
      12      35          0          0 
      12      36          0          0 
      12      37          0          0 
      12      38          2          0 
      12      39          0          0 
      12      40          2          0 
      12      41          1          1 
      12      42          0          0 
      12      43          1          0 
      12      44          1          0 
      12      45          0          0 
      12      46          2          0 
      12      47          1          1 
      12      48          1          0 
      12      49          1          1 
      12      50          0          0 
      12      51          0          0 
      12      52          0          0 
      12      53          0          0 
      12      54          0          0 
      12      55          0          0 
      12      56          0          0 
      12      57          0          0 
      12      58          0          0 
      12      59          0          0 
      12      60          0          0 
      12      61          0          0 
      12      62          0          0 
      12      63          0          0 
      12      64          0          0 
      12      65          0          0 
      12      66          0          0 
      12      67          0          0 
      12      68          0          0 
      12      69          0          0 
      12      70          0          0 
      12      71          0          0 
      12      72          0          0 
      12      73          0          0 
      12      74          0          0 
      12      75          0          0 
      12      76          0          0 
      12      77          0          0 
      12      78          2          0 
      12      79          0          0 
      12      80          2          0 
      12      81          1          1 
      12      82          0          0 
      12      83          1          0 
      12      84          1          0 
      12      85          0          0 
      12      86          2          0 
      12      87          1          1 
      12      88          1          0 
      12      89          1          1 
      12      90          0          0 
      12      91          0          0 
      12      92          0          0 
      12      93          0          0 
      12      94          0          0 
      12      95          0          0 
      12      96          0          0 
      12      97          0          0 
      12      98          0          0 
      12      99          0          0 
      12     100          0          0 
      12     101          0          0 
      12     102          0          0 
      12     103          0          0 
      12     104          0          0 
      12     105          0          0 
      12     106          0          0 
      12     107          0          0 
      12     108          0          0 
      12     109          0          0 
      12     110          0          0 
      12     111          0          0 
      12     112          0          0 
      12     113          0          0 
      12     114          0          0 
      12     115          0          0 
      12     116          0          0 
      12     117          0          0 
      12     118          0          0 
      12     119          0          0 
      12     120          0          0 
      12     121          0          0 
      12     122          0          0 
      12     123          0          0 
      12     124          0          0 
      12     125          0          0 
      13       1          1          0 
      13       2          1          0 
      13       3          0          0 
      13       4          7          1 
      13       5          0          0 
      13       6          0          0 
      13       7          7          1 
      13       8          8          1 
      13       9          0          0 
      13      10          0          0 
      13      11          0          0 
      13      12          0          0 
      13      13         18          4 
      13      14          1          1 
      13      15          1          1 
      13      16          1          1 
      13      17          1          1 
      13      18          0          0 
      13      19          0          0 
      13      20          0          0 
      13      21          1          0 
      13      22          0          0 
      13      23          0          0 
      13      24          0          0 
      13      25          1          1 
      13      26          0          0 
      13      27          0          0 
      13      28          0          0 
      13      29          0          0 
      13      30          0          0 
      13      31          0          0 
      13      32          0          0 
      13      33          1          1 
      13      34          0          0 
      13      35          0          0 
      13      36          1          0 
      13      37          1          0 
      13      38          0          0 
      13      39          0          0 
      13      40          0          0 
      13      41          0          0 
      13      42          1          1 
      13      43          0          0 
      13      44          0          0 
      13      45          0          0 
      13      46          0          0 
      13      47          0          0 
      13      48          0          0 
      13      49          0          0 
      13      50          1          1 
      13      51          1          1 
      13      52          0          0 
      13      53          0          0 
      13      54          0          0 
      13      55          0          0 
      13      56          0          0 
      13      57          0          0 
      13      58          0          0 
      13      59          0          0 
      13      60          0          0 
      13      61          0          0 
      13      62          0          0 
      13      63          0          0 
      13      64          0          0 
      13      65          0          0 
      13      66          0          0 
      13      67          0          0 
      13      68          0          0 
      13      69          0          0 
      13      70          0          0 
      13      71          0          0 
      13      72          0          0 
      13      73          0          0 
      13      74          0          0 
      13      75          0          0 
      13      76          1          0 
      13      77          1          0 
      13      78          0          0 
      13      79          0          0 
      13      80          0          0 
      13      81          0          0 
      13      82          1          1 
      13      83          0          0 
      13      84          0          0 
      13      85          0          0 
      13      86          0          0 
      13      87          0          0 
      13      88          0          0 
      13      89          0          0 
      13      90          1          1 
      13      91          1          1 
      13      92          0          0 
      13      93          0          0 
      13      94          0          0 
      13      95          0          0 
      13      96          0          0 
      13      97          0          0 
      13      98          0          0 
      13      99          0          0 
      13     100          0          0 
      13     101          0          0 
      13     102          0          0 
      13     103          0          0 
      13     104          0          0 
      13     105          0          0 
      13     106          0          0 
      13     107          0          0 
      13     108          0          0 
      13     109          0          0 
      13     110          0          0 
      13     111          0          0 
      13     112          0          0 
      13     113          0          0 
      13     114          0          0 
      13     115          0          0 
      13     116          0          0 
      13     117          0          0 
      13     118          0          0 
      13     119          0          0 
      13     120          0          0 
      13     121          0          0 
      13     122          0          0 
      13     123          0          0 
      13     124          0          0 
      13     125          0          0 
      14       1          1          0 
      14       2          0          0 
      14       3          1          0 
      14       4          1          0 
      14       5          7          1 
      14       6          0          0 
      14       7          7          1 
      14       8          2          0 
      14       9          8          1 
      14      10          0          0 
      14      11          0          0 
      14      12          0          0 
      14      13          7          1 
      14      14         18          4 
      14      15          1          1 
      14      16          1          0 
      14      17          1          1 
      14      18          1          1 
      14      19          0          0 
      14      20          0          0 
      14      21          0          0 
      14      22          1          0 
      14      23          0          0 
      14      24          0          0 
      14      25          2          0 
      14      26          1          1 
      14      27          0          0 
      14      28          0          0 
      14      29          0          0 
      14      30          0          0 
      14      31          0          0 
      14      32          0          0 
      14      33          1          1 
      14      34          0          0 
      14      35          0          0 
      14      36          1          0 
      14      37          0          0 
      14      38          1          0 
      14      39          0          0 
      14      40          0          0 
      14      41          0          0 
      14      42          2          0 
      14      43          1          1 
      14      44          0          0 
      14      45          0          0 
      14      46          0          0 
      14      47          0          0 
      14      48          0          0 
      14      49          0          0 
      14      50          1          0 
      14      51          1          1 
      14      52          1          1 
      14      53          0          0 
      14      54          0          0 
      14      55          0          0 
      14      56          0          0 
      14      57          0          0 
      14      58          0          0 
      14      59          0          0 
      14      60          0          0 
      14      61          0          0 
      14      62          0          0 
      14      63          0          0 
      14      64          0          0 
      14      65          0          0 
      14      66          0          0 
      14      67          0          0 
      14      68          0          0 
      14      69          0          0 
      14      70          0          0 
      14      71          0          0 
      14      72          0          0 
      14      73          0          0 
      14      74          0          0 
      14      75          0          0 
      14      76          1          0 
      14      77          0          0 
      14      78          1          0 
      14      79          0          0 
      14      80          0          0 
      14      81          0          0 
      14      82          2          0 
      14      83          1          1 
      14      84          0          0 
      14      85          0          0 
      14      86          0          0 
      14      87          0          0 
      14      88          0          0 
      14      89          0          0 
      14      90          1          0 
      14      91          1          1 
      14      92          1          1 
      14      93          0          0 
      14      94          0          0 
      14      95          0          0 
      14      96          0          0 
      14      97          0          0 
      14      98          0          0 
      14      99          0          0 
      14     100          0          0 
      14     101          0          0 
      14     102          0          0 
      14     103          0          0 
      14     104          0          0 
      14     105          0          0 
      14     106          0          0 
      14     107          0          0 
      14     108          0          0 
      14     109          0          0 
      14     110          0          0 
      14     111          0          0 
      14     112          0          0 
      14     113          0          0 
      14     114          0          0 
      14     115          0          0 
      14     116          0          0 
      14     117          0          0 
      14     118          0          0 
      14     119          0          0 
      14     120          0          0 
      14     121          0          0 
      14     122          0          0 
      14     123          0          0 
      14     124          0          0 
      14     125          0          0 
      15       1          0          0 
      15       2          1          0 
      15       3          1          0 
      15       4          7          1 
      15       5          7          1 
      15       6          8          1 
      15       7          2          0 
      15       8          8          1 
      15       9          8          1 
      15      10          1          0 
      15      11          2          0 
      15      12          0          0 
      15      13          7          1 
      15      14          7          1 
      15      15         26          5 
      15      16          2          0 
      15      17          4          0 
      15      18          0          0 
      15      19          1          1 
      15      20          1          1 
      15      21          1          0 
      15      22          1          0 
      15      23          1          0 
      15      24          0          0 
      15      25          2          0 
      15      26          2          0 
      15      27          1          1 
      15      28          1          0 
      15      29          0          0 
      15      30          0          0 
      15      31          0          0 
      15      32          0          0 
      15      33          1          1 
      15      34          1          1 
      15      35          1          1 
      15      36          0          0 
      15      37          1          0 
      15      38          1          0 
      15      39          0          0 
      15      40          0          0 
      15      41          0          0 
      15      42          1          0 
      15      43          1          0 
      15      44          1          1 
      15      45          1          0 
      15      46          0          0 
      15      47          0          0 
      15      48          0          0 
      15      49          0          0 
      15      50          1          0 
      15      51          0          0 
      15      52          0          0 
      15      53          1          1 
      15      54          1          1 
      15      55          0          0 
      15      56          0          0 
      15      57          0          0 
      15      58          0          0 
      15      59          0          0 
      15      60          0          0 
      15      61          0          0 
      15      62          0          0 
      15      63          0          0 
      15      64          0          0 
      15      65          0          0 
      15      66          0          0 
      15      67          0          0 
      15      68          0          0 
      15      69          0          0 
      15      70          0          0 
      15      71          0          0 
      15      72          0          0 
      15      73          0          0 
      15      74          0          0 
      15      75          0          0 
      15      76          0          0 
      15      77          1          0 
      15      78          1          0 
      15      79          0          0 
      15      80          0          0 
      15      81          0          0 
      15      82          1          0 
      15      83          1          0 
      15      84          1          1 
      15      85          1          0 
      15      86          0          0 
      15      87          0          0 
      15      88          0          0 
      15      89          0          0 
      15      90          1          0 
      15      91          0          0 
      15      92          0          0 
      15      93          1          1 
      15      94          1          1 
      15      95          0          0 
      15      96          0          0 
      15      97          0          0 
      15      98          0          0 
      15      99          0          0 
      15     100          0          0 
      15     101          0          0 
      15     102          0          0 
      15     103          0          0 
      15     104          0          0 
      15     105          0          0 
      15     106          0          0 
      15     107          0          0 
      15     108          0          0 
      15     109          0          0 
      15     110          0          0 
      15     111          0          0 
      15     112          0          0 
      15     113          0          0 
      15     114          0          0 
      15     115          0          0 
      15     116          0          0 
      15     117          0          0 
      15     118          0          0 
      15     119          0          0 
      15     120          0          0 
      15     121          0          0 
      15     122          0          0 
      15     123          0          0 
      15     124          0          0 
      15     125          0          0 
      16       1          1          0 
      16       2          1          0 
      16       3          0          0 
      16       4          7          1 
      16       5          0          0 
      16       6          0          0 
      16       7          1          0 
      16       8          8          1 
      16       9          0          0 
      16      10          7          1 
      16      11          0          0 
      16      12          0          0 
      16      13          7          1 
      16      14          0          0 
      16      15          0          0 
      16      16         18          4 
      16      17          1          1 
      16      18          0          0 
      16      19          1          1 
      16      20          0          0 
      16      21          1          0 
      16      22          0          0 
      16      23          0          0 
      16      24          0          0 
      16      25          1          0 
      16      26          0          0 
      16      27          0          0 
      16      28          1          1 
      16      29          0          0 
      16      30          0          0 
      16      31          0          0 
      16      32          0          0 
      16      33          0          0 
      16      34          1          1 
      16      35          0          0 
      16      36          0          0 
      16      37          1          0 
      16      38          0          0 
      16      39          1          0 
      16      40          0          0 
      16      41          0          0 
      16      42          2          0 
      16      43          0          0 
      16      44          0          0 
      16      45          1          1 
      16      46          0          0 
      16      47          0          0 
      16      48          0          0 
      16      49          0          0 
      16      50          1          1 
      16      51          0          0 
      16      52          0          0 
      16      53          1          1 
      16      54          0          0 
      16      55          0          0 
      16      56          0          0 
      16      57          0          0 
      16      58          0          0 
      16      59          0          0 
      16      60          0          0 
      16      61          0          0 
      16      62          0          0 
      16      63          0          0 
      16      64          0          0 
      16      65          0          0 
      16      66          0          0 
      16      67          0          0 
      16      68          0          0 
      16      69          0          0 
      16      70          0          0 
      16      71          0          0 
      16      72          0          0 
      16      73          0          0 
      16      74          0          0 
      16      75          0          0 
      16      76          0          0 
      16      77          1          0 
      16      78          0          0 
      16      79          1          0 
      16      80          0          0 
      16      81          0          0 
      16      82          2          0 
      16      83          0          0 
      16      84          0          0 
      16      85          1          1 
      16      86          0          0 
      16      87          0          0 
      16      88          0          0 
      16      89          0          0 
      16      90          1          1 
      16      91          0          0 
      16      92          0          0 
      16      93          1          1 
      16      94          0          0 
      16      95          0          0 
      16      96          0          0 
      16      97          0          0 
      16      98          0          0 
      16      99          0          0 
      16     100          0          0 
      16     101          0          0 
      16     102          0          0 
      16     103          0          0 
      16     104          0          0 
      16     105          0          0 
      16     106          0          0 
      16     107          0          0 
      16     108          0          0 
      16     109          0          0 
      16     110          0          0 
      16     111          0          0 
      16     112          0          0 
      16     113          0          0 
      16     114          0          0 
      16     115          0          0 
      16     116          0          0 
      16     117          0          0 
      16     118          0          0 
      16     119          0          0 
      16     120          0          0 
      16     121          0          0 
      16     122          0          0 
      16     123          0          0 
      16     124          0          0 
      16     125          0          0 
      17       1          1          0 
      17       2          1          0 
      17       3          1          0 
      17       4          8          1 
      17       5          8          1 
      17       6          2          0 
      17       7          2          0 
      17       8          9          1 
      17       9          9          1 
      17      10          2          0 
      17      11          9          1 
      17      12          0          0 
      17      13          8          1 
      17      14          8          1 
      17      15          0          0 
      17      16          8          1 
      17      17         26          5 
      17      18          1          1 
      17      19          1          1 
      17      20          1          1 
      17      21          1          0 
      17      22          1          0 
      17      23          0          0 
      17      24          0          0 
      17      25          1          0 
      17      26          1          0 
      17      27          0          0 
      17      28          2          0 
      17      29          1          1 
      17      30          0          0 
      17      31          0          0 
      17      32          0          0 
      17      33          0          0 
      17      34          1          1 
      17      35          1          1 
      17      36          0          0 
      17      37          1          0 
      17      38          1          0 
      17      39          0          0 
      17      40          1          0 
      17      41          0          0 
      17      42          2          0 
      17      43          2          0 
      17      44          0          0 
      17      45          2          0 
      17      46          1          1 
      17      47          0          0 
      17      48          0          0 
      17      49          0          0 
      17      50          2          0 
      17      51          1          1 
      17      52          0          0 
      17      53          1          1 
      17      54          1          1 
      17      55          0          0 
      17      56          0          0 
      17      57          0          0 
      17      58          0          0 
      17      59          0          0 
      17      60          0          0 
      17      61          0          0 
      17      62          0          0 
      17      63          0          0 
      17      64          0          0 
      17      65          0          0 
      17      66          0          0 
      17      67          0          0 
      17      68          0          0 
      17      69          0          0 
      17      70          0          0 
      17      71          0          0 
      17      72          0          0 
      17      73          0          0 
      17      74          0          0 
      17      75          0          0 
      17      76          0          0 
      17      77          1          0 
      17      78          1          0 
      17      79          0          0 
      17      80          1          0 
      17      81          0          0 
      17      82          2          0 
      17      83          2          0 
      17      84          0          0 
      17      85          2          0 
      17      86          1          1 
      17      87          0          0 
      17      88          0          0 
      17      89          0          0 
      17      90          2          0 
      17      91          1          1 
      17      92          0          0 
      17      93          1          1 
      17      94          1          1 
      17      95          0          0 
      17      96          0          0 
      17      97          0          0 
      17      98          0          0 
      17      99          0          0 
      17     100          0          0 
      17     101          0          0 
      17     102          0          0 
      17     103          0          0 
      17     104          0          0 
      17     105          0          0 
      17     106          0          0 
      17     107          0          0 
      17     108          0          0 
      17     109          0          0 
      17     110          0          0 
      17     111          0          0 
      17     112          0          0 
      17     113          0          0 
      17     114          0          0 
      17     115          0          0 
      17     116          0          0 
      17     117          0          0 
      17     118          0          0 
      17     119          0          0 
      17     120          0          0 
      17     121          0          0 
      17     122          0          0 
      17     123          0          0 
      17     124          0          0 
      17     125          0          0 
      18       1          1          0 
      18       2          0          0 
      18       3          1          0 
      18       4          1          0 
      18       5          7          1 
      18       6          1          0 
      18       7          1          0 
      18       8          1          0 
      18       9          8          1 
      18      10          0          0 
      18      11          2          0 
      18      12          7          1 
      18      13          1          0 
      18      14          7          1 
      18      15          2          0 
      18      16          1          0 
      18      17          8          1 
      18      18         18          4 
      18      19          1          0 
      18      20          1          1 
      18      21          0          0 
      18      22          1          0 
      18      23          0          0 
      18      24          1          0 
      18      25          0          0 
      18      26          1          0 
      18      27          1          0 
      18      28          0          0 
      18      29          2          0 
      18      30          1          1 
      18      31          0          0 
      18      32          0          0 
      18      33          1          0 
      18      34          1          0 
      18      35          1          1 
      18      36          0          0 
      18      37          0          0 
      18      38          1          0 
      18      39          0          0 
      18      40          0          0 
      18      41          1          0 
      18      42          0          0 
      18      43          2          0 
      18      44          1          0 
      18      45          0          0 
      18      46          2          0 
      18      47          1          1 
      18      48          0          0 
      18      49          0          0 
      18      50          0          0 
      18      51          2          0 
      18      52          1          1 
      18      53          1          0 
      18      54          1          1 
      18      55          0          0 
      18      56          0          0 
      18      57          0          0 
      18      58          0          0 
      18      59          0          0 
      18      60          0          0 
      18      61          0          0 
      18      62          0          0 
      18      63          0          0 
      18      64          0          0 
      18      65          0          0 
      18      66          0          0 
      18      67          0          0 
      18      68          0          0 
      18      69          0          0 
      18      70          0          0 
      18      71          0          0 
      18      72          0          0 
      18      73          0          0 
      18      74          0          0 
      18      75          0          0 
      18      76          0          0 
      18      77          0          0 
      18      78          1          0 
      18      79          0          0 
      18      80          0          0 
      18      81          1          0 
      18      82          0          0 
      18      83          2          0 
      18      84          1          0 
      18      85          0          0 
      18      86          2          0 
      18      87          1          1 
      18      88          0          0 
      18      89          0          0 
      18      90          0          0 
      18      91          2          0 
      18      92          1          1 
      18      93          1          0 
      18      94          1          1 
      18      95          0          0 
      18      96          0          0 
      18      97          0          0 
      18      98          0          0 
      18      99          0          0 
      18     100          0          0 
      18     101          0          0 
      18     102          0          0 
      18     103          0          0 
      18     104          0          0 
      18     105          0          0 
      18     106          0          0 
      18     107          0          0 
      18     108          0          0 
      18     109          0          0 
      18     110          0          0 
      18     111          0          0 
      18     112          0          0 
      18     113          0          0 
      18     114          0          0 
      18     115          0          0 
      18     116          0          0 
      18     117          0          0 
      18     118          0          0 
      18     119          0          0 
      18     120          0          0 
      18     121          0          0 
      18     122          0          0 
      18     123          0          0 
      18     124          0          0 
      18     125          0          0 
      19       1          0          0 
      19       2          1          0 
      19       3          1          0 
      19       4          1          0 
      19       5          1          0 
      19       6          7          1 
      19       7          0          0 
      19       8          2          0 
      19       9          1          0 
      19      10          7          1 
      19      11          8          1 
      19      12          0          0 
      19      13          1          0 
      19      14          1          0 
      19      15          7          1 
      19      16          7          1 
      19      17          8          1 
      19      18          0          0 
      19      19         18          4 
      19      20          1          1 
      19      21          0          0 
      19      22          0          0 
      19      23          1          0 
      19      24          1          0 
      19      25          0          0 
      19      26          0          0 
      19      27          2          0 
      19      28          2          0 
      19      29          2          0 
      19      30          0          0 
      19      31          1          1 
      19      32          0          0 
      19      33          1          0 
      19      34          1          1 
      19      35          0          0 
      19      36          0          0 
      19      37          0          0 
      19      38          0          0 
      19      39          1          0 
      19      40          1          0 
      19      41          0          0 
      19      42          0          0 
      19      43          0          0 
      19      44          2          0 
      19      45          2          0 
      19      46          2          0 
      19      47          0          0 
      19      48          1          1 
      19      49          0          0 
      19      50          1          0 
      19      51          1          0 
      19      52          0          0 
      19      53          1          1 
      19      54          0          0 
      19      55          1          1 
      19      56          0          0 
      19      57          0          0 
      19      58          0          0 
      19      59          0          0 
      19      60          0          0 
      19      61          0          0 
      19      62          0          0 
      19      63          0          0 
      19      64          0          0 
      19      65          0          0 
      19      66          0          0 
      19      67          0          0 
      19      68          0          0 
      19      69          0          0 
      19      70          0          0 
      19      71          0          0 
      19      72          0          0 
      19      73          0          0 
      19      74          0          0 
      19      75          0          0 
      19      76          0          0 
      19      77          0          0 
      19      78          0          0 
      19      79          1          0 
      19      80          1          0 
      19      81          0          0 
      19      82          0          0 
      19      83          0          0 
      19      84          2          0 
      19      85          2          0 
      19      86          2          0 
      19      87          0          0 
      19      88          1          1 
      19      89          0          0 
      19      90          1          0 
      19      91          1          0 
      19      92          0          0 
      19      93          1          1 
      19      94          0          0 
      19      95          1          1 
      19      96          0          0 
      19      97          0          0 
      19      98          0          0 
      19      99          0          0 
      19     100          0          0 
      19     101          0          0 
      19     102          0          0 
      19     103          0          0 
      19     104          0          0 
      19     105          0          0 
      19     106          0          0 
      19     107          0          0 
      19     108          0          0 
      19     109          0          0 
      19     110          0          0 
      19     111          0          0 
      19     112          0          0 
      19     113          0          0 
      19     114          0          0 
      19     115          0          0 
      19     116          0          0 
      19     117          0          0 
      19     118          0          0 
      19     119          0          0 
      19     120          0          0 
      19     121          0          0 
      19     122          0          0 
      19     123          0          0 
      19     124          0          0 
      19     125          0          0 
      20       1          0          0 
      20       2          1          0 
      20       3          1          0 
      20       4          1          0 
      20       5          1          0 
      20       6          7          1 
      20       7          0          0 
      20       8          1          0 
      20       9          2          0 
      20      10          1          0 
      20      11          8          1 
      20      12          7          1 
      20      13          1          0 
      20      14          1          0 
      20      15          7          1 
      20      16          1          0 
      20      17          8          1 
      20      18          7          1 
      20      19          7          1 
      20      20         18          4 
      20      21          0          0 
      20      22          0          0 
      20      23          1          0 
      20      24          1          0 
      20      25          0          0 
      20      26          0          0 
      20      27          2          0 
      20      28          0          0 
      20      29          2          0 
      20      30          2          0 
      20      31          1          0 
      20      32          1          1 
      20      33          1          0 
      20      34          1          0 
      20      35          1          1 
      20      36          0          0 
      20      37          0          0 
      20      38          0          0 
      20      39          0          0 
      20      40          1          0 
      20      41          1          0 
      20      42          0          0 
      20      43          0          0 
      20      44          2          0 
      20      45          0          0 
      20      46          2          0 
      20      47          2          0 
      20      48          2          0 
      20      49          1          1 
      20      50          0          0 
      20      51          1          0 
      20      52          1          0 
      20      53          2          0 
      20      54          1          1 
      20      55          1          1 
      20      56          0          0 
      20      57          0          0 
      20      58          0          0 
      20      59          0          0 
      20      60          0          0 
      20      61          0          0 
      20      62          0          0 
      20      63          0          0 
      20      64          0          0 
      20      65          0          0 
      20      66          0          0 
      20      67          0          0 
      20      68          0          0 
      20      69          0          0 
      20      70          0          0 
      20      71          0          0 
      20      72          0          0 
      20      73          0          0 
      20      74          0          0 
      20      75          0          0 
      20      76          0          0 
      20      77          0          0 
      20      78          0          0 
      20      79          0          0 
      20      80          1          0 
      20      81          1          0 
      20      82          0          0 
      20      83          0          0 
      20      84          2          0 
      20      85          0          0 
      20      86          2          0 
      20      87          2          0 
      20      88          2          0 
      20      89          1          1 
      20      90          0          0 
      20      91          1          0 
      20      92          1          0 
      20      93          2          0 
      20      94          1          1 
      20      95          1          1 
      20      96          0          0 
      20      97          0          0 
      20      98          0          0 
      20      99          0          0 
      20     100          0          0 
      20     101          0          0 
      20     102          0          0 
      20     103          0          0 
      20     104          0          0 
      20     105          0          0 
      20     106          0          0 
      20     107          0          0 
      20     108          0          0 
      20     109          0          0 
      20     110          0          0 
      20     111          0          0 
      20     112          0          0 
      20     113          0          0 
      20     114          0          0 
      20     115          0          0 
      20     116          0          0 
      20     117          0          0 
      20     118          0          0 
      20     119          0          0 
      20     120          0          0 
      20     121          0          0 
      20     122          0          0 
      20     123          0          0 
      20     124          0          0 
      20     125          0          0 
      21       1          7          1 
      21       2          7          1 
      21       3          0          0 
      21       4          9          1 
      21       5          0          0 
      21       6          0          0 
      21       7          1          0 
      21       8          2          0 
      21       9          0          0 
      21      10          0          0 
      21      11          0          0 
      21      12          0          0 
      21      13          0          0 
      21      14          0          0 
      21      15          0          0 
      21      16          0          0 
      21      17          0          0 
      21      18          0          0 
      21      19          0          0 
      21      20          0          0 
      21      21         26          5 
      21      22          1          1 
      21      23          1          1 
      21      24          1          1 
      21      25          1          1 
      21      26          0          0 
      21      27          1          1 
      21      28          1          1 
      21      29          1          1 
      21      30          0          0 
      21      31          0          0 
      21      32          0          0 
      21      33          0          0 
      21      34          0          0 
      21      35          0          0 
      21      36          2          0 
      21      37          4          0 
      21      38          0          0 
      21      39          0          0 
      21      40          0          0 
      21      41          0          0 
      21      42          0          0 
      21      43          0          0 
      21      44          0          0 
      21      45          0          0 
      21      46          0          0 
      21      47          0          0 
      21      48          0          0 
      21      49          0          0 
      21      50          0          0 
      21      51          0          0 
      21      52          0          0 
      21      53          0          0 
      21      54          0          0 
      21      55          0          0 
      21      56          1          1 
      21      57          0          0 
      21      58          1          1 
      21      59          1          1 
      21      60          1          1 
      21      61          0          0 
      21      62          0          0 
      21      63          0          0 
      21      64          0          0 
      21      65          0          0 
      21      66          0          0 
      21      67          0          0 
      21      68          0          0 
      21      69          0          0 
      21      70          0          0 
      21      71          0          0 
      21      72          0          0 
      21      73          0          0 
      21      74          0          0 
      21      75          0          0 
      21      76          1          0 
      21      77          0          0 
      21      78          0          0 
      21      79          0          0 
      21      80          0          0 
      21      81          0          0 
      21      82          0          0 
      21      83          0          0 
      21      84          0          0 
      21      85          0          0 
      21      86          0          0 
      21      87          0          0 
      21      88          0          0 
      21      89          0          0 
      21      90          0          0 
      21      91          0          0 
      21      92          0          0 
      21      93          0          0 
      21      94          0          0 
      21      95          0          0 
      21      96          1          1 
      21      97          0          0 
      21      98          1          1 
      21      99          1          1 
      21     100          1          1 
      21     101          0          0 
      21     102          0          0 
      21     103          0          0 
      21     104          0          0 
      21     105          0          0 
      21     106          0          0 
      21     107          0          0 
      21     108          0          0 
      21     109          0          0 
      21     110          0          0 
      21     111          0          0 
      21     112          0          0 
      21     113          0          0 
      21     114          0          0 
      21     115          0          0 
      21     116          0          0 
      21     117          0          0 
      21     118          0          0 
      21     119          0          0 
      21     120          0          0 
      21     121          0          0 
      21     122          0          0 
      21     123          0          0 
      21     124          0          0 
      21     125          0          0 
      22       1          7          1 
      22       2          2          0 
      22       3          7          1 
      22       4          2          0 
      22       5          9          1 
      22       6          0          0 
      22       7          1          0 
      22       8          1          0 
      22       9          2          0 
      22      10          0          0 
      22      11          0          0 
      22      12          0          0 
      22      13          0          0 
      22      14          0          0 
      22      15          0          0 
      22      16          0          0 
      22      17          0          0 
      22      18          0          0 
      22      19          0          0 
      22      20          0          0 
      22      21          8          1 
      22      22         26          5 
      22      23          1          1 
      22      24          1          1 
      22      25          1          0 
      22      26          1          1 
      22      27          1          1 
      22      28          1          0 
      22      29          1          1 
      22      30          1          1 
      22      31          0          0 
      22      32          0          0 
      22      33          0          0 
      22      34          0          0 
      22      35          0          0 
      22      36          2          0 
      22      37          2          0 
      22      38          4          0 
      22      39          0          0 
      22      40          0          0 
      22      41          0          0 
      22      42          0          0 
      22      43          0          0 
      22      44          0          0 
      22      45          0          0 
      22      46          0          0 
      22      47          0          0 
      22      48          0          0 
      22      49          0          0 
      22      50          0          0 
      22      51          0          0 
      22      52          0          0 
      22      53          0          0 
      22      54          0          0 
      22      55          0          0 
      22      56          1          0 
      22      57          1          1 
      22      58          1          1 
      22      59          1          0 
      22      60          1          1 
      22      61          1          1 
      22      62          0          0 
      22      63          0          0 
      22      64          0          0 
      22      65          0          0 
      22      66          0          0 
      22      67          0          0 
      22      68          0          0 
      22      69          0          0 
      22      70          0          0 
      22      71          0          0 
      22      72          0          0 
      22      73          0          0 
      22      74          0          0 
      22      75          0          0 
      22      76          1          0 
      22      77          1          0 
      22      78          0          0 
      22      79          0          0 
      22      80          0          0 
      22      81          0          0 
      22      82          0          0 
      22      83          0          0 
      22      84          0          0 
      22      85          0          0 
      22      86          0          0 
      22      87          0          0 
      22      88          0          0 
      22      89          0          0 
      22      90          0          0 
      22      91          0          0 
      22      92          0          0 
      22      93          0          0 
      22      94          0          0 
      22      95          0          0 
      22      96          1          0 
      22      97          1          1 
      22      98          1          1 
      22      99          1          0 
      22     100          1          1 
      22     101          1          1 
      22     102          0          0 
      22     103          0          0 
      22     104          0          0 
      22     105          0          0 
      22     106          0          0 
      22     107          0          0 
      22     108          0          0 
      22     109          0          0 
      22     110          0          0 
      22     111          0          0 
      22     112          0          0 
      22     113          0          0 
      22     114          0          0 
      22     115          0          0 
      22     116          0          0 
      22     117          0          0 
      22     118          0          0 
      22     119          0          0 
      22     120          0          0 
      22     121          0          0 
      22     122          0          0 
      22     123          0          0 
      22     124          0          0 
      22     125          0          0 
      23       1          2          0 
      23       2          7          1 
      23       3          7          1 
      23       4          2          0 
      23       5          2          0 
      23       6          9          1 
      23       7          0          0 
      23       8          1          0 
      23       9          1          0 
      23      10          1          0 
      23      11          2          0 
      23      12          0          0 
      23      13          0          0 
      23      14          0          0 
      23      15          0          0 
      23      16          0          0 
      23      17          0          0 
      23      18          0          0 
      23      19          0          0 
      23      20          0          0 
      23      21          8          1 
      23      22          8          1 
      23      23         26          5 
      23      24          1          1 
      23      25          1          0 
      23      26          1          0 
      23      27          1          1 
      23      28          1          0 
      23      29          0          0 
      23      30          0          0 
      23      31          1          1 
      23      32          1          1 
      23      33          0          0 
      23      34          0          0 
      23      35          0          0 
      23      36          0          0 
      23      37          2          0 
      23      38          2          0 
      23      39          2          0 
      23      40          4          0 
      23      41          0          0 
      23      42          0          0 
      23      43          0          0 
      23      44          0          0 
      23      45          0          0 
      23      46          0          0 
      23      47          0          0 
      23      48          0          0 
      23      49          0          0 
      23      50          0          0 
      23      51          0          0 
      23      52          0          0 
      23      53          0          0 
      23      54          0          0 
      23      55          0          0 
      23      56          1          0 
      23      57          1          0 
      23      58          1          1 
      23      59          1          0 
      23      60          0          0 
      23      61          0          0 
      23      62          1          1 
      23      63          1          1 
      23      64          0          0 
      23      65          0          0 
      23      66          0          0 
      23      67          0          0 
      23      68          0          0 
      23      69          0          0 
      23      70          0          0 
      23      71          0          0 
      23      72          0          0 
      23      73          0          0 
      23      74          0          0 
      23      75          0          0 
      23      76          0          0 
      23      77          1          0 
      23      78          1          0 
      23      79          1          0 
      23      80          0          0 
      23      81          0          0 
      23      82          0          0 
      23      83          0          0 
      23      84          0          0 
      23      85          0          0 
      23      86          0          0 
      23      87          0          0 
      23      88          0          0 
      23      89          0          0 
      23      90          0          0 
      23      91          0          0 
      23      92          0          0 
      23      93          0          0 
      23      94          0          0 
      23      95          0          0 
      23      96          1          0 
      23      97          1          0 
      23      98          1          1 
      23      99          1          0 
      23     100          0          0 
      23     101          0          0 
      23     102          1          1 
      23     103          1          1 
      23     104          0          0 
      23     105          0          0 
      23     106          0          0 
      23     107          0          0 
      23     108          0          0 
      23     109          0          0 
      23     110          0          0 
      23     111          0          0 
      23     112          0          0 
      23     113          0          0 
      23     114          0          0 
      23     115          0          0 
      23     116          0          0 
      23     117          0          0 
      23     118          0          0 
      23     119          0          0 
      23     120          0          0 
      23     121          0          0 
      23     122          0          0 
      23     123          0          0 
      23     124          0          0 
      23     125          0          0 
      24       1          2          0 
      24       2          2          0 
      24       3          2          0 
      24       4          8          1 
      24       5          8          1 
      24       6          8          1 
      24       7          0          0 
      24       8          0          0 
      24       9          0          0 
      24      10          0          0 
      24      11          0          0 
      24      12          0          0 
      24      13          1          0 
      24      14          1          0 
      24      15          3          0 
      24      16          1          0 
      24      17          2          0 
      24      18          0          0 
      24      19          0          0 
      24      20          0          0 
      24      21          8          1 
      24      22          8          1 
      24      23          8          1 
      24      24         36          6 
      24      25          3          0 
      24      26          3          0 
      24      27          9          0 
      24      28          3          0 
      24      29          6          0 
      24      30          0          0 
      24      31          0          0 
      24      32          0          0 
      24      33          1          1 
      24      34          1          1 
      24      35          1          1 
      24      36          0          0 
      24      37          0          0 
      24      38          0          0 
      24      39          0          0 
      24      40          0          0 
      24      41          0          0 
      24      42          2          0 
      24      43          2          0 
      24      44          6          0 
      24      45          2          0 
      24      46          4          0 
      24      47          0          0 
      24      48          0          0 
      24      49          0          0 
      24      50          0          0 
      24      51          0          0 
      24      52          0          0 
      24      53          0          0 
      24      54          0          0 
      24      55          0          0 
      24      56          1          0 
      24      57          1          0 
      24      58          0          0 
      24      59          1          0 
      24      60          0          0 
      24      61          0          0 
      24      62          0          0 
      24      63          0          0 
      24      64          1          1 
      24      65          1          1 
      24      66          1          1 
      24      67          0          0 
      24      68          0          0 
      24      69          0          0 
      24      70          0          0 
      24      71          0          0 
      24      72          0          0 
      24      73          0          0 
      24      74          0          0 
      24      75          0          0 
      24      76          0          0 
      24      77          0          0 
      24      78          0          0 
      24      79          0          0 
      24      80          0          0 
      24      81          0          0 
      24      82          1          0 
      24      83          1          0 
      24      84          0          0 
      24      85          1          0 
      24      86          0          0 
      24      87          0          0 
      24      88          0          0 
      24      89          0          0 
      24      90          0          0 
      24      91          0          0 
      24      92          0          0 
      24      93          0          0 
      24      94          0          0 
      24      95          0          0 
      24      96          1          0 
      24      97          1          0 
      24      98          0          0 
      24      99          1          0 
      24     100          0          0 
      24     101          0          0 
      24     102          0          0 
      24     103          0          0 
      24     104          1          1 
      24     105          1          1 
      24     106          1          1 
      24     107          0          0 
      24     108          0          0 
      24     109          0          0 
      24     110          0          0 
      24     111          0          0 
      24     112          0          0 
      24     113          0          0 
      24     114          0          0 
      24     115          0          0 
      24     116          0          0 
      24     117          0          0 
      24     118          0          0 
      24     119          0          0 
      24     120          0          0 
      24     121          0          0 
      24     122          0          0 
      24     123          0          0 
      24     124          0          0 
      24     125          0          0 
      25       1          1          0 
      25       2          1          0 
      25       3          0          0 
      25       4          9          1 
      25       5          0          0 
      25       6          0          0 
      25       7          7          1 
      25       8          8          1 
      25       9          0          0 
      25      10          0          0 
      25      11          0          0 
      25      12          0          0 
      25      13          7          1 
      25      14          0          0 
      25      15          0          0 
      25      16          0          0 
      25      17          0          0 
      25      18          0          0 
      25      19          0          0 
      25      20          0          0 
      25      21          9          1 
      25      22          0          0 
      25      23          0          0 
      25      24          0          0 
      25      25         26          5 
      25      26          1          1 
      25      27          1          1 
      25      28          1          1 
      25      29          1          1 
      25      30          0          0 
      25      31          0          0 
      25      32          0          0 
      25      33          1          1 
      25      34          0          0 
      25      35          0          0 
      25      36          2          0 
      25      37          2          0 
      25      38          0          0 
      25      39          0          0 
      25      40          0          0 
      25      41          0          0 
      25      42          4          0 
      25      43          0          0 
      25      44          0          0 
      25      45          0          0 
      25      46          0          0 
      25      47          0          0 
      25      48          0          0 
      25      49          0          0 
      25      50          0          0 
      25      51          0          0 
      25      52          0          0 
      25      53          0          0 
      25      54          0          0 
      25      55          0          0 
      25      56          1          1 
      25      57          0          0 
      25      58          0          0 
      25      59          0          0 
      25      60          0          0 
      25      61          0          0 
      25      62          0          0 
      25      63          0          0 
      25      64          1          1 
      25      65          0          0 
      25      66          0          0 
      25      67          1          1 
      25      68          1          1 
      25      69          0          0 
      25      70          0          0 
      25      71          0          0 
      25      72          0          0 
      25      73          0          0 
      25      74          0          0 
      25      75          0          0 
      25      76          1          0 
      25      77          1          0 
      25      78          0          0 
      25      79          0          0 
      25      80          0          0 
      25      81          0          0 
      25      82          0          0 
      25      83          0          0 
      25      84          0          0 
      25      85          0          0 
      25      86          0          0 
      25      87          0          0 
      25      88          0          0 
      25      89          0          0 
      25      90          0          0 
      25      91          0          0 
      25      92          0          0 
      25      93          0          0 
      25      94          0          0 
      25      95          0          0 
      25      96          1          1 
      25      97          0          0 
      25      98          0          0 
      25      99          0          0 
      25     100          0          0 
      25     101          0          0 
      25     102          0          0 
      25     103          0          0 
      25     104          1          1 
      25     105          0          0 
      25     106          0          0 
      25     107          1          1 
      25     108          1          1 
      25     109          0          0 
      25     110          0          0 
      25     111          0          0 
      25     112          0          0 
      25     113          0          0 
      25     114          0          0 
      25     115          0          0 
      25     116          0          0 
      25     117          0          0 
      25     118          0          0 
      25     119          0          0 
      25     120          0          0 
      25     121          0          0 
      25     122          0          0 
      25     123          0          0 
      25     124          0          0 
      25     125          0          0 
      26       1          1          0 
      26       2          0          0 
      26       3          1          0 
      26       4          1          0 
      26       5          9          1 
      26       6          0          0 
      26       7          7          1 
      26       8          2          0 
      26       9          8          1 
      26      10          0          0 
      26      11          0          0 
      26      12          0          0 
      26      13          2          0 
      26      14          7          1 
      26      15          0          0 
      26      16          0          0 
      26      17          0          0 
      26      18          0          0 
      26      19          0          0 
      26      20          0          0 
      26      21          1          0 
      26      22          9          1 
      26      23          0          0 
      26      24          0          0 
      26      25          8          1 
      26      26         26          5 
      26      27          1          1 
      26      28          1          0 
      26      29          1          1 
      26      30          1          1 
      26      31          0          0 
      26      32          0          0 
      26      33          1          1 
      26      34          0          0 
      26      35          0          0 
      26      36          2          0 
      26      37          0          0 
      26      38          2          0 
      26      39          0          0 
      26      40          0          0 
      26      41          0          0 
      26      42          2          0 
      26      43          4          0 
      26      44          0          0 
      26      45          0          0 
      26      46          0          0 
      26      47          0          0 
      26      48          0          0 
      26      49          0          0 
      26      50          0          0 
      26      51          0          0 
      26      52          0          0 
      26      53          0          0 
      26      54          0          0 
      26      55          0          0 
      26      56          1          0 
      26      57          1          1 
      26      58          0          0 
      26      59          0          0 
      26      60          0          0 
      26      61          0          0 
      26      62          0          0 
      26      63          0          0 
      26      64          1          1 
      26      65          0          0 
      26      66          0          0 
      26      67          1          0 
      26      68          1          1 
      26      69          1          1 
      26      70          0          0 
      26      71          0          0 
      26      72          0          0 
      26      73          0          0 
      26      74          0          0 
      26      75          0          0 
      26      76          1          0 
      26      77          0          0 
      26      78          1          0 
      26      79          0          0 
      26      80          0          0 
      26      81          0          0 
      26      82          1          0 
      26      83          0          0 
      26      84          0          0 
      26      85          0          0 
      26      86          0          0 
      26      87          0          0 
      26      88          0          0 
      26      89          0          0 
      26      90          0          0 
      26      91          0          0 
      26      92          0          0 
      26      93          0          0 
      26      94          0          0 
      26      95          0          0 
      26      96          1          0 
      26      97          1          1 
      26      98          0          0 
      26      99          0          0 
      26     100          0          0 
      26     101          0          0 
      26     102          0          0 
      26     103          0          0 
      26     104          1          1 
      26     105          0          0 
      26     106          0          0 
      26     107          1          0 
      26     108          1          1 
      26     109          1          1 
      26     110          0          0 
      26     111          0          0 
      26     112          0          0 
      26     113          0          0 
      26     114          0          0 
      26     115          0          0 
      26     116          0          0 
      26     117          0          0 
      26     118          0          0 
      26     119          0          0 
      26     120          0          0 
      26     121          0          0 
      26     122          0          0 
      26     123          0          0 
      26     124          0          0 
      26     125          0          0 
      27       1          2          0 
      27       2          2          0 
      27       3          2          0 
      27       4          9          1 
      27       5          9          1 
      27       6         10          1 
      27       7          2          0 
      27       8          8          1 
      27       9          8          1 
      27      10          1          0 
      27      11          2          0 
      27      12          0          0 
      27      13          2          0 
      27      14          2          0 
      27      15         10          1 
      27      16          1          0 
      27      17          2          0 
      27      18          0          0 
      27      19          0          0 
      27      20          0          0 
      27      21          9          1 
      27      22          9          1 
      27      23         10          1 
      27      24          0          0 
      27      25          9          1 
      27      26          9          1 
      27      27         36          6 
      27      28          4          0 
      27      29          8          0 
      27      30          0          0 
      27      31          1          1 
      27      32          1          1 
      27      33          1          1 
      27      34          1          1 
      27      35          1          1 
      27      36          0          0 
      27      37          2          0 
      27      38          2          0 
      27      39          0          0 
      27      40          0          0 
      27      41          0          0 
      27      42          2          0 
      27      43          2          0 
      27      44          8          0 
      27      45          2          0 
      27      46          4          0 
      27      47          0          0 
      27      48          0          0 
      27      49          0          0 
      27      50          0          0 
      27      51          0          0 
      27      52          0          0 
      27      53          0          0 
      27      54          0          0 
      27      55          0          0 
      27      56          2          0 
      27      57          2          0 
      27      58          1          1 
      27      59          1          0 
      27      60          0          0 
      27      61          0          0 
      27      62          0          0 
      27      63          0          0 
      27      64          1          1 
      27      65          1          1 
      27      66          1          1 
      27      67          1          0 
      27      68          0          0 
      27      69          0          0 
      27      70          1          1 
      27      71          1          1 
      27      72          0          0 
      27      73          0          0 
      27      74          0          0 
      27      75          0          0 
      27      76          0          0 
      27      77          1          0 
      27      78          1          0 
      27      79          0          0 
      27      80          0          0 
      27      81          0          0 
      27      82          1          0 
      27      83          1          0 
      27      84          0          0 
      27      85          1          0 
      27      86          0          0 
      27      87          0          0 
      27      88          0          0 
      27      89          0          0 
      27      90          0          0 
      27      91          0          0 
      27      92          0          0 
      27      93          0          0 
      27      94          0          0 
      27      95          0          0 
      27      96          2          0 
      27      97          2          0 
      27      98          1          1 
      27      99          1          0 
      27     100          0          0 
      27     101          0          0 
      27     102          0          0 
      27     103          0          0 
      27     104          1          1 
      27     105          1          1 
      27     106          1          1 
      27     107          1          0 
      27     108          0          0 
      27     109          0          0 
      27     110          1          1 
      27     111          1          1 
      27     112          0          0 
      27     113          0          0 
      27     114          0          0 
      27     115          0          0 
      27     116          0          0 
      27     117          0          0 
      27     118          0          0 
      27     119          0          0 
      27     120          0          0 
      27     121          0          0 
      27     122          0          0 
      27     123          0          0 
      27     124          0          0 
      27     125          0          0 
      28       1          1          0 
      28       2          1          0 
      28       3          0          0 
      28       4          9          1 
      28       5          0          0 
      28       6          0          0 
      28       7          1          0 
      28       8          8          1 
      28       9          0          0 
      28      10          7          1 
      28      11          0          0 
      28      12          0          0 
      28      13          1          0 
      28      14          0          0 
      28      15          0          0 
      28      16          7          1 
      28      17          0          0 
      28      18          0          0 
      28      19          0          0 
      28      20          0          0 
      28      21          9          1 
      28      22          0          0 
      28      23          0          0 
      28      24          0          0 
      28      25          9          1 
      28      26          0          0 
      28      27          0          0 
      28      28         26          5 
      28      29          1          1 
      28      30          0          0 
      28      31          1          1 
      28      32          0          0 
      28      33          0          0 
      28      34          1          1 
      28      35          0          0 
      28      36          0          0 
      28      37          2          0 
      28      38          0          0 
      28      39          2          0 
      28      40          0          0 
      28      41          0          0 
      28      42          2          0 
      28      43          0          0 
      28      44          0          0 
      28      45          4          0 
      28      46          0          0 
      28      47          0          0 
      28      48          0          0 
      28      49          0          0 
      28      50          0          0 
      28      51          0          0 
      28      52          0          0 
      28      53          0          0 
      28      54          0          0 
      28      55          0          0 
      28      56          2          0 
      28      57          0          0 
      28      58          0          0 
      28      59          1          1 
      28      60          0          0 
      28      61          0          0 
      28      62          0          0 
      28      63          0          0 
      28      64          0          0 
      28      65          1          1 
      28      66          0          0 
      28      67          1          1 
      28      68          0          0 
      28      69          0          0 
      28      70          1          1 
      28      71          0          0 
      28      72          0          0 
      28      73          0          0 
      28      74          0          0 
      28      75          0          0 
      28      76          0          0 
      28      77          1          0 
      28      78          0          0 
      28      79          1          0 
      28      80          0          0 
      28      81          0          0 
      28      82          1          0 
      28      83          0          0 
      28      84          0          0 
      28      85          0          0 
      28      86          0          0 
      28      87          0          0 
      28      88          0          0 
      28      89          0          0 
      28      90          0          0 
      28      91          0          0 
      28      92          0          0 
      28      93          0          0 
      28      94          0          0 
      28      95          0          0 
      28      96          2          0 
      28      97          0          0 
      28      98          0          0 
      28      99          1          1 
      28     100          0          0 
      28     101          0          0 
      28     102          0          0 
      28     103          0          0 
      28     104          0          0 
      28     105          1          1 
      28     106          0          0 
      28     107          1          1 
      28     108          0          0 
      28     109          0          0 
      28     110          1          1 
      28     111          0          0 
      28     112          0          0 
      28     113          0          0 
      28     114          0          0 
      28     115          0          0 
      28     116          0          0 
      28     117          0          0 
      28     118          0          0 
      28     119          0          0 
      28     120          0          0 
      28     121          0          0 
      28     122          0          0 
      28     123          0          0 
      28     124          0          0 
      28     125          0          0 
      29       1          2          0 
      29       2          1          0 
      29       3          1          0 
      29       4         10          1 
      29       5         10          1 
      29       6          2          0 
      29       7          2          0 
      29       8          9          1 
      29       9          9          1 
      29      10          2          0 
      29      11          9          1 
      29      12          0          0 
      29      13          1          0 
      29      14          1          0 
      29      15          2          0 
      29      16          2          0 
      29      17          9          1 
      29      18          0          0 
      29      19          0          0 
      29      20          0          0 
      29      21         10          1 
      29      22         10          1 
      29      23          2          0 
      29      24          0          0 
      29      25         10          1 
      29      26         10          1 
      29      27          0          0 
      29      28         10          1 
      29      29         36          6 
      29      30          1          1 
      29      31          1          1 
      29      32          1          1 
      29      33          0          0 
      29      34          1          1 
      29      35          1          1 
      29      36          0          0 
      29      37          2          0 
      29      38          2          0 
      29      39          0          0 
      29      40          2          0 
      29      41          0          0 
      29      42          2          0 
      29      43          2          0 
      29      44          4          0 
      29      45          0          0 
      29      46          4          0 
      29      47          0          0 
      29      48          0          0 
      29      49          0          0 
      29      50          0          0 
      29      51          0          0 
      29      52          0          0 
      29      53          0          0 
      29      54          0          0 
      29      55          0          0 
      29      56          2          0 
      29      57          2          0 
      29      58          0          0 
      29      59          2          0 
      29      60          1          1 
      29      61          0          0 
      29      62          0          0 
      29      63          0          0 
      29      64          0          0 
      29      65          1          1 
      29      66          1          1 
      29      67          2          0 
      29      68          1          1 
      29      69          0          0 
      29      70          1          1 
      29      71          1          1 
      29      72          0          0 
      29      73          0          0 
      29      74          0          0 
      29      75          0          0 
      29      76          0          0 
      29      77          1          0 
      29      78          1          0 
      29      79          0          0 
      29      80          1          0 
      29      81          0          0 
      29      82          1          0 
      29      83          1          0 
      29      84          0          0 
      29      85          0          0 
      29      86          0          0 
      29      87          0          0 
      29      88          0          0 
      29      89          0          0 
      29      90          0          0 
      29      91          0          0 
      29      92          0          0 
      29      93          0          0 
      29      94          0          0 
      29      95          0          0 
      29      96          2          0 
      29      97          2          0 
      29      98          0          0 
      29      99          2          0 
      29     100          1          1 
      29     101          0          0 
      29     102          0          0 
      29     103          0          0 
      29     104          0          0 
      29     105          1          1 
      29     106          1          1 
      29     107          2          0 
      29     108          1          1 
      29     109          0          0 
      29     110          1          1 
      29     111          1          1 
      29     112          0          0 
      29     113          0          0 
      29     114          0          0 
      29     115          0          0 
      29     116          0          0 
      29     117          0          0 
      29     118          0          0 
      29     119          0          0 
      29     120          0          0 
      29     121          0          0 
      29     122          0          0 
      29     123          0          0 
      29     124          0          0 
      29     125          0          0 
      30       1          1          0 
      30       2          0          0 
      30       3          1          0 
      30       4          1          0 
      30       5          9          1 
      30       6          1          0 
      30       7          1          0 
      30       8          1          0 
      30       9          8          1 
      30      10          0          0 
      30      11          2          0 
      30      12          7          1 
      30      13          0          0 
      30      14          1          0 
      30      15          1          0 
      30      16          0          0 
      30      17          2          0 
      30      18          7          1 
      30      19          0          0 
      30      20          0          0 
      30      21          1          0 
      30      22          9          1 
      30      23          1          0 
      30      24          3          0 
      30      25          1          0 
      30      26          9          1 
      30      27          4          0 
      30      28          1          0 
      30      29         10          1 
      30      30         26          5 
      30      31          1          0 
      30      32          1          1 
      30      33          1          0 
      30      34          1          0 
      30      35          1          1 
      30      36          0          0 
      30      37          0          0 
      30      38          2          0 
      30      39          0          0 
      30      40          0          0 
      30      41          2          0 
      30      42          0          0 
      30      43          2          0 
      30      44          2          0 
      30      45          0          0 
      30      46          0          0 
      30      47          4          0 
      30      48          0          0 
      30      49          0          0 
      30      50          0          0 
      30      51          0          0 
      30      52          0          0 
      30      53          0          0 
      30      54          0          0 
      30      55          0          0 
      30      56          0          0 
      30      57          2          0 
      30      58          1          0 
      30      59          0          0 
      30      60          2          0 
      30      61          1          1 
      30      62          0          0 
      30      63          0          0 
      30      64          1          0 
      30      65          1          0 
      30      66          1          1 
      30      67          0          0 
      30      68          2          0 
      30      69          1          1 
      30      70          1          0 
      30      71          1          1 
      30      72          0          0 
      30      73          0          0 
      30      74          0          0 
      30      75          0          0 
      30      76          0          0 
      30      77          0          0 
      30      78          1          0 
      30      79          0          0 
      30      80          0          0 
      30      81          1          0 
      30      82          0          0 
      30      83          1          0 
      30      84          1          0 
      30      85          0          0 
      30      86          0          0 
      30      87          0          0 
      30      88          0          0 
      30      89          0          0 
      30      90          0          0 
      30      91          0          0 
      30      92          0          0 
      30      93          0          0 
      30      94          0          0 
      30      95          0          0 
      30      96          0          0 
      30      97          2          0 
      30      98          1          0 
      30      99          0          0 
      30     100          2          0 
      30     101          1          1 
      30     102          0          0 
      30     103          0          0 
      30     104          1          0 
      30     105          1          0 
      30     106          1          1 
      30     107          0          0 
      30     108          2          0 
      30     109          1          1 
      30     110          1          0 
      30     111          1          1 
      30     112          0          0 
      30     113          0          0 
      30     114          0          0 
      30     115          0          0 
      30     116          0          0 
      30     117          0          0 
      30     118          0          0 
      30     119          0          0 
      30     120          0          0 
      30     121          0          0 
      30     122          0          0 
      30     123          0          0 
      30     124          0          0 
      30     125          0          0 
      31       1          0          0 
      31       2          1          0 
      31       3          1          0 
      31       4          1          0 
      31       5          1          0 
      31       6          9          1 
      31       7          0          0 
      31       8          2          0 
      31       9          1          0 
      31      10          7          1 
      31      11          8          1 
      31      12          0          0 
      31      13          0          0 
      31      14          0          0 
      31      15          2          0 
      31      16          2          0 
      31      17          2          0 
      31      18          0          0 
      31      19          7          1 
      31      20          0          0 
      31      21          1          0 
      31      22          1          0 
      31      23          9          1 
      31      24          3          0 
      31      25          1          0 
      31      26          1          0 
      31      27         10          1 
      31      28          8          1 
      31      29          9          1 
      31      30          0          0 
      31      31         26          5 
      31      32          1          1 
      31      33          1          0 
      31      34          1          1 
      31      35          0          0 
      31      36          0          0 
      31      37          0          0 
      31      38          0          0 
      31      39          2          0 
      31      40          2          0 
      31      41          0          0 
      31      42          0          0 
      31      43          0          0 
      31      44          2          0 
      31      45          2          0 
      31      46          2          0 
      31      47          0          0 
      31      48          4          0 
      31      49          0          0 
      31      50          0          0 
      31      51          0          0 
      31      52          0          0 
      31      53          0          0 
      31      54          0          0 
      31      55          0          0 
      31      56          0          0 
      31      57          0          0 
      31      58          2          0 
      31      59          1          0 
      31      60          1          0 
      31      61          0          0 
      31      62          1          1 
      31      63          0          0 
      31      64          1          0 
      31      65          1          1 
      31      66          0          0 
      31      67          1          0 
      31      68          1          0 
      31      69          0          0 
      31      70          1          1 
      31      71          0          0 
      31      72          1          1 
      31      73          0          0 
      31      74          0          0 
      31      75          0          0 
      31      76          0          0 
      31      77          0          0 
      31      78          0          0 
      31      79          1          0 
      31      80          1          0 
      31      81          0          0 
      31      82          0          0 
      31      83          0          0 
      31      84          1          0 
      31      85          1          0 
      31      86          1          0 
      31      87          0          0 
      31      88          0          0 
      31      89          0          0 
      31      90          0          0 
      31      91          0          0 
      31      92          0          0 
      31      93          0          0 
      31      94          0          0 
      31      95          0          0 
      31      96          0          0 
      31      97          0          0 
      31      98          2          0 
      31      99          1          0 
      31     100          1          0 
      31     101          0          0 
      31     102          1          1 
      31     103          0          0 
      31     104          1          0 
      31     105          1          1 
      31     106          0          0 
      31     107          1          0 
      31     108          1          0 
      31     109          0          0 
      31     110          1          1 
      31     111          0          0 
      31     112          1          1 
      31     113          0          0 
      31     114          0          0 
      31     115          0          0 
      31     116          0          0 
      31     117          0          0 
      31     118          0          0 
      31     119          0          0 
      31     120          0          0 
      31     121          0          0 
      31     122          0          0 
      31     123          0          0 
      31     124          0          0 
      31     125          0          0 
      32       1          0          0 
      32       2          1          0 
      32       3          1          0 
      32       4          1          0 
      32       5          1          0 
      32       6          9          1 
      32       7          0          0 
      32       8          1          0 
      32       9          2          0 
      32      10          1          0 
      32      11          8          1 
      32      12          7          1 
      32      13          0          0 
      32      14          0          0 
      32      15          2          0 
      32      16          0          0 
      32      17          2          0 
      32      18          2          0 
      32      19          1          0 
      32      20          7          1 
      32      21          1          0 
      32      22          1          0 
      32      23          9          1 
      32      24          3          0 
      32      25          1          0 
      32      26          1          0 
      32      27         10          1 
      32      28          1          0 
      32      29          9          1 
      32      30          8          1 
      32      31          9          1 
      32      32         26          5 
      32      33          1          0 
      32      34          1          0 
      32      35          1          1 
      32      36          0          0 
      32      37          0          0 
      32      38          0          0 
      32      39          0          0 
      32      40          2          0 
      32      41          2          0 
      32      42          0          0 
      32      43          0          0 
      32      44          2          0 
      32      45          0          0 
      32      46          2          0 
      32      47          2          0 
      32      48          2          0 
      32      49          4          0 
      32      50          0          0 
      32      51          0          0 
      32      52          0          0 
      32      53          0          0 
      32      54          0          0 
      32      55          0          0 
      32      56          0          0 
      32      57          0          0 
      32      58          2          0 
      32      59          0          0 
      32      60          1          0 
      32      61          1          0 
      32      62          2          0 
      32      63          1          1 
      32      64          1          0 
      32      65          1          0 
      32      66          1          1 
      32      67          0          0 
      32      68          1          0 
      32      69          1          0 
      32      70          2          0 
      32      71          1          1 
      32      72          1          1 
      32      73          0          0 
      32      74          0          0 
      32      75          0          0 
      32      76          0          0 
      32      77          0          0 
      32      78          0          0 
      32      79          0          0 
      32      80          1          0 
      32      81          1          0 
      32      82          0          0 
      32      83          0          0 
      32      84          1          0 
      32      85          0          0 
      32      86          1          0 
      32      87          1          0 
      32      88          1          0 
      32      89          0          0 
      32      90          0          0 
      32      91          0          0 
      32      92          0          0 
      32      93          0          0 
      32      94          0          0 
      32      95          0          0 
      32      96          0          0 
      32      97          0          0 
      32      98          2          0 
      32      99          0          0 
      32     100          1          0 
      32     101          1          0 
      32     102          2          0 
      32     103          1          1 
      32     104          1          0 
      32     105          1          0 
      32     106          1          1 
      32     107          0          0 
      32     108          1          0 
      32     109          1          0 
      32     110          2          0 
      32     111          1          1 
      32     112          1          1 
      32     113          0          0 
      32     114          0          0 
      32     115          0          0 
      32     116          0          0 
      32     117          0          0 
      32     118          0          0 
      32     119          0          0 
      32     120          0          0 
      32     121          0          0 
      32     122          0          0 
      32     123          0          0 
      32     124          0          0 
      32     125          0          0 
      33       1          0          0 
      33       2          0          0 
      33       3          0          0 
      33       4          2          0 
      33       5          2          0 
      33       6          1          0 
      33       7          2          0 
      33       8          2          0 
      33       9          2          0 
      33      10          0          0 
      33      11          0          0 
      33      12          0          0 
      33      13          7          1 
      33      14          7          1 
      33      15          9          1 
      33      16          1          0 
      33      17          2          0 
      33      18          0          0 
      33      19          0          0 
      33      20          0          0 
      33      21          1          0 
      33      22          1          0 
      33      23          1          0 
      33      24          8          1 
      33      25          8          1 
      33      26          8          1 
      33      27         10          1 
      33      28          1          0 
      33      29          2          0 
      33      30          0          0 
      33      31          0          0 
      33      32          0          0 
      33      33         26          5 
      33      34          1          1 
      33      35          1          1 
      33      36          0          0 
      33      37          0          0 
      33      38          0          0 
      33      39          0          0 
      33      40          0          0 
      33      41          0          0 
      33      42          2          0 
      33      43          2          0 
      33      44          2          0 
      33      45          0          0 
      33      46          0          0 
      33      47          0          0 
      33      48          0          0 
      33      49          0          0 
      33      50          2          0 
      33      51          4          0 
      33      52          0          0 
      33      53          0          0 
      33      54          0          0 
      33      55          0          0 
      33      56          1          0 
      33      57          1          0 
      33      58          1          0 
      33      59          0          0 
      33      60          0          0 
      33      61          0          0 
      33      62          0          0 
      33      63          0          0 
      33      64          1          1 
      33      65          0          0 
      33      66          0          0 
      33      67          1          0 
      33      68          0          0 
      33      69          0          0 
      33      70          0          0 
      33      71          0          0 
      33      72          0          0 
      33      73          1          1 
      33      74          1          1 
      33      75          0          0 
      33      76          0          0 
      33      77          0          0 
      33      78          0          0 
      33      79          0          0 
      33      80          0          0 
      33      81          0          0 
      33      82          1          0 
      33      83          1          0 
      33      84          1          0 
      33      85          0          0 
      33      86          0          0 
      33      87          0          0 
      33      88          0          0 
      33      89          0          0 
      33      90          1          0 
      33      91          0          0 
      33      92          0          0 
      33      93          0          0 
      33      94          0          0 
      33      95          0          0 
      33      96          1          0 
      33      97          1          0 
      33      98          1          0 
      33      99          0          0 
      33     100          0          0 
      33     101          0          0 
      33     102          0          0 
      33     103          0          0 
      33     104          1          1 
      33     105          0          0 
      33     106          0          0 
      33     107          1          0 
      33     108          0          0 
      33     109          0          0 
      33     110          0          0 
      33     111          0          0 
      33     112          0          0 
      33     113          1          1 
      33     114          1          1 
      33     115          0          0 
      33     116          0          0 
      33     117          0          0 
      33     118          0          0 
      33     119          0          0 
      33     120          0          0 
      33     121          0          0 
      33     122          0          0 
      33     123          0          0 
      33     124          0          0 
      33     125          0          0 
      34       1          0          0 
      34       2          0          0 
      34       3          0          0 
      34       4          2          0 
      34       5          1          0 
      34       6          2          0 
      34       7          0          0 
      34       8          2          0 
      34       9          0          0 
      34      10          2          0 
      34      11          2          0 
      34      12          0          0 
      34      13          1          0 
      34      14          1          0 
      34      15          9          1 
      34      16          7          1 
      34      17          8          1 
      34      18          0          0 
      34      19          7          1 
      34      20          0          0 
      34      21          1          0 
      34      22          1          0 
      34      23          1          0 
      34      24          8          1 
      34      25          1          0 
      34      26          1          0 
      34      27         10          1 
      34      28          8          1 
      34      29          9          1 
      34      30          0          0 
      34      31          8          1 
      34      32          0          0 
      34      33          9          1 
      34      34         26          5 
      34      35          1          1 
      34      36          0          0 
      34      37          0          0 
      34      38          0          0 
      34      39          0          0 
      34      40          0          0 
      34      41          0          0 
      34      42          0          0 
      34      43          0          0 
      34      44          2          0 
      34      45          2          0 
      34      46          2          0 
      34      47          0          0 
      34      48          2          0 
      34      49          0          0 
      34      50          2          0 
      34      51          2          0 
      34      52          0          0 
      34      53          4          0 
      34      54          0          0 
      34      55          0          0 
      34      56          0          0 
      34      57          0          0 
      34      58          1          0 
      34      59          1          0 
      34      60          1          0 
      34      61          0          0 
      34      62          1          0 
      34      63          0          0 
      34      64          2          0 
      34      65          1          1 
      34      66          0          0 
      34      67          1          0 
      34      68          1          0 
      34      69          0          0 
      34      70          0          0 
      34      71          0          0 
      34      72          0          0 
      34      73          1          1 
      34      74          0          0 
      34      75          1          1 
      34      76          0          0 
      34      77          0          0 
      34      78          0          0 
      34      79          0          0 
      34      80          0          0 
      34      81          0          0 
      34      82          0          0 
      34      83          0          0 
      34      84          1          0 
      34      85          1          0 
      34      86          1          0 
      34      87          0          0 
      34      88          1          0 
      34      89          0          0 
      34      90          1          0 
      34      91          1          0 
      34      92          0          0 
      34      93          0          0 
      34      94          0          0 
      34      95          0          0 
      34      96          0          0 
      34      97          0          0 
      34      98          1          0 
      34      99          1          0 
      34     100          1          0 
      34     101          0          0 
      34     102          1          0 
      34     103          0          0 
      34     104          2          0 
      34     105          1          1 
      34     106          0          0 
      34     107          1          0 
      34     108          1          0 
      34     109          0          0 
      34     110          0          0 
      34     111          0          0 
      34     112          0          0 
      34     113          1          1 
      34     114          0          0 
      34     115          1          1 
      34     116          0          0 
      34     117          0          0 
      34     118          0          0 
      34     119          0          0 
      34     120          0          0 
      34     121          0          0 
      34     122          0          0 
      34     123          0          0 
      34     124          0          0 
      34     125          0          0 
      35       1          0          0 
      35       2          0          0 
      35       3          0          0 
      35       4          1          0 
      35       5          2          0 
      35       6          2          0 
      35       7          0          0 
      35       8          0          0 
      35       9          2          0 
      35      10          0          0 
      35      11          2          0 
      35      12          2          0 
      35      13          1          0 
      35      14          1          0 
      35      15          9          1 
      35      16          1          0 
      35      17          8          1 
      35      18          7          1 
      35      19          1          0 
      35      20          7          1 
      35      21          1          0 
      35      22          1          0 
      35      23          1          0 
      35      24          8          1 
      35      25          1          0 
      35      26          1          0 
      35      27         10          1 
      35      28          1          0 
      35      29          9          1 
      35      30          8          1 
      35      31          1          0 
      35      32          8          1 
      35      33          9          1 
      35      34          9          1 
      35      35         26          5 
      35      36          0          0 
      35      37          0          0 
      35      38          0          0 
      35      39          0          0 
      35      40          0          0 
      35      41          0          0 
      35      42          0          0 
      35      43          0          0 
      35      44          2          0 
      35      45          0          0 
      35      46          2          0 
      35      47          2          0 
      35      48          0          0 
      35      49          2          0 
      35      50          0          0 
      35      51          2          0 
      35      52          2          0 
      35      53          2          0 
      35      54          4          0 
      35      55          0          0 
      35      56          0          0 
      35      57          0          0 
      35      58          1          0 
      35      59          0          0 
      35      60          1          0 
      35      61          1          0 
      35      62          0          0 
      35      63          1          0 
      35      64          2          0 
      35      65          2          0 
      35      66          1          1 
      35      67          0          0 
      35      68          1          0 
      35      69          1          0 
      35      70          1          0 
      35      71          0          0 
      35      72          0          0 
      35      73          2          0 
      35      74          1          1 
      35      75          1          1 
      35      76          0          0 
      35      77          0          0 
      35      78          0          0 
      35      79          0          0 
      35      80          0          0 
      35      81          0          0 
      35      82          0          0 
      35      83          0          0 
      35      84          1          0 
      35      85          0          0 
      35      86          1          0 
      35      87          1          0 
      35      88          0          0 
      35      89          1          0 
      35      90          0          0 
      35      91          1          0 
      35      92          1          0 
      35      93          1          0 
      35      94          0          0 
      35      95          0          0 
      35      96          0          0 
      35      97          0          0 
      35      98          1          0 
      35      99          0          0 
      35     100          1          0 
      35     101          1          0 
      35     102          0          0 
      35     103          1          0 
      35     104          2          0 
      35     105          2          0 
      35     106          1          1 
      35     107          0          0 
      35     108          1          0 
      35     109          1          0 
      35     110          1          0 
      35     111          0          0 
      35     112          0          0 
      35     113          2          0 
      35     114          1          1 
      35     115          1          1 
      35     116          0          0 
      35     117          0          0 
      35     118          0          0 
      35     119          0          0 
      35     120          0          0 
      35     121          0          0 
      35     122          0          0 
      35     123          0          0 
      35     124          0          0 
      35     125          0          0 
      36       1          7          1 
      36       2          0          0 
      36       3          0          0 
      36       4          0          0 
      36       5          0          0 
      36       6          0          0 
      36       7          7          1 
      36       8          0          0 
      36       9          0          0 
      36      10          0          0 
      36      11          0          0 
      36      12          0          0 
      36      13          0          0 
      36      14          0          0 
      36      15          0          0 
      36      16          0          0 
      36      17          0          0 
      36      18          0          0 
      36      19          0          0 
      36      20          0          0 
      36      21          0          0 
      36      22          0          0 
      36      23          0          0 
      36      24          0          0 
      36      25          0          0 
      36      26          0          0 
      36      27          0          0 
      36      28          0          0 
      36      29          0          0 
      36      30          0          0 
      36      31          0          0 
      36      32          0          0 
      36      33          0          0 
      36      34          0          0 
      36      35          0          0 
      36      36         18          4 
      36      37          1          1 
      36      38          1          1 
      36      39          0          0 
      36      40          0          0 
      36      41          0          0 
      36      42          1          1 
      36      43          1          1 
      36      44          0          0 
      36      45          0          0 
      36      46          0          0 
      36      47          0          0 
      36      48          0          0 
      36      49          0          0 
      36      50          0          0 
      36      51          0          0 
      36      52          0          0 
      36      53          0          0 
      36      54          0          0 
      36      55          0          0 
      36      56          1          1 
      36      57          1          1 
      36      58          0          0 
      36      59          0          0 
      36      60          0          0 
      36      61          0          0 
      36      62          0          0 
      36      63          0          0 
      36      64          0          0 
      36      65          0          0 
      36      66          0          0 
      36      67          0          0 
      36      68          0          0 
      36      69          0          0 
      36      70          0          0 
      36      71          0          0 
      36      72          0          0 
      36      73          0          0 
      36      74          0          0 
      36      75          0          0 
      36      76          1          1 
      36      77          0          0 
      36      78          0          0 
      36      79          0          0 
      36      80          0          0 
      36      81          0          0 
      36      82          0          0 
      36      83          0          0 
      36      84          0          0 
      36      85          0          0 
      36      86          0          0 
      36      87          0          0 
      36      88          0          0 
      36      89          0          0 
      36      90          0          0 
      36      91          0          0 
      36      92          0          0 
      36      93          0          0 
      36      94          0          0 
      36      95          0          0 
      36      96          1          1 
      36      97          1          1 
      36      98          0          0 
      36      99          0          0 
      36     100          0          0 
      36     101          0          0 
      36     102          0          0 
      36     103          0          0 
      36     104          0          0 
      36     105          0          0 
      36     106          0          0 
      36     107          0          0 
      36     108          0          0 
      36     109          0          0 
      36     110          0          0 
      36     111          0          0 
      36     112          0          0 
      36     113          0          0 
      36     114          0          0 
      36     115          0          0 
      36     116          0          0 
      36     117          0          0 
      36     118          0          0 
      36     119          0          0 
      36     120          0          0 
      36     121          0          0 
      36     122          0          0 
      36     123          0          0 
      36     124          0          0 
      36     125          0          0 
      37       1          8          1 
      37       2          8          1 
      37       3          0          0 
      37       4          2          0 
      37       5          0          0 
      37       6          0          0 
      37       7          2          0 
      37       8          9          1 
      37       9          0          0 
      37      10          0          0 
      37      11          0          0 
      37      12          0          0 
      37      13          0          0 
      37      14          0          0 
      37      15          0          0 
      37      16          0          0 
      37      17          0          0 
      37      18          0          0 
      37      19          0          0 
      37      20          0          0 
      37      21          0          0 
      37      22          0          0 
      37      23          0          0 
      37      24          0          0 
      37      25          0          0 
      37      26          0          0 
      37      27          0          0 
      37      28          0          0 
      37      29          0          0 
      37      30          0          0 
      37      31          0          0 
      37      32          0          0 
      37      33          0          0 
      37      34          0          0 
      37      35          0          0 
      37      36          8          1 
      37      37         26          5 
      37      38          1          1 
      37      39          1          1 
      37      40          1          1 
      37      41          0          0 
      37      42          1          1 
      37      43          0          0 
      37      44          1          1 
      37      45          1          1 
      37      46          1          1 
      37      47          0          0 
      37      48          0          0 
      37      49          0          0 
      37      50          0          0 
      37      51          0          0 
      37      52          0          0 
      37      53          0          0 
      37      54          0          0 
      37      55          0          0 
      37      56          1          1 
      37      57          0          0 
      37      58          1          1 
      37      59          1          1 
      37      60          1          1 
      37      61          0          0 
      37      62          0          0 
      37      63          0          0 
      37      64          0          0 
      37      65          0          0 
      37      66          0          0 
      37      67          0          0 
      37      68          0          0 
      37      69          0          0 
      37      70          0          0 
      37      71          0          0 
      37      72          0          0 
      37      73          0          0 
      37      74          0          0 
      37      75          0          0 
      37      76          2          0 
      37      77          1          1 
      37      78          0          0 
      37      79          0          0 
      37      80          0          0 
      37      81          0          0 
      37      82          0          0 
      37      83          0          0 
      37      84          0          0 
      37      85          0          0 
      37      86          0          0 
      37      87          0          0 
      37      88          0          0 
      37      89          0          0 
      37      90          0          0 
      37      91          0          0 
      37      92          0          0 
      37      93          0          0 
      37      94          0          0 
      37      95          0          0 
      37      96          1          1 
      37      97          0          0 
      37      98          1          1 
      37      99          1          1 
      37     100          1          1 
      37     101          0          0 
      37     102          0          0 
      37     103          0          0 
      37     104          0          0 
      37     105          0          0 
      37     106          0          0 
      37     107          0          0 
      37     108          0          0 
      37     109          0          0 
      37     110          0          0 
      37     111          0          0 
      37     112          0          0 
      37     113          0          0 
      37     114          0          0 
      37     115          0          0 
      37     116          0          0 
      37     117          0          0 
      37     118          0          0 
      37     119          0          0 
      37     120          0          0 
      37     121          0          0 
      37     122          0          0 
      37     123          0          0 
      37     124          0          0 
      37     125          0          0 
      38       1          8          1 
      38       2          2          0 
      38       3          8          1 
      38       4          1          0 
      38       5          2          0 
      38       6          0          0 
      38       7          2          0 
      38       8          2          0 
      38       9          9          1 
      38      10          0          0 
      38      11          0          0 
      38      12          0          0 
      38      13          0          0 
      38      14          0          0 
      38      15          0          0 
      38      16          0          0 
      38      17          0          0 
      38      18          0          0 
      38      19          0          0 
      38      20          0          0 
      38      21          2          0 
      38      22          0          0 
      38      23          0          0 
      38      24          0          0 
      38      25          0          0 
      38      26          0          0 
      38      27          0          0 
      38      28          0          0 
      38      29          0          0 
      38      30          0          0 
      38      31          0          0 
      38      32          0          0 
      38      33          0          0 
      38      34          0          0 
      38      35          0          0 
      38      36          8          1 
      38      37          9          1 
      38      38         26          5 
      38      39          1          0 
      38      40          1          1 
      38      41          1          1 
      38      42          2          0 
      38      43          1          1 
      38      44          1          1 
      38      45          1          0 
      38      46          1          1 
      38      47          1          1 
      38      48          0          0 
      38      49          0          0 
      38      50          0          0 
      38      51          0          0 
      38      52          0          0 
      38      53          0          0 
      38      54          0          0 
      38      55          0          0 
      38      56          2          0 
      38      57          1          1 
      38      58          1          1 
      38      59          1          0 
      38      60          1          1 
      38      61          1          1 
      38      62          0          0 
      38      63          0          0 
      38      64          0          0 
      38      65          0          0 
      38      66          0          0 
      38      67          0          0 
      38      68          0          0 
      38      69          0          0 
      38      70          0          0 
      38      71          0          0 
      38      72          0          0 
      38      73          0          0 
      38      74          0          0 
      38      75          0          0 
      38      76          2          0 
      38      77          2          0 
      38      78          1          1 
      38      79          0          0 
      38      80          0          0 
      38      81          0          0 
      38      82          0          0 
      38      83          0          0 
      38      84          0          0 
      38      85          0          0 
      38      86          0          0 
      38      87          0          0 
      38      88          0          0 
      38      89          0          0 
      38      90          0          0 
      38      91          0          0 
      38      92          0          0 
      38      93          0          0 
      38      94          0          0 
      38      95          0          0 
      38      96          2          0 
      38      97          1          1 
      38      98          1          1 
      38      99          1          0 
      38     100          1          1 
      38     101          1          1 
      38     102          0          0 
      38     103          0          0 
      38     104          0          0 
      38     105          0          0 
      38     106          0          0 
      38     107          0          0 
      38     108          0          0 
      38     109          0          0 
      38     110          0          0 
      38     111          0          0 
      38     112          0          0 
      38     113          0          0 
      38     114          0          0 
      38     115          0          0 
      38     116          0          0 
      38     117          0          0 
      38     118          0          0 
      38     119          0          0 
      38     120          0          0 
      38     121          0          0 
      38     122          0          0 
      38     123          0          0 
      38     124          0          0 
      38     125          0          0 
      39       1          1          0 
      39       2          7          1 
      39       3          0          0 
      39       4          1          0 
      39       5          0          0 
      39       6          0          0 
      39       7          0          0 
      39       8          2          0 
      39       9          0          0 
      39      10          7          1 
      39      11          0          0 
      39      12          0          0 
      39      13          0          0 
      39      14          0          0 
      39      15          0          0 
      39      16          0          0 
      39      17          0          0 
      39      18          0          0 
      39      19          0          0 
      39      20          0          0 
      39      21          2          0 
      39      22          0          0 
      39      23          0          0 
      39      24          0          0 
      39      25          0          0 
      39      26          0          0 
      39      27          0          0 
      39      28          0          0 
      39      29          0          0 
      39      30          0          0 
      39      31          0          0 
      39      32          0          0 
      39      33          0          0 
      39      34          0          0 
      39      35          0          0 
      39      36          1          0 
      39      37          8          1 
      39      38          0          0 
      39      39         18          4 
      39      40          1          1 
      39      41          0          0 
      39      42          1          0 
      39      43          0          0 
      39      44          0          0 
      39      45          1          1 
      39      46          0          0 
      39      47          0          0 
      39      48          1          1 
      39      49          0          0 
      39      50          0          0 
      39      51          0          0 
      39      52          0          0 
      39      53          0          0 
      39      54          0          0 
      39      55          0          0 
      39      56          1          0 
      39      57          0          0 
      39      58          0          0 
      39      59          1          1 
      39      60          0          0 
      39      61          0          0 
      39      62          1          1 
      39      63          0          0 
      39      64          0          0 
      39      65          0          0 
      39      66          0          0 
      39      67          0          0 
      39      68          0          0 
      39      69          0          0 
      39      70          0          0 
      39      71          0          0 
      39      72          0          0 
      39      73          0          0 
      39      74          0          0 
      39      75          0          0 
      39      76          0          0 
      39      77          2          0 
      39      78          0          0 
      39      79          1          1 
      39      80          0          0 
      39      81          0          0 
      39      82          0          0 
      39      83          0          0 
      39      84          0          0 
      39      85          0          0 
      39      86          0          0 
      39      87          0          0 
      39      88          0          0 
      39      89          0          0 
      39      90          0          0 
      39      91          0          0 
      39      92          0          0 
      39      93          0          0 
      39      94          0          0 
      39      95          0          0 
      39      96          1          0 
      39      97          0          0 
      39      98          0          0 
      39      99          1          1 
      39     100          0          0 
      39     101          0          0 
      39     102          1          1 
      39     103          0          0 
      39     104          0          0 
      39     105          0          0 
      39     106          0          0 
      39     107          0          0 
      39     108          0          0 
      39     109          0          0 
      39     110          0          0 
      39     111          0          0 
      39     112          0          0 
      39     113          0          0 
      39     114          0          0 
      39     115          0          0 
      39     116          0          0 
      39     117          0          0 
      39     118          0          0 
      39     119          0          0 
      39     120          0          0 
      39     121          0          0 
      39     122          0          0 
      39     123          0          0 
      39     124          0          0 
      39     125          0          0 
      40       1          2          0 
      40       2          8          1 
      40       3          8          1 
      40       4          1          0 
      40       5          1          0 
      40       6          2          0 
      40       7          0          0 
      40       8          2          0 
      40       9          2          0 
      40      10          2          0 
      40      11          9          1 
      40      12          0          0 
      40      13          0          0 
      40      14          0          0 
      40      15          0          0 
      40      16          0          0 
      40      17          0          0 
      40      18          0          0 
      40      19          0          0 
      40      20          0          0 
      40      21          2          0 
      40      22          2          0 
      40      23          0          0 
      40      24          0          0 
      40      25          0          0 
      40      26          0          0 
      40      27          0          0 
      40      28          0          0 
      40      29          0          0 
      40      30          0          0 
      40      31          0          0 
      40      32          0          0 
      40      33          0          0 
      40      34          0          0 
      40      35          0          0 
      40      36          1          0 
      40      37          9          1 
      40      38          9          1 
      40      39          8          1 
      40      40         26          5 
      40      41          1          1 
      40      42          1          0 
      40      43          1          0 
      40      44          0          0 
      40      45          2          0 
      40      46          1          1 
      40      47          0          0 
      40      48          1          1 
      40      49          1          1 
      40      50          0          0 
      40      51          0          0 
      40      52          0          0 
      40      53          0          0 
      40      54          0          0 
      40      55          0          0 
      40      56          1          0 
      40      57          1          0 
      40      58          0          0 
      40      59          2          0 
      40      60          1          1 
      40      61          0          0 
      40      62          1          1 
      40      63          1          1 
      40      64          0          0 
      40      65          0          0 
      40      66          0          0 
      40      67          0          0 
      40      68          0          0 
      40      69          0          0 
      40      70          0          0 
      40      71          0          0 
      40      72          0          0 
      40      73          0          0 
      40      74          0          0 
      40      75          0          0 
      40      76          0          0 
      40      77          2          0 
      40      78          2          0 
      40      79          2          0 
      40      80          1          1 
      40      81          0          0 
      40      82          0          0 
      40      83          0          0 
      40      84          0          0 
      40      85          0          0 
      40      86          0          0 
      40      87          0          0 
      40      88          0          0 
      40      89          0          0 
      40      90          0          0 
      40      91          0          0 
      40      92          0          0 
      40      93          0          0 
      40      94          0          0 
      40      95          0          0 
      40      96          1          0 
      40      97          1          0 
      40      98          0          0 
      40      99          2          0 
      40     100          1          1 
      40     101          0          0 
      40     102          1          1 
      40     103          1          1 
      40     104          0          0 
      40     105          0          0 
      40     106          0          0 
      40     107          0          0 
      40     108          0          0 
      40     109          0          0 
      40     110          0          0 
      40     111          0          0 
      40     112          0          0 
      40     113          0          0 
      40     114          0          0 
      40     115          0          0 
      40     116          0          0 
      40     117          0          0 
      40     118          0          0 
      40     119          0          0 
      40     120          0          0 
      40     121          0          0 
      40     122          0          0 
      40     123          0          0 
      40     124          0          0 
      40     125          0          0 
      41       1          1          0 
      41       2          1          0 
      41       3          7          1 
      41       4          0          0 
      41       5          1          0 
      41       6          1          0 
      41       7          0          0 
      41       8          0          0 
      41       9          2          0 
      41      10          0          0 
      41      11          2          0 
      41      12          7          1 
      41      13          0          0 
      41      14          0          0 
      41      15          0          0 
      41      16          0          0 
      41      17          0          0 
      41      18          0          0 
      41      19          0          0 
      41      20          0          0 
      41      21          0          0 
      41      22          2          0 
      41      23          2          0 
      41      24          0          0 
      41      25          0          0 
      41      26          0          0 
      41      27          0          0 
      41      28          0          0 
      41      29          0          0 
      41      30          0          0 
      41      31          0          0 
      41      32          0          0 
      41      33          0          0 
      41      34          0          0 
      41      35          0          0 
      41      36          1          0 
      41      37          1          0 
      41      38          8          1 
      41      39          1          0 
      41      40          8          1 
      41      41         18          4 
      41      42          0          0 
      41      43          1          0 
      41      44          1          0 
      41      45          0          0 
      41      46          2          0 
      41      47          1          1 
      41      48          1          0 
      41      49          1          1 
      41      50          0          0 
      41      51          0          0 
      41      52          0          0 
      41      53          0          0 
      41      54          0          0 
      41      55          0          0 
      41      56          0          0 
      41      57          1          0 
      41      58          1          0 
      41      59          0          0 
      41      60          2          0 
      41      61          1          1 
      41      62          1          0 
      41      63          1          1 
      41      64          0          0 
      41      65          0          0 
      41      66          0          0 
      41      67          0          0 
      41      68          0          0 
      41      69          0          0 
      41      70          0          0 
      41      71          0          0 
      41      72          0          0 
      41      73          0          0 
      41      74          0          0 
      41      75          0          0 
      41      76          0          0 
      41      77          0          0 
      41      78          2          0 
      41      79          0          0 
      41      80          2          0 
      41      81          1          1 
      41      82          0          0 
      41      83          0          0 
      41      84          0          0 
      41      85          0          0 
      41      86          0          0 
      41      87          0          0 
      41      88          0          0 
      41      89          0          0 
      41      90          0          0 
      41      91          0          0 
      41      92          0          0 
      41      93          0          0 
      41      94          0          0 
      41      95          0          0 
      41      96          0          0 
      41      97          1          0 
      41      98          1          0 
      41      99          0          0 
      41     100          2          0 
      41     101          1          1 
      41     102          1          0 
      41     103          1          1 
      41     104          0          0 
      41     105          0          0 
      41     106          0          0 
      41     107          0          0 
      41     108          0          0 
      41     109          0          0 
      41     110          0          0 
      41     111          0          0 
      41     112          0          0 
      41     113          0          0 
      41     114          0          0 
      41     115          0          0 
      41     116          0          0 
      41     117          0          0 
      41     118          0          0 
      41     119          0          0 
      41     120          0          0 
      41     121          0          0 
      41     122          0          0 
      41     123          0          0 
      41     124          0          0 
      41     125          0          0 
      42       1          2          0 
      42       2          1          0 
      42       3          0          0 
      42       4          8          1 
      42       5          0          0 
      42       6          0          0 
      42       7          8          1 
      42       8          9          1 
      42       9          0          0 
      42      10          0          0 
      42      11          0          0 
      42      12          0          0 
      42      13          8          1 
      42      14          0          0 
      42      15          0          0 
      42      16          0          0 
      42      17          0          0 
      42      18          0          0 
      42      19          0          0 
      42      20          0          0 
      42      21          2          0 
      42      22          0          0 
      42      23          0          0 
      42      24          0          0 
      42      25          0          0 
      42      26          0          0 
      42      27          0          0 
      42      28          0          0 
      42      29          0          0 
      42      30          0          0 
      42      31          0          0 
      42      32          0          0 
      42      33          0          0 
      42      34          0          0 
      42      35          0          0 
      42      36          8          1 
      42      37          9          1 
      42      38          0          0 
      42      39          0          0 
      42      40          0          0 
      42      41          0          0 
      42      42         26          5 
      42      43          1          1 
      42      44          1          1 
      42      45          1          1 
      42      46          1          1 
      42      47          0          0 
      42      48          0          0 
      42      49          0          0 
      42      50          1          1 
      42      51          1          1 
      42      52          0          0 
      42      53          0          0 
      42      54          0          0 
      42      55          0          0 
      42      56          1          1 
      42      57          0          0 
      42      58          0          0 
      42      59          0          0 
      42      60          0          0 
      42      61          0          0 
      42      62          0          0 
      42      63          0          0 
      42      64          1          1 
      42      65          0          0 
      42      66          0          0 
      42      67          1          1 
      42      68          1          1 
      42      69          0          0 
      42      70          0          0 
      42      71          0          0 
      42      72          0          0 
      42      73          0          0 
      42      74          0          0 
      42      75          0          0 
      42      76          2          0 
      42      77          2          0 
      42      78          0          0 
      42      79          0          0 
      42      80          0          0 
      42      81          0          0 
      42      82          1          1 
      42      83          0          0 
      42      84          0          0 
      42      85          0          0 
      42      86          0          0 
      42      87          0          0 
      42      88          0          0 
      42      89          0          0 
      42      90          0          0 
      42      91          0          0 
      42      92          0          0 
      42      93          0          0 
      42      94          0          0 
      42      95          0          0 
      42      96          1          1 
      42      97          0          0 
      42      98          0          0 
      42      99          0          0 
      42     100          0          0 
      42     101          0          0 
      42     102          0          0 
      42     103          0          0 
      42     104          1          1 
      42     105          0          0 
      42     106          0          0 
      42     107          1          1 
      42     108          1          1 
      42     109          0          0 
      42     110          0          0 
      42     111          0          0 
      42     112          0          0 
      42     113          0          0 
      42     114          0          0 
      42     115          0          0 
      42     116          0          0 
      42     117          0          0 
      42     118          0          0 
      42     119          0          0 
      42     120          0          0 
      42     121          0          0 
      42     122          0          0 
      42     123          0          0 
      42     124          0          0 
      42     125          0          0 
      43       1          2          0 
      43       2          0          0 
      43       3          1          0 
      43       4          1          0 
      43       5          8          1 
      43       6          0          0 
      43       7          8          1 
      43       8          2          0 
      43       9          9          1 
      43      10          0          0 
      43      11          0          0 
      43      12          0          0 
      43      13          2          0 
      43      14          8          1 
      43      15          0          0 
      43      16          0          0 
      43      17          0          0 
      43      18          0          0 
      43      19          0          0 
      43      20          0          0 
      43      21          0          0 
      43      22          2          0 
      43      23          0          0 
      43      24          0          0 
      43      25          2          0 
      43      26          0          0 
      43      27          0          0 
      43      28          0          0 
      43      29          0          0 
      43      30          0          0 
      43      31          0          0 
      43      32          0          0 
      43      33          0          0 
      43      34          0          0 
      43      35          0          0 
      43      36          8          1 
      43      37          2          0 
      43      38          9          1 
      43      39          0          0 
      43      40          0          0 
      43      41          0          0 
      43      42          9          1 
      43      43         26          5 
      43      44          1          1 
      43      45          1          0 
      43      46          1          1 
      43      47          1          1 
      43      48          0          0 
      43      49          0          0 
      43      50          1          0 
      43      51          1          1 
      43      52          1          1 
      43      53          0          0 
      43      54          0          0 
      43      55          0          0 
      43      56          2          0 
      43      57          1          1 
      43      58          0          0 
      43      59          0          0 
      43      60          0          0 
      43      61          0          0 
      43      62          0          0 
      43      63          0          0 
      43      64          1          1 
      43      65          0          0 
      43      66          0          0 
      43      67          1          0 
      43      68          1          1 
      43      69          1          1 
      43      70          0          0 
      43      71          0          0 
      43      72          0          0 
      43      73          0          0 
      43      74          0          0 
      43      75          0          0 
      43      76          2          0 
      43      77          0          0 
      43      78          2          0 
      43      79          0          0 
      43      80          0          0 
      43      81          0          0 
      43      82          2          0 
      43      83          1          1 
      43      84          0          0 
      43      85          0          0 
      43      86          0          0 
      43      87          0          0 
      43      88          0          0 
      43      89          0          0 
      43      90          0          0 
      43      91          0          0 
      43      92          0          0 
      43      93          0          0 
      43      94          0          0 
      43      95          0          0 
      43      96          2          0 
      43      97          1          1 
      43      98          0          0 
      43      99          0          0 
      43     100          0          0 
      43     101          0          0 
      43     102          0          0 
      43     103          0          0 
      43     104          1          1 
      43     105          0          0 
      43     106          0          0 
      43     107          1          0 
      43     108          1          1 
      43     109          1          1 
      43     110          0          0 
      43     111          0          0 
      43     112          0          0 
      43     113          0          0 
      43     114          0          0 
      43     115          0          0 
      43     116          0          0 
      43     117          0          0 
      43     118          0          0 
      43     119          0          0 
      43     120          0          0 
      43     121          0          0 
      43     122          0          0 
      43     123          0          0 
      43     124          0          0 
      43     125          0          0 
      44       1          2          0 
      44       2          1          0 
      44       3          1          0 
      44       4          8          1 
      44       5          8          1 
      44       6          9          1 
      44       7          2          0 
      44       8          9          1 
      44       9          9          1 
      44      10          1          0 
      44      11          2          0 
      44      12          0          0 
      44      13          1          0 
      44      14          1          0 
      44      15          9          1 
      44      16          1          0 
      44      17          2          0 
      44      18          0          0 
      44      19          0          0 
      44      20          0          0 
      44      21          2          0 
      44      22          2          0 
      44      23          2          0 
      44      24          0          0 
      44      25          2          0 
      44      26          2          0 
      44      27          0          0 
      44      28          2          0 
      44      29          0          0 
      44      30          0          0 
      44      31          0          0 
      44      32          0          0 
      44      33          0          0 
      44      34          0          0 
      44      35          0          0 
      44      36          2          0 
      44      37          9          1 
      44      38          9          1 
      44      39          1          0 
      44      40          2          0 
      44      41          0          0 
      44      42          9          1 
      44      43          9          1 
      44      44         36          6 
      44      45          2          0 
      44      46          4          0 
      44      47          0          0 
      44      48          1          1 
      44      49          1          1 
      44      50          1          0 
      44      51          0          0 
      44      52          0          0 
      44      53          1          1 
      44      54          1          1 
      44      55          0          0 
      44      56          2          0 
      44      57          2          0 
      44      58          1          1 
      44      59          1          0 
      44      60          0          0 
      44      61          0          0 
      44      62          0          0 
      44      63          0          0 
      44      64          1          1 
      44      65          1          1 
      44      66          1          1 
      44      67          1          0 
      44      68          0          0 
      44      69          0          0 
      44      70          1          1 
      44      71          1          1 
      44      72          0          0 
      44      73          0          0 
      44      74          0          0 
      44      75          0          0 
      44      76          0          0 
      44      77          2          0 
      44      78          2          0 
      44      79          0          0 
      44      80          0          0 
      44      81          0          0 
      44      82          2          0 
      44      83          2          0 
      44      84          1          1 
      44      85          0          0 
      44      86          0          0 
      44      87          0          0 
      44      88          0          0 
      44      89          0          0 
      44      90          0          0 
      44      91          0          0 
      44      92          0          0 
      44      93          0          0 
      44      94          0          0 
      44      95          0          0 
      44      96          2          0 
      44      97          2          0 
      44      98          1          1 
      44      99          1          0 
      44     100          0          0 
      44     101          0          0 
      44     102          0          0 
      44     103          0          0 
      44     104          1          1 
      44     105          1          1 
      44     106          1          1 
      44     107          1          0 
      44     108          0          0 
      44     109          0          0 
      44     110          1          1 
      44     111          1          1 
      44     112          0          0 
      44     113          0          0 
      44     114          0          0 
      44     115          0          0 
      44     116          0          0 
      44     117          0          0 
      44     118          0          0 
      44     119          0          0 
      44     120          0          0 
      44     121          0          0 
      44     122          0          0 
      44     123          0          0 
      44     124          0          0 
      44     125          0          0 
      45       1          1          0 
      45       2          2          0 
      45       3          0          0 
      45       4          8          1 
      45       5          0          0 
      45       6          0          0 
      45       7          1          0 
      45       8          9          1 
      45       9          0          0 
      45      10          8          1 
      45      11          0          0 
      45      12          0          0 
      45      13          2          0 
      45      14          0          0 
      45      15          0          0 
      45      16          8          1 
      45      17          0          0 
      45      18          0          0 
      45      19          0          0 
      45      20          0          0 
      45      21          2          0 
      45      22          0          0 
      45      23          0          0 
      45      24          0          0 
      45      25          2          0 
      45      26          0          0 
      45      27          0          0 
      45      28          0          0 
      45      29          0          0 
      45      30          0          0 
      45      31          0          0 
      45      32          0          0 
      45      33          0          0 
      45      34          0          0 
      45      35          0          0 
      45      36          1          0 
      45      37          9          1 
      45      38          0          0 
      45      39          8          1 
      45      40          0          0 
      45      41          0          0 
      45      42          9          1 
      45      43          0          0 
      45      44          0          0 
      45      45         26          5 
      45      46          1          1 
      45      47          0          0 
      45      48          1          1 
      45      49          0          0 
      45      50          1          1 
      45      51          0          0 
      45      52          0          0 
      45      53          1          1 
      45      54          0          0 
      45      55          0          0 
      45      56          2          0 
      45      57          0          0 
      45      58          0          0 
      45      59          1          1 
      45      60          0          0 
      45      61          0          0 
      45      62          0          0 
      45      63          0          0 
      45      64          0          0 
      45      65          1          1 
      45      66          0          0 
      45      67          1          1 
      45      68          0          0 
      45      69          0          0 
      45      70          1          1 
      45      71          0          0 
      45      72          0          0 
      45      73          0          0 
      45      74          0          0 
      45      75          0          0 
      45      76          0          0 
      45      77          2          0 
      45      78          0          0 
      45      79          2          0 
      45      80          0          0 
      45      81          0          0 
      45      82          2          0 
      45      83          0          0 
      45      84          0          0 
      45      85          1          1 
      45      86          0          0 
      45      87          0          0 
      45      88          0          0 
      45      89          0          0 
      45      90          0          0 
      45      91          0          0 
      45      92          0          0 
      45      93          0          0 
      45      94          0          0 
      45      95          0          0 
      45      96          2          0 
      45      97          0          0 
      45      98          0          0 
      45      99          1          1 
      45     100          0          0 
      45     101          0          0 
      45     102          0          0 
      45     103          0          0 
      45     104          0          0 
      45     105          1          1 
      45     106          0          0 
      45     107          1          1 
      45     108          0          0 
      45     109          0          0 
      45     110          1          1 
      45     111          0          0 
      45     112          0          0 
      45     113          0          0 
      45     114          0          0 
      45     115          0          0 
      45     116          0          0 
      45     117          0          0 
      45     118          0          0 
      45     119          0          0 
      45     120          0          0 
      45     121          0          0 
      45     122          0          0 
      45     123          0          0 
      45     124          0          0 
      45     125          0          0 
      46       1          2          0 
      46       2          2          0 
      46       3          2          0 
      46       4          9          1 
      46       5          9          1 
      46       6          2          0 
      46       7          2          0 
      46       8         10          1 
      46       9         10          1 
      46      10          2          0 
      46      11         10          1 
      46      12          0          0 
      46      13          2          0 
      46      14          2          0 
      46      15          2          0 
      46      16          2          0 
      46      17         10          1 
      46      18          0          0 
      46      19          0          0 
      46      20          0          0 
      46      21          2          0 
      46      22          2          0 
      46      23          0          0 
      46      24          0          0 
      46      25          2          0 
      46      26          2          0 
      46      27          0          0 
      46      28          0          0 
      46      29          0          0 
      46      30          0          0 
      46      31          0          0 
      46      32          0          0 
      46      33          0          0 
      46      34          0          0 
      46      35          0          0 
      46      36          2          0 
      46      37         10          1 
      46      38         10          1 
      46      39          2          0 
      46      40         10          1 
      46      41          0          0 
      46      42         10          1 
      46      43         10          1 
      46      44          0          0 
      46      45         10          1 
      46      46         36          6 
      46      47          1          1 
      46      48          1          1 
      46      49          1          1 
      46      50          2          0 
      46      51          1          1 
      46      52          0          0 
      46      53          1          1 
      46      54          1          1 
      46      55          0          0 
      46      56          2          0 
      46      57          2          0 
      46      58          0          0 
      46      59          2          0 
      46      60          1          1 
      46      61          0          0 
      46      62          0          0 
      46      63          0          0 
      46      64          0          0 
      46      65          1          1 
      46      66          1          1 
      46      67          2          0 
      46      68          1          1 
      46      69          0          0 
      46      70          1          1 
      46      71          1          1 
      46      72          0          0 
      46      73          0          0 
      46      74          0          0 
      46      75          0          0 
      46      76          0          0 
      46      77          2          0 
      46      78          2          0 
      46      79          0          0 
      46      80          2          0 
      46      81          0          0 
      46      82          2          0 
      46      83          2          0 
      46      84          0          0 
      46      85          2          0 
      46      86          1          1 
      46      87          0          0 
      46      88          0          0 
      46      89          0          0 
      46      90          0          0 
      46      91          0          0 
      46      92          0          0 
      46      93          0          0 
      46      94          0          0 
      46      95          0          0 
      46      96          2          0 
      46      97          2          0 
      46      98          0          0 
      46      99          2          0 
      46     100          1          1 
      46     101          0          0 
      46     102          0          0 
      46     103          0          0 
      46     104          0          0 
      46     105          1          1 
      46     106          1          1 
      46     107          2          0 
      46     108          1          1 
      46     109          0          0 
      46     110          1          1 
      46     111          1          1 
      46     112          0          0 
      46     113          0          0 
      46     114          0          0 
      46     115          0          0 
      46     116          0          0 
      46     117          0          0 
      46     118          0          0 
      46     119          0          0 
      46     120          0          0 
      46     121          0          0 
      46     122          0          0 
      46     123          0          0 
      46     124          0          0 
      46     125          0          0 
      47       1          1          0 
      47       2          0          0 
      47       3          2          0 
      47       4          1          0 
      47       5          8          1 
      47       6          1          0 
      47       7          1          0 
      47       8          1          0 
      47       9          9          1 
      47      10          0          0 
      47      11          2          0 
      47      12          8          1 
      47      13          0          0 
      47      14          2          0 
      47      15          1          0 
      47      16          0          0 
      47      17          2          0 
      47      18          8          1 
      47      19          0          0 
      47      20          0          0 
      47      21          0          0 
      47      22          2          0 
      47      23          0          0 
      47      24          2          0 
      47      25          0          0 
      47      26          2          0 
      47      27          2          0 
      47      28          0          0 
      47      29          0          0 
      47      30          0          0 
      47      31          0          0 
      47      32          0          0 
      47      33          0          0 
      47      34          0          0 
      47      35          0          0 
      47      36          1          0 
      47      37          1          0 
      47      38          9          1 
      47      39          0          0 
      47      40          2          0 
      47      41          8          1 
      47      42          1          0 
      47      43          9          1 
      47      44          2          0 
      47      45          1          0 
      47      46         10          1 
      47      47         26          5 
      47      48          1          0 
      47      49          1          1 
      47      50          0          0 
      47      51          2          0 
      47      52          1          1 
      47      53          1          0 
      47      54          1          1 
      47      55          0          0 
      47      56          0          0 
      47      57          2          0 
      47      58          1          0 
      47      59          0          0 
      47      60          2          0 
      47      61          1          1 
      47      62          0          0 
      47      63          0          0 
      47      64          1          0 
      47      65          1          0 
      47      66          1          1 
      47      67          0          0 
      47      68          2          0 
      47      69          1          1 
      47      70          1          0 
      47      71          1          1 
      47      72          0          0 
      47      73          0          0 
      47      74          0          0 
      47      75          0          0 
      47      76          0          0 
      47      77          0          0 
      47      78          2          0 
      47      79          0          0 
      47      80          0          0 
      47      81          2          0 
      47      82          0          0 
      47      83          2          0 
      47      84          0          0 
      47      85          0          0 
      47      86          2          0 
      47      87          1          1 
      47      88          0          0 
      47      89          0          0 
      47      90          0          0 
      47      91          0          0 
      47      92          0          0 
      47      93          0          0 
      47      94          0          0 
      47      95          0          0 
      47      96          0          0 
      47      97          2          0 
      47      98          1          0 
      47      99          0          0 
      47     100          2          0 
      47     101          1          1 
      47     102          0          0 
      47     103          0          0 
      47     104          1          0 
      47     105          1          0 
      47     106          1          1 
      47     107          0          0 
      47     108          2          0 
      47     109          1          1 
      47     110          1          0 
      47     111          1          1 
      47     112          0          0 
      47     113          0          0 
      47     114          0          0 
      47     115          0          0 
      47     116          0          0 
      47     117          0          0 
      47     118          0          0 
      47     119          0          0 
      47     120          0          0 
      47     121          0          0 
      47     122          0          0 
      47     123          0          0 
      47     124          0          0 
      47     125          0          0 
      48       1          0          0 
      48       2          2          0 
      48       3          1          0 
      48       4          1          0 
      48       5          1          0 
      48       6          8          1 
      48       7          0          0 
      48       8          2          0 
      48       9          1          0 
      48      10          8          1 
      48      11          9          1 
      48      12          0          0 
      48      13          0          0 
      48      14          0          0 
      48      15          2          0 
      48      16          2          0 
      48      17          2          0 
      48      18          0          0 
      48      19          8          1 
      48      20          0          0 
      48      21          0          0 
      48      22          0          0 
      48      23          2          0 
      48      24          2          0 
      48      25          0          0 
      48      26          0          0 
      48      27          2          0 
      48      28          2          0 
      48      29          2          0 
      48      30          0          0 
      48      31          0          0 
      48      32          0          0 
      48      33          0          0 
      48      34          0          0 
      48      35          0          0 
      48      36          0          0 
      48      37          2          0 
      48      38          1          0 
      48      39          8          1 
      48      40          9          1 
      48      41          0          0 
      48      42          1          0 
      48      43          1          0 
      48      44          9          1 
      48      45          9          1 
      48      46         10          1 
      48      47          0          0 
      48      48         26          5 
      48      49          1          1 
      48      50          1          0 
      48      51          1          0 
      48      52          0          0 
      48      53          1          1 
      48      54          0          0 
      48      55          1          1 
      48      56          0          0 
      48      57          0          0 
      48      58          1          0 
      48      59          2          0 
      48      60          2          0 
      48      61          0          0 
      48      62          1          1 
      48      63          0          0 
      48      64          1          0 
      48      65          1          1 
      48      66          0          0 
      48      67          1          0 
      48      68          1          0 
      48      69          0          0 
      48      70          1          1 
      48      71          0          0 
      48      72          1          1 
      48      73          0          0 
      48      74          0          0 
      48      75          0          0 
      48      76          0          0 
      48      77          0          0 
      48      78          0          0 
      48      79          2          0 
      48      80          2          0 
      48      81          0          0 
      48      82          0          0 
      48      83          0          0 
      48      84          2          0 
      48      85          2          0 
      48      86          2          0 
      48      87          0          0 
      48      88          1          1 
      48      89          0          0 
      48      90          0          0 
      48      91          0          0 
      48      92          0          0 
      48      93          0          0 
      48      94          0          0 
      48      95          0          0 
      48      96          0          0 
      48      97          0          0 
      48      98          1          0 
      48      99          2          0 
      48     100          2          0 
      48     101          0          0 
      48     102          1          1 
      48     103          0          0 
      48     104          1          0 
      48     105          1          1 
      48     106          0          0 
      48     107          1          0 
      48     108          1          0 
      48     109          0          0 
      48     110          1          1 
      48     111          0          0 
      48     112          1          1 
      48     113          0          0 
      48     114          0          0 
      48     115          0          0 
      48     116          0          0 
      48     117          0          0 
      48     118          0          0 
      48     119          0          0 
      48     120          0          0 
      48     121          0          0 
      48     122          0          0 
      48     123          0          0 
      48     124          0          0 
      48     125          0          0 
      49       1          0          0 
      49       2          1          0 
      49       3          2          0 
      49       4          1          0 
      49       5          1          0 
      49       6          8          1 
      49       7          0          0 
      49       8          1          0 
      49       9          2          0 
      49      10          1          0 
      49      11          9          1 
      49      12          8          1 
      49      13          0          0 
      49      14          0          0 
      49      15          2          0 
      49      16          0          0 
      49      17          2          0 
      49      18          2          0 
      49      19          2          0 
      49      20          8          1 
      49      21          0          0 
      49      22          0          0 
      49      23          2          0 
      49      24          2          0 
      49      25          0          0 
      49      26          0          0 
      49      27          2          0 
      49      28          0          0 
      49      29          2          0 
      49      30          2          0 
      49      31          2          0 
      49      32          0          0 
      49      33          0          0 
      49      34          0          0 
      49      35          0          0 
      49      36          0          0 
      49      37          1          0 
      49      38          2          0 
      49      39          1          0 
      49      40          9          1 
      49      41          8          1 
      49      42          1          0 
      49      43          1          0 
      49      44          9          1 
      49      45          1          0 
      49      46         10          1 
      49      47          9          1 
      49      48          9          1 
      49      49         26          5 
      49      50          0          0 
      49      51          1          0 
      49      52          1          0 
      49      53          2          0 
      49      54          1          1 
      49      55          1          1 
      49      56          0          0 
      49      57          0          0 
      49      58          1          0 
      49      59          0          0 
      49      60          2          0 
      49      61          2          0 
      49      62          2          0 
      49      63          1          1 
      49      64          1          0 
      49      65          1          0 
      49      66          1          1 
      49      67          0          0 
      49      68          1          0 
      49      69          1          0 
      49      70          2          0 
      49      71          1          1 
      49      72          1          1 
      49      73          0          0 
      49      74          0          0 
      49      75          0          0 
      49      76          0          0 
      49      77          0          0 
      49      78          0          0 
      49      79          0          0 
      49      80          2          0 
      49      81          2          0 
      49      82          0          0 
      49      83          0          0 
      49      84          2          0 
      49      85          0          0 
      49      86          2          0 
      49      87          2          0 
      49      88          2          0 
      49      89          1          1 
      49      90          0          0 
      49      91          0          0 
      49      92          0          0 
      49      93          0          0 
      49      94          0          0 
      49      95          0          0 
      49      96          0          0 
      49      97          0          0 
      49      98          1          0 
      49      99          0          0 
      49     100          2          0 
      49     101          2          0 
      49     102          2          0 
      49     103          1          1 
      49     104          1          0 
      49     105          1          0 
      49     106          1          1 
      49     107          0          0 
      49     108          1          0 
      49     109          1          0 
      49     110          2          0 
      49     111          1          1 
      49     112          1          1 
      49     113          0          0 
      49     114          0          0 
      49     115          0          0 
      49     116          0          0 
      49     117          0          0 
      49     118          0          0 
      49     119          0          0 
      49     120          0          0 
      49     121          0          0 
      49     122          0          0 
      49     123          0          0 
      49     124          0          0 
      49     125          0          0 
      50       1          0          0 
      50       2          0          0 
      50       3          0          0 
      50       4          2          0 
      50       5          0          0 
      50       6          0          0 
      50       7          1          0 
      50       8          2          0 
      50       9          0          0 
      50      10          1          0 
      50      11          0          0 
      50      12          0          0 
      50      13          7          1 
      50      14          0          0 
      50      15          0          0 
      50      16          7          1 
      50      17          0          0 
      50      18          0          0 
      50      19          0          0 
      50      20          0          0 
      50      21          0          0 
      50      22          0          0 
      50      23          0          0 
      50      24          0          0 
      50      25          2          0 
      50      26          0          0 
      50      27          0          0 
      50      28          2          0 
      50      29          0          0 
      50      30          0          0 
      50      31          0          0 
      50      32          0          0 
      50      33          0          0 
      50      34          0          0 
      50      35          0          0 
      50      36          1          0 
      50      37          1          0 
      50      38          0          0 
      50      39          1          0 
      50      40          0          0 
      50      41          0          0 
      50      42          8          1 
      50      43          0          0 
      50      44          0          0 
      50      45          8          1 
      50      46          0          0 
      50      47          0          0 
      50      48          0          0 
      50      49          0          0 
      50      50         18          4 
      50      51          1          1 
      50      52          0          0 
      50      53          1          1 
      50      54          0          0 
      50      55          0          0 
      50      56          1          0 
      50      57          0          0 
      50      58          0          0 
      50      59          1          0 
      50      60          0          0 
      50      61          0          0 
      50      62          0          0 
      50      63          0          0 
      50      64          0          0 
      50      65          0          0 
      50      66          0          0 
      50      67          1          1 
      50      68          0          0 
      50      69          0          0 
      50      70          0          0 
      50      71          0          0 
      50      72          0          0 
      50      73          1          1 
      50      74          0          0 
      50      75          0          0 
      50      76          0          0 
      50      77          0          0 
      50      78          0          0 
      50      79          0          0 
      50      80          0          0 
      50      81          0          0 
      50      82          2          0 
      50      83          0          0 
      50      84          0          0 
      50      85          2          0 
      50      86          0          0 
      50      87          0          0 
      50      88          0          0 
      50      89          0          0 
      50      90          1          1 
      50      91          0          0 
      50      92          0          0 
      50      93          0          0 
      50      94          0          0 
      50      95          0          0 
      50      96          1          0 
      50      97          0          0 
      50      98          0          0 
      50      99          1          0 
      50     100          0          0 
      50     101          0          0 
      50     102          0          0 
      50     103          0          0 
      50     104          0          0 
      50     105          0          0 
      50     106          0          0 
      50     107          1          1 
      50     108          0          0 
      50     109          0          0 
      50     110          0          0 
      50     111          0          0 
      50     112          0          0 
      50     113          1          1 
      50     114          0          0 
      50     115          0          0 
      50     116          0          0 
      50     117          0          0 
      50     118          0          0 
      50     119          0          0 
      50     120          0          0 
      50     121          0          0 
      50     122          0          0 
      50     123          0          0 
      50     124          0          0 
      50     125          0          0 
      51       1          0          0 
      51       2          0          0 
      51       3          0          0 
      51       4          2          0 
      51       5          2          0 
      51       6          0          0 
      51       7          2          0 
      51       8          2          0 
      51       9          2          0 
      51      10          0          0 
      51      11          1          0 
      51      12          0          0 
      51      13          8          1 
      51      14          8          1 
      51      15          2          0 
      51      16          2          0 
      51      17          9          1 
      51      18          0          0 
      51      19          0          0 
      51      20          0          0 
      51      21          0          0 
      51      22          0          0 
      51      23          0          0 
      51      24          0          0 
      51      25          2          0 
      51      26          2          0 
      51      27          0          0 
      51      28          0          0 
      51      29          2          0 
      51      30          0          0 
      51      31          0          0 
      51      32          0          0 
      51      33          0          0 
      51      34          0          0 
      51      35          0          0 
      51      36          1          0 
      51      37          1          0 
      51      38          1          0 
      51      39          0          0 
      51      40          1          0 
      51      41          0          0 
      51      42          9          1 
      51      43          9          1 
      51      44          2          0 
      51      45          2          0 
      51      46         10          1 
      51      47          0          0 
      51      48          0          0 
      51      49          0          0 
      51      50          8          1 
      51      51         26          5 
      51      52          1          1 
      51      53          1          1 
      51      54          1          1 
      51      55          0          0 
      51      56          1          0 
      51      57          1          0 
      51      58          0          0 
      51      59          0          0 
      51      60          1          0 
      51      61          0          0 
      51      62          0          0 
      51      63          0          0 
      51      64          0          0 
      51      65          0          0 
      51      66          0          0 
      51      67          2          0 
      51      68          1          1 
      51      69          0          0 
      51      70          0          0 
      51      71          0          0 
      51      72          0          0 
      51      73          1          1 
      51      74          1          1 
      51      75          0          0 
      51      76          0          0 
      51      77          0          0 
      51      78          0          0 
      51      79          0          0 
      51      80          0          0 
      51      81          0          0 
      51      82          2          0 
      51      83          2          0 
      51      84          0          0 
      51      85          0          0 
      51      86          2          0 
      51      87          0          0 
      51      88          0          0 
      51      89          0          0 
      51      90          2          0 
      51      91          1          1 
      51      92          0          0 
      51      93          0          0 
      51      94          0          0 
      51      95          0          0 
      51      96          1          0 
      51      97          1          0 
      51      98          0          0 
      51      99          0          0 
      51     100          1          0 
      51     101          0          0 
      51     102          0          0 
      51     103          0          0 
      51     104          0          0 
      51     105          0          0 
      51     106          0          0 
      51     107          2          0 
      51     108          1          1 
      51     109          0          0 
      51     110          0          0 
      51     111          0          0 
      51     112          0          0 
      51     113          1          1 
      51     114          1          1 
      51     115          0          0 
      51     116          0          0 
      51     117          0          0 
      51     118          0          0 
      51     119          0          0 
      51     120          0          0 
      51     121          0          0 
      51     122          0          0 
      51     123          0          0 
      51     124          0          0 
      51     125          0          0 
      52       1          0          0 
      52       2          0          0 
      52       3          0          0 
      52       4          0          0 
      52       5          2          0 
      52       6          0          0 
      52       7          1          0 
      52       8          0          0 
      52       9          2          0 
      52      10          0          0 
      52      11          0          0 
      52      12          1          0 
      52      13          1          0 
      52      14          7          1 
      52      15          1          0 
      52      16          0          0 
      52      17          2          0 
      52      18          7          1 
      52      19          0          0 
      52      20          0          0 
      52      21          0          0 
      52      22          0          0 
      52      23          0          0 
      52      24          0          0 
      52      25          0          0 
      52      26          2          0 
      52      27          0          0 
      52      28          0          0 
      52      29          0          0 
      52      30          2          0 
      52      31          0          0 
      52      32          0          0 
      52      33          2          0 
      52      34          0          0 
      52      35          0          0 
      52      36          1          0 
      52      37          0          0 
      52      38          1          0 
      52      39          0          0 
      52      40          0          0 
      52      41          1          0 
      52      42          1          0 
      52      43          8          1 
      52      44          1          0 
      52      45          0          0 
      52      46          2          0 
      52      47          8          1 
      52      48          0          0 
      52      49          0          0 
      52      50          1          0 
      52      51          8          1 
      52      52         18          4 
      52      53          1          0 
      52      54          1          1 
      52      55          0          0 
      52      56          0          0 
      52      57          1          0 
      52      58          0          0 
      52      59          0          0 
      52      60          0          0 
      52      61          1          0 
      52      62          0          0 
      52      63          0          0 
      52      64          1          0 
      52      65          0          0 
      52      66          0          0 
      52      67          0          0 
      52      68          2          0 
      52      69          1          1 
      52      70          0          0 
      52      71          0          0 
      52      72          0          0 
      52      73          1          0 
      52      74          1          1 
      52      75          0          0 
      52      76          0          0 
      52      77          0          0 
      52      78          0          0 
      52      79          0          0 
      52      80          0          0 
      52      81          0          0 
      52      82          0          0 
      52      83          2          0 
      52      84          0          0 
      52      85          0          0 
      52      86          0          0 
      52      87          2          0 
      52      88          0          0 
      52      89          0          0 
      52      90          0          0 
      52      91          2          0 
      52      92          1          1 
      52      93          0          0 
      52      94          0          0 
      52      95          0          0 
      52      96          0          0 
      52      97          1          0 
      52      98          0          0 
      52      99          0          0 
      52     100          0          0 
      52     101          1          0 
      52     102          0          0 
      52     103          0          0 
      52     104          1          0 
      52     105          0          0 
      52     106          0          0 
      52     107          0          0 
      52     108          2          0 
      52     109          1          1 
      52     110          0          0 
      52     111          0          0 
      52     112          0          0 
      52     113          1          0 
      52     114          1          1 
      52     115          0          0 
      52     116          0          0 
      52     117          0          0 
      52     118          0          0 
      52     119          0          0 
      52     120          0          0 
      52     121          0          0 
      52     122          0          0 
      52     123          0          0 
      52     124          0          0 
      52     125          0          0 
      53       1          0          0 
      53       2          0          0 
      53       3          0          0 
      53       4          2          0 
      53       5          0          0 
      53       6          2          0 
      53       7          0          0 
      53       8          2          0 
      53       9          1          0 
      53      10          2          0 
      53      11          2          0 
      53      12          0          0 
      53      13          2          0 
      53      14          1          0 
      53      15          8          1 
      53      16          8          1 
      53      17          9          1 
      53      18          0          0 
      53      19          8          1 
      53      20          0          0 
      53      21          0          0 
      53      22          0          0 
      53      23          0          0 
      53      24          0          0 
      53      25          0          0 
      53      26          0          0 
      53      27          2          0 
      53      28          2          0 
      53      29          2          0 
      53      30          0          0 
      53      31          2          0 
      53      32          0          0 
      53      33          2          0 
      53      34          0          0 
      53      35          0          0 
      53      36          0          0 
      53      37          1          0 
      53      38          1          0 
      53      39          1          0 
      53      40          1          0 
      53      41          0          0 
      53      42          2          0 
      53      43          1          0 
      53      44          9          1 
      53      45          9          1 
      53      46         10          1 
      53      47          0          0 
      53      48          9          1 
      53      49          0          0 
      53      50          8          1 
      53      51          9          1 
      53      52          0          0 
      53      53         26          5 
      53      54          1          1 
      53      55          1          1 
      53      56          0          0 
      53      57          0          0 
      53      58          1          0 
      53      59          1          0 
      53      60          1          0 
      53      61          0          0 
      53      62          1          0 
      53      63          0          0 
      53      64          1          0 
      53      65          0          0 
      53      66          0          0 
      53      67          2          0 
      53      68          2          0 
      53      69          0          0 
      53      70          1          1 
      53      71          0          0 
      53      72          0          0 
      53      73          1          1 
      53      74          0          0 
      53      75          1          1 
      53      76          0          0 
      53      77          0          0 
      53      78          0          0 
      53      79          0          0 
      53      80          0          0 
      53      81          0          0 
      53      82          0          0 
      53      83          0          0 
      53      84          2          0 
      53      85          2          0 
      53      86          2          0 
      53      87          0          0 
      53      88          2          0 
      53      89          0          0 
      53      90          2          0 
      53      91          2          0 
      53      92          0          0 
      53      93          1          1 
      53      94          0          0 
      53      95          0          0 
      53      96          0          0 
      53      97          0          0 
      53      98          1          0 
      53      99          1          0 
      53     100          1          0 
      53     101          0          0 
      53     102          1          0 
      53     103          0          0 
      53     104          1          0 
      53     105          0          0 
      53     106          0          0 
      53     107          2          0 
      53     108          2          0 
      53     109          0          0 
      53     110          1          1 
      53     111          0          0 
      53     112          0          0 
      53     113          1          1 
      53     114          0          0 
      53     115          1          1 
      53     116          0          0 
      53     117          0          0 
      53     118          0          0 
      53     119          0          0 
      53     120          0          0 
      53     121          0          0 
      53     122          0          0 
      53     123          0          0 
      53     124          0          0 
      53     125          0          0 
      54       1          0          0 
      54       2          0          0 
      54       3          0          0 
      54       4          0          0 
      54       5          2          0 
      54       6          2          0 
      54       7          0          0 
      54       8          1          0 
      54       9          2          0 
      54      10          0          0 
      54      11          2          0 
      54      12          2          0 
      54      13          1          0 
      54      14          2          0 
      54      15          8          1 
      54      16          1          0 
      54      17          9          1 
      54      18          8          1 
      54      19          2          0 
      54      20          8          1 
      54      21          0          0 
      54      22          0          0 
      54      23          0          0 
      54      24          0          0 
      54      25          0          0 
      54      26          0          0 
      54      27          2          0 
      54      28          0          0 
      54      29          2          0 
      54      30          2          0 
      54      31          0          0 
      54      32          2          0 
      54      33          2          0 
      54      34          2          0 
      54      35          0          0 
      54      36          0          0 
      54      37          1          0 
      54      38          1          0 
      54      39          0          0 
      54      40          1          0 
      54      41          1          0 
      54      42          1          0 
      54      43          2          0 
      54      44          9          1 
      54      45          1          0 
      54      46         10          1 
      54      47          9          1 
      54      48          2          0 
      54      49          9          1 
      54      50          1          0 
      54      51          9          1 
      54      52          8          1 
      54      53          9          1 
      54      54         26          5 
      54      55          1          1 
      54      56          0          0 
      54      57          0          0 
      54      58          1          0 
      54      59          0          0 
      54      60          1          0 
      54      61          1          0 
      54      62          0          0 
      54      63          1          0 
      54      64          1          0 
      54      65          1          0 
      54      66          0          0 
      54      67          0          0 
      54      68          2          0 
      54      69          2          0 
      54      70          2          0 
      54      71          1          1 
      54      72          0          0 
      54      73          2          0 
      54      74          1          1 
      54      75          1          1 
      54      76          0          0 
      54      77          0          0 
      54      78          0          0 
      54      79          0          0 
      54      80          0          0 
      54      81          0          0 
      54      82          0          0 
      54      83          0          0 
      54      84          2          0 
      54      85          0          0 
      54      86          2          0 
      54      87          2          0 
      54      88          0          0 
      54      89          2          0 
      54      90          0          0 
      54      91          2          0 
      54      92          2          0 
      54      93          2          0 
      54      94          1          1 
      54      95          0          0 
      54      96          0          0 
      54      97          0          0 
      54      98          1          0 
      54      99          0          0 
      54     100          1          0 
      54     101          1          0 
      54     102          0          0 
      54     103          1          0 
      54     104          1          0 
      54     105          1          0 
      54     106          0          0 
      54     107          0          0 
      54     108          2          0 
      54     109          2          0 
      54     110          2          0 
      54     111          1          1 
      54     112          0          0 
      54     113          2          0 
      54     114          1          1 
      54     115          1          1 
      54     116          0          0 
      54     117          0          0 
      54     118          0          0 
      54     119          0          0 
      54     120          0          0 
      54     121          0          0 
      54     122          0          0 
      54     123          0          0 
      54     124          0          0 
      54     125          0          0 
      55       1          0          0 
      55       2          0          0 
      55       3          0          0 
      55       4          0          0 
      55       5          0          0 
      55       6          2          0 
      55       7          0          0 
      55       8          0          0 
      55       9          0          0 
      55      10          1          0 
      55      11          2          0 
      55      12          1          0 
      55      13          0          0 
      55      14          0          0 
      55      15          2          0 
      55      16          1          0 
      55      17          2          0 
      55      18          1          0 
      55      19          7          1 
      55      20          7          1 
      55      21          0          0 
      55      22          0          0 
      55      23          0          0 
      55      24          0          0 
      55      25          0          0 
      55      26          0          0 
      55      27          0          0 
      55      28          0          0 
      55      29          0          0 
      55      30          0          0 
      55      31          2          0 
      55      32          2          0 
      55      33          0          0 
      55      34          2          0 
      55      35          2          0 
      55      36          0          0 
      55      37          0          0 
      55      38          0          0 
      55      39          1          0 
      55      40          1          0 
      55      41          1          0 
      55      42          0          0 
      55      43          0          0 
      55      44          2          0 
      55      45          1          0 
      55      46          2          0 
      55      47          1          0 
      55      48          8          1 
      55      49          8          1 
      55      50          1          0 
      55      51          1          0 
      55      52          1          0 
      55      53          8          1 
      55      54          8          1 
      55      55         18          4 
      55      56          0          0 
      55      57          0          0 
      55      58          0          0 
      55      59          0          0 
      55      60          0          0 
      55      61          0          0 
      55      62          1          0 
      55      63          1          0 
      55      64          0          0 
      55      65          1          0 
      55      66          1          0 
      55      67          0          0 
      55      68          0          0 
      55      69          0          0 
      55      70          2          0 
      55      71          2          0 
      55      72          1          1 
      55      73          1          0 
      55      74          1          0 
      55      75          1          1 
      55      76          0          0 
      55      77          0          0 
      55      78          0          0 
      55      79          0          0 
      55      80          0          0 
      55      81          0          0 
      55      82          0          0 
      55      83          0          0 
      55      84          0          0 
      55      85          0          0 
      55      86          0          0 
      55      87          0          0 
      55      88          2          0 
      55      89          2          0 
      55      90          0          0 
      55      91          0          0 
      55      92          0          0 
      55      93          2          0 
      55      94          2          0 
      55      95          1          1 
      55      96          0          0 
      55      97          0          0 
      55      98          0          0 
      55      99          0          0 
      55     100          0          0 
      55     101          0          0 
      55     102          1          0 
      55     103          1          0 
      55     104          0          0 
      55     105          1          0 
      55     106          1          0 
      55     107          0          0 
      55     108          0          0 
      55     109          0          0 
      55     110          2          0 
      55     111          2          0 
      55     112          1          1 
      55     113          1          0 
      55     114          1          0 
      55     115          1          1 
      55     116          0          0 
      55     117          0          0 
      55     118          0          0 
      55     119          0          0 
      55     120          0          0 
      55     121          0          0 
      55     122          0          0 
      55     123          0          0 
      55     124          0          0 
      55     125          0          0 
      56       1          1          0 
      56       2          1          0 
      56       3          0          0 
      56       4          1          0 
      56       5          0          0 
      56       6          0          0 
      56       7          1          0 
      56       8          1          0 
      56       9          0          0 
      56      10          0          0 
      56      11          0          0 
      56      12          0          0 
      56      13          1          0 
      56      14          0          0 
      56      15          0          0 
      56      16          0          0 
      56      17          0          0 
      56      18          0          0 
      56      19          0          0 
      56      20          0          0 
      56      21          7          1 
      56      22          0          0 
      56      23          0          0 
      56      24          0          0 
      56      25          7          1 
      56      26          0          0 
      56      27          0          0 
      56      28          0          0 
      56      29          0          0 
      56      30          0          0 
      56      31          0          0 
      56      32          0          0 
      56      33          0          0 
      56      34          0          0 
      56      35          0          0 
      56      36          7          1 
      56      37          8          1 
      56      38          0          0 
      56      39          0          0 
      56      40          0          0 
      56      41          0          0 
      56      42          8          1 
      56      43          0          0 
      56      44          0          0 
      56      45          0          0 
      56      46          0          0 
      56      47          0          0 
      56      48          0          0 
      56      49          0          0 
      56      50          0          0 
      56      51          0          0 
      56      52          0          0 
      56      53          0          0 
      56      54          0          0 
      56      55          0          0 
      56      56         18          4 
      56      57          1          1 
      56      58          1          1 
      56      59          1          1 
      56      60          1          1 
      56      61          0          0 
      56      62          0          0 
      56      63          0          0 
      56      64          1          1 
      56      65          0          0 
      56      66          0          0 
      56      67          1          1 
      56      68          1          1 
      56      69          0          0 
      56      70          0          0 
      56      71          0          0 
      56      72          0          0 
      56      73          0          0 
      56      74          0          0 
      56      75          0          0 
      56      76          1          0 
      56      77          1          0 
      56      78          0          0 
      56      79          0          0 
      56      80          0          0 
      56      81          0          0 
      56      82          1          0 
      56      83          0          0 
      56      84          0          0 
      56      85          0          0 
      56      86          0          0 
      56      87          0          0 
      56      88          0          0 
      56      89          0          0 
      56      90          0          0 
      56      91          0          0 
      56      92          0          0 
      56      93          0          0 
      56      94          0          0 
      56      95          0          0 
      56      96          1          1 
      56      97          0          0 
      56      98          0          0 
      56      99          0          0 
      56     100          0          0 
      56     101          0          0 
      56     102          0          0 
      56     103          0          0 
      56     104          0          0 
      56     105          0          0 
      56     106          0          0 
      56     107          0          0 
      56     108          0          0 
      56     109          0          0 
      56     110          0          0 
      56     111          0          0 
      56     112          0          0 
      56     113          0          0 
      56     114          0          0 
      56     115          0          0 
      56     116          1          1 
      56     117          1          1 
      56     118          0          0 
      56     119          0          0 
      56     120          0          0 
      56     121          0          0 
      56     122          0          0 
      56     123          0          0 
      56     124          0          0 
      56     125          0          0 
      57       1          1          0 
      57       2          0          0 
      57       3          1          0 
      57       4          0          0 
      57       5          1          0 
      57       6          0          0 
      57       7          1          0 
      57       8          0          0 
      57       9          1          0 
      57      10          0          0 
      57      11          0          0 
      57      12          0          0 
      57      13          0          0 
      57      14          1          0 
      57      15          0          0 
      57      16          0          0 
      57      17          0          0 
      57      18          0          0 
      57      19          0          0 
      57      20          0          0 
      57      21          1          0 
      57      22          7          1 
      57      23          0          0 
      57      24          0          0 
      57      25          1          0 
      57      26          7          1 
      57      27          0          0 
      57      28          0          0 
      57      29          0          0 
      57      30          0          0 
      57      31          0          0 
      57      32          0          0 
      57      33          0          0 
      57      34          0          0 
      57      35          0          0 
      57      36          7          1 
      57      37          2          0 
      57      38          8          1 
      57      39          0          0 
      57      40          0          0 
      57      41          0          0 
      57      42          2          0 
      57      43          8          1 
      57      44          0          0 
      57      45          0          0 
      57      46          0          0 
      57      47          0          0 
      57      48          0          0 
      57      49          0          0 
      57      50          0          0 
      57      51          0          0 
      57      52          0          0 
      57      53          0          0 
      57      54          0          0 
      57      55          0          0 
      57      56          7          1 
      57      57         18          4 
      57      58          1          1 
      57      59          1          0 
      57      60          1          1 
      57      61          1          1 
      57      62          0          0 
      57      63          0          0 
      57      64          1          1 
      57      65          0          0 
      57      66          0          0 
      57      67          1          0 
      57      68          1          1 
      57      69          1          1 
      57      70          0          0 
      57      71          0          0 
      57      72          0          0 
      57      73          0          0 
      57      74          0          0 
      57      75          0          0 
      57      76          1          0 
      57      77          0          0 
      57      78          1          0 
      57      79          0          0 
      57      80          0          0 
      57      81          0          0 
      57      82          0          0 
      57      83          1          0 
      57      84          0          0 
      57      85          0          0 
      57      86          0          0 
      57      87          0          0 
      57      88          0          0 
      57      89          0          0 
      57      90          0          0 
      57      91          0          0 
      57      92          0          0 
      57      93          0          0 
      57      94          0          0 
      57      95          0          0 
      57      96          2          0 
      57      97          1          1 
      57      98          0          0 
      57      99          0          0 
      57     100          0          0 
      57     101          0          0 
      57     102          0          0 
      57     103          0          0 
      57     104          0          0 
      57     105          0          0 
      57     106          0          0 
      57     107          0          0 
      57     108          0          0 
      57     109          0          0 
      57     110          0          0 
      57     111          0          0 
      57     112          0          0 
      57     113          0          0 
      57     114          0          0 
      57     115          0          0 
      57     116          1          0 
      57     117          1          1 
      57     118          1          1 
      57     119          0          0 
      57     120          0          0 
      57     121          0          0 
      57     122          0          0 
      57     123          0          0 
      57     124          0          0 
      57     125          0          0 
      58       1          0          0 
      58       2          1          0 
      58       3          1          0 
      58       4          1          0 
      58       5          1          0 
      58       6          1          0 
      58       7          0          0 
      58       8          1          0 
      58       9          1          0 
      58      10          0          0 
      58      11          0          0 
      58      12          0          0 
      58      13          0          0 
      58      14          0          0 
      58      15          1          0 
      58      16          0          0 
      58      17          0          0 
      58      18          0          0 
      58      19          0          0 
      58      20          0          0 
      58      21          7          1 
      58      22          7          1 
      58      23          8          1 
      58      24          3          0 
      58      25          2          0 
      58      26          2          0 
      58      27          9          1 
      58      28          1          0 
      58      29          2          0 
      58      30          0          0 
      58      31          0          0 
      58      32          0          0 
      58      33          0          0 
      58      34          0          0 
      58      35          0          0 
      58      36          2          0 
      58      37          8          1 
      58      38          8          1 
      58      39          1          0 
      58      40          2          0 
      58      41          0          0 
      58      42          2          0 
      58      43          2          0 
      58      44         10          1 
      58      45          1          0 
      58      46          2          0 
      58      47          0          0 
      58      48          0          0 
      58      49          0          0 
      58      50          0          0 
      58      51          0          0 
      58      52          0          0 
      58      53          0          0 
      58      54          0          0 
      58      55          0          0 
      58      56          7          1 
      58      57          7          1 
      58      58         26          5 
      58      59          2          0 
      58      60          4          0 
      58      61          0          0 
      58      62          1          1 
      58      63          1          1 
      58      64          1          1 
      58      65          1          1 
      58      66          1          1 
      58      67          1          0 
      58      68          0          0 
      58      69          0          0 
      58      70          1          1 
      58      71          1          1 
      58      72          0          0 
      58      73          0          0 
      58      74          0          0 
      58      75          0          0 
      58      76          0          0 
      58      77          1          0 
      58      78          1          0 
      58      79          0          0 
      58      80          0          0 
      58      81          0          0 
      58      82          0          0 
      58      83          0          0 
      58      84          1          0 
      58      85          0          0 
      58      86          0          0 
      58      87          0          0 
      58      88          0          0 
      58      89          0          0 
      58      90          0          0 
      58      91          0          0 
      58      92          0          0 
      58      93          0          0 
      58      94          0          0 
      58      95          0          0 
      58      96          1          0 
      58      97          1          0 
      58      98          1          1 
      58      99          1          0 
      58     100          0          0 
      58     101          0          0 
      58     102          0          0 
      58     103          0          0 
      58     104          0          0 
      58     105          0          0 
      58     106          0          0 
      58     107          0          0 
      58     108          0          0 
      58     109          0          0 
      58     110          0          0 
      58     111          0          0 
      58     112          0          0 
      58     113          0          0 
      58     114          0          0 
      58     115          0          0 
      58     116          1          0 
      58     117          0          0 
      58     118          0          0 
      58     119          1          1 
      58     120          1          1 
      58     121          0          0 
      58     122          0          0 
      58     123          0          0 
      58     124          0          0 
      58     125          0          0 
      59       1          1          0 
      59       2          1          0 
      59       3          0          0 
      59       4          1          0 
      59       5          0          0 
      59       6          0          0 
      59       7          0          0 
      59       8          1          0 
      59       9          0          0 
      59      10          1          0 
      59      11          0          0 
      59      12          0          0 
      59      13          0          0 
      59      14          0          0 
      59      15          0          0 
      59      16          1          0 
      59      17          0          0 
      59      18          0          0 
      59      19          0          0 
      59      20          0          0 
      59      21          7          1 
      59      22          0          0 
      59      23          0          0 
      59      24          0          0 
      59      25          2          0 
      59      26          0          0 
      59      27          0          0 
      59      28          7          1 
      59      29          0          0 
      59      30          0          0 
      59      31          0          0 
      59      32          0          0 
      59      33          0          0 
      59      34          0          0 
      59      35          0          0 
      59      36          1          0 
      59      37          8          1 
      59      38          0          0 
      59      39          7          1 
      59      40          0          0 
      59      41          0          0 
      59      42          2          0 
      59      43          0          0 
      59      44          0          0 
      59      45          8          1 
      59      46          0          0 
      59      47          0          0 
      59      48          0          0 
      59      49          0          0 
      59      50          0          0 
      59      51          0          0 
      59      52          0          0 
      59      53          0          0 
      59      54          0          0 
      59      55          0          0 
      59      56          7          1 
      59      57          0          0 
      59      58          0          0 
      59      59         18          4 
      59      60          1          1 
      59      61          0          0 
      59      62          1          1 
      59      63          0          0 
      59      64          0          0 
      59      65          1          1 
      59      66          0          0 
      59      67          1          1 
      59      68          0          0 
      59      69          0          0 
      59      70          1          1 
      59      71          0          0 
      59      72          0          0 
      59      73          0          0 
      59      74          0          0 
      59      75          0          0 
      59      76          0          0 
      59      77          1          0 
      59      78          0          0 
      59      79          1          0 
      59      80          0          0 
      59      81          0          0 
      59      82          0          0 
      59      83          0          0 
      59      84          0          0 
      59      85          1          0 
      59      86          0          0 
      59      87          0          0 
      59      88          0          0 
      59      89          0          0 
      59      90          0          0 
      59      91          0          0 
      59      92          0          0 
      59      93          0          0 
      59      94          0          0 
      59      95          0          0 
      59      96          2          0 
      59      97          0          0 
      59      98          0          0 
      59      99          1          1 
      59     100          0          0 
      59     101          0          0 
      59     102          0          0 
      59     103          0          0 
      59     104          0          0 
      59     105          0          0 
      59     106          0          0 
      59     107          0          0 
      59     108          0          0 
      59     109          0          0 
      59     110          0          0 
      59     111          0          0 
      59     112          0          0 
      59     113          0          0 
      59     114          0          0 
      59     115          0          0 
      59     116          1          1 
      59     117          0          0 
      59     118          0          0 
      59     119          1          1 
      59     120          0          0 
      59     121          0          0 
      59     122          0          0 
      59     123          0          0 
      59     124          0          0 
      59     125          0          0 
      60       1          1          0 
      60       2          1          0 
      60       3          1          0 
      60       4          1          0 
      60       5          1          0 
      60       6          0          0 
      60       7          0          0 
      60       8          1          0 
      60       9          1          0 
      60      10          0          0 
      60      11          1          0 
      60      12          0          0 
      60      13          0          0 
      60      14          0          0 
      60      15          0          0 
      60      16          0          0 
      60      17          1          0 
      60      18          0          0 
      60      19          0          0 
      60      20          0          0 
      60      21          8          1 
      60      22          8          1 
      60      23          2          0 
      60      24          2          0 
      60      25          2          0 
      60      26          2          0 
      60      27          2          0 
      60      28          2          0 
      60      29          9          1 
      60      30          0          0 
      60      31          0          0 
      60      32          0          0 
      60      33          0          0 
      60      34          0          0 
      60      35          0          0 
      60      36          2          0 
      60      37          9          1 
      60      38          9          1 
      60      39          2          0 
      60      40          9          1 
      60      41          0          0 
      60      42          2          0 
      60      43          2          0 
      60      44          2          0 
      60      45          2          0 
      60      46         10          1 
      60      47          0          0 
      60      48          0          0 
      60      49          0          0 
      60      50          0          0 
      60      51          0          0 
      60      52          0          0 
      60      53          0          0 
      60      54          0          0 
      60      55          0          0 
      60      56          8          1 
      60      57          8          1 
      60      58          0          0 
      60      59          8          1 
      60      60         26          5 
      60      61          1          1 
      60      62          1          1 
      60      63          1          1 
      60      64          0          0 
      60      65          1          1 
      60      66          1          1 
      60      67          2          0 
      60      68          1          1 
      60      69          0          0 
      60      70          1          1 
      60      71          1          1 
      60      72          0          0 
      60      73          0          0 
      60      74          0          0 
      60      75          0          0 
      60      76          0          0 
      60      77          1          0 
      60      78          1          0 
      60      79          0          0 
      60      80          1          0 
      60      81          0          0 
      60      82          0          0 
      60      83          0          0 
      60      84          0          0 
      60      85          0          0 
      60      86          1          0 
      60      87          0          0 
      60      88          0          0 
      60      89          0          0 
      60      90          0          0 
      60      91          0          0 
      60      92          0          0 
      60      93          0          0 
      60      94          0          0 
      60      95          0          0 
      60      96          2          0 
      60      97          2          0 
      60      98          0          0 
      60      99          2          0 
      60     100          1          1 
      60     101          0          0 
      60     102          0          0 
      60     103          0          0 
      60     104          0          0 
      60     105          0          0 
      60     106          0          0 
      60     107          0          0 
      60     108          0          0 
      60     109          0          0 
      60     110          0          0 
      60     111          0          0 
      60     112          0          0 
      60     113          0          0 
      60     114          0          0 
      60     115          0          0 
      60     116          2          0 
      60     117          1          1 
      60     118          0          0 
      60     119          1          1 
      60     120          1          1 
      60     121          0          0 
      60     122          0          0 
      60     123          0          0 
      60     124          0          0 
      60     125          0          0 
      61       1          1          0 
      61       2          0          0 
      61       3          1          0 
      61       4          0          0 
      61       5          1          0 
      61       6          0          0 
      61       7          0          0 
      61       8          0          0 
      61       9          1          0 
      61      10          0          0 
      61      11          0          0 
      61      12          1          0 
      61      13          0          0 
      61      14          0          0 
      61      15          0          0 
      61      16          0          0 
      61      17          0          0 
      61      18          1          0 
      61      19          0          0 
      61      20          0          0 
      61      21          1          0 
      61      22          7          1 
      61      23          1          0 
      61      24          1          0 
      61      25          0          0 
      61      26          2          0 
      61      27          1          0 
      61      28          0          0 
      61      29          2          0 
      61      30          7          1 
      61      31          0          0 
      61      32          0          0 
      61      33          0          0 
      61      34          0          0 
      61      35          0          0 
      61      36          1          0 
      61      37          1          0 
      61      38          8          1 
      61      39          0          0 
      61      40          2          0 
      61      41          7          1 
      61      42          0          0 
      61      43          2          0 
      61      44          1          0 
      61      45          0          0 
      61      46          2          0 
      61      47          8          1 
      61      48          0          0 
      61      49          0          0 
      61      50          0          0 
      61      51          0          0 
      61      52          0          0 
      61      53          0          0 
      61      54          0          0 
      61      55          0          0 
      61      56          1          0 
      61      57          7          1 
      61      58          2          0 
      61      59          1          0 
      61      60          8          1 
      61      61         18          4 
      61      62          1          0 
      61      63          1          1 
      61      64          1          0 
      61      65          1          0 
      61      66          1          1 
      61      67          0          0 
      61      68          2          0 
      61      69          1          1 
      61      70          1          0 
      61      71          1          1 
      61      72          0          0 
      61      73          0          0 
      61      74          0          0 
      61      75          0          0 
      61      76          0          0 
      61      77          0          0 
      61      78          1          0 
      61      79          0          0 
      61      80          0          0 
      61      81          1          0 
      61      82          0          0 
      61      83          0          0 
      61      84          0          0 
      61      85          0          0 
      61      86          0          0 
      61      87          1          0 
      61      88          0          0 
      61      89          0          0 
      61      90          0          0 
      61      91          0          0 
      61      92          0          0 
      61      93          0          0 
      61      94          0          0 
      61      95          0          0 
      61      96          0          0 
      61      97          2          0 
      61      98          1          0 
      61      99          0          0 
      61     100          2          0 
      61     101          1          1 
      61     102          0          0 
      61     103          0          0 
      61     104          0          0 
      61     105          0          0 
      61     106          0          0 
      61     107          0          0 
      61     108          0          0 
      61     109          0          0 
      61     110          0          0 
      61     111          0          0 
      61     112          0          0 
      61     113          0          0 
      61     114          0          0 
      61     115          0          0 
      61     116          0          0 
      61     117          2          0 
      61     118          1          1 
      61     119          1          0 
      61     120          1          1 
      61     121          0          0 
      61     122          0          0 
      61     123          0          0 
      61     124          0          0 
      61     125          0          0 
      62       1          0          0 
      62       2          1          0 
      62       3          1          0 
      62       4          0          0 
      62       5          0          0 
      62       6          1          0 
      62       7          0          0 
      62       8          0          0 
      62       9          0          0 
      62      10          1          0 
      62      11          1          0 
      62      12          0          0 
      62      13          0          0 
      62      14          0          0 
      62      15          0          0 
      62      16          0          0 
      62      17          0          0 
      62      18          0          0 
      62      19          1          0 
      62      20          0          0 
      62      21          1          0 
      62      22          1          0 
      62      23          7          1 
      62      24          1          0 
      62      25          0          0 
      62      26          0          0 
      62      27          2          0 
      62      28          1          0 
      62      29          1          0 
      62      30          0          0 
      62      31          7          1 
      62      32          0          0 
      62      33          0          0 
      62      34          0          0 
      62      35          0          0 
      62      36          0          0 
      62      37          2          0 
      62      38          1          0 
      62      39          7          1 
      62      40          8          1 
      62      41          0          0 
      62      42          0          0 
      62      43          0          0 
      62      44          1          0 
      62      45          2          0 
      62      46          2          0 
      62      47          0          0 
      62      48          8          1 
      62      49          0          0 
      62      50          0          0 
      62      51          0          0 
      62      52          0          0 
      62      53          0          0 
      62      54          0          0 
      62      55          0          0 
      62      56          1          0 
      62      57          1          0 
      62      58          7          1 
      62      59          7          1 
      62      60          8          1 
      62      61          0          0 
      62      62         18          4 
      62      63          1          1 
      62      64          1          0 
      62      65          1          1 
      62      66          0          0 
      62      67          1          0 
      62      68          1          0 
      62      69          0          0 
      62      70          1          1 
      62      71          0          0 
      62      72          1          1 
      62      73          0          0 
      62      74          0          0 
      62      75          0          0 
      62      76          0          0 
      62      77          0          0 
      62      78          0          0 
      62      79          1          0 
      62      80          1          0 
      62      81          0          0 
      62      82          0          0 
      62      83          0          0 
      62      84          0          0 
      62      85          0          0 
      62      86          0          0 
      62      87          0          0 
      62      88          1          0 
      62      89          0          0 
      62      90          0          0 
      62      91          0          0 
      62      92          0          0 
      62      93          0          0 
      62      94          0          0 
      62      95          0          0 
      62      96          0          0 
      62      97          0          0 
      62      98          2          0 
      62      99          2          0 
      62     100          2          0 
      62     101          0          0 
      62     102          1          1 
      62     103          0          0 
      62     104          0          0 
      62     105          0          0 
      62     106          0          0 
      62     107          0          0 
      62     108          0          0 
      62     109          0          0 
      62     110          0          0 
      62     111          0          0 
      62     112          0          0 
      62     113          0          0 
      62     114          0          0 
      62     115          0          0 
      62     116          1          0 
      62     117          1          0 
      62     118          0          0 
      62     119          1          1 
      62     120          0          0 
      62     121          1          1 
      62     122          0          0 
      62     123          0          0 
      62     124          0          0 
      62     125          0          0 
      63       1          0          0 
      63       2          1          0 
      63       3          1          0 
      63       4          0          0 
      63       5          0          0 
      63       6          1          0 
      63       7          0          0 
      63       8          0          0 
      63       9          0          0 
      63      10          0          0 
      63      11          1          0 
      63      12          1          0 
      63      13          0          0 
      63      14          0          0 
      63      15          0          0 
      63      16          0          0 
      63      17          0          0 
      63      18          0          0 
      63      19          0          0 
      63      20          1          0 
      63      21          1          0 
      63      22          1          0 
      63      23          7          1 
      63      24          1          0 
      63      25          0          0 
      63      26          0          0 
      63      27          2          0 
      63      28          0          0 
      63      29          1          0 
      63      30          1          0 
      63      31          2          0 
      63      32          7          1 
      63      33          0          0 
      63      34          0          0 
      63      35          0          0 
      63      36          0          0 
      63      37          1          0 
      63      38          2          0 
      63      39          1          0 
      63      40          8          1 
      63      41          7          1 
      63      42          0          0 
      63      43          0          0 
      63      44          1          0 
      63      45          0          0 
      63      46          2          0 
      63      47          2          0 
      63      48          2          0 
      63      49          8          1 
      63      50          0          0 
      63      51          0          0 
      63      52          0          0 
      63      53          0          0 
      63      54          0          0 
      63      55          0          0 
      63      56          1          0 
      63      57          1          0 
      63      58          7          1 
      63      59          1          0 
      63      60          8          1 
      63      61          7          1 
      63      62          7          1 
      63      63         18          4 
      63      64          1          0 
      63      65          1          0 
      63      66          1          1 
      63      67          0          0 
      63      68          1          0 
      63      69          1          0 
      63      70          2          0 
      63      71          1          1 
      63      72          1          1 
      63      73          0          0 
      63      74          0          0 
      63      75          0          0 
      63      76          0          0 
      63      77          0          0 
      63      78          0          0 
      63      79          0          0 
      63      80          1          0 
      63      81          1          0 
      63      82          0          0 
      63      83          0          0 
      63      84          0          0 
      63      85          0          0 
      63      86          0          0 
      63      87          0          0 
      63      88          0          0 
      63      89          1          0 
      63      90          0          0 
      63      91          0          0 
      63      92          0          0 
      63      93          0          0 
      63      94          0          0 
      63      95          0          0 
      63      96          0          0 
      63      97          0          0 
      63      98          2          0 
      63      99          0          0 
      63     100          2          0 
      63     101          2          0 
      63     102          2          0 
      63     103          1          1 
      63     104          0          0 
      63     105          0          0 
      63     106          0          0 
      63     107          0          0 
      63     108          0          0 
      63     109          0          0 
      63     110          0          0 
      63     111          0          0 
      63     112          0          0 
      63     113          0          0 
      63     114          0          0 
      63     115          0          0 
      63     116          0          0 
      63     117          1          0 
      63     118          1          0 
      63     119          2          0 
      63     120          1          1 
      63     121          1          1 
      63     122          0          0 
      63     123          0          0 
      63     124          0          0 
      63     125          0          0 
      64       1          0          0 
      64       2          0          0 
      64       3          0          0 
      64       4          1          0 
      64       5          1          0 
      64       6          1          0 
      64       7          0          0 
      64       8          0          0 
      64       9          0          0 
      64      10          0          0 
      64      11          0          0 
      64      12          0          0 
      64      13          1          0 
      64      14          1          0 
      64      15          1          0 
      64      16          0          0 
      64      17          0          0 
      64      18          0          0 
      64      19          0          0 
      64      20          0          0 
      64      21          2          0 
      64      22          2          0 
      64      23          1          0 
      64      24          8          1 
      64      25          7          1 
      64      26          7          1 
      64      27          9          1 
      64      28          1          0 
      64      29          2          0 
      64      30          0          0 
      64      31          0          0 
      64      32          0          0 
      64      33          8          1 
      64      34          0          0 
      64      35          0          0 
      64      36          2          0 
      64      37          2          0 
      64      38          2          0 
      64      39          0          0 
      64      40          0          0 
      64      41          0          0 
      64      42          8          1 
      64      43          8          1 
      64      44         10          1 
      64      45          1          0 
      64      46          2          0 
      64      47          0          0 
      64      48          0          0 
      64      49          0          0 
      64      50          1          0 
      64      51          2          0 
      64      52          0          0 
      64      53          0          0 
      64      54          0          0 
      64      55          0          0 
      64      56          7          1 
      64      57          7          1 
      64      58          9          1 
      64      59          1          0 
      64      60          2          0 
      64      61          0          0 
      64      62          0          0 
      64      63          0          0 
      64      64         26          5 
      64      65          1          1 
      64      66          1          1 
      64      67          2          0 
      64      68          4          0 
      64      69          0          0 
      64      70          0          0 
      64      71          0          0 
      64      72          0          0 
      64      73          1          1 
      64      74          1          1 
      64      75          0          0 
      64      76          0          0 
      64      77          0          0 
      64      78          0          0 
      64      79          0          0 
      64      80          0          0 
      64      81          0          0 
      64      82          1          0 
      64      83          1          0 
      64      84          1          0 
      64      85          0          0 
      64      86          0          0 
      64      87          0          0 
      64      88          0          0 
      64      89          0          0 
      64      90          0          0 
      64      91          0          0 
      64      92          0          0 
      64      93          0          0 
      64      94          0          0 
      64      95          0          0 
      64      96          1          0 
      64      97          1          0 
      64      98          1          0 
      64      99          0          0 
      64     100          0          0 
      64     101          0          0 
      64     102          0          0 
      64     103          0          0 
      64     104          1          1 
      64     105          0          0 
      64     106          0          0 
      64     107          1          0 
      64     108          0          0 
      64     109          0          0 
      64     110          0          0 
      64     111          0          0 
      64     112          0          0 
      64     113          0          0 
      64     114          0          0 
      64     115          0          0 
      64     116          1          0 
      64     117          0          0 
      64     118          0          0 
      64     119          0          0 
      64     120          0          0 
      64     121          0          0 
      64     122          1          1 
      64     123          1          1 
      64     124          0          0 
      64     125          0          0 
      65       1          0          0 
      65       2          0          0 
      65       3          0          0 
      65       4          1          0 
      65       5          1          0 
      65       6          1          0 
      65       7          0          0 
      65       8          0          0 
      65       9          0          0 
      65      10          0          0 
      65      11          0          0 
      65      12          0          0 
      65      13          0          0 
      65      14          0          0 
      65      15          1          0 
      65      16          1          0 
      65      17          1          0 
      65      18          0          0 
      65      19          1          0 
      65      20          0          0 
      65      21          2          0 
      65      22          1          0 
      65      23          2          0 
      65      24          8          1 
      65      25          1          0 
      65      26          1          0 
      65      27          9          1 
      65      28          7          1 
      65      29          8          1 
      65      30          0          0 
      65      31          7          1 
      65      32          0          0 
      65      33          2          0 
      65      34          8          1 
      65      35          0          0 
      65      36          0          0 
      65      37          2          0 
      65      38          0          0 
      65      39          2          0 
      65      40          2          0 
      65      41          0          0 
      65      42          1          0 
      65      43          1          0 
      65      44         10          1 
      65      45          8          1 
      65      46          9          1 
      65      47          0          0 
      65      48          8          1 
      65      49          0          0 
      65      50          1          0 
      65      51          1          0 
      65      52          0          0 
      65      53          2          0 
      65      54          0          0 
      65      55          0          0 
      65      56          1          0 
      65      57          1          0 
      65      58          9          1 
      65      59          7          1 
      65      60          8          1 
      65      61          0          0 
      65      62          7          1 
      65      63          0          0 
      65      64          9          1 
      65      65         26          5 
      65      66          1          1 
      65      67          2          0 
      65      68          2          0 
      65      69          0          0 
      65      70          4          0 
      65      71          0          0 
      65      72          0          0 
      65      73          1          1 
      65      74          0          0 
      65      75          1          1 
      65      76          0          0 
      65      77          0          0 
      65      78          0          0 
      65      79          0          0 
      65      80          0          0 
      65      81          0          0 
      65      82          0          0 
      65      83          0          0 
      65      84          1          0 
      65      85          1          0 
      65      86          1          0 
      65      87          0          0 
      65      88          1          0 
      65      89          0          0 
      65      90          0          0 
      65      91          0          0 
      65      92          0          0 
      65      93          0          0 
      65      94          0          0 
      65      95          0          0 
      65      96          0          0 
      65      97          0          0 
      65      98          1          0 
      65      99          1          0 
      65     100          1          0 
      65     101          0          0 
      65     102          1          0 
      65     103          0          0 
      65     104          2          0 
      65     105          1          1 
      65     106          0          0 
      65     107          1          0 
      65     108          1          0 
      65     109          0          0 
      65     110          0          0 
      65     111          0          0 
      65     112          0          0 
      65     113          0          0 
      65     114          0          0 
      65     115          0          0 
      65     116          1          0 
      65     117          1          0 
      65     118          0          0 
      65     119          0          0 
      65     120          0          0 
      65     121          0          0 
      65     122          1          1 
      65     123          0          0 
      65     124          1          1 
      65     125          0          0 
      66       1          0          0 
      66       2          0          0 
      66       3          0          0 
      66       4          1          0 
      66       5          1          0 
      66       6          1          0 
      66       7          0          0 
      66       8          0          0 
      66       9          0          0 
      66      10          0          0 
      66      11          0          0 
      66      12          0          0 
      66      13          0          0 
      66      14          0          0 
      66      15          1          0 
      66      16          0          0 
      66      17          1          0 
      66      18          1          0 
      66      19          0          0 
      66      20          1          0 
      66      21          1          0 
      66      22          2          0 
      66      23          2          0 
      66      24          8          1 
      66      25          1          0 
      66      26          1          0 
      66      27          9          1 
      66      28          1          0 
      66      29          8          1 
      66      30          7          1 
      66      31          1          0 
      66      32          7          1 
      66      33          2          0 
      66      34          2          0 
      66      35          8          1 
      66      36          0          0 
      66      37          0          0 
      66      38          2          0 
      66      39          0          0 
      66      40          2          0 
      66      41          2          0 
      66      42          1          0 
      66      43          1          0 
      66      44         10          1 
      66      45          1          0 
      66      46          9          1 
      66      47          8          1 
      66      48          1          0 
      66      49          8          1 
      66      50          0          0 
      66      51          1          0 
      66      52          1          0 
      66      53          1          0 
      66      54          2          0 
      66      55          0          0 
      66      56          1          0 
      66      57          1          0 
      66      58          9          1 
      66      59          1          0 
      66      60          8          1 
      66      61          7          1 
      66      62          1          0 
      66      63          7          1 
      66      64          9          1 
      66      65          9          1 
      66      66         26          5 
      66      67          0          0 
      66      68          2          0 
      66      69          2          0 
      66      70          2          0 
      66      71          4          0 
      66      72          0          0 
      66      73          2          0 
      66      74          1          1 
      66      75          1          1 
      66      76          0          0 
      66      77          0          0 
      66      78          0          0 
      66      79          0          0 
      66      80          0          0 
      66      81          0          0 
      66      82          0          0 
      66      83          0          0 
      66      84          1          0 
      66      85          0          0 
      66      86          1          0 
      66      87          1          0 
      66      88          0          0 
      66      89          1          0 
      66      90          0          0 
      66      91          0          0 
      66      92          0          0 
      66      93          0          0 
      66      94          0          0 
      66      95          0          0 
      66      96          0          0 
      66      97          0          0 
      66      98          1          0 
      66      99          0          0 
      66     100          1          0 
      66     101          1          0 
      66     102          0          0 
      66     103          1          0 
      66     104          2          0 
      66     105          2          0 
      66     106          1          1 
      66     107          0          0 
      66     108          1          0 
      66     109          1          0 
      66     110          1          0 
      66     111          0          0 
      66     112          0          0 
      66     113          0          0 
      66     114          0          0 
      66     115          0          0 
      66     116          0          0 
      66     117          1          0 
      66     118          1          0 
      66     119          1          0 
      66     120          0          0 
      66     121          0          0 
      66     122          2          0 
      66     123          1          1 
      66     124          1          1 
      66     125          0          0 
      67       1          0          0 
      67       2          0          0 
      67       3          0          0 
      67       4          0          0 
      67       5          0          0 
      67       6          0          0 
      67       7          1          0 
      67       8          1          0 
      67       9          0          0 
      67      10          1          0 
      67      11          0          0 
      67      12          0          0 
      67      13          1          0 
      67      14          0          0 
      67      15          0          0 
      67      16          1          0 
      67      17          0          0 
      67      18          0          0 
      67      19          0          0 
      67      20          0          0 
      67      21          2          0 
      67      22          0          0 
      67      23          0          0 
      67      24          0          0 
      67      25          7          1 
      67      26          0          0 
      67      27          0          0 
      67      28          7          1 
      67      29          0          0 
      67      30          0          0 
      67      31          0          0 
      67      32          0          0 
      67      33          0          0 
      67      34          0          0 
      67      35          0          0 
      67      36          1          0 
      67      37          2          0 
      67      38          0          0 
      67      39          1          0 
      67      40          0          0 
      67      41          0          0 
      67      42          8          1 
      67      43          0          0 
      67      44          0          0 
      67      45          8          1 
      67      46          0          0 
      67      47          0          0 
      67      48          0          0 
      67      49          0          0 
      67      50          7          1 
      67      51          0          0 
      67      52          0          0 
      67      53          0          0 
      67      54          0          0 
      67      55          0          0 
      67      56          7          1 
      67      57          0          0 
      67      58          0          0 
      67      59          7          1 
      67      60          0          0 
      67      61          0          0 
      67      62          0          0 
      67      63          0          0 
      67      64          0          0 
      67      65          0          0 
      67      66          0          0 
      67      67         18          4 
      67      68          1          1 
      67      69          0          0 
      67      70          1          1 
      67      71          0          0 
      67      72          0          0 
      67      73          1          1 
      67      74          0          0 
      67      75          0          0 
      67      76          0          0 
      67      77          0          0 
      67      78          0          0 
      67      79          0          0 
      67      80          0          0 
      67      81          0          0 
      67      82          1          0 
      67      83          0          0 
      67      84          0          0 
      67      85          1          0 
      67      86          0          0 
      67      87          0          0 
      67      88          0          0 
      67      89          0          0 
      67      90          1          0 
      67      91          0          0 
      67      92          0          0 
      67      93          0          0 
      67      94          0          0 
      67      95          0          0 
      67      96          2          0 
      67      97          0          0 
      67      98          0          0 
      67      99          2          0 
      67     100          0          0 
      67     101          0          0 
      67     102          0          0 
      67     103          0          0 
      67     104          0          0 
      67     105          0          0 
      67     106          0          0 
      67     107          1          1 
      67     108          0          0 
      67     109          0          0 
      67     110          0          0 
      67     111          0          0 
      67     112          0          0 
      67     113          0          0 
      67     114          0          0 
      67     115          0          0 
      67     116          1          1 
      67     117          0          0 
      67     118          0          0 
      67     119          0          0 
      67     120          0          0 
      67     121          0          0 
      67     122          1          1 
      67     123          0          0 
      67     124          0          0 
      67     125          0          0 
      68       1          0          0 
      68       2          0          0 
      68       3          0          0 
      68       4          0          0 
      68       5          0          0 
      68       6          0          0 
      68       7          1          0 
      68       8          1          0 
      68       9          1          0 
      68      10          0          0 
      68      11          1          0 
      68      12          0          0 
      68      13          1          0 
      68      14          1          0 
      68      15          0          0 
      68      16          0          0 
      68      17          1          0 
      68      18          0          0 
      68      19          0          0 
      68      20          0          0 
      68      21          2          0 
      68      22          2          0 
      68      23          0          0 
      68      24          0          0 
      68      25          8          1 
      68      26          8          1 
      68      27          2          0 
      68      28          2          0 
      68      29          9          1 
      68      30          0          0 
      68      31          0          0 
      68      32          0          0 
      68      33          2          0 
      68      34          0          0 
      68      35          0          0 
      68      36          2          0 
      68      37          2          0 
      68      38          2          0 
      68      39          0          0 
      68      40          1          0 
      68      41          0          0 
      68      42          9          1 
      68      43          9          1 
      68      44          2          0 
      68      45          2          0 
      68      46         10          1 
      68      47          0          0 
      68      48          0          0 
      68      49          0          0 
      68      50          2          0 
      68      51          9          1 
      68      52          0          0 
      68      53          0          0 
      68      54          0          0 
      68      55          0          0 
      68      56          8          1 
      68      57          8          1 
      68      58          2          0 
      68      59          2          0 
      68      60          9          1 
      68      61          0          0 
      68      62          0          0 
      68      63          0          0 
      68      64          0          0 
      68      65          0          0 
      68      66          0          0 
      68      67          8          1 
      68      68         26          5 
      68      69          1          1 
      68      70          1          1 
      68      71          1          1 
      68      72          0          0 
      68      73          1          1 
      68      74          1          1 
      68      75          0          0 
      68      76          0          0 
      68      77          0          0 
      68      78          0          0 
      68      79          0          0 
      68      80          0          0 
      68      81          0          0 
      68      82          1          0 
      68      83          1          0 
      68      84          0          0 
      68      85          0          0 
      68      86          1          0 
      68      87          0          0 
      68      88          0          0 
      68      89          0          0 
      68      90          0          0 
      68      91          1          0 
      68      92          0          0 
      68      93          0          0 
      68      94          0          0 
      68      95          0          0 
      68      96          2          0 
      68      97          2          0 
      68      98          0          0 
      68      99          0          0 
      68     100          2          0 
      68     101          0          0 
      68     102          0          0 
      68     103          0          0 
      68     104          0          0 
      68     105          0          0 
      68     106          0          0 
      68     107          2          0 
      68     108          1          1 
      68     109          0          0 
      68     110          0          0 
      68     111          0          0 
      68     112          0          0 
      68     113          0          0 
      68     114          0          0 
      68     115          0          0 
      68     116          2          0 
      68     117          1          1 
      68     118          0          0 
      68     119          0          0 
      68     120          0          0 
      68     121          0          0 
      68     122          1          1 
      68     123          1          1 
      68     124          0          0 
      68     125          0          0 
      69       1          0          0 
      69       2          0          0 
      69       3          0          0 
      69       4          0          0 
      69       5          0          0 
      69       6          0          0 
      69       7          1          0 
      69       8          0          0 
      69       9          1          0 
      69      10          0          0 
      69      11          0          0 
      69      12          1          0 
      69      13          0          0 
      69      14          1          0 
      69      15          0          0 
      69      16          0          0 
      69      17          0          0 
      69      18          1          0 
      69      19          0          0 
      69      20          0          0 
      69      21          0          0 
      69      22          2          0 
      69      23          0          0 
      69      24          0          0 
      69      25          1          0 
      69      26          7          1 
      69      27          1          0 
      69      28          0          0 
      69      29          2          0 
      69      30          7          1 
      69      31          0          0 
      69      32          0          0 
      69      33          1          0 
      69      34          0          0 
      69      35          0          0 
      69      36          1          0 
      69      37          0          0 
      69      38          2          0 
      69      39          0          0 
      69      40          0          0 
      69      41          1          0 
      69      42          1          0 
      69      43          8          1 
      69      44          1          0 
      69      45          0          0 
      69      46          2          0 
      69      47          8          1 
      69      48          0          0 
      69      49          0          0 
      69      50          0          0 
      69      51          2          0 
      69      52          7          1 
      69      53          0          0 
      69      54          0          0 
      69      55          0          0 
      69      56          1          0 
      69      57          7          1 
      69      58          1          0 
      69      59          0          0 
      69      60          2          0 
      69      61          7          1 
      69      62          0          0 
      69      63          0          0 
      69      64          2          0 
      69      65          0          0 
      69      66          0          0 
      69      67          1          0 
      69      68          8          1 
      69      69         18          4 
      69      70          1          0 
      69      71          1          1 
      69      72          0          0 
      69      73          1          0 
      69      74          1          1 
      69      75          0          0 
      69      76          0          0 
      69      77          0          0 
      69      78          0          0 
      69      79          0          0 
      69      80          0          0 
      69      81          0          0 
      69      82          0          0 
      69      83          1          0 
      69      84          0          0 
      69      85          0          0 
      69      86          0          0 
      69      87          1          0 
      69      88          0          0 
      69      89          0          0 
      69      90          0          0 
      69      91          0          0 
      69      92          1          0 
      69      93          0          0 
      69      94          0          0 
      69      95          0          0 
      69      96          0          0 
      69      97          2          0 
      69      98          0          0 
      69      99          0          0 
      69     100          0          0 
      69     101          2          0 
      69     102          0          0 
      69     103          0          0 
      69     104          1          0 
      69     105          0          0 
      69     106          0          0 
      69     107          0          0 
      69     108          2          0 
      69     109          1          1 
      69     110          0          0 
      69     111          0          0 
      69     112          0          0 
      69     113          0          0 
      69     114          0          0 
      69     115          0          0 
      69     116          0          0 
      69     117          2          0 
      69     118          1          1 
      69     119          0          0 
      69     120          0          0 
      69     121          0          0 
      69     122          1          0 
      69     123          1          1 
      69     124          0          0 
      69     125          0          0 
      70       1          0          0 
      70       2          0          0 
      70       3          0          0 
      70       4          0          0 
      70       5          0          0 
      70       6          0          0 
      70       7          0          0 
      70       8          1          0 
      70       9          1          0 
      70      10          1          0 
      70      11          1          0 
      70      12          0          0 
      70      13          0          0 
      70      14          0          0 
      70      15          1          0 
      70      16          1          0 
      70      17          1          0 
      70      18          0          0 
      70      19          1          0 
      70      20          0          0 
      70      21          2          0 
      70      22          0          0 
      70      23          2          0 
      70      24          0          0 
      70      25          2          0 
      70      26          1          0 
      70      27          8          1 
      70      28          8          1 
      70      29          9          1 
      70      30          0          0 
      70      31          8          1 
      70      32          0          0 
      70      33          1          0 
      70      34          2          0 
      70      35          0          0 
      70      36          0          0 
      70      37          2          0 
      70      38          1          0 
      70      39          2          0 
      70      40          2          0 
      70      41          0          0 
      70      42          2          0 
      70      43          1          0 
      70      44          9          1 
      70      45          9          1 
      70      46         10          1 
      70      47          0          0 
      70      48          9          1 
      70      49          0          0 
      70      50          2          0 
      70      51          2          0 
      70      52          0          0 
      70      53          9          1 
      70      54          0          0 
      70      55          0          0 
      70      56          2          0 
      70      57          1          0 
      70      58          8          1 
      70      59          8          1 
      70      60          9          1 
      70      61          0          0 
      70      62          8          1 
      70      63          0          0 
      70      64          2          0 
      70      65          0          0 
      70      66          0          0 
      70      67          8          1 
      70      68          9          1 
      70      69          0          0 
      70      70         26          5 
      70      71          1          1 
      70      72          1          1 
      70      73          1          1 
      70      74          0          0 
      70      75          1          1 
      70      76          0          0 
      70      77          0          0 
      70      78          0          0 
      70      79          0          0 
      70      80          0          0 
      70      81          0          0 
      70      82          0          0 
      70      83          0          0 
      70      84          1          0 
      70      85          1          0 
      70      86          1          0 
      70      87          0          0 
      70      88          1          0 
      70      89          0          0 
      70      90          0          0 
      70      91          0          0 
      70      92          0          0 
      70      93          1          0 
      70      94          0          0 
      70      95          0          0 
      70      96          0          0 
      70      97          0          0 
      70      98          2          0 
      70      99          2          0 
      70     100          2          0 
      70     101          0          0 
      70     102          2          0 
      70     103          0          0 
      70     104          1          0 
      70     105          0          0 
      70     106          0          0 
      70     107          2          0 
      70     108          2          0 
      70     109          0          0 
      70     110          1          1 
      70     111          0          0 
      70     112          0          0 
      70     113          0          0 
      70     114          0          0 
      70     115          0          0 
      70     116          2          0 
      70     117          2          0 
      70     118          0          0 
      70     119          1          1 
      70     120          0          0 
      70     121          0          0 
      70     122          1          1 
      70     123          0          0 
      70     124          1          1 
      70     125          0          0 
      71       1          0          0 
      71       2          0          0 
      71       3          0          0 
      71       4          0          0 
      71       5          0          0 
      71       6          0          0 
      71       7          0          0 
      71       8          1          0 
      71       9          1          0 
      71      10          0          0 
      71      11          1          0 
      71      12          1          0 
      71      13          0          0 
      71      14          0          0 
      71      15          1          0 
      71      16          0          0 
      71      17          1          0 
      71      18          1          0 
      71      19          0          0 
      71      20          1          0 
      71      21          0          0 
      71      22          2          0 
      71      23          2          0 
      71      24          0          0 
      71      25          1          0 
      71      26          2          0 
      71      27          8          1 
      71      28          1          0 
      71      29          9          1 
      71      30          8          1 
      71      31          2          0 
      71      32          8          1 
      71      33          1          0 
      71      34          1          0 
      71      35          2          0 
      71      36          0          0 
      71      37          1          0 
      71      38          2          0 
      71      39          0          0 
      71      40          2          0 
      71      41          2          0 
      71      42          1          0 
      71      43          2          0 
      71      44          9          1 
      71      45          1          0 
      71      46         10          1 
      71      47          9          1 
      71      48          2          0 
      71      49          9          1 
      71      50          0          0 
      71      51          2          0 
      71      52          2          0 
      71      53          2          0 
      71      54          9          1 
      71      55          0          0 
      71      56          1          0 
      71      57          2          0 
      71      58          8          1 
      71      59          1          0 
      71      60          9          1 
      71      61          8          1 
      71      62          2          0 
      71      63          8          1 
      71      64          2          0 
      71      65          2          0 
      71      66          0          0 
      71      67          1          0 
      71      68          9          1 
      71      69          8          1 
      71      70          9          1 
      71      71         26          5 
      71      72          1          1 
      71      73          2          0 
      71      74          1          1 
      71      75          1          1 
      71      76          0          0 
      71      77          0          0 
      71      78          0          0 
      71      79          0          0 
      71      80          0          0 
      71      81          0          0 
      71      82          0          0 
      71      83          0          0 
      71      84          1          0 
      71      85          0          0 
      71      86          1          0 
      71      87          1          0 
      71      88          0          0 
      71      89          1          0 
      71      90          0          0 
      71      91          0          0 
      71      92          0          0 
      71      93          0          0 
      71      94          1          0 
      71      95          0          0 
      71      96          0          0 
      71      97          0          0 
      71      98          2          0 
      71      99          0          0 
      71     100          2          0 
      71     101          2          0 
      71     102          0          0 
      71     103          2          0 
      71     104          1          0 
      71     105          1          0 
      71     106          0          0 
      71     107          0          0 
      71     108          2          0 
      71     109          2          0 
      71     110          2          0 
      71     111          1          1 
      71     112          0          0 
      71     113          0          0 
      71     114          0          0 
      71     115          0          0 
      71     116          0          0 
      71     117          2          0 
      71     118          2          0 
      71     119          2          0 
      71     120          1          1 
      71     121          0          0 
      71     122          2          0 
      71     123          1          1 
      71     124          1          1 
      71     125          0          0 
      72       1          0          0 
      72       2          0          0 
      72       3          0          0 
      72       4          0          0 
      72       5          0          0 
      72       6          0          0 
      72       7          0          0 
      72       8          0          0 
      72       9          0          0 
      72      10          1          0 
      72      11          1          0 
      72      12          1          0 
      72      13          0          0 
      72      14          0          0 
      72      15          0          0 
      72      16          0          0 
      72      17          0          0 
      72      18          0          0 
      72      19          1          0 
      72      20          1          0 
      72      21          0          0 
      72      22          0          0 
      72      23          2          0 
      72      24          0          0 
      72      25          0          0 
      72      26          0          0 
      72      27          2          0 
      72      28          1          0 
      72      29          2          0 
      72      30          1          0 
      72      31          7          1 
      72      32          7          1 
      72      33          0          0 
      72      34          1          0 
      72      35          1          0 
      72      36          0          0 
      72      37          0          0 
      72      38          0          0 
      72      39          1          0 
      72      40          2          0 
      72      41          1          0 
      72      42          0          0 
      72      43          0          0 
      72      44          2          0 
      72      45          1          0 
      72      46          2          0 
      72      47          1          0 
      72      48          8          1 
      72      49          8          1 
      72      50          0          0 
      72      51          0          0 
      72      52          0          0 
      72      53          2          0 
      72      54          2          0 
      72      55          7          1 
      72      56          0          0 
      72      57          0          0 
      72      58          2          0 
      72      59          1          0 
      72      60          2          0 
      72      61          1          0 
      72      62          7          1 
      72      63          7          1 
      72      64          0          0 
      72      65          2          0 
      72      66          2          0 
      72      67          1          0 
      72      68          1          0 
      72      69          1          0 
      72      70          8          1 
      72      71          8          1 
      72      72         18          4 
      72      73          1          0 
      72      74          1          0 
      72      75          1          1 
      72      76          0          0 
      72      77          0          0 
      72      78          0          0 
      72      79          0          0 
      72      80          0          0 
      72      81          0          0 
      72      82          0          0 
      72      83          0          0 
      72      84          0          0 
      72      85          0          0 
      72      86          0          0 
      72      87          0          0 
      72      88          1          0 
      72      89          1          0 
      72      90          0          0 
      72      91          0          0 
      72      92          0          0 
      72      93          0          0 
      72      94          0          0 
      72      95          1          0 
      72      96          0          0 
      72      97          0          0 
      72      98          0          0 
      72      99          0          0 
      72     100          0          0 
      72     101          0          0 
      72     102          2          0 
      72     103          2          0 
      72     104          0          0 
      72     105          1          0 
      72     106          1          0 
      72     107          0          0 
      72     108          0          0 
      72     109          0          0 
      72     110          2          0 
      72     111          2          0 
      72     112          1          1 
      72     113          0          0 
      72     114          0          0 
      72     115          0          0 
      72     116          0          0 
      72     117          0          0 
      72     118          0          0 
      72     119          2          0 
      72     120          2          0 
      72     121          1          1 
      72     122          1          0 
      72     123          1          0 
      72     124          1          1 
      72     125          0          0 
      73       1          0          0 
      73       2          0          0 
      73       3          0          0 
      73       4          0          0 
      73       5          0          0 
      73       6          0          0 
      73       7          0          0 
      73       8          0          0 
      73       9          0          0 
      73      10          0          0 
      73      11          0          0 
      73      12          0          0 
      73      13          1          0 
      73      14          1          0 
      73      15          1          0 
      73      16          1          0 
      73      17          1          0 
      73      18          0          0 
      73      19          1          0 
      73      20          0          0 
      73      21          0          0 
      73      22          0          0 
      73      23          0          0 
      73      24          2          0 
      73      25          1          0 
      73      26          1          0 
      73      27          2          0 
      73      28          1          0 
      73      29          1          0 
      73      30          0          0 
      73      31          1          0 
      73      32          0          0 
      73      33          7          1 
      73      34          7          1 
      73      35          0          0 
      73      36          0          0 
      73      37          0          0 
      73      38          0          0 
      73      39          0          0 
      73      40          0          0 
      73      41          0          0 
      73      42          2          0 
      73      43          1          0 
      73      44          1          0 
      73      45          2          0 
      73      46          2          0 
      73      47          0          0 
      73      48          1          0 
      73      49          0          0 
      73      50          7          1 
      73      51          8          1 
      73      52          0          0 
      73      53          8          1 
      73      54          0          0 
      73      55          0          0 
      73      56          1          0 
      73      57          1          0 
      73      58          1          0 
      73      59          1          0 
      73      60          1          0 
      73      61          0          0 
      73      62          1          0 
      73      63          0          0 
      73      64          7          1 
      73      65          7          1 
      73      66          0          0 
      73      67          7          1 
      73      68          8          1 
      73      69          0          0 
      73      70          8          1 
      73      71          0          0 
      73      72          0          0 
      73      73         18          4 
      73      74          1          1 
      73      75          1          1 
      73      76          0          0 
      73      77          0          0 
      73      78          0          0 
      73      79          0          0 
      73      80          0          0 
      73      81          0          0 
      73      82          0          0 
      73      83          0          0 
      73      84          0          0 
      73      85          0          0 
      73      86          0          0 
      73      87          0          0 
      73      88          0          0 
      73      89          0          0 
      73      90          1          0 
      73      91          1          0 
      73      92          0          0 
      73      93          1          0 
      73      94          0          0 
      73      95          0          0 
      73      96          0          0 
      73      97          0          0 
      73      98          0          0 
      73      99          0          0 
      73     100          0          0 
      73     101          0          0 
      73     102          0          0 
      73     103          0          0 
      73     104          2          0 
      73     105          2          0 
      73     106          0          0 
      73     107          2          0 
      73     108          2          0 
      73     109          0          0 
      73     110          2          0 
      73     111          0          0 
      73     112          0          0 
      73     113          1          1 
      73     114          0          0 
      73     115          0          0 
      73     116          1          0 
      73     117          1          0 
      73     118          0          0 
      73     119          1          0 
      73     120          0          0 
      73     121          0          0 
      73     122          1          1 
      73     123          0          0 
      73     124          0          0 
      73     125          1          1 
      74       1          0          0 
      74       2          0          0 
      74       3          0          0 
      74       4          0          0 
      74       5          0          0 
      74       6          0          0 
      74       7          0          0 
      74       8          0          0 
      74       9          0          0 
      74      10          0          0 
      74      11          0          0 
      74      12          0          0 
      74      13          1          0 
      74      14          1          0 
      74      15          1          0 
      74      16          0          0 
      74      17          1          0 
      74      18          1          0 
      74      19          0          0 
      74      20          1          0 
      74      21          0          0 
      74      22          0          0 
      74      23          0          0 
      74      24          2          0 
      74      25          1          0 
      74      26          1          0 
      74      27          2          0 
      74      28          0          0 
      74      29          1          0 
      74      30          1          0 
      74      31          0          0 
      74      32          1          0 
      74      33          7          1 
      74      34          2          0 
      74      35          7          1 
      74      36          0          0 
      74      37          0          0 
      74      38          0          0 
      74      39          0          0 
      74      40          0          0 
      74      41          0          0 
      74      42          1          0 
      74      43          2          0 
      74      44          1          0 
      74      45          0          0 
      74      46          2          0 
      74      47          2          0 
      74      48          0          0 
      74      49          1          0 
      74      50          1          0 
      74      51          8          1 
      74      52          7          1 
      74      53          2          0 
      74      54          8          1 
      74      55          0          0 
      74      56          1          0 
      74      57          1          0 
      74      58          1          0 
      74      59          0          0 
      74      60          1          0 
      74      61          1          0 
      74      62          0          0 
      74      63          1          0 
      74      64          7          1 
      74      65          2          0 
      74      66          7          1 
      74      67          1          0 
      74      68          8          1 
      74      69          7          1 
      74      70          2          0 
      74      71          8          1 
      74      72          0          0 
      74      73          7          1 
      74      74         18          4 
      74      75          1          1 
      74      76          0          0 
      74      77          0          0 
      74      78          0          0 
      74      79          0          0 
      74      80          0          0 
      74      81          0          0 
      74      82          0          0 
      74      83          0          0 
      74      84          0          0 
      74      85          0          0 
      74      86          0          0 
      74      87          0          0 
      74      88          0          0 
      74      89          0          0 
      74      90          0          0 
      74      91          1          0 
      74      92          1          0 
      74      93          0          0 
      74      94          1          0 
      74      95          0          0 
      74      96          0          0 
      74      97          0          0 
      74      98          0          0 
      74      99          0          0 
      74     100          0          0 
      74     101          0          0 
      74     102          0          0 
      74     103          0          0 
      74     104          2          0 
      74     105          0          0 
      74     106          2          0 
      74     107          0          0 
      74     108          2          0 
      74     109          2          0 
      74     110          0          0 
      74     111          2          0 
      74     112          0          0 
      74     113          2          0 
      74     114          1          1 
      74     115          0          0 
      74     116          0          0 
      74     117          1          0 
      74     118          1          0 
      74     119          0          0 
      74     120          1          0 
      74     121          0          0 
      74     122          2          0 
      74     123          1          1 
      74     124          0          0 
      74     125          1          1 
      75       1          0          0 
      75       2          0          0 
      75       3          0          0 
      75       4          0          0 
      75       5          0          0 
      75       6          0          0 
      75       7          0          0 
      75       8          0          0 
      75       9          0          0 
      75      10          0          0 
      75      11          0          0 
      75      12          0          0 
      75      13          0          0 
      75      14          0          0 
      75      15          0          0 
      75      16          1          0 
      75      17          1          0 
      75      18          1          0 
      75      19          1          0 
      75      20          1          0 
      75      21          0          0 
      75      22          0          0 
      75      23          0          0 
      75      24          2          0 
      75      25          0          0 
      75      26          0          0 
      75      27          2          0 
      75      28          1          0 
      75      29          2          0 
      75      30          1          0 
      75      31          1          0 
      75      32          1          0 
      75      33          2          0 
      75      34          7          1 
      75      35          7          1 
      75      36          0          0 
      75      37          0          0 
      75      38          0          0 
      75      39          0          0 
      75      40          0          0 
      75      41          0          0 
      75      42          0          0 
      75      43          0          0 
      75      44          2          0 
      75      45          1          0 
      75      46          2          0 
      75      47          1          0 
      75      48          2          0 
      75      49          2          0 
      75      50          1          0 
      75      51          2          0 
      75      52          1          0 
      75      53          8          1 
      75      54          8          1 
      75      55          7          1 
      75      56          0          0 
      75      57          0          0 
      75      58          0          0 
      75      59          1          0 
      75      60          1          0 
      75      61          1          0 
      75      62          1          0 
      75      63          1          0 
      75      64          2          0 
      75      65          7          1 
      75      66          7          1 
      75      67          1          0 
      75      68          2          0 
      75      69          1          0 
      75      70          8          1 
      75      71          8          1 
      75      72          7          1 
      75      73          7          1 
      75      74          7          1 
      75      75         18          4 
      75      76          0          0 
      75      77          0          0 
      75      78          0          0 
      75      79          0          0 
      75      80          0          0 
      75      81          0          0 
      75      82          0          0 
      75      83          0          0 
      75      84          0          0 
      75      85          0          0 
      75      86          0          0 
      75      87          0          0 
      75      88          0          0 
      75      89          0          0 
      75      90          0          0 
      75      91          0          0 
      75      92          0          0 
      75      93          1          0 
      75      94          1          0 
      75      95          1          0 
      75      96          0          0 
      75      97          0          0 
      75      98          0          0 
      75      99          0          0 
      75     100          0          0 
      75     101          0          0 
      75     102          0          0 
      75     103          0          0 
      75     104          0          0 
      75     105          2          0 
      75     106          2          0 
      75     107          0          0 
      75     108          0          0 
      75     109          0          0 
      75     110          2          0 
      75     111          2          0 
      75     112          2          0 
      75     113          2          0 
      75     114          2          0 
      75     115          1          1 
      75     116          0          0 
      75     117          0          0 
      75     118          0          0 
      75     119          1          0 
      75     120          1          0 
      75     121          1          0 
      75     122          2          0 
      75     123          2          0 
      75     124          1          1 
      75     125          1          1 
      76       1          6          1 
      76       2          0          0 
      76       3          0          0 
      76       4          0          0 
      76       5          0          0 
      76       6          0          0 
      76       7          6          1 
      76       8          0          0 
      76       9          0          0 
      76      10          0          0 
      76      11          0          0 
      76      12          0          0 
      76      13          0          0 
      76      14          0          0 
      76      15          0          0 
      76      16          0          0 
      76      17          0          0 
      76      18          0          0 
      76      19          0          0 
      76      20          0          0 
      76      21          0          0 
      76      22          0          0 
      76      23          0          0 
      76      24          0          0 
      76      25          0          0 
      76      26          0          0 
      76      27          0          0 
      76      28          0          0 
      76      29          0          0 
      76      30          0          0 
      76      31          0          0 
      76      32          0          0 
      76      33          0          0 
      76      34          0          0 
      76      35          0          0 
      76      36          6          1 
      76      37          0          0 
      76      38          0          0 
      76      39          0          0 
      76      40          0          0 
      76      41          0          0 
      76      42          0          0 
      76      43          0          0 
      76      44          0          0 
      76      45          0          0 
      76      46          0          0 
      76      47          0          0 
      76      48          0          0 
      76      49          0          0 
      76      50          0          0 
      76      51          0          0 
      76      52          0          0 
      76      53          0          0 
      76      54          0          0 
      76      55          0          0 
      76      56          0          0 
      76      57          0          0 
      76      58          0          0 
      76      59          0          0 
      76      60          0          0 
      76      61          0          0 
      76      62          0          0 
      76      63          0          0 
      76      64          0          0 
      76      65          0          0 
      76      66          0          0 
      76      67          0          0 
      76      68          0          0 
      76      69          0          0 
      76      70          0          0 
      76      71          0          0 
      76      72          0          0 
      76      73          0          0 
      76      74          0          0 
      76      75          0          0 
      76      76         12          3 
      76      77          1          1 
      76      78          1          1 
      76      79          0          0 
      76      80          0          0 
      76      81          0          0 
      76      82          1          1 
      76      83          1          1 
      76      84          0          0 
      76      85          0          0 
      76      86          0          0 
      76      87          0          0 
      76      88          0          0 
      76      89          0          0 
      76      90          0          0 
      76      91          0          0 
      76      92          0          0 
      76      93          0          0 
      76      94          0          0 
      76      95          0          0 
      76      96          1          1 
      76      97          1          1 
      76      98          0          0 
      76      99          0          0 
      76     100          0          0 
      76     101          0          0 
      76     102          0          0 
      76     103          0          0 
      76     104          0          0 
      76     105          0          0 
      76     106          0          0 
      76     107          0          0 
      76     108          0          0 
      76     109          0          0 
      76     110          0          0 
      76     111          0          0 
      76     112          0          0 
      76     113          0          0 
      76     114          0          0 
      76     115          0          0 
      76     116          0          0 
      76     117          0          0 
      76     118          0          0 
      76     119          0          0 
      76     120          0          0 
      76     121          0          0 
      76     122          0          0 
      76     123          0          0 
      76     124          0          0 
      76     125          0          0 
      77       1          7          1 
      77       2          7          1 
      77       3          0          0 
      77       4          2          0 
      77       5          0          0 
      77       6          0          0 
      77       7          2          0 
      77       8          8          1 
      77       9          0          0 
      77      10          0          0 
      77      11          0          0 
      77      12          0          0 
      77      13          0          0 
      77      14          0          0 
      77      15          0          0 
      77      16          0          0 
      77      17          0          0 
      77      18          0          0 
      77      19          0          0 
      77      20          0          0 
      77      21          2          0 
      77      22          0          0 
      77      23          0          0 
      77      24          0          0 
      77      25          0          0 
      77      26          0          0 
      77      27          0          0 
      77      28          0          0 
      77      29          0          0 
      77      30          0          0 
      77      31          0          0 
      77      32          0          0 
      77      33          0          0 
      77      34          0          0 
      77      35          0          0 
      77      36          2          0 
      77      37          8          1 
      77      38          0          0 
      77      39          0          0 
      77      40          0          0 
      77      41          0          0 
      77      42          0          0 
      77      43          0          0 
      77      44          0          0 
      77      45          0          0 
      77      46          0          0 
      77      47          0          0 
      77      48          0          0 
      77      49          0          0 
      77      50          0          0 
      77      51          0          0 
      77      52          0          0 
      77      53          0          0 
      77      54          0          0 
      77      55          0          0 
      77      56          0          0 
      77      57          0          0 
      77      58          0          0 
      77      59          0          0 
      77      60          0          0 
      77      61          0          0 
      77      62          0          0 
      77      63          0          0 
      77      64          0          0 
      77      65          0          0 
      77      66          0          0 
      77      67          0          0 
      77      68          0          0 
      77      69          0          0 
      77      70          0          0 
      77      71          0          0 
      77      72          0          0 
      77      73          0          0 
      77      74          0          0 
      77      75          0          0 
      77      76          6          1 
      77      77         18          4 
      77      78          1          1 
      77      79          1          1 
      77      80          1          1 
      77      81          0          0 
      77      82          1          1 
      77      83          0          0 
      77      84          1          1 
      77      85          1          1 
      77      86          1          1 
      77      87          0          0 
      77      88          0          0 
      77      89          0          0 
      77      90          0          0 
      77      91          0          0 
      77      92          0          0 
      77      93          0          0 
      77      94          0          0 
      77      95          0          0 
      77      96          1          1 
      77      97          0          0 
      77      98          1          1 
      77      99          1          1 
      77     100          1          1 
      77     101          0          0 
      77     102          0          0 
      77     103          0          0 
      77     104          0          0 
      77     105          0          0 
      77     106          0          0 
      77     107          0          0 
      77     108          0          0 
      77     109          0          0 
      77     110          0          0 
      77     111          0          0 
      77     112          0          0 
      77     113          0          0 
      77     114          0          0 
      77     115          0          0 
      77     116          0          0 
      77     117          0          0 
      77     118          0          0 
      77     119          0          0 
      77     120          0          0 
      77     121          0          0 
      77     122          0          0 
      77     123          0          0 
      77     124          0          0 
      77     125          0          0 
      78       1          7          1 
      78       2          2          0 
      78       3          7          1 
      78       4          1          0 
      78       5          2          0 
      78       6          0          0 
      78       7          2          0 
      78       8          2          0 
      78       9          8          1 
      78      10          0          0 
      78      11          0          0 
      78      12          0          0 
      78      13          0          0 
      78      14          0          0 
      78      15          0          0 
      78      16          0          0 
      78      17          0          0 
      78      18          0          0 
      78      19          0          0 
      78      20          0          0 
      78      21          1          0 
      78      22          2          0 
      78      23          0          0 
      78      24          0          0 
      78      25          0          0 
      78      26          0          0 
      78      27          0          0 
      78      28          0          0 
      78      29          0          0 
      78      30          0          0 
      78      31          0          0 
      78      32          0          0 
      78      33          0          0 
      78      34          0          0 
      78      35          0          0 
      78      36          2          0 
      78      37          2          0 
      78      38          8          1 
      78      39          0          0 
      78      40          0          0 
      78      41          0          0 
      78      42          0          0 
      78      43          0          0 
      78      44          0          0 
      78      45          0          0 
      78      46          0          0 
      78      47          0          0 
      78      48          0          0 
      78      49          0          0 
      78      50          0          0 
      78      51          0          0 
      78      52          0          0 
      78      53          0          0 
      78      54          0          0 
      78      55          0          0 
      78      56          0          0 
      78      57          0          0 
      78      58          0          0 
      78      59          0          0 
      78      60          0          0 
      78      61          0          0 
      78      62          0          0 
      78      63          0          0 
      78      64          0          0 
      78      65          0          0 
      78      66          0          0 
      78      67          0          0 
      78      68          0          0 
      78      69          0          0 
      78      70          0          0 
      78      71          0          0 
      78      72          0          0 
      78      73          0          0 
      78      74          0          0 
      78      75          0          0 
      78      76          6          1 
      78      77          7          1 
      78      78         18          4 
      78      79          1          0 
      78      80          1          1 
      78      81          1          1 
      78      82          2          0 
      78      83          1          1 
      78      84          1          1 
      78      85          1          0 
      78      86          1          1 
      78      87          1          1 
      78      88          0          0 
      78      89          0          0 
      78      90          0          0 
      78      91          0          0 
      78      92          0          0 
      78      93          0          0 
      78      94          0          0 
      78      95          0          0 
      78      96          2          0 
      78      97          1          1 
      78      98          1          1 
      78      99          1          0 
      78     100          1          1 
      78     101          1          1 
      78     102          0          0 
      78     103          0          0 
      78     104          0          0 
      78     105          0          0 
      78     106          0          0 
      78     107          0          0 
      78     108          0          0 
      78     109          0          0 
      78     110          0          0 
      78     111          0          0 
      78     112          0          0 
      78     113          0          0 
      78     114          0          0 
      78     115          0          0 
      78     116          0          0 
      78     117          0          0 
      78     118          0          0 
      78     119          0          0 
      78     120          0          0 
      78     121          0          0 
      78     122          0          0 
      78     123          0          0 
      78     124          0          0 
      78     125          0          0 
      79       1          1          0 
      79       2          6          1 
      79       3          0          0 
      79       4          1          0 
      79       5          0          0 
      79       6          0          0 
      79       7          0          0 
      79       8          2          0 
      79       9          0          0 
      79      10          6          1 
      79      11          0          0 
      79      12          0          0 
      79      13          0          0 
      79      14          0          0 
      79      15          0          0 
      79      16          0          0 
      79      17          0          0 
      79      18          0          0 
      79      19          0          0 
      79      20          0          0 
      79      21          1          0 
      79      22          0          0 
      79      23          0          0 
      79      24          0          0 
      79      25          0          0 
      79      26          0          0 
      79      27          0          0 
      79      28          0          0 
      79      29          0          0 
      79      30          0          0 
      79      31          0          0 
      79      32          0          0 
      79      33          0          0 
      79      34          0          0 
      79      35          0          0 
      79      36          0          0 
      79      37          2          0 
      79      38          0          0 
      79      39          6          1 
      79      40          0          0 
      79      41          0          0 
      79      42          0          0 
      79      43          0          0 
      79      44          0          0 
      79      45          0          0 
      79      46          0          0 
      79      47          0          0 
      79      48          0          0 
      79      49          0          0 
      79      50          0          0 
      79      51          0          0 
      79      52          0          0 
      79      53          0          0 
      79      54          0          0 
      79      55          0          0 
      79      56          0          0 
      79      57          0          0 
      79      58          0          0 
      79      59          0          0 
      79      60          0          0 
      79      61          0          0 
      79      62          0          0 
      79      63          0          0 
      79      64          0          0 
      79      65          0          0 
      79      66          0          0 
      79      67          0          0 
      79      68          0          0 
      79      69          0          0 
      79      70          0          0 
      79      71          0          0 
      79      72          0          0 
      79      73          0          0 
      79      74          0          0 
      79      75          0          0 
      79      76          1          0 
      79      77          6          1 
      79      78          0          0 
      79      79         12          3 
      79      80          1          1 
      79      81          0          0 
      79      82          1          0 
      79      83          0          0 
      79      84          0          0 
      79      85          1          1 
      79      86          0          0 
      79      87          0          0 
      79      88          1          1 
      79      89          0          0 
      79      90          0          0 
      79      91          0          0 
      79      92          0          0 
      79      93          0          0 
      79      94          0          0 
      79      95          0          0 
      79      96          1          0 
      79      97          0          0 
      79      98          0          0 
      79      99          1          1 
      79     100          0          0 
      79     101          0          0 
      79     102          1          1 
      79     103          0          0 
      79     104          0          0 
      79     105          0          0 
      79     106          0          0 
      79     107          0          0 
      79     108          0          0 
      79     109          0          0 
      79     110          0          0 
      79     111          0          0 
      79     112          0          0 
      79     113          0          0 
      79     114          0          0 
      79     115          0          0 
      79     116          0          0 
      79     117          0          0 
      79     118          0          0 
      79     119          0          0 
      79     120          0          0 
      79     121          0          0 
      79     122          0          0 
      79     123          0          0 
      79     124          0          0 
      79     125          0          0 
      80       1          2          0 
      80       2          7          1 
      80       3          7          1 
      80       4          1          0 
      80       5          1          0 
      80       6          2          0 
      80       7          0          0 
      80       8          2          0 
      80       9          2          0 
      80      10          2          0 
      80      11          8          1 
      80      12          0          0 
      80      13          0          0 
      80      14          0          0 
      80      15          0          0 
      80      16          0          0 
      80      17          0          0 
      80      18          0          0 
      80      19          0          0 
      80      20          0          0 
      80      21          1          0 
      80      22          1          0 
      80      23          2          0 
      80      24          0          0 
      80      25          0          0 
      80      26          0          0 
      80      27          0          0 
      80      28          0          0 
      80      29          0          0 
      80      30          0          0 
      80      31          0          0 
      80      32          0          0 
      80      33          0          0 
      80      34          0          0 
      80      35          0          0 
      80      36          0          0 
      80      37          2          0 
      80      38          2          0 
      80      39          2          0 
      80      40          8          1 
      80      41          0          0 
      80      42          0          0 
      80      43          0          0 
      80      44          0          0 
      80      45          0          0 
      80      46          0          0 
      80      47          0          0 
      80      48          0          0 
      80      49          0          0 
      80      50          0          0 
      80      51          0          0 
      80      52          0          0 
      80      53          0          0 
      80      54          0          0 
      80      55          0          0 
      80      56          0          0 
      80      57          0          0 
      80      58          0          0 
      80      59          0          0 
      80      60          0          0 
      80      61          0          0 
      80      62          0          0 
      80      63          0          0 
      80      64          0          0 
      80      65          0          0 
      80      66          0          0 
      80      67          0          0 
      80      68          0          0 
      80      69          0          0 
      80      70          0          0 
      80      71          0          0 
      80      72          0          0 
      80      73          0          0 
      80      74          0          0 
      80      75          0          0 
      80      76          1          0 
      80      77          7          1 
      80      78          7          1 
      80      79          6          1 
      80      80         18          4 
      80      81          1          1 
      80      82          1          0 
      80      83          1          0 
      80      84          0          0 
      80      85          2          0 
      80      86          1          1 
      80      87          0          0 
      80      88          1          1 
      80      89          1          1 
      80      90          0          0 
      80      91          0          0 
      80      92          0          0 
      80      93          0          0 
      80      94          0          0 
      80      95          0          0 
      80      96          1          0 
      80      97          1          0 
      80      98          0          0 
      80      99          2          0 
      80     100          1          1 
      80     101          0          0 
      80     102          1          1 
      80     103          1          1 
      80     104          0          0 
      80     105          0          0 
      80     106          0          0 
      80     107          0          0 
      80     108          0          0 
      80     109          0          0 
      80     110          0          0 
      80     111          0          0 
      80     112          0          0 
      80     113          0          0 
      80     114          0          0 
      80     115          0          0 
      80     116          0          0 
      80     117          0          0 
      80     118          0          0 
      80     119          0          0 
      80     120          0          0 
      80     121          0          0 
      80     122          0          0 
      80     123          0          0 
      80     124          0          0 
      80     125          0          0 
      81       1          1          0 
      81       2          1          0 
      81       3          6          1 
      81       4          0          0 
      81       5          1          0 
      81       6          1          0 
      81       7          0          0 
      81       8          0          0 
      81       9          2          0 
      81      10          0          0 
      81      11          2          0 
      81      12          6          1 
      81      13          0          0 
      81      14          0          0 
      81      15          0          0 
      81      16          0          0 
      81      17          0          0 
      81      18          0          0 
      81      19          0          0 
      81      20          0          0 
      81      21          0          0 
      81      22          1          0 
      81      23          1          0 
      81      24          0          0 
      81      25          0          0 
      81      26          0          0 
      81      27          0          0 
      81      28          0          0 
      81      29          0          0 
      81      30          0          0 
      81      31          0          0 
      81      32          0          0 
      81      33          0          0 
      81      34          0          0 
      81      35          0          0 
      81      36          0          0 
      81      37          0          0 
      81      38          2          0 
      81      39          0          0 
      81      40          2          0 
      81      41          6          1 
      81      42          0          0 
      81      43          0          0 
      81      44          0          0 
      81      45          0          0 
      81      46          0          0 
      81      47          0          0 
      81      48          0          0 
      81      49          0          0 
      81      50          0          0 
      81      51          0          0 
      81      52          0          0 
      81      53          0          0 
      81      54          0          0 
      81      55          0          0 
      81      56          0          0 
      81      57          0          0 
      81      58          0          0 
      81      59          0          0 
      81      60          0          0 
      81      61          0          0 
      81      62          0          0 
      81      63          0          0 
      81      64          0          0 
      81      65          0          0 
      81      66          0          0 
      81      67          0          0 
      81      68          0          0 
      81      69          0          0 
      81      70          0          0 
      81      71          0          0 
      81      72          0          0 
      81      73          0          0 
      81      74          0          0 
      81      75          0          0 
      81      76          1          0 
      81      77          1          0 
      81      78          6          1 
      81      79          1          0 
      81      80          6          1 
      81      81         12          3 
      81      82          0          0 
      81      83          1          0 
      81      84          1          0 
      81      85          0          0 
      81      86          2          0 
      81      87          1          1 
      81      88          1          0 
      81      89          1          1 
      81      90          0          0 
      81      91          0          0 
      81      92          0          0 
      81      93          0          0 
      81      94          0          0 
      81      95          0          0 
      81      96          0          0 
      81      97          1          0 
      81      98          1          0 
      81      99          0          0 
      81     100          2          0 
      81     101          1          1 
      81     102          1          0 
      81     103          1          1 
      81     104          0          0 
      81     105          0          0 
      81     106          0          0 
      81     107          0          0 
      81     108          0          0 
      81     109          0          0 
      81     110          0          0 
      81     111          0          0 
      81     112          0          0 
      81     113          0          0 
      81     114          0          0 
      81     115          0          0 
      81     116          0          0 
      81     117          0          0 
      81     118          0          0 
      81     119          0          0 
      81     120          0          0 
      81     121          0          0 
      81     122          0          0 
      81     123          0          0 
      81     124          0          0 
      81     125          0          0 
      82       1          2          0 
      82       2          1          0 
      82       3          0          0 
      82       4          7          1 
      82       5          0          0 
      82       6          0          0 
      82       7          7          1 
      82       8          8          1 
      82       9          0          0 
      82      10          0          0 
      82      11          0          0 
      82      12          0          0 
      82      13          7          1 
      82      14          0          0 
      82      15          0          0 
      82      16          0          0 
      82      17          0          0 
      82      18          0          0 
      82      19          0          0 
      82      20          0          0 
      82      21          1          0 
      82      22          0          0 
      82      23          0          0 
      82      24          0          0 
      82      25          2          0 
      82      26          0          0 
      82      27          0          0 
      82      28          0          0 
      82      29          0          0 
      82      30          0          0 
      82      31          0          0 
      82      32          0          0 
      82      33          0          0 
      82      34          0          0 
      82      35          0          0 
      82      36          2          0 
      82      37          2          0 
      82      38          0          0 
      82      39          0          0 
      82      40          0          0 
      82      41          0          0 
      82      42          8          1 
      82      43          0          0 
      82      44          0          0 
      82      45          0          0 
      82      46          0          0 
      82      47          0          0 
      82      48          0          0 
      82      49          0          0 
      82      50          0          0 
      82      51          0          0 
      82      52          0          0 
      82      53          0          0 
      82      54          0          0 
      82      55          0          0 
      82      56          0          0 
      82      57          0          0 
      82      58          0          0 
      82      59          0          0 
      82      60          0          0 
      82      61          0          0 
      82      62          0          0 
      82      63          0          0 
      82      64          0          0 
      82      65          0          0 
      82      66          0          0 
      82      67          0          0 
      82      68          0          0 
      82      69          0          0 
      82      70          0          0 
      82      71          0          0 
      82      72          0          0 
      82      73          0          0 
      82      74          0          0 
      82      75          0          0 
      82      76          6          1 
      82      77          7          1 
      82      78          0          0 
      82      79          0          0 
      82      80          0          0 
      82      81          0          0 
      82      82         18          4 
      82      83          1          1 
      82      84          1          1 
      82      85          1          1 
      82      86          1          1 
      82      87          0          0 
      82      88          0          0 
      82      89          0          0 
      82      90          1          1 
      82      91          1          1 
      82      92          0          0 
      82      93          0          0 
      82      94          0          0 
      82      95          0          0 
      82      96          1          1 
      82      97          0          0 
      82      98          0          0 
      82      99          0          0 
      82     100          0          0 
      82     101          0          0 
      82     102          0          0 
      82     103          0          0 
      82     104          1          1 
      82     105          0          0 
      82     106          0          0 
      82     107          1          1 
      82     108          1          1 
      82     109          0          0 
      82     110          0          0 
      82     111          0          0 
      82     112          0          0 
      82     113          0          0 
      82     114          0          0 
      82     115          0          0 
      82     116          0          0 
      82     117          0          0 
      82     118          0          0 
      82     119          0          0 
      82     120          0          0 
      82     121          0          0 
      82     122          0          0 
      82     123          0          0 
      82     124          0          0 
      82     125          0          0 
      83       1          2          0 
      83       2          0          0 
      83       3          1          0 
      83       4          1          0 
      83       5          7          1 
      83       6          0          0 
      83       7          7          1 
      83       8          2          0 
      83       9          8          1 
      83      10          0          0 
      83      11          0          0 
      83      12          0          0 
      83      13          2          0 
      83      14          7          1 
      83      15          0          0 
      83      16          0          0 
      83      17          0          0 
      83      18          0          0 
      83      19          0          0 
      83      20          0          0 
      83      21          0          0 
      83      22          1          0 
      83      23          0          0 
      83      24          0          0 
      83      25          1          0 
      83      26          2          0 
      83      27          0          0 
      83      28          0          0 
      83      29          0          0 
      83      30          0          0 
      83      31          0          0 
      83      32          0          0 
      83      33          0          0 
      83      34          0          0 
      83      35          0          0 
      83      36          2          0 
      83      37          0          0 
      83      38          2          0 
      83      39          0          0 
      83      40          0          0 
      83      41          0          0 
      83      42          2          0 
      83      43          8          1 
      83      44          0          0 
      83      45          0          0 
      83      46          0          0 
      83      47          0          0 
      83      48          0          0 
      83      49          0          0 
      83      50          0          0 
      83      51          0          0 
      83      52          0          0 
      83      53          0          0 
      83      54          0          0 
      83      55          0          0 
      83      56          0          0 
      83      57          0          0 
      83      58          0          0 
      83      59          0          0 
      83      60          0          0 
      83      61          0          0 
      83      62          0          0 
      83      63          0          0 
      83      64          0          0 
      83      65          0          0 
      83      66          0          0 
      83      67          0          0 
      83      68          0          0 
      83      69          0          0 
      83      70          0          0 
      83      71          0          0 
      83      72          0          0 
      83      73          0          0 
      83      74          0          0 
      83      75          0          0 
      83      76          6          1 
      83      77          2          0 
      83      78          7          1 
      83      79          0          0 
      83      80          0          0 
      83      81          0          0 
      83      82          7          1 
      83      83         18          4 
      83      84          1          1 
      83      85          1          0 
      83      86          1          1 
      83      87          1          1 
      83      88          0          0 
      83      89          0          0 
      83      90          1          0 
      83      91          1          1 
      83      92          1          1 
      83      93          0          0 
      83      94          0          0 
      83      95          0          0 
      83      96          2          0 
      83      97          1          1 
      83      98          0          0 
      83      99          0          0 
      83     100          0          0 
      83     101          0          0 
      83     102          0          0 
      83     103          0          0 
      83     104          1          1 
      83     105          0          0 
      83     106          0          0 
      83     107          1          0 
      83     108          1          1 
      83     109          1          1 
      83     110          0          0 
      83     111          0          0 
      83     112          0          0 
      83     113          0          0 
      83     114          0          0 
      83     115          0          0 
      83     116          0          0 
      83     117          0          0 
      83     118          0          0 
      83     119          0          0 
      83     120          0          0 
      83     121          0          0 
      83     122          0          0 
      83     123          0          0 
      83     124          0          0 
      83     125          0          0 
      84       1          2          0 
      84       2          1          0 
      84       3          1          0 
      84       4          7          1 
      84       5          7          1 
      84       6          8          1 
      84       7          2          0 
      84       8          8          1 
      84       9          8          1 
      84      10          1          0 
      84      11          2          0 
      84      12          0          0 
      84      13          1          0 
      84      14          1          0 
      84      15          8          1 
      84      16          1          0 
      84      17          2          0 
      84      18          0          0 
      84      19          0          0 
      84      20          0          0 
      84      21          1          0 
      84      22          1          0 
      84      23          1          0 
      84      24          3          0 
      84      25          1          0 
      84      26          1          0 
      84      27          4          0 
      84      28          1          0 
      84      29          2          0 
      84      30          0          0 
      84      31          0          0 
      84      32          0          0 
      84      33          0          0 
      84      34          0          0 
      84      35          0          0 
      84      36          0          0 
      84      37          2          0 
      84      38          2          0 
      84      39          0          0 
      84      40          0          0 
      84      41          0          0 
      84      42          2          0 
      84      43          2          0 
      84      44         10          1 
      84      45          0          0 
      84      46          0          0 
      84      47          0          0 
      84      48          0          0 
      84      49          0          0 
      84      50          0          0 
      84      51          0          0 
      84      52          0          0 
      84      53          0          0 
      84      54          0          0 
      84      55          0          0 
      84      56          0          0 
      84      57          0          0 
      84      58          0          0 
      84      59          0          0 
      84      60          0          0 
      84      61          0          0 
      84      62          0          0 
      84      63          0          0 
      84      64          0          0 
      84      65          0          0 
      84      66          0          0 
      84      67          0          0 
      84      68          0          0 
      84      69          0          0 
      84      70          0          0 
      84      71          0          0 
      84      72          0          0 
      84      73          0          0 
      84      74          0          0 
      84      75          0          0 
      84      76          2          0 
      84      77          7          1 
      84      78          7          1 
      84      79          1          0 
      84      80          2          0 
      84      81          0          0 
      84      82          7          1 
      84      83          7          1 
      84      84         26          5 
      84      85          2          0 
      84      86          4          0 
      84      87          0          0 
      84      88          1          1 
      84      89          1          1 
      84      90          1          0 
      84      91          0          0 
      84      92          0          0 
      84      93          1          1 
      84      94          1          1 
      84      95          0          0 
      84      96          2          0 
      84      97          2          0 
      84      98          1          1 
      84      99          1          0 
      84     100          0          0 
      84     101          0          0 
      84     102          0          0 
      84     103          0          0 
      84     104          1          1 
      84     105          1          1 
      84     106          1          1 
      84     107          1          0 
      84     108          0          0 
      84     109          0          0 
      84     110          1          1 
      84     111          1          1 
      84     112          0          0 
      84     113          0          0 
      84     114          0          0 
      84     115          0          0 
      84     116          0          0 
      84     117          0          0 
      84     118          0          0 
      84     119          0          0 
      84     120          0          0 
      84     121          0          0 
      84     122          0          0 
      84     123          0          0 
      84     124          0          0 
      84     125          0          0 
      85       1          1          0 
      85       2          2          0 
      85       3          0          0 
      85       4          7          1 
      85       5          0          0 
      85       6          0          0 
      85       7          1          0 
      85       8          8          1 
      85       9          0          0 
      85      10          7          1 
      85      11          0          0 
      85      12          0          0 
      85      13          2          0 
      85      14          0          0 
      85      15          0          0 
      85      16          7          1 
      85      17          0          0 
      85      18          0          0 
      85      19          0          0 
      85      20          0          0 
      85      21          1          0 
      85      22          0          0 
      85      23          0          0 
      85      24          0          0 
      85      25          1          0 
      85      26          0          0 
      85      27          0          0 
      85      28          2          0 
      85      29          0          0 
      85      30          0          0 
      85      31          0          0 
      85      32          0          0 
      85      33          0          0 
      85      34          0          0 
      85      35          0          0 
      85      36          0          0 
      85      37          2          0 
      85      38          0          0 
      85      39          2          0 
      85      40          0          0 
      85      41          0          0 
      85      42          2          0 
      85      43          0          0 
      85      44          0          0 
      85      45          8          1 
      85      46          0          0 
      85      47          0          0 
      85      48          0          0 
      85      49          0          0 
      85      50          0          0 
      85      51          0          0 
      85      52          0          0 
      85      53          0          0 
      85      54          0          0 
      85      55          0          0 
      85      56          0          0 
      85      57          0          0 
      85      58          0          0 
      85      59          0          0 
      85      60          0          0 
      85      61          0          0 
      85      62          0          0 
      85      63          0          0 
      85      64          0          0 
      85      65          0          0 
      85      66          0          0 
      85      67          0          0 
      85      68          0          0 
      85      69          0          0 
      85      70          0          0 
      85      71          0          0 
      85      72          0          0 
      85      73          0          0 
      85      74          0          0 
      85      75          0          0 
      85      76          1          0 
      85      77          7          1 
      85      78          0          0 
      85      79          6          1 
      85      80          0          0 
      85      81          0          0 
      85      82          7          1 
      85      83          0          0 
      85      84          0          0 
      85      85         18          4 
      85      86          1          1 
      85      87          0          0 
      85      88          1          1 
      85      89          0          0 
      85      90          1          1 
      85      91          0          0 
      85      92          0          0 
      85      93          1          1 
      85      94          0          0 
      85      95          0          0 
      85      96          2          0 
      85      97          0          0 
      85      98          0          0 
      85      99          1          1 
      85     100          0          0 
      85     101          0          0 
      85     102          0          0 
      85     103          0          0 
      85     104          0          0 
      85     105          1          1 
      85     106          0          0 
      85     107          1          1 
      85     108          0          0 
      85     109          0          0 
      85     110          1          1 
      85     111          0          0 
      85     112          0          0 
      85     113          0          0 
      85     114          0          0 
      85     115          0          0 
      85     116          0          0 
      85     117          0          0 
      85     118          0          0 
      85     119          0          0 
      85     120          0          0 
      85     121          0          0 
      85     122          0          0 
      85     123          0          0 
      85     124          0          0 
      85     125          0          0 
      86       1          2          0 
      86       2          2          0 
      86       3          2          0 
      86       4          8          1 
      86       5          8          1 
      86       6          2          0 
      86       7          2          0 
      86       8          9          1 
      86       9          9          1 
      86      10          2          0 
      86      11          9          1 
      86      12          0          0 
      86      13          2          0 
      86      14          2          0 
      86      15          2          0 
      86      16          2          0 
      86      17          9          1 
      86      18          0          0 
      86      19          0          0 
      86      20          0          0 
      86      21          1          0 
      86      22          1          0 
      86      23          0          0 
      86      24          2          0 
      86      25          1          0 
      86      26          1          0 
      86      27          2          0 
      86      28          0          0 
      86      29          2          0 
      86      30          0          0 
      86      31          0          0 
      86      32          0          0 
      86      33          0          0 
      86      34          0          0 
      86      35          0          0 
      86      36          0          0 
      86      37          2          0 
      86      38          2          0 
      86      39          0          0 
      86      40          2          0 
      86      41          0          0 
      86      42          2          0 
      86      43          2          0 
      86      44          0          0 
      86      45          2          0 
      86      46         10          1 
      86      47          0          0 
      86      48          0          0 
      86      49          0          0 
      86      50          0          0 
      86      51          0          0 
      86      52          0          0 
      86      53          0          0 
      86      54          0          0 
      86      55          0          0 
      86      56          0          0 
      86      57          0          0 
      86      58          0          0 
      86      59          0          0 
      86      60          0          0 
      86      61          0          0 
      86      62          0          0 
      86      63          0          0 
      86      64          0          0 
      86      65          0          0 
      86      66          0          0 
      86      67          0          0 
      86      68          0          0 
      86      69          0          0 
      86      70          0          0 
      86      71          0          0 
      86      72          0          0 
      86      73          0          0 
      86      74          0          0 
      86      75          0          0 
      86      76          2          0 
      86      77          8          1 
      86      78          8          1 
      86      79          2          0 
      86      80          8          1 
      86      81          0          0 
      86      82          8          1 
      86      83          8          1 
      86      84          0          0 
      86      85          8          1 
      86      86         26          5 
      86      87          1          1 
      86      88          1          1 
      86      89          1          1 
      86      90          2          0 
      86      91          1          1 
      86      92          0          0 
      86      93          1          1 
      86      94          1          1 
      86      95          0          0 
      86      96          2          0 
      86      97          2          0 
      86      98          0          0 
      86      99          2          0 
      86     100          1          1 
      86     101          0          0 
      86     102          0          0 
      86     103          0          0 
      86     104          0          0 
      86     105          1          1 
      86     106          1          1 
      86     107          2          0 
      86     108          1          1 
      86     109          0          0 
      86     110          1          1 
      86     111          1          1 
      86     112          0          0 
      86     113          0          0 
      86     114          0          0 
      86     115          0          0 
      86     116          0          0 
      86     117          0          0 
      86     118          0          0 
      86     119          0          0 
      86     120          0          0 
      86     121          0          0 
      86     122          0          0 
      86     123          0          0 
      86     124          0          0 
      86     125          0          0 
      87       1          1          0 
      87       2          0          0 
      87       3          2          0 
      87       4          1          0 
      87       5          7          1 
      87       6          1          0 
      87       7          1          0 
      87       8          1          0 
      87       9          8          1 
      87      10          0          0 
      87      11          2          0 
      87      12          7          1 
      87      13          0          0 
      87      14          2          0 
      87      15          1          0 
      87      16          0          0 
      87      17          2          0 
      87      18          7          1 
      87      19          0          0 
      87      20          0          0 
      87      21          0          0 
      87      22          1          0 
      87      23          0          0 
      87      24          1          0 
      87      25          0          0 
      87      26          1          0 
      87      27          1          0 
      87      28          0          0 
      87      29          0          0 
      87      30          2          0 
      87      31          0          0 
      87      32          0          0 
      87      33          0          0 
      87      34          0          0 
      87      35          0          0 
      87      36          0          0 
      87      37          0          0 
      87      38          2          0 
      87      39          0          0 
      87      40          0          0 
      87      41          2          0 
      87      42          0          0 
      87      43          2          0 
      87      44          0          0 
      87      45          0          0 
      87      46          2          0 
      87      47          8          1 
      87      48          0          0 
      87      49          0          0 
      87      50          0          0 
      87      51          0          0 
      87      52          0          0 
      87      53          0          0 
      87      54          0          0 
      87      55          0          0 
      87      56          0          0 
      87      57          0          0 
      87      58          0          0 
      87      59          0          0 
      87      60          0          0 
      87      61          0          0 
      87      62          0          0 
      87      63          0          0 
      87      64          0          0 
      87      65          0          0 
      87      66          0          0 
      87      67          0          0 
      87      68          0          0 
      87      69          0          0 
      87      70          0          0 
      87      71          0          0 
      87      72          0          0 
      87      73          0          0 
      87      74          0          0 
      87      75          0          0 
      87      76          1          0 
      87      77          1          0 
      87      78          7          1 
      87      79          0          0 
      87      80          2          0 
      87      81          6          1 
      87      82          1          0 
      87      83          7          1 
      87      84          2          0 
      87      85          1          0 
      87      86          8          1 
      87      87         18          4 
      87      88          1          0 
      87      89          1          1 
      87      90          0          0 
      87      91          2          0 
      87      92          1          1 
      87      93          1          0 
      87      94          1          1 
      87      95          0          0 
      87      96          0          0 
      87      97          2          0 
      87      98          1          0 
      87      99          0          0 
      87     100          2          0 
      87     101          1          1 
      87     102          0          0 
      87     103          0          0 
      87     104          1          0 
      87     105          1          0 
      87     106          1          1 
      87     107          0          0 
      87     108          2          0 
      87     109          1          1 
      87     110          1          0 
      87     111          1          1 
      87     112          0          0 
      87     113          0          0 
      87     114          0          0 
      87     115          0          0 
      87     116          0          0 
      87     117          0          0 
      87     118          0          0 
      87     119          0          0 
      87     120          0          0 
      87     121          0          0 
      87     122          0          0 
      87     123          0          0 
      87     124          0          0 
      87     125          0          0 
      88       1          0          0 
      88       2          2          0 
      88       3          1          0 
      88       4          1          0 
      88       5          1          0 
      88       6          7          1 
      88       7          0          0 
      88       8          2          0 
      88       9          1          0 
      88      10          7          1 
      88      11          8          1 
      88      12          0          0 
      88      13          0          0 
      88      14          0          0 
      88      15          2          0 
      88      16          2          0 
      88      17          2          0 
      88      18          0          0 
      88      19          7          1 
      88      20          0          0 
      88      21          0          0 
      88      22          0          0 
      88      23          1          0 
      88      24          1          0 
      88      25          0          0 
      88      26          0          0 
      88      27          1          0 
      88      28          1          0 
      88      29          1          0 
      88      30          0          0 
      88      31          2          0 
      88      32          0          0 
      88      33          0          0 
      88      34          0          0 
      88      35          0          0 
      88      36          0          0 
      88      37          0          0 
      88      38          0          0 
      88      39          2          0 
      88      40          2          0 
      88      41          0          0 
      88      42          0          0 
      88      43          0          0 
      88      44          2          0 
      88      45          2          0 
      88      46          2          0 
      88      47          0          0 
      88      48          8          1 
      88      49          0          0 
      88      50          0          0 
      88      51          0          0 
      88      52          0          0 
      88      53          0          0 
      88      54          0          0 
      88      55          0          0 
      88      56          0          0 
      88      57          0          0 
      88      58          0          0 
      88      59          0          0 
      88      60          0          0 
      88      61          0          0 
      88      62          0          0 
      88      63          0          0 
      88      64          0          0 
      88      65          0          0 
      88      66          0          0 
      88      67          0          0 
      88      68          0          0 
      88      69          0          0 
      88      70          0          0 
      88      71          0          0 
      88      72          0          0 
      88      73          0          0 
      88      74          0          0 
      88      75          0          0 
      88      76          0          0 
      88      77          2          0 
      88      78          1          0 
      88      79          6          1 
      88      80          7          1 
      88      81          0          0 
      88      82          1          0 
      88      83          1          0 
      88      84          7          1 
      88      85          7          1 
      88      86          8          1 
      88      87          0          0 
      88      88         18          4 
      88      89          1          1 
      88      90          1          0 
      88      91          1          0 
      88      92          0          0 
      88      93          1          1 
      88      94          0          0 
      88      95          1          1 
      88      96          0          0 
      88      97          0          0 
      88      98          1          0 
      88      99          2          0 
      88     100          2          0 
      88     101          0          0 
      88     102          1          1 
      88     103          0          0 
      88     104          1          0 
      88     105          1          1 
      88     106          0          0 
      88     107          1          0 
      88     108          1          0 
      88     109          0          0 
      88     110          1          1 
      88     111          0          0 
      88     112          1          1 
      88     113          0          0 
      88     114          0          0 
      88     115          0          0 
      88     116          0          0 
      88     117          0          0 
      88     118          0          0 
      88     119          0          0 
      88     120          0          0 
      88     121          0          0 
      88     122          0          0 
      88     123          0          0 
      88     124          0          0 
      88     125          0          0 
      89       1          0          0 
      89       2          1          0 
      89       3          2          0 
      89       4          1          0 
      89       5          1          0 
      89       6          7          1 
      89       7          0          0 
      89       8          1          0 
      89       9          2          0 
      89      10          1          0 
      89      11          8          1 
      89      12          7          1 
      89      13          0          0 
      89      14          0          0 
      89      15          2          0 
      89      16          0          0 
      89      17          2          0 
      89      18          2          0 
      89      19          2          0 
      89      20          7          1 
      89      21          0          0 
      89      22          0          0 
      89      23          1          0 
      89      24          1          0 
      89      25          0          0 
      89      26          0          0 
      89      27          1          0 
      89      28          0          0 
      89      29          1          0 
      89      30          1          0 
      89      31          1          0 
      89      32          2          0 
      89      33          0          0 
      89      34          0          0 
      89      35          0          0 
      89      36          0          0 
      89      37          0          0 
      89      38          0          0 
      89      39          0          0 
      89      40          2          0 
      89      41          2          0 
      89      42          0          0 
      89      43          0          0 
      89      44          2          0 
      89      45          0          0 
      89      46          2          0 
      89      47          2          0 
      89      48          2          0 
      89      49          8          1 
      89      50          0          0 
      89      51          0          0 
      89      52          0          0 
      89      53          0          0 
      89      54          0          0 
      89      55          0          0 
      89      56          0          0 
      89      57          0          0 
      89      58          0          0 
      89      59          0          0 
      89      60          0          0 
      89      61          0          0 
      89      62          0          0 
      89      63          0          0 
      89      64          0          0 
      89      65          0          0 
      89      66          0          0 
      89      67          0          0 
      89      68          0          0 
      89      69          0          0 
      89      70          0          0 
      89      71          0          0 
      89      72          0          0 
      89      73          0          0 
      89      74          0          0 
      89      75          0          0 
      89      76          0          0 
      89      77          1          0 
      89      78          2          0 
      89      79          1          0 
      89      80          7          1 
      89      81          6          1 
      89      82          1          0 
      89      83          1          0 
      89      84          7          1 
      89      85          1          0 
      89      86          8          1 
      89      87          7          1 
      89      88          7          1 
      89      89         18          4 
      89      90          0          0 
      89      91          1          0 
      89      92          1          0 
      89      93          2          0 
      89      94          1          1 
      89      95          1          1 
      89      96          0          0 
      89      97          0          0 
      89      98          1          0 
      89      99          0          0 
      89     100          2          0 
      89     101          2          0 
      89     102          2          0 
      89     103          1          1 
      89     104          1          0 
      89     105          1          0 
      89     106          1          1 
      89     107          0          0 
      89     108          1          0 
      89     109          1          0 
      89     110          2          0 
      89     111          1          1 
      89     112          1          1 
      89     113          0          0 
      89     114          0          0 
      89     115          0          0 
      89     116          0          0 
      89     117          0          0 
      89     118          0          0 
      89     119          0          0 
      89     120          0          0 
      89     121          0          0 
      89     122          0          0 
      89     123          0          0 
      89     124          0          0 
      89     125          0          0 
      90       1          0          0 
      90       2          0          0 
      90       3          0          0 
      90       4          2          0 
      90       5          0          0 
      90       6          0          0 
      90       7          1          0 
      90       8          2          0 
      90       9          0          0 
      90      10          1          0 
      90      11          0          0 
      90      12          0          0 
      90      13          6          1 
      90      14          0          0 
      90      15          0          0 
      90      16          6          1 
      90      17          0          0 
      90      18          0          0 
      90      19          0          0 
      90      20          0          0 
      90      21          0          0 
      90      22          0          0 
      90      23          0          0 
      90      24          0          0 
      90      25          1          0 
      90      26          0          0 
      90      27          0          0 
      90      28          1          0 
      90      29          0          0 
      90      30          0          0 
      90      31          0          0 
      90      32          0          0 
      90      33          0          0 
      90      34          0          0 
      90      35          0          0 
      90      36          0          0 
      90      37          0          0 
      90      38          0          0 
      90      39          0          0 
      90      40          0          0 
      90      41          0          0 
      90      42          2          0 
      90      43          0          0 
      90      44          0          0 
      90      45          2          0 
      90      46          0          0 
      90      47          0          0 
      90      48          0          0 
      90      49          0          0 
      90      50          6          1 
      90      51          0          0 
      90      52          0          0 
      90      53          0          0 
      90      54          0          0 
      90      55          0          0 
      90      56          0          0 
      90      57          0          0 
      90      58          0          0 
      90      59          0          0 
      90      60          0          0 
      90      61          0          0 
      90      62          0          0 
      90      63          0          0 
      90      64          0          0 
      90      65          0          0 
      90      66          0          0 
      90      67          0          0 
      90      68          0          0 
      90      69          0          0 
      90      70          0          0 
      90      71          0          0 
      90      72          0          0 
      90      73          0          0 
      90      74          0          0 
      90      75          0          0 
      90      76          1          0 
      90      77          1          0 
      90      78          0          0 
      90      79          1          0 
      90      80          0          0 
      90      81          0          0 
      90      82          6          1 
      90      83          0          0 
      90      84          0          0 
      90      85          6          1 
      90      86          0          0 
      90      87          0          0 
      90      88          0          0 
      90      89          0          0 
      90      90         12          3 
      90      91          1          1 
      90      92          0          0 
      90      93          1          1 
      90      94          0          0 
      90      95          0          0 
      90      96          1          0 
      90      97          0          0 
      90      98          0          0 
      90      99          1          0 
      90     100          0          0 
      90     101          0          0 
      90     102          0          0 
      90     103          0          0 
      90     104          0          0 
      90     105          0          0 
      90     106          0          0 
      90     107          1          1 
      90     108          0          0 
      90     109          0          0 
      90     110          0          0 
      90     111          0          0 
      90     112          0          0 
      90     113          1          1 
      90     114          0          0 
      90     115          0          0 
      90     116          0          0 
      90     117          0          0 
      90     118          0          0 
      90     119          0          0 
      90     120          0          0 
      90     121          0          0 
      90     122          0          0 
      90     123          0          0 
      90     124          0          0 
      90     125          0          0 
      91       1          0          0 
      91       2          0          0 
      91       3          0          0 
      91       4          2          0 
      91       5          2          0 
      91       6          0          0 
      91       7          2          0 
      91       8          2          0 
      91       9          2          0 
      91      10          0          0 
      91      11          1          0 
      91      12          0          0 
      91      13          7          1 
      91      14          7          1 
      91      15          2          0 
      91      16          2          0 
      91      17          8          1 
      91      18          0          0 
      91      19          0          0 
      91      20          0          0 
      91      21          0          0 
      91      22          0          0 
      91      23          0          0 
      91      24          0          0 
      91      25          1          0 
      91      26          1          0 
      91      27          0          0 
      91      28          0          0 
      91      29          1          0 
      91      30          0          0 
      91      31          0          0 
      91      32          0          0 
      91      33          2          0 
      91      34          0          0 
      91      35          0          0 
      91      36          0          0 
      91      37          0          0 
      91      38          0          0 
      91      39          0          0 
      91      40          0          0 
      91      41          0          0 
      91      42          2          0 
      91      43          2          0 
      91      44          0          0 
      91      45          0          0 
      91      46          2          0 
      91      47          0          0 
      91      48          0          0 
      91      49          0          0 
      91      50          2          0 
      91      51          8          1 
      91      52          0          0 
      91      53          0          0 
      91      54          0          0 
      91      55          0          0 
      91      56          0          0 
      91      57          0          0 
      91      58          0          0 
      91      59          0          0 
      91      60          0          0 
      91      61          0          0 
      91      62          0          0 
      91      63          0          0 
      91      64          0          0 
      91      65          0          0 
      91      66          0          0 
      91      67          0          0 
      91      68          0          0 
      91      69          0          0 
      91      70          0          0 
      91      71          0          0 
      91      72          0          0 
      91      73          0          0 
      91      74          0          0 
      91      75          0          0 
      91      76          1          0 
      91      77          1          0 
      91      78          1          0 
      91      79          0          0 
      91      80          1          0 
      91      81          0          0 
      91      82          7          1 
      91      83          7          1 
      91      84          2          0 
      91      85          2          0 
      91      86          8          1 
      91      87          0          0 
      91      88          0          0 
      91      89          0          0 
      91      90          6          1 
      91      91         18          4 
      91      92          1          1 
      91      93          1          1 
      91      94          1          1 
      91      95          0          0 
      91      96          1          0 
      91      97          1          0 
      91      98          0          0 
      91      99          0          0 
      91     100          1          0 
      91     101          0          0 
      91     102          0          0 
      91     103          0          0 
      91     104          0          0 
      91     105          0          0 
      91     106          0          0 
      91     107          2          0 
      91     108          1          1 
      91     109          0          0 
      91     110          0          0 
      91     111          0          0 
      91     112          0          0 
      91     113          1          1 
      91     114          1          1 
      91     115          0          0 
      91     116          0          0 
      91     117          0          0 
      91     118          0          0 
      91     119          0          0 
      91     120          0          0 
      91     121          0          0 
      91     122          0          0 
      91     123          0          0 
      91     124          0          0 
      91     125          0          0 
      92       1          0          0 
      92       2          0          0 
      92       3          0          0 
      92       4          0          0 
      92       5          2          0 
      92       6          0          0 
      92       7          1          0 
      92       8          0          0 
      92       9          2          0 
      92      10          0          0 
      92      11          0          0 
      92      12          1          0 
      92      13          1          0 
      92      14          6          1 
      92      15          1          0 
      92      16          0          0 
      92      17          2          0 
      92      18          6          1 
      92      19          0          0 
      92      20          0          0 
      92      21          0          0 
      92      22          0          0 
      92      23          0          0 
      92      24          0          0 
      92      25          0          0 
      92      26          1          0 
      92      27          0          0 
      92      28          0          0 
      92      29          0          0 
      92      30          1          0 
      92      31          0          0 
      92      32          0          0 
      92      33          1          0 
      92      34          0          0 
      92      35          0          0 
      92      36          0          0 
      92      37          0          0 
      92      38          0          0 
      92      39          0          0 
      92      40          0          0 
      92      41          0          0 
      92      42          0          0 
      92      43          2          0 
      92      44          0          0 
      92      45          0          0 
      92      46          0          0 
      92      47          2          0 
      92      48          0          0 
      92      49          0          0 
      92      50          0          0 
      92      51          2          0 
      92      52          6          1 
      92      53          0          0 
      92      54          0          0 
      92      55          0          0 
      92      56          0          0 
      92      57          0          0 
      92      58          0          0 
      92      59          0          0 
      92      60          0          0 
      92      61          0          0 
      92      62          0          0 
      92      63          0          0 
      92      64          0          0 
      92      65          0          0 
      92      66          0          0 
      92      67          0          0 
      92      68          0          0 
      92      69          0          0 
      92      70          0          0 
      92      71          0          0 
      92      72          0          0 
      92      73          0          0 
      92      74          0          0 
      92      75          0          0 
      92      76          1          0 
      92      77          0          0 
      92      78          1          0 
      92      79          0          0 
      92      80          0          0 
      92      81          1          0 
      92      82          1          0 
      92      83          6          1 
      92      84          1          0 
      92      85          0          0 
      92      86          2          0 
      92      87          6          1 
      92      88          0          0 
      92      89          0          0 
      92      90          1          0 
      92      91          6          1 
      92      92         12          3 
      92      93          1          0 
      92      94          1          1 
      92      95          0          0 
      92      96          0          0 
      92      97          1          0 
      92      98          0          0 
      92      99          0          0 
      92     100          0          0 
      92     101          1          0 
      92     102          0          0 
      92     103          0          0 
      92     104          1          0 
      92     105          0          0 
      92     106          0          0 
      92     107          0          0 
      92     108          2          0 
      92     109          1          1 
      92     110          0          0 
      92     111          0          0 
      92     112          0          0 
      92     113          1          0 
      92     114          1          1 
      92     115          0          0 
      92     116          0          0 
      92     117          0          0 
      92     118          0          0 
      92     119          0          0 
      92     120          0          0 
      92     121          0          0 
      92     122          0          0 
      92     123          0          0 
      92     124          0          0 
      92     125          0          0 
      93       1          0          0 
      93       2          0          0 
      93       3          0          0 
      93       4          2          0 
      93       5          0          0 
      93       6          2          0 
      93       7          0          0 
      93       8          2          0 
      93       9          1          0 
      93      10          2          0 
      93      11          2          0 
      93      12          0          0 
      93      13          2          0 
      93      14          1          0 
      93      15          7          1 
      93      16          7          1 
      93      17          8          1 
      93      18          0          0 
      93      19          7          1 
      93      20          0          0 
      93      21          0          0 
      93      22          0          0 
      93      23          0          0 
      93      24          0          0 
      93      25          0          0 
      93      26          0          0 
      93      27          1          0 
      93      28          1          0 
      93      29          1          0 
      93      30          0          0 
      93      31          1          0 
      93      32          0          0 
      93      33          1          0 
      93      34          2          0 
      93      35          0          0 
      93      36          0          0 
      93      37          0          0 
      93      38          0          0 
      93      39          0          0 
      93      40          0          0 
      93      41          0          0 
      93      42          0          0 
      93      43          0          0 
      93      44          2          0 
      93      45          2          0 
      93      46          2          0 
      93      47          0          0 
      93      48          2          0 
      93      49          0          0 
      93      50          2          0 
      93      51          2          0 
      93      52          0          0 
      93      53          8          1 
      93      54          0          0 
      93      55          0          0 
      93      56          0          0 
      93      57          0          0 
      93      58          0          0 
      93      59          0          0 
      93      60          0          0 
      93      61          0          0 
      93      62          0          0 
      93      63          0          0 
      93      64          0          0 
      93      65          0          0 
      93      66          0          0 
      93      67          0          0 
      93      68          0          0 
      93      69          0          0 
      93      70          0          0 
      93      71          0          0 
      93      72          0          0 
      93      73          0          0 
      93      74          0          0 
      93      75          0          0 
      93      76          0          0 
      93      77          1          0 
      93      78          1          0 
      93      79          1          0 
      93      80          1          0 
      93      81          0          0 
      93      82          2          0 
      93      83          1          0 
      93      84          7          1 
      93      85          7          1 
      93      86          8          1 
      93      87          0          0 
      93      88          7          1 
      93      89          0          0 
      93      90          6          1 
      93      91          7          1 
      93      92          0          0 
      93      93         18          4 
      93      94          1          1 
      93      95          1          1 
      93      96          0          0 
      93      97          0          0 
      93      98          1          0 
      93      99          1          0 
      93     100          1          0 
      93     101          0          0 
      93     102          1          0 
      93     103          0          0 
      93     104          1          0 
      93     105          0          0 
      93     106          0          0 
      93     107          2          0 
      93     108          2          0 
      93     109          0          0 
      93     110          1          1 
      93     111          0          0 
      93     112          0          0 
      93     113          1          1 
      93     114          0          0 
      93     115          1          1 
      93     116          0          0 
      93     117          0          0 
      93     118          0          0 
      93     119          0          0 
      93     120          0          0 
      93     121          0          0 
      93     122          0          0 
      93     123          0          0 
      93     124          0          0 
      93     125          0          0 
      94       1          0          0 
      94       2          0          0 
      94       3          0          0 
      94       4          0          0 
      94       5          2          0 
      94       6          2          0 
      94       7          0          0 
      94       8          1          0 
      94       9          2          0 
      94      10          0          0 
      94      11          2          0 
      94      12          2          0 
      94      13          1          0 
      94      14          2          0 
      94      15          7          1 
      94      16          1          0 
      94      17          8          1 
      94      18          7          1 
      94      19          2          0 
      94      20          7          1 
      94      21          0          0 
      94      22          0          0 
      94      23          0          0 
      94      24          0          0 
      94      25          0          0 
      94      26          0          0 
      94      27          1          0 
      94      28          0          0 
      94      29          1          0 
      94      30          1          0 
      94      31          0          0 
      94      32          1          0 
      94      33          1          0 
      94      34          1          0 
      94      35          2          0 
      94      36          0          0 
      94      37          0          0 
      94      38          0          0 
      94      39          0          0 
      94      40          0          0 
      94      41          0          0 
      94      42          0          0 
      94      43          0          0 
      94      44          2          0 
      94      45          0          0 
      94      46          2          0 
      94      47          2          0 
      94      48          0          0 
      94      49          2          0 
      94      50          0          0 
      94      51          2          0 
      94      52          2          0 
      94      53          2          0 
      94      54          8          1 
      94      55          0          0 
      94      56          0          0 
      94      57          0          0 
      94      58          0          0 
      94      59          0          0 
      94      60          0          0 
      94      61          0          0 
      94      62          0          0 
      94      63          0          0 
      94      64          0          0 
      94      65          0          0 
      94      66          0          0 
      94      67          0          0 
      94      68          0          0 
      94      69          0          0 
      94      70          0          0 
      94      71          0          0 
      94      72          0          0 
      94      73          0          0 
      94      74          0          0 
      94      75          0          0 
      94      76          0          0 
      94      77          1          0 
      94      78          1          0 
      94      79          0          0 
      94      80          1          0 
      94      81          1          0 
      94      82          1          0 
      94      83          2          0 
      94      84          7          1 
      94      85          1          0 
      94      86          8          1 
      94      87          7          1 
      94      88          2          0 
      94      89          7          1 
      94      90          1          0 
      94      91          7          1 
      94      92          6          1 
      94      93          7          1 
      94      94         18          4 
      94      95          1          1 
      94      96          0          0 
      94      97          0          0 
      94      98          1          0 
      94      99          0          0 
      94     100          1          0 
      94     101          1          0 
      94     102          0          0 
      94     103          1          0 
      94     104          1          0 
      94     105          1          0 
      94     106          0          0 
      94     107          0          0 
      94     108          2          0 
      94     109          2          0 
      94     110          2          0 
      94     111          1          1 
      94     112          0          0 
      94     113          2          0 
      94     114          1          1 
      94     115          1          1 
      94     116          0          0 
      94     117          0          0 
      94     118          0          0 
      94     119          0          0 
      94     120          0          0 
      94     121          0          0 
      94     122          0          0 
      94     123          0          0 
      94     124          0          0 
      94     125          0          0 
      95       1          0          0 
      95       2          0          0 
      95       3          0          0 
      95       4          0          0 
      95       5          0          0 
      95       6          2          0 
      95       7          0          0 
      95       8          0          0 
      95       9          0          0 
      95      10          1          0 
      95      11          2          0 
      95      12          1          0 
      95      13          0          0 
      95      14          0          0 
      95      15          2          0 
      95      16          1          0 
      95      17          2          0 
      95      18          1          0 
      95      19          6          1 
      95      20          6          1 
      95      21          0          0 
      95      22          0          0 
      95      23          0          0 
      95      24          0          0 
      95      25          0          0 
      95      26          0          0 
      95      27          0          0 
      95      28          0          0 
      95      29          0          0 
      95      30          0          0 
      95      31          1          0 
      95      32          1          0 
      95      33          0          0 
      95      34          1          0 
      95      35          1          0 
      95      36          0          0 
      95      37          0          0 
      95      38          0          0 
      95      39          0          0 
      95      40          0          0 
      95      41          0          0 
      95      42          0          0 
      95      43          0          0 
      95      44          0          0 
      95      45          0          0 
      95      46          0          0 
      95      47          0          0 
      95      48          2          0 
      95      49          2          0 
      95      50          0          0 
      95      51          0          0 
      95      52          0          0 
      95      53          2          0 
      95      54          2          0 
      95      55          6          1 
      95      56          0          0 
      95      57          0          0 
      95      58          0          0 
      95      59          0          0 
      95      60          0          0 
      95      61          0          0 
      95      62          0          0 
      95      63          0          0 
      95      64          0          0 
      95      65          0          0 
      95      66          0          0 
      95      67          0          0 
      95      68          0          0 
      95      69          0          0 
      95      70          0          0 
      95      71          0          0 
      95      72          0          0 
      95      73          0          0 
      95      74          0          0 
      95      75          0          0 
      95      76          0          0 
      95      77          0          0 
      95      78          0          0 
      95      79          1          0 
      95      80          1          0 
      95      81          1          0 
      95      82          0          0 
      95      83          0          0 
      95      84          2          0 
      95      85          1          0 
      95      86          2          0 
      95      87          1          0 
      95      88          6          1 
      95      89          6          1 
      95      90          1          0 
      95      91          1          0 
      95      92          1          0 
      95      93          6          1 
      95      94          6          1 
      95      95         12          3 
      95      96          0          0 
      95      97          0          0 
      95      98          0          0 
      95      99          0          0 
      95     100          0          0 
      95     101          0          0 
      95     102          1          0 
      95     103          1          0 
      95     104          0          0 
      95     105          1          0 
      95     106          1          0 
      95     107          0          0 
      95     108          0          0 
      95     109          0          0 
      95     110          2          0 
      95     111          2          0 
      95     112          1          1 
      95     113          1          0 
      95     114          1          0 
      95     115          1          1 
      95     116          0          0 
      95     117          0          0 
      95     118          0          0 
      95     119          0          0 
      95     120          0          0 
      95     121          0          0 
      95     122          0          0 
      95     123          0          0 
      95     124          0          0 
      95     125          0          0 
      96       1          2          0 
      96       2          1          0 
      96       3          0          0 
      96       4          1          0 
      96       5          0          0 
      96       6          0          0 
      96       7          2          0 
      96       8          2          0 
      96       9          0          0 
      96      10          0          0 
      96      11          0          0 
      96      12          0          0 
      96      13          1          0 
      96      14          0          0 
      96      15          0          0 
      96      16          0          0 
      96      17          0          0 
      96      18          0          0 
      96      19          0          0 
      96      20          0          0 
      96      21          7          1 
      96      22          0          0 
      96      23          0          0 
      96      24          0          0 
      96      25          7          1 
      96      26          0          0 
      96      27          0          0 
      96      28          0          0 
      96      29          0          0 
      96      30          0          0 
      96      31          0          0 
      96      32          0          0 
      96      33          0          0 
      96      34          0          0 
      96      35          0          0 
      96      36          7          1 
      96      37          8          1 
      96      38          0          0 
      96      39          0          0 
      96      40          0          0 
      96      41          0          0 
      96      42          8          1 
      96      43          0          0 
      96      44          0          0 
      96      45          0          0 
      96      46          0          0 
      96      47          0          0 
      96      48          0          0 
      96      49          0          0 
      96      50          0          0 
      96      51          0          0 
      96      52          0          0 
      96      53          0          0 
      96      54          0          0 
      96      55          0          0 
      96      56          7          1 
      96      57          0          0 
      96      58          0          0 
      96      59          0          0 
      96      60          0          0 
      96      61          0          0 
      96      62          0          0 
      96      63          0          0 
      96      64          0          0 
      96      65          0          0 
      96      66          0          0 
      96      67          0          0 
      96      68          0          0 
      96      69          0          0 
      96      70          0          0 
      96      71          0          0 
      96      72          0          0 
      96      73          0          0 
      96      74          0          0 
      96      75          0          0 
      96      76          6          1 
      96      77          7          1 
      96      78          0          0 
      96      79          0          0 
      96      80          0          0 
      96      81          0          0 
      96      82          7          1 
      96      83          0          0 
      96      84          0          0 
      96      85          0          0 
      96      86          0          0 
      96      87          0          0 
      96      88          0          0 
      96      89          0          0 
      96      90          0          0 
      96      91          0          0 
      96      92          0          0 
      96      93          0          0 
      96      94          0          0 
      96      95          0          0 
      96      96         18          4 
      96      97          1          1 
      96      98          1          1 
      96      99          1          1 
      96     100          1          1 
      96     101          0          0 
      96     102          0          0 
      96     103          0          0 
      96     104          1          1 
      96     105          0          0 
      96     106          0          0 
      96     107          1          1 
      96     108          1          1 
      96     109          0          0 
      96     110          0          0 
      96     111          0          0 
      96     112          0          0 
      96     113          0          0 
      96     114          0          0 
      96     115          0          0 
      96     116          1          1 
      96     117          1          1 
      96     118          0          0 
      96     119          0          0 
      96     120          0          0 
      96     121          0          0 
      96     122          0          0 
      96     123          0          0 
      96     124          0          0 
      96     125          0          0 
      97       1          2          0 
      97       2          0          0 
      97       3          1          0 
      97       4          0          0 
      97       5          1          0 
      97       6          0          0 
      97       7          2          0 
      97       8          0          0 
      97       9          2          0 
      97      10          0          0 
      97      11          0          0 
      97      12          0          0 
      97      13          0          0 
      97      14          1          0 
      97      15          0          0 
      97      16          0          0 
      97      17          0          0 
      97      18          0          0 
      97      19          0          0 
      97      20          0          0 
      97      21          1          0 
      97      22          7          1 
      97      23          0          0 
      97      24          0          0 
      97      25          1          0 
      97      26          7          1 
      97      27          0          0 
      97      28          0          0 
      97      29          0          0 
      97      30          0          0 
      97      31          0          0 
      97      32          0          0 
      97      33          0          0 
      97      34          0          0 
      97      35          0          0 
      97      36          7          1 
      97      37          2          0 
      97      38          8          1 
      97      39          0          0 
      97      40          0          0 
      97      41          0          0 
      97      42          2          0 
      97      43          8          1 
      97      44          0          0 
      97      45          0          0 
      97      46          0          0 
      97      47          0          0 
      97      48          0          0 
      97      49          0          0 
      97      50          0          0 
      97      51          0          0 
      97      52          0          0 
      97      53          0          0 
      97      54          0          0 
      97      55          0          0 
      97      56          2          0 
      97      57          7          1 
      97      58          0          0 
      97      59          0          0 
      97      60          0          0 
      97      61          0          0 
      97      62          0          0 
      97      63          0          0 
      97      64          0          0 
      97      65          0          0 
      97      66          0          0 
      97      67          0          0 
      97      68          0          0 
      97      69          0          0 
      97      70          0          0 
      97      71          0          0 
      97      72          0          0 
      97      73          0          0 
      97      74          0          0 
      97      75          0          0 
      97      76          6          1 
      97      77          2          0 
      97      78          7          1 
      97      79          0          0 
      97      80          0          0 
      97      81          0          0 
      97      82          2          0 
      97      83          7          1 
      97      84          0          0 
      97      85          0          0 
      97      86          0          0 
      97      87          0          0 
      97      88          0          0 
      97      89          0          0 
      97      90          0          0 
      97      91          0          0 
      97      92          0          0 
      97      93          0          0 
      97      94          0          0 
      97      95          0          0 
      97      96          7          1 
      97      97         18          4 
      97      98          1          1 
      97      99          1          0 
      97     100          1          1 
      97     101          1          1 
      97     102          0          0 
      97     103          0          0 
      97     104          1          1 
      97     105          0          0 
      97     106          0          0 
      97     107          1          0 
      97     108          1          1 
      97     109          1          1 
      97     110          0          0 
      97     111          0          0 
      97     112          0          0 
      97     113          0          0 
      97     114          0          0 
      97     115          0          0 
      97     116          1          0 
      97     117          1          1 
      97     118          1          1 
      97     119          0          0 
      97     120          0          0 
      97     121          0          0 
      97     122          0          0 
      97     123          0          0 
      97     124          0          0 
      97     125          0          0 
      98       1          2          0 
      98       2          1          0 
      98       3          1          0 
      98       4          1          0 
      98       5          1          0 
      98       6          1          0 
      98       7          0          0 
      98       8          2          0 
      98       9          2          0 
      98      10          0          0 
      98      11          0          0 
      98      12          0          0 
      98      13          0          0 
      98      14          0          0 
      98      15          1          0 
      98      16          0          0 
      98      17          0          0 
      98      18          0          0 
      98      19          0          0 
      98      20          0          0 
      98      21          7          1 
      98      22          7          1 
      98      23          8          1 
      98      24          3          0 
      98      25          2          0 
      98      26          2          0 
      98      27          9          1 
      98      28          1          0 
      98      29          2          0 
      98      30          0          0 
      98      31          0          0 
      98      32          0          0 
      98      33          0          0 
      98      34          0          0 
      98      35          0          0 
      98      36          2          0 
      98      37          8          1 
      98      38          8          1 
      98      39          1          0 
      98      40          2          0 
      98      41          0          0 
      98      42          2          0 
      98      43          2          0 
      98      44         10          1 
      98      45          1          0 
      98      46          2          0 
      98      47          0          0 
      98      48          0          0 
      98      49          0          0 
      98      50          0          0 
      98      51          0          0 
      98      52          0          0 
      98      53          0          0 
      98      54          0          0 
      98      55          0          0 
      98      56          1          0 
      98      57          1          0 
      98      58          8          1 
      98      59          1          0 
      98      60          2          0 
      98      61          0          0 
      98      62          0          0 
      98      63          0          0 
      98      64          0          0 
      98      65          0          0 
      98      66          0          0 
      98      67          0          0 
      98      68          0          0 
      98      69          0          0 
      98      70          0          0 
      98      71          0          0 
      98      72          0          0 
      98      73          0          0 
      98      74          0          0 
      98      75          0          0 
      98      76          2          0 
      98      77          7          1 
      98      78          7          1 
      98      79          1          0 
      98      80          2          0 
      98      81          0          0 
      98      82          2          0 
      98      83          2          0 
      98      84          9          1 
      98      85          1          0 
      98      86          2          0 
      98      87          0          0 
      98      88          0          0 
      98      89          0          0 
      98      90          0          0 
      98      91          0          0 
      98      92          0          0 
      98      93          0          0 
      98      94          0          0 
      98      95          0          0 
      98      96          7          1 
      98      97          7          1 
      98      98         26          5 
      98      99          2          0 
      98     100          4          0 
      98     101          0          0 
      98     102          1          1 
      98     103          1          1 
      98     104          1          1 
      98     105          1          1 
      98     106          1          1 
      98     107          1          0 
      98     108          0          0 
      98     109          0          0 
      98     110          1          1 
      98     111          1          1 
      98     112          0          0 
      98     113          0          0 
      98     114          0          0 
      98     115          0          0 
      98     116          1          0 
      98     117          0          0 
      98     118          0          0 
      98     119          1          1 
      98     120          1          1 
      98     121          0          0 
      98     122          0          0 
      98     123          0          0 
      98     124          0          0 
      98     125          0          0 
      99       1          1          0 
      99       2          2          0 
      99       3          0          0 
      99       4          1          0 
      99       5          0          0 
      99       6          0          0 
      99       7          0          0 
      99       8          2          0 
      99       9          0          0 
      99      10          2          0 
      99      11          0          0 
      99      12          0          0 
      99      13          0          0 
      99      14          0          0 
      99      15          0          0 
      99      16          1          0 
      99      17          0          0 
      99      18          0          0 
      99      19          0          0 
      99      20          0          0 
      99      21          7          1 
      99      22          0          0 
      99      23          0          0 
      99      24          0          0 
      99      25          2          0 
      99      26          0          0 
      99      27          0          0 
      99      28          7          1 
      99      29          0          0 
      99      30          0          0 
      99      31          0          0 
      99      32          0          0 
      99      33          0          0 
      99      34          0          0 
      99      35          0          0 
      99      36          1          0 
      99      37          8          1 
      99      38          0          0 
      99      39          7          1 
      99      40          0          0 
      99      41          0          0 
      99      42          2          0 
      99      43          0          0 
      99      44          0          0 
      99      45          8          1 
      99      46          0          0 
      99      47          0          0 
      99      48          0          0 
      99      49          0          0 
      99      50          0          0 
      99      51          0          0 
      99      52          0          0 
      99      53          0          0 
      99      54          0          0 
      99      55          0          0 
      99      56          2          0 
      99      57          0          0 
      99      58          0          0 
      99      59          7          1 
      99      60          0          0 
      99      61          0          0 
      99      62          0          0 
      99      63          0          0 
      99      64          0          0 
      99      65          0          0 
      99      66          0          0 
      99      67          0          0 
      99      68          0          0 
      99      69          0          0 
      99      70          0          0 
      99      71          0          0 
      99      72          0          0 
      99      73          0          0 
      99      74          0          0 
      99      75          0          0 
      99      76          1          0 
      99      77          7          1 
      99      78          0          0 
      99      79          6          1 
      99      80          0          0 
      99      81          0          0 
      99      82          2          0 
      99      83          0          0 
      99      84          0          0 
      99      85          7          1 
      99      86          0          0 
      99      87          0          0 
      99      88          0          0 
      99      89          0          0 
      99      90          0          0 
      99      91          0          0 
      99      92          0          0 
      99      93          0          0 
      99      94          0          0 
      99      95          0          0 
      99      96          7          1 
      99      97          0          0 
      99      98          0          0 
      99      99         18          4 
      99     100          1          1 
      99     101          0          0 
      99     102          1          1 
      99     103          0          0 
      99     104          0          0 
      99     105          1          1 
      99     106          0          0 
      99     107          1          1 
      99     108          0          0 
      99     109          0          0 
      99     110          1          1 
      99     111          0          0 
      99     112          0          0 
      99     113          0          0 
      99     114          0          0 
      99     115          0          0 
      99     116          1          1 
      99     117          0          0 
      99     118          0          0 
      99     119          1          1 
      99     120          0          0 
      99     121          0          0 
      99     122          0          0 
      99     123          0          0 
      99     124          0          0 
      99     125          0          0 
     100       1          2          0 
     100       2          2          0 
     100       3          2          0 
     100       4          1          0 
     100       5          1          0 
     100       6          0          0 
     100       7          0          0 
     100       8          2          0 
     100       9          2          0 
     100      10          0          0 
     100      11          2          0 
     100      12          0          0 
     100      13          0          0 
     100      14          0          0 
     100      15          0          0 
     100      16          0          0 
     100      17          1          0 
     100      18          0          0 
     100      19          0          0 
     100      20          0          0 
     100      21          8          1 
     100      22          8          1 
     100      23          2          0 
     100      24          2          0 
     100      25          2          0 
     100      26          2          0 
     100      27          2          0 
     100      28          2          0 
     100      29          9          1 
     100      30          0          0 
     100      31          0          0 
     100      32          0          0 
     100      33          0          0 
     100      34          0          0 
     100      35          0          0 
     100      36          2          0 
     100      37          9          1 
     100      38          9          1 
     100      39          2          0 
     100      40          9          1 
     100      41          0          0 
     100      42          2          0 
     100      43          2          0 
     100      44          2          0 
     100      45          2          0 
     100      46         10          1 
     100      47          0          0 
     100      48          0          0 
     100      49          0          0 
     100      50          0          0 
     100      51          0          0 
     100      52          0          0 
     100      53          0          0 
     100      54          0          0 
     100      55          0          0 
     100      56          2          0 
     100      57          2          0 
     100      58          2          0 
     100      59          2          0 
     100      60          9          1 
     100      61          0          0 
     100      62          0          0 
     100      63          0          0 
     100      64          0          0 
     100      65          0          0 
     100      66          0          0 
     100      67          0          0 
     100      68          0          0 
     100      69          0          0 
     100      70          0          0 
     100      71          0          0 
     100      72          0          0 
     100      73          0          0 
     100      74          0          0 
     100      75          0          0 
     100      76          2          0 
     100      77          8          1 
     100      78          8          1 
     100      79          2          0 
     100      80          8          1 
     100      81          0          0 
     100      82          2          0 
     100      83          2          0 
     100      84          2          0 
     100      85          2          0 
     100      86          9          1 
     100      87          0          0 
     100      88          0          0 
     100      89          0          0 
     100      90          0          0 
     100      91          0          0 
     100      92          0          0 
     100      93          0          0 
     100      94          0          0 
     100      95          0          0 
     100      96          8          1 
     100      97          8          1 
     100      98          0          0 
     100      99          8          1 
     100     100         26          5 
     100     101          1          1 
     100     102          1          1 
     100     103          1          1 
     100     104          0          0 
     100     105          1          1 
     100     106          1          1 
     100     107          2          0 
     100     108          1          1 
     100     109          0          0 
     100     110          1          1 
     100     111          1          1 
     100     112          0          0 
     100     113          0          0 
     100     114          0          0 
     100     115          0          0 
     100     116          2          0 
     100     117          1          1 
     100     118          0          0 
     100     119          1          1 
     100     120          1          1 
     100     121          0          0 
     100     122          0          0 
     100     123          0          0 
     100     124          0          0 
     100     125          0          0 
     101       1          1          0 
     101       2          0          0 
     101       3          2          0 
     101       4          0          0 
     101       5          1          0 
     101       6          0          0 
     101       7          0          0 
     101       8          0          0 
     101       9          2          0 
     101      10          0          0 
     101      11          0          0 
     101      12          2          0 
     101      13          0          0 
     101      14          0          0 
     101      15          0          0 
     101      16          0          0 
     101      17          0          0 
     101      18          1          0 
     101      19          0          0 
     101      20          0          0 
     101      21          1          0 
     101      22          7          1 
     101      23          1          0 
     101      24          1          0 
     101      25          0          0 
     101      26          2          0 
     101      27          1          0 
     101      28          0          0 
     101      29          2          0 
     101      30          7          1 
     101      31          0          0 
     101      32          0          0 
     101      33          0          0 
     101      34          0          0 
     101      35          0          0 
     101      36          1          0 
     101      37          1          0 
     101      38          8          1 
     101      39          0          0 
     101      40          2          0 
     101      41          7          1 
     101      42          0          0 
     101      43          2          0 
     101      44          1          0 
     101      45          0          0 
     101      46          2          0 
     101      47          8          1 
     101      48          0          0 
     101      49          0          0 
     101      50          0          0 
     101      51          0          0 
     101      52          0          0 
     101      53          0          0 
     101      54          0          0 
     101      55          0          0 
     101      56          0          0 
     101      57          2          0 
     101      58          1          0 
     101      59          0          0 
     101      60          2          0 
     101      61          7          1 
     101      62          0          0 
     101      63          0          0 
     101      64          0          0 
     101      65          0          0 
     101      66          0          0 
     101      67          0          0 
     101      68          0          0 
     101      69          0          0 
     101      70          0          0 
     101      71          0          0 
     101      72          0          0 
     101      73          0          0 
     101      74          0          0 
     101      75          0          0 
     101      76          1          0 
     101      77          1          0 
     101      78          7          1 
     101      79          0          0 
     101      80          2          0 
     101      81          6          1 
     101      82          0          0 
     101      83          2          0 
     101      84          1          0 
     101      85          0          0 
     101      86          2          0 
     101      87          7          1 
     101      88          0          0 
     101      89          0          0 
     101      90          0          0 
     101      91          0          0 
     101      92          0          0 
     101      93          0          0 
     101      94          0          0 
     101      95          0          0 
     101      96          1          0 
     101      97          7          1 
     101      98          2          0 
     101      99          1          0 
     101     100          8          1 
     101     101         18          4 
     101     102          1          0 
     101     103          1          1 
     101     104          1          0 
     101     105          1          0 
     101     106          1          1 
     101     107          0          0 
     101     108          2          0 
     101     109          1          1 
     101     110          1          0 
     101     111          1          1 
     101     112          0          0 
     101     113          0          0 
     101     114          0          0 
     101     115          0          0 
     101     116          0          0 
     101     117          2          0 
     101     118          1          1 
     101     119          1          0 
     101     120          1          1 
     101     121          0          0 
     101     122          0          0 
     101     123          0          0 
     101     124          0          0 
     101     125          0          0 
     102       1          0          0 
     102       2          2          0 
     102       3          1          0 
     102       4          0          0 
     102       5          0          0 
     102       6          1          0 
     102       7          0          0 
     102       8          0          0 
     102       9          0          0 
     102      10          2          0 
     102      11          2          0 
     102      12          0          0 
     102      13          0          0 
     102      14          0          0 
     102      15          0          0 
     102      16          0          0 
     102      17          0          0 
     102      18          0          0 
     102      19          1          0 
     102      20          0          0 
     102      21          1          0 
     102      22          1          0 
     102      23          7          1 
     102      24          1          0 
     102      25          0          0 
     102      26          0          0 
     102      27          2          0 
     102      28          1          0 
     102      29          1          0 
     102      30          0          0 
     102      31          7          1 
     102      32          0          0 
     102      33          0          0 
     102      34          0          0 
     102      35          0          0 
     102      36          0          0 
     102      37          2          0 
     102      38          1          0 
     102      39          7          1 
     102      40          8          1 
     102      41          0          0 
     102      42          0          0 
     102      43          0          0 
     102      44          1          0 
     102      45          2          0 
     102      46          2          0 
     102      47          0          0 
     102      48          8          1 
     102      49          0          0 
     102      50          0          0 
     102      51          0          0 
     102      52          0          0 
     102      53          0          0 
     102      54          0          0 
     102      55          0          0 
     102      56          0          0 
     102      57          0          0 
     102      58          2          0 
     102      59          2          0 
     102      60          2          0 
     102      61          0          0 
     102      62          7          1 
     102      63          0          0 
     102      64          0          0 
     102      65          0          0 
     102      66          0          0 
     102      67          0          0 
     102      68          0          0 
     102      69          0          0 
     102      70          0          0 
     102      71          0          0 
     102      72          0          0 
     102      73          0          0 
     102      74          0          0 
     102      75          0          0 
     102      76          0          0 
     102      77          2          0 
     102      78          1          0 
     102      79          6          1 
     102      80          7          1 
     102      81          0          0 
     102      82          0          0 
     102      83          0          0 
     102      84          1          0 
     102      85          2          0 
     102      86          2          0 
     102      87          0          0 
     102      88          7          1 
     102      89          0          0 
     102      90          0          0 
     102      91          0          0 
     102      92          0          0 
     102      93          0          0 
     102      94          0          0 
     102      95          0          0 
     102      96          1          0 
     102      97          1          0 
     102      98          7          1 
     102      99          7          1 
     102     100          8          1 
     102     101          0          0 
     102     102         18          4 
     102     103          1          1 
     102     104          1          0 
     102     105          1          1 
     102     106          0          0 
     102     107          1          0 
     102     108          1          0 
     102     109          0          0 
     102     110          1          1 
     102     111          0          0 
     102     112          1          1 
     102     113          0          0 
     102     114          0          0 
     102     115          0          0 
     102     116          1          0 
     102     117          1          0 
     102     118          0          0 
     102     119          1          1 
     102     120          0          0 
     102     121          1          1 
     102     122          0          0 
     102     123          0          0 
     102     124          0          0 
     102     125          0          0 
     103       1          0          0 
     103       2          1          0 
     103       3          2          0 
     103       4          0          0 
     103       5          0          0 
     103       6          1          0 
     103       7          0          0 
     103       8          0          0 
     103       9          0          0 
     103      10          0          0 
     103      11          2          0 
     103      12          2          0 
     103      13          0          0 
     103      14          0          0 
     103      15          0          0 
     103      16          0          0 
     103      17          0          0 
     103      18          0          0 
     103      19          0          0 
     103      20          1          0 
     103      21          1          0 
     103      22          1          0 
     103      23          7          1 
     103      24          1          0 
     103      25          0          0 
     103      26          0          0 
     103      27          2          0 
     103      28          0          0 
     103      29          1          0 
     103      30          1          0 
     103      31          2          0 
     103      32          7          1 
     103      33          0          0 
     103      34          0          0 
     103      35          0          0 
     103      36          0          0 
     103      37          1          0 
     103      38          2          0 
     103      39          1          0 
     103      40          8          1 
     103      41          7          1 
     103      42          0          0 
     103      43          0          0 
     103      44          1          0 
     103      45          0          0 
     103      46          2          0 
     103      47          2          0 
     103      48          2          0 
     103      49          8          1 
     103      50          0          0 
     103      51          0          0 
     103      52          0          0 
     103      53          0          0 
     103      54          0          0 
     103      55          0          0 
     103      56          0          0 
     103      57          0          0 
     103      58          2          0 
     103      59          0          0 
     103      60          2          0 
     103      61          2          0 
     103      62          2          0 
     103      63          7          1 
     103      64          0          0 
     103      65          0          0 
     103      66          0          0 
     103      67          0          0 
     103      68          0          0 
     103      69          0          0 
     103      70          0          0 
     103      71          0          0 
     103      72          0          0 
     103      73          0          0 
     103      74          0          0 
     103      75          0          0 
     103      76          0          0 
     103      77          1          0 
     103      78          2          0 
     103      79          1          0 
     103      80          7          1 
     103      81          6          1 
     103      82          0          0 
     103      83          0          0 
     103      84          1          0 
     103      85          0          0 
     103      86          2          0 
     103      87          2          0 
     103      88          2          0 
     103      89          7          1 
     103      90          0          0 
     103      91          0          0 
     103      92          0          0 
     103      93          0          0 
     103      94          0          0 
     103      95          0          0 
     103      96          1          0 
     103      97          1          0 
     103      98          7          1 
     103      99          1          0 
     103     100          8          1 
     103     101          7          1 
     103     102          7          1 
     103     103         18          4 
     103     104          1          0 
     103     105          1          0 
     103     106          1          1 
     103     107          0          0 
     103     108          1          0 
     103     109          1          0 
     103     110          2          0 
     103     111          1          1 
     103     112          1          1 
     103     113          0          0 
     103     114          0          0 
     103     115          0          0 
     103     116          0          0 
     103     117          1          0 
     103     118          1          0 
     103     119          2          0 
     103     120          1          1 
     103     121          1          1 
     103     122          0          0 
     103     123          0          0 
     103     124          0          0 
     103     125          0          0 
     104       1          0          0 
     104       2          0          0 
     104       3          0          0 
     104       4          2          0 
     104       5          2          0 
     104       6          1          0 
     104       7          2          0 
     104       8          2          0 
     104       9          2          0 
     104      10          0          0 
     104      11          0          0 
     104      12          0          0 
     104      13          1          0 
     104      14          1          0 
     104      15          1          0 
     104      16          0          0 
     104      17          0          0 
     104      18          0          0 
     104      19          0          0 
     104      20          0          0 
     104      21          2          0 
     104      22          2          0 
     104      23          1          0 
     104      24          8          1 
     104      25          7          1 
     104      26          7          1 
     104      27          9          1 
     104      28          1          0 
     104      29          2          0 
     104      30          0          0 
     104      31          0          0 
     104      32          0          0 
     104      33          8          1 
     104      34          0          0 
     104      35          0          0 
     104      36          2          0 
     104      37          2          0 
     104      38          2          0 
     104      39          0          0 
     104      40          0          0 
     104      41          0          0 
     104      42          8          1 
     104      43          8          1 
     104      44         10          1 
     104      45          1          0 
     104      46          2          0 
     104      47          0          0 
     104      48          0          0 
     104      49          0          0 
     104      50          1          0 
     104      51          2          0 
     104      52          0          0 
     104      53          0          0 
     104      54          0          0 
     104      55          0          0 
     104      56          1          0 
     104      57          1          0 
     104      58          1          0 
     104      59          0          0 
     104      60          0          0 
     104      61          0          0 
     104      62          0          0 
     104      63          0          0 
     104      64          8          1 
     104      65          0          0 
     104      66          0          0 
     104      67          1          0 
     104      68          2          0 
     104      69          0          0 
     104      70          0          0 
     104      71          0          0 
     104      72          0          0 
     104      73          0          0 
     104      74          0          0 
     104      75          0          0 
     104      76          2          0 
     104      77          2          0 
     104      78          2          0 
     104      79          0          0 
     104      80          0          0 
     104      81          0          0 
     104      82          7          1 
     104      83          7          1 
     104      84          9          1 
     104      85          1          0 
     104      86          2          0 
     104      87          0          0 
     104      88          0          0 
     104      89          0          0 
     104      90          1          0 
     104      91          2          0 
     104      92          0          0 
     104      93          0          0 
     104      94          0          0 
     104      95          0          0 
     104      96          7          1 
     104      97          7          1 
     104      98          9          1 
     104      99          1          0 
     104     100          2          0 
     104     101          0          0 
     104     102          0          0 
     104     103          0          0 
     104     104         26          5 
     104     105          1          1 
     104     106          1          1 
     104     107          2          0 
     104     108          4          0 
     104     109          0          0 
     104     110          0          0 
     104     111          0          0 
     104     112          0          0 
     104     113          1          1 
     104     114          1          1 
     104     115          0          0 
     104     116          1          0 
     104     117          0          0 
     104     118          0          0 
     104     119          0          0 
     104     120          0          0 
     104     121          0          0 
     104     122          1          1 
     104     123          1          1 
     104     124          0          0 
     104     125          0          0 
     105       1          0          0 
     105       2          0          0 
     105       3          0          0 
     105       4          2          0 
     105       5          1          0 
     105       6          2          0 
     105       7          0          0 
     105       8          2          0 
     105       9          0          0 
     105      10          2          0 
     105      11          2          0 
     105      12          0          0 
     105      13          0          0 
     105      14          0          0 
     105      15          1          0 
     105      16          1          0 
     105      17          1          0 
     105      18          0          0 
     105      19          1          0 
     105      20          0          0 
     105      21          2          0 
     105      22          1          0 
     105      23          2          0 
     105      24          8          1 
     105      25          1          0 
     105      26          1          0 
     105      27          9          1 
     105      28          7          1 
     105      29          8          1 
     105      30          0          0 
     105      31          7          1 
     105      32          0          0 
     105      33          2          0 
     105      34          8          1 
     105      35          0          0 
     105      36          0          0 
     105      37          2          0 
     105      38          0          0 
     105      39          2          0 
     105      40          2          0 
     105      41          0          0 
     105      42          1          0 
     105      43          1          0 
     105      44         10          1 
     105      45          8          1 
     105      46          9          1 
     105      47          0          0 
     105      48          8          1 
     105      49          0          0 
     105      50          1          0 
     105      51          1          0 
     105      52          0          0 
     105      53          2          0 
     105      54          0          0 
     105      55          0          0 
     105      56          0          0 
     105      57          0          0 
     105      58          1          0 
     105      59          1          0 
     105      60          1          0 
     105      61          0          0 
     105      62          1          0 
     105      63          0          0 
     105      64          2          0 
     105      65          8          1 
     105      66          0          0 
     105      67          1          0 
     105      68          1          0 
     105      69          0          0 
     105      70          2          0 
     105      71          0          0 
     105      72          0          0 
     105      73          0          0 
     105      74          0          0 
     105      75          0          0 
     105      76          0          0 
     105      77          2          0 
     105      78          0          0 
     105      79          2          0 
     105      80          2          0 
     105      81          0          0 
     105      82          1          0 
     105      83          1          0 
     105      84          9          1 
     105      85          7          1 
     105      86          8          1 
     105      87          0          0 
     105      88          7          1 
     105      89          0          0 
     105      90          1          0 
     105      91          1          0 
     105      92          0          0 
     105      93          2          0 
     105      94          0          0 
     105      95          0          0 
     105      96          1          0 
     105      97          1          0 
     105      98          9          1 
     105      99          7          1 
     105     100          8          1 
     105     101          0          0 
     105     102          7          1 
     105     103          0          0 
     105     104          9          1 
     105     105         26          5 
     105     106          1          1 
     105     107          2          0 
     105     108          2          0 
     105     109          0          0 
     105     110          4          0 
     105     111          0          0 
     105     112          0          0 
     105     113          1          1 
     105     114          0          0 
     105     115          1          1 
     105     116          1          0 
     105     117          1          0 
     105     118          0          0 
     105     119          0          0 
     105     120          0          0 
     105     121          0          0 
     105     122          1          1 
     105     123          0          0 
     105     124          1          1 
     105     125          0          0 
     106       1          0          0 
     106       2          0          0 
     106       3          0          0 
     106       4          1          0 
     106       5          2          0 
     106       6          2          0 
     106       7          0          0 
     106       8          0          0 
     106       9          2          0 
     106      10          0          0 
     106      11          2          0 
     106      12          2          0 
     106      13          0          0 
     106      14          0          0 
     106      15          1          0 
     106      16          0          0 
     106      17          1          0 
     106      18          1          0 
     106      19          0          0 
     106      20          1          0 
     106      21          1          0 
     106      22          2          0 
     106      23          2          0 
     106      24          8          1 
     106      25          1          0 
     106      26          1          0 
     106      27          9          1 
     106      28          1          0 
     106      29          8          1 
     106      30          7          1 
     106      31          1          0 
     106      32          7          1 
     106      33          2          0 
     106      34          2          0 
     106      35          8          1 
     106      36          0          0 
     106      37          0          0 
     106      38          2          0 
     106      39          0          0 
     106      40          2          0 
     106      41          2          0 
     106      42          1          0 
     106      43          1          0 
     106      44         10          1 
     106      45          1          0 
     106      46          9          1 
     106      47          8          1 
     106      48          1          0 
     106      49          8          1 
     106      50          0          0 
     106      51          1          0 
     106      52          1          0 
     106      53          1          0 
     106      54          2          0 
     106      55          0          0 
     106      56          0          0 
     106      57          0          0 
     106      58          1          0 
     106      59          0          0 
     106      60          1          0 
     106      61          1          0 
     106      62          0          0 
     106      63          1          0 
     106      64          2          0 
     106      65          2          0 
     106      66          8          1 
     106      67          0          0 
     106      68          1          0 
     106      69          1          0 
     106      70          1          0 
     106      71          2          0 
     106      72          0          0 
     106      73          0          0 
     106      74          0          0 
     106      75          0          0 
     106      76          0          0 
     106      77          0          0 
     106      78          2          0 
     106      79          0          0 
     106      80          2          0 
     106      81          2          0 
     106      82          1          0 
     106      83          1          0 
     106      84          9          1 
     106      85          1          0 
     106      86          8          1 
     106      87          7          1 
     106      88          1          0 
     106      89          7          1 
     106      90          0          0 
     106      91          1          0 
     106      92          1          0 
     106      93          1          0 
     106      94          2          0 
     106      95          0          0 
     106      96          1          0 
     106      97          1          0 
     106      98          9          1 
     106      99          1          0 
     106     100          8          1 
     106     101          7          1 
     106     102          1          0 
     106     103          7          1 
     106     104          9          1 
     106     105          9          1 
     106     106         26          5 
     106     107          0          0 
     106     108          2          0 
     106     109          2          0 
     106     110          2          0 
     106     111          4          0 
     106     112          0          0 
     106     113          2          0 
     106     114          1          1 
     106     115          1          1 
     106     116          0          0 
     106     117          1          0 
     106     118          1          0 
     106     119          1          0 
     106     120          0          0 
     106     121          0          0 
     106     122          2          0 
     106     123          1          1 
     106     124          1          1 
     106     125          0          0 
     107       1          0          0 
     107       2          0          0 
     107       3          0          0 
     107       4          2          0 
     107       5          0          0 
     107       6          0          0 
     107       7          1          0 
     107       8          2          0 
     107       9          0          0 
     107      10          1          0 
     107      11          0          0 
     107      12          0          0 
     107      13          2          0 
     107      14          0          0 
     107      15          0          0 
     107      16          2          0 
     107      17          0          0 
     107      18          0          0 
     107      19          0          0 
     107      20          0          0 
     107      21          2          0 
     107      22          0          0 
     107      23          0          0 
     107      24          0          0 
     107      25          7          1 
     107      26          0          0 
     107      27          0          0 
     107      28          7          1 
     107      29          0          0 
     107      30          0          0 
     107      31          0          0 
     107      32          0          0 
     107      33          0          0 
     107      34          0          0 
     107      35          0          0 
     107      36          1          0 
     107      37          2          0 
     107      38          0          0 
     107      39          1          0 
     107      40          0          0 
     107      41          0          0 
     107      42          8          1 
     107      43          0          0 
     107      44          0          0 
     107      45          8          1 
     107      46          0          0 
     107      47          0          0 
     107      48          0          0 
     107      49          0          0 
     107      50          7          1 
     107      51          0          0 
     107      52          0          0 
     107      53          0          0 
     107      54          0          0 
     107      55          0          0 
     107      56          2          0 
     107      57          0          0 
     107      58          0          0 
     107      59          2          0 
     107      60          0          0 
     107      61          0          0 
     107      62          0          0 
     107      63          0          0 
     107      64          0          0 
     107      65          0          0 
     107      66          0          0 
     107      67          7          1 
     107      68          0          0 
     107      69          0          0 
     107      70          0          0 
     107      71          0          0 
     107      72          0          0 
     107      73          0          0 
     107      74          0          0 
     107      75          0          0 
     107      76          1          0 
     107      77          2          0 
     107      78          0          0 
     107      79          1          0 
     107      80          0          0 
     107      81          0          0 
     107      82          7          1 
     107      83          0          0 
     107      84          0          0 
     107      85          7          1 
     107      86          0          0 
     107      87          0          0 
     107      88          0          0 
     107      89          0          0 
     107      90          6          1 
     107      91          0          0 
     107      92          0          0 
     107      93          0          0 
     107      94          0          0 
     107      95          0          0 
     107      96          7          1 
     107      97          0          0 
     107      98          0          0 
     107      99          7          1 
     107     100          0          0 
     107     101          0          0 
     107     102          0          0 
     107     103          0          0 
     107     104          0          0 
     107     105          0          0 
     107     106          0          0 
     107     107         18          4 
     107     108          1          1 
     107     109          0          0 
     107     110          1          1 
     107     111          0          0 
     107     112          0          0 
     107     113          1          1 
     107     114          0          0 
     107     115          0          0 
     107     116          1          1 
     107     117          0          0 
     107     118          0          0 
     107     119          0          0 
     107     120          0          0 
     107     121          0          0 
     107     122          1          1 
     107     123          0          0 
     107     124          0          0 
     107     125          0          0 
     108       1          0          0 
     108       2          0          0 
     108       3          0          0 
     108       4          2          0 
     108       5          2          0 
     108       6          0          0 
     108       7          2          0 
     108       8          2          0 
     108       9          2          0 
     108      10          0          0 
     108      11          1          0 
     108      12          0          0 
     108      13          2          0 
     108      14          2          0 
     108      15          0          0 
     108      16          0          0 
     108      17          2          0 
     108      18          0          0 
     108      19          0          0 
     108      20          0          0 
     108      21          2          0 
     108      22          2          0 
     108      23          0          0 
     108      24          0          0 
     108      25          8          1 
     108      26          8          1 
     108      27          2          0 
     108      28          2          0 
     108      29          9          1 
     108      30          0          0 
     108      31          0          0 
     108      32          0          0 
     108      33          2          0 
     108      34          0          0 
     108      35          0          0 
     108      36          2          0 
     108      37          2          0 
     108      38          2          0 
     108      39          0          0 
     108      40          1          0 
     108      41          0          0 
     108      42          9          1 
     108      43          9          1 
     108      44          2          0 
     108      45          2          0 
     108      46         10          1 
     108      47          0          0 
     108      48          0          0 
     108      49          0          0 
     108      50          2          0 
     108      51          9          1 
     108      52          0          0 
     108      53          0          0 
     108      54          0          0 
     108      55          0          0 
     108      56          2          0 
     108      57          2          0 
     108      58          0          0 
     108      59          0          0 
     108      60          2          0 
     108      61          0          0 
     108      62          0          0 
     108      63          0          0 
     108      64          2          0 
     108      65          0          0 
     108      66          0          0 
     108      67          2          0 
     108      68          9          1 
     108      69          0          0 
     108      70          0          0 
     108      71          0          0 
     108      72          0          0 
     108      73          0          0 
     108      74          0          0 
     108      75          0          0 
     108      76          2          0 
     108      77          2          0 
     108      78          2          0 
     108      79          0          0 
     108      80          1          0 
     108      81          0          0 
     108      82          8          1 
     108      83          8          1 
     108      84          2          0 
     108      85          2          0 
     108      86          9          1 
     108      87          0          0 
     108      88          0          0 
     108      89          0          0 
     108      90          2          0 
     108      91          8          1 
     108      92          0          0 
     108      93          0          0 
     108      94          0          0 
     108      95          0          0 
     108      96          8          1 
     108      97          8          1 
     108      98          2          0 
     108      99          2          0 
     108     100          9          1 
     108     101          0          0 
     108     102          0          0 
     108     103          0          0 
     108     104          0          0 
     108     105          0          0 
     108     106          0          0 
     108     107          8          1 
     108     108         26          5 
     108     109          1          1 
     108     110          1          1 
     108     111          1          1 
     108     112          0          0 
     108     113          1          1 
     108     114          1          1 
     108     115          0          0 
     108     116          2          0 
     108     117          1          1 
     108     118          0          0 
     108     119          0          0 
     108     120          0          0 
     108     121          0          0 
     108     122          1          1 
     108     123          1          1 
     108     124          0          0 
     108     125          0          0 
     109       1          0          0 
     109       2          0          0 
     109       3          0          0 
     109       4          0          0 
     109       5          2          0 
     109       6          0          0 
     109       7          1          0 
     109       8          0          0 
     109       9          2          0 
     109      10          0          0 
     109      11          0          0 
     109      12          1          0 
     109      13          0          0 
     109      14          2          0 
     109      15          0          0 
     109      16          0          0 
     109      17          0          0 
     109      18          2          0 
     109      19          0          0 
     109      20          0          0 
     109      21          0          0 
     109      22          2          0 
     109      23          0          0 
     109      24          0          0 
     109      25          1          0 
     109      26          7          1 
     109      27          1          0 
     109      28          0          0 
     109      29          2          0 
     109      30          7          1 
     109      31          0          0 
     109      32          0          0 
     109      33          1          0 
     109      34          0          0 
     109      35          0          0 
     109      36          1          0 
     109      37          0          0 
     109      38          2          0 
     109      39          0          0 
     109      40          0          0 
     109      41          1          0 
     109      42          1          0 
     109      43          8          1 
     109      44          1          0 
     109      45          0          0 
     109      46          2          0 
     109      47          8          1 
     109      48          0          0 
     109      49          0          0 
     109      50          0          0 
     109      51          2          0 
     109      52          7          1 
     109      53          0          0 
     109      54          0          0 
     109      55          0          0 
     109      56          0          0 
     109      57          2          0 
     109      58          0          0 
     109      59          0          0 
     109      60          0          0 
     109      61          2          0 
     109      62          0          0 
     109      63          0          0 
     109      64          1          0 
     109      65          0          0 
     109      66          0          0 
     109      67          0          0 
     109      68          2          0 
     109      69          7          1 
     109      70          0          0 
     109      71          0          0 
     109      72          0          0 
     109      73          0          0 
     109      74          0          0 
     109      75          0          0 
     109      76          1          0 
     109      77          0          0 
     109      78          2          0 
     109      79          0          0 
     109      80          0          0 
     109      81          1          0 
     109      82          1          0 
     109      83          7          1 
     109      84          1          0 
     109      85          0          0 
     109      86          2          0 
     109      87          7          1 
     109      88          0          0 
     109      89          0          0 
     109      90          0          0 
     109      91          2          0 
     109      92          6          1 
     109      93          0          0 
     109      94          0          0 
     109      95          0          0 
     109      96          1          0 
     109      97          7          1 
     109      98          1          0 
     109      99          0          0 
     109     100          2          0 
     109     101          7          1 
     109     102          0          0 
     109     103          0          0 
     109     104          2          0 
     109     105          0          0 
     109     106          0          0 
     109     107          1          0 
     109     108          8          1 
     109     109         18          4 
     109     110          1          0 
     109     111          1          1 
     109     112          0          0 
     109     113          1          0 
     109     114          1          1 
     109     115          0          0 
     109     116          0          0 
     109     117          2          0 
     109     118          1          1 
     109     119          0          0 
     109     120          0          0 
     109     121          0          0 
     109     122          1          0 
     109     123          1          1 
     109     124          0          0 
     109     125          0          0 
     110       1          0          0 
     110       2          0          0 
     110       3          0          0 
     110       4          2          0 
     110       5          0          0 
     110       6          2          0 
     110       7          0          0 
     110       8          2          0 
     110       9          1          0 
     110      10          2          0 
     110      11          2          0 
     110      12          0          0 
     110      13          0          0 
     110      14          0          0 
     110      15          2          0 
     110      16          2          0 
     110      17          2          0 
     110      18          0          0 
     110      19          2          0 
     110      20          0          0 
     110      21          2          0 
     110      22          0          0 
     110      23          2          0 
     110      24          0          0 
     110      25          2          0 
     110      26          1          0 
     110      27          8          1 
     110      28          8          1 
     110      29          9          1 
     110      30          0          0 
     110      31          8          1 
     110      32          0          0 
     110      33          1          0 
     110      34          2          0 
     110      35          0          0 
     110      36          0          0 
     110      37          2          0 
     110      38          1          0 
     110      39          2          0 
     110      40          2          0 
     110      41          0          0 
     110      42          2          0 
     110      43          1          0 
     110      44          9          1 
     110      45          9          1 
     110      46         10          1 
     110      47          0          0 
     110      48          9          1 
     110      49          0          0 
     110      50          2          0 
     110      51          2          0 
     110      52          0          0 
     110      53          9          1 
     110      54          0          0 
     110      55          0          0 
     110      56          0          0 
     110      57          0          0 
     110      58          2          0 
     110      59          2          0 
     110      60          2          0 
     110      61          0          0 
     110      62          2          0 
     110      63          0          0 
     110      64          1          0 
     110      65          2          0 
     110      66          0          0 
     110      67          2          0 
     110      68          2          0 
     110      69          0          0 
     110      70          9          1 
     110      71          0          0 
     110      72          0          0 
     110      73          0          0 
     110      74          0          0 
     110      75          0          0 
     110      76          0          0 
     110      77          2          0 
     110      78          1          0 
     110      79          2          0 
     110      80          2          0 
     110      81          0          0 
     110      82          2          0 
     110      83          1          0 
     110      84          8          1 
     110      85          8          1 
     110      86          9          1 
     110      87          0          0 
     110      88          8          1 
     110      89          0          0 
     110      90          2          0 
     110      91          2          0 
     110      92          0          0 
     110      93          8          1 
     110      94          0          0 
     110      95          0          0 
     110      96          2          0 
     110      97          1          0 
     110      98          8          1 
     110      99          8          1 
     110     100          9          1 
     110     101          0          0 
     110     102          8          1 
     110     103          0          0 
     110     104          2          0 
     110     105          0          0 
     110     106          0          0 
     110     107          8          1 
     110     108          9          1 
     110     109          0          0 
     110     110         26          5 
     110     111          1          1 
     110     112          1          1 
     110     113          1          1 
     110     114          0          0 
     110     115          1          1 
     110     116          2          0 
     110     117          2          0 
     110     118          0          0 
     110     119          1          1 
     110     120          0          0 
     110     121          0          0 
     110     122          1          1 
     110     123          0          0 
     110     124          1          1 
     110     125          0          0 
     111       1          0          0 
     111       2          0          0 
     111       3          0          0 
     111       4          0          0 
     111       5          2          0 
     111       6          2          0 
     111       7          0          0 
     111       8          1          0 
     111       9          2          0 
     111      10          0          0 
     111      11          2          0 
     111      12          2          0 
     111      13          0          0 
     111      14          0          0 
     111      15          2          0 
     111      16          0          0 
     111      17          2          0 
     111      18          2          0 
     111      19          0          0 
     111      20          2          0 
     111      21          0          0 
     111      22          2          0 
     111      23          2          0 
     111      24          0          0 
     111      25          1          0 
     111      26          2          0 
     111      27          8          1 
     111      28          1          0 
     111      29          9          1 
     111      30          8          1 
     111      31          2          0 
     111      32          8          1 
     111      33          1          0 
     111      34          1          0 
     111      35          2          0 
     111      36          0          0 
     111      37          1          0 
     111      38          2          0 
     111      39          0          0 
     111      40          2          0 
     111      41          2          0 
     111      42          1          0 
     111      43          2          0 
     111      44          9          1 
     111      45          1          0 
     111      46         10          1 
     111      47          9          1 
     111      48          2          0 
     111      49          9          1 
     111      50          0          0 
     111      51          2          0 
     111      52          2          0 
     111      53          2          0 
     111      54          9          1 
     111      55          0          0 
     111      56          0          0 
     111      57          0          0 
     111      58          2          0 
     111      59          0          0 
     111      60          2          0 
     111      61          2          0 
     111      62          0          0 
     111      63          2          0 
     111      64          1          0 
     111      65          1          0 
     111      66          2          0 
     111      67          0          0 
     111      68          2          0 
     111      69          2          0 
     111      70          2          0 
     111      71          9          1 
     111      72          0          0 
     111      73          0          0 
     111      74          0          0 
     111      75          0          0 
     111      76          0          0 
     111      77          1          0 
     111      78          2          0 
     111      79          0          0 
     111      80          2          0 
     111      81          2          0 
     111      82          1          0 
     111      83          2          0 
     111      84          8          1 
     111      85          1          0 
     111      86          9          1 
     111      87          8          1 
     111      88          2          0 
     111      89          8          1 
     111      90          0          0 
     111      91          2          0 
     111      92          2          0 
     111      93          2          0 
     111      94          8          1 
     111      95          0          0 
     111      96          1          0 
     111      97          2          0 
     111      98          8          1 
     111      99          1          0 
     111     100          9          1 
     111     101          8          1 
     111     102          2          0 
     111     103          8          1 
     111     104          2          0 
     111     105          2          0 
     111     106          0          0 
     111     107          1          0 
     111     108          9          1 
     111     109          8          1 
     111     110          9          1 
     111     111         26          5 
     111     112          1          1 
     111     113          2          0 
     111     114          1          1 
     111     115          1          1 
     111     116          0          0 
     111     117          2          0 
     111     118          2          0 
     111     119          2          0 
     111     120          1          1 
     111     121          0          0 
     111     122          2          0 
     111     123          1          1 
     111     124          1          1 
     111     125          0          0 
     112       1          0          0 
     112       2          0          0 
     112       3          0          0 
     112       4          0          0 
     112       5          0          0 
     112       6          2          0 
     112       7          0          0 
     112       8          0          0 
     112       9          0          0 
     112      10          1          0 
     112      11          2          0 
     112      12          1          0 
     112      13          0          0 
     112      14          0          0 
     112      15          0          0 
     112      16          0          0 
     112      17          0          0 
     112      18          0          0 
     112      19          2          0 
     112      20          2          0 
     112      21          0          0 
     112      22          0          0 
     112      23          2          0 
     112      24          0          0 
     112      25          0          0 
     112      26          0          0 
     112      27          2          0 
     112      28          1          0 
     112      29          2          0 
     112      30          1          0 
     112      31          7          1 
     112      32          7          1 
     112      33          0          0 
     112      34          1          0 
     112      35          1          0 
     112      36          0          0 
     112      37          0          0 
     112      38          0          0 
     112      39          1          0 
     112      40          2          0 
     112      41          1          0 
     112      42          0          0 
     112      43          0          0 
     112      44          2          0 
     112      45          1          0 
     112      46          2          0 
     112      47          1          0 
     112      48          8          1 
     112      49          8          1 
     112      50          0          0 
     112      51          0          0 
     112      52          0          0 
     112      53          2          0 
     112      54          2          0 
     112      55          7          1 
     112      56          0          0 
     112      57          0          0 
     112      58          0          0 
     112      59          0          0 
     112      60          0          0 
     112      61          0          0 
     112      62          2          0 
     112      63          2          0 
     112      64          0          0 
     112      65          1          0 
     112      66          1          0 
     112      67          0          0 
     112      68          0          0 
     112      69          0          0 
     112      70          2          0 
     112      71          2          0 
     112      72          7          1 
     112      73          0          0 
     112      74          0          0 
     112      75          0          0 
     112      76          0          0 
     112      77          0          0 
     112      78          0          0 
     112      79          1          0 
     112      80          2          0 
     112      81          1          0 
     112      82          0          0 
     112      83          0          0 
     112      84          2          0 
     112      85          1          0 
     112      86          2          0 
     112      87          1          0 
     112      88          7          1 
     112      89          7          1 
     112      90          0          0 
     112      91          0          0 
     112      92          0          0 
     112      93          2          0 
     112      94          2          0 
     112      95          6          1 
     112      96          0          0 
     112      97          0          0 
     112      98          2          0 
     112      99          1          0 
     112     100          2          0 
     112     101          1          0 
     112     102          7          1 
     112     103          7          1 
     112     104          0          0 
     112     105          2          0 
     112     106          2          0 
     112     107          1          0 
     112     108          1          0 
     112     109          1          0 
     112     110          8          1 
     112     111          8          1 
     112     112         18          4 
     112     113          1          0 
     112     114          1          0 
     112     115          1          1 
     112     116          0          0 
     112     117          0          0 
     112     118          0          0 
     112     119          2          0 
     112     120          2          0 
     112     121          1          1 
     112     122          1          0 
     112     123          1          0 
     112     124          1          1 
     112     125          0          0 
     113       1          0          0 
     113       2          0          0 
     113       3          0          0 
     113       4          0          0 
     113       5          0          0 
     113       6          0          0 
     113       7          0          0 
     113       8          0          0 
     113       9          0          0 
     113      10          0          0 
     113      11          0          0 
     113      12          0          0 
     113      13          2          0 
     113      14          1          0 
     113      15          1          0 
     113      16          2          0 
     113      17          2          0 
     113      18          0          0 
     113      19          1          0 
     113      20          0          0 
     113      21          0          0 
     113      22          0          0 
     113      23          0          0 
     113      24          2          0 
     113      25          1          0 
     113      26          1          0 
     113      27          2          0 
     113      28          1          0 
     113      29          1          0 
     113      30          0          0 
     113      31          1          0 
     113      32          0          0 
     113      33          7          1 
     113      34          7          1 
     113      35          0          0 
     113      36          0          0 
     113      37          0          0 
     113      38          0          0 
     113      39          0          0 
     113      40          0          0 
     113      41          0          0 
     113      42          2          0 
     113      43          1          0 
     113      44          1          0 
     113      45          2          0 
     113      46          2          0 
     113      47          0          0 
     113      48          1          0 
     113      49          0          0 
     113      50          7          1 
     113      51          8          1 
     113      52          0          0 
     113      53          8          1 
     113      54          0          0 
     113      55          0          0 
     113      56          0          0 
     113      57          0          0 
     113      58          0          0 
     113      59          0          0 
     113      60          0          0 
     113      61          0          0 
     113      62          0          0 
     113      63          0          0 
     113      64          2          0 
     113      65          2          0 
     113      66          0          0 
     113      67          2          0 
     113      68          2          0 
     113      69          0          0 
     113      70          2          0 
     113      71          0          0 
     113      72          0          0 
     113      73          7          1 
     113      74          0          0 
     113      75          0          0 
     113      76          0          0 
     113      77          0          0 
     113      78          0          0 
     113      79          0          0 
     113      80          0          0 
     113      81          0          0 
     113      82          2          0 
     113      83          1          0 
     113      84          1          0 
     113      85          2          0 
     113      86          2          0 
     113      87          0          0 
     113      88          1          0 
     113      89          0          0 
     113      90          6          1 
     113      91          7          1 
     113      92          0          0 
     113      93          7          1 
     113      94          0          0 
     113      95          0          0 
     113      96          1          0 
     113      97          1          0 
     113      98          1          0 
     113      99          1          0 
     113     100          1          0 
     113     101          0          0 
     113     102          1          0 
     113     103          0          0 
     113     104          7          1 
     113     105          7          1 
     113     106          0          0 
     113     107          7          1 
     113     108          8          1 
     113     109          0          0 
     113     110          8          1 
     113     111          0          0 
     113     112          0          0 
     113     113         18          4 
     113     114          1          1 
     113     115          1          1 
     113     116          1          0 
     113     117          1          0 
     113     118          0          0 
     113     119          1          0 
     113     120          0          0 
     113     121          0          0 
     113     122          1          1 
     113     123          0          0 
     113     124          0          0 
     113     125          1          1 
     114       1          0          0 
     114       2          0          0 
     114       3          0          0 
     114       4          0          0 
     114       5          0          0 
     114       6          0          0 
     114       7          0          0 
     114       8          0          0 
     114       9          0          0 
     114      10          0          0 
     114      11          0          0 
     114      12          0          0 
     114      13          1          0 
     114      14          2          0 
     114      15          1          0 
     114      16          0          0 
     114      17          2          0 
     114      18          2          0 
     114      19          0          0 
     114      20          1          0 
     114      21          0          0 
     114      22          0          0 
     114      23          0          0 
     114      24          2          0 
     114      25          1          0 
     114      26          1          0 
     114      27          2          0 
     114      28          0          0 
     114      29          1          0 
     114      30          1          0 
     114      31          0          0 
     114      32          1          0 
     114      33          7          1 
     114      34          2          0 
     114      35          7          1 
     114      36          0          0 
     114      37          0          0 
     114      38          0          0 
     114      39          0          0 
     114      40          0          0 
     114      41          0          0 
     114      42          1          0 
     114      43          2          0 
     114      44          1          0 
     114      45          0          0 
     114      46          2          0 
     114      47          2          0 
     114      48          0          0 
     114      49          1          0 
     114      50          1          0 
     114      51          8          1 
     114      52          7          1 
     114      53          2          0 
     114      54          8          1 
     114      55          0          0 
     114      56          0          0 
     114      57          0          0 
     114      58          0          0 
     114      59          0          0 
     114      60          0          0 
     114      61          0          0 
     114      62          0          0 
     114      63          0          0 
     114      64          2          0 
     114      65          0          0 
     114      66          2          0 
     114      67          0          0 
     114      68          2          0 
     114      69          2          0 
     114      70          0          0 
     114      71          2          0 
     114      72          0          0 
     114      73          2          0 
     114      74          7          1 
     114      75          0          0 
     114      76          0          0 
     114      77          0          0 
     114      78          0          0 
     114      79          0          0 
     114      80          0          0 
     114      81          0          0 
     114      82          1          0 
     114      83          2          0 
     114      84          1          0 
     114      85          0          0 
     114      86          2          0 
     114      87          2          0 
     114      88          0          0 
     114      89          1          0 
     114      90          1          0 
     114      91          7          1 
     114      92          6          1 
     114      93          2          0 
     114      94          7          1 
     114      95          0          0 
     114      96          1          0 
     114      97          1          0 
     114      98          1          0 
     114      99          0          0 
     114     100          1          0 
     114     101          1          0 
     114     102          0          0 
     114     103          1          0 
     114     104          7          1 
     114     105          2          0 
     114     106          7          1 
     114     107          1          0 
     114     108          8          1 
     114     109          7          1 
     114     110          2          0 
     114     111          8          1 
     114     112          0          0 
     114     113          7          1 
     114     114         18          4 
     114     115          1          1 
     114     116          0          0 
     114     117          1          0 
     114     118          1          0 
     114     119          0          0 
     114     120          1          0 
     114     121          0          0 
     114     122          2          0 
     114     123          1          1 
     114     124          0          0 
     114     125          1          1 
     115       1          0          0 
     115       2          0          0 
     115       3          0          0 
     115       4          0          0 
     115       5          0          0 
     115       6          0          0 
     115       7          0          0 
     115       8          0          0 
     115       9          0          0 
     115      10          0          0 
     115      11          0          0 
     115      12          0          0 
     115      13          0          0 
     115      14          0          0 
     115      15          2          0 
     115      16          1          0 
     115      17          2          0 
     115      18          1          0 
     115      19          2          0 
     115      20          2          0 
     115      21          0          0 
     115      22          0          0 
     115      23          0          0 
     115      24          2          0 
     115      25          0          0 
     115      26          0          0 
     115      27          2          0 
     115      28          1          0 
     115      29          2          0 
     115      30          1          0 
     115      31          1          0 
     115      32          1          0 
     115      33          2          0 
     115      34          7          1 
     115      35          7          1 
     115      36          0          0 
     115      37          0          0 
     115      38          0          0 
     115      39          0          0 
     115      40          0          0 
     115      41          0          0 
     115      42          0          0 
     115      43          0          0 
     115      44          2          0 
     115      45          1          0 
     115      46          2          0 
     115      47          1          0 
     115      48          2          0 
     115      49          2          0 
     115      50          1          0 
     115      51          2          0 
     115      52          1          0 
     115      53          8          1 
     115      54          8          1 
     115      55          7          1 
     115      56          0          0 
     115      57          0          0 
     115      58          0          0 
     115      59          0          0 
     115      60          0          0 
     115      61          0          0 
     115      62          0          0 
     115      63          0          0 
     115      64          0          0 
     115      65          2          0 
     115      66          2          0 
     115      67          0          0 
     115      68          0          0 
     115      69          0          0 
     115      70          2          0 
     115      71          2          0 
     115      72          2          0 
     115      73          2          0 
     115      74          2          0 
     115      75          7          1 
     115      76          0          0 
     115      77          0          0 
     115      78          0          0 
     115      79          0          0 
     115      80          0          0 
     115      81          0          0 
     115      82          0          0 
     115      83          0          0 
     115      84          2          0 
     115      85          1          0 
     115      86          2          0 
     115      87          1          0 
     115      88          2          0 
     115      89          2          0 
     115      90          1          0 
     115      91          2          0 
     115      92          1          0 
     115      93          7          1 
     115      94          7          1 
     115      95          6          1 
     115      96          0          0 
     115      97          0          0 
     115      98          0          0 
     115      99          1          0 
     115     100          1          0 
     115     101          1          0 
     115     102          1          0 
     115     103          1          0 
     115     104          2          0 
     115     105          7          1 
     115     106          7          1 
     115     107          1          0 
     115     108          2          0 
     115     109          1          0 
     115     110          8          1 
     115     111          8          1 
     115     112          7          1 
     115     113          7          1 
     115     114          7          1 
     115     115         18          4 
     115     116          0          0 
     115     117          0          0 
     115     118          0          0 
     115     119          1          0 
     115     120          1          0 
     115     121          1          0 
     115     122          2          0 
     115     123          2          0 
     115     124          1          1 
     115     125          1          1 
     116       1          0          0 
     116       2          0          0 
     116       3          0          0 
     116       4          0          0 
     116       5          0          0 
     116       6          0          0 
     116       7          0          0 
     116       8          0          0 
     116       9          0          0 
     116      10          0          0 
     116      11          0          0 
     116      12          0          0 
     116      13          0          0 
     116      14          0          0 
     116      15          0          0 
     116      16          0          0 
     116      17          0          0 
     116      18          0          0 
     116      19          0          0 
     116      20          0          0 
     116      21          2          0 
     116      22          0          0 
     116      23          0          0 
     116      24          0          0 
     116      25          2          0 
     116      26          0          0 
     116      27          0          0 
     116      28          2          0 
     116      29          0          0 
     116      30          0          0 
     116      31          0          0 
     116      32          0          0 
     116      33          0          0 
     116      34          0          0 
     116      35          0          0 
     116      36          1          0 
     116      37          2          0 
     116      38          0          0 
     116      39          1          0 
     116      40          0          0 
     116      41          0          0 
     116      42          2          0 
     116      43          0          0 
     116      44          0          0 
     116      45          2          0 
     116      46          0          0 
     116      47          0          0 
     116      48          0          0 
     116      49          0          0 
     116      50          1          0 
     116      51          0          0 
     116      52          0          0 
     116      53          0          0 
     116      54          0          0 
     116      55          0          0 
     116      56          6          1 
     116      57          0          0 
     116      58          0          0 
     116      59          6          1 
     116      60          0          0 
     116      61          0          0 
     116      62          0          0 
     116      63          0          0 
     116      64          0          0 
     116      65          0          0 
     116      66          0          0 
     116      67          6          1 
     116      68          0          0 
     116      69          0          0 
     116      70          0          0 
     116      71          0          0 
     116      72          0          0 
     116      73          0          0 
     116      74          0          0 
     116      75          0          0 
     116      76          1          0 
     116      77          1          0 
     116      78          0          0 
     116      79          1          0 
     116      80          0          0 
     116      81          0          0 
     116      82          1          0 
     116      83          0          0 
     116      84          0          0 
     116      85          1          0 
     116      86          0          0 
     116      87          0          0 
     116      88          0          0 
     116      89          0          0 
     116      90          1          0 
     116      91          0          0 
     116      92          0          0 
     116      93          0          0 
     116      94          0          0 
     116      95          0          0 
     116      96          6          1 
     116      97          0          0 
     116      98          0          0 
     116      99          6          1 
     116     100          0          0 
     116     101          0          0 
     116     102          0          0 
     116     103          0          0 
     116     104          0          0 
     116     105          0          0 
     116     106          0          0 
     116     107          6          1 
     116     108          0          0 
     116     109          0          0 
     116     110          0          0 
     116     111          0          0 
     116     112          0          0 
     116     113          0          0 
     116     114          0          0 
     116     115          0          0 
     116     116         12          3 
     116     117          1          1 
     116     118          0          0 
     116     119          1          1 
     116     120          0          0 
     116     121          0          0 
     116     122          1          1 
     116     123          0          0 
     116     124          0          0 
     116     125          0          0 
     117       1          0          0 
     117       2          0          0 
     117       3          0          0 
     117       4          0          0 
     117       5          0          0 
     117       6          0          0 
     117       7          0          0 
     117       8          0          0 
     117       9          0          0 
     117      10          0          0 
     117      11          0          0 
     117      12          0          0 
     117      13          0          0 
     117      14          0          0 
     117      15          0          0 
     117      16          0          0 
     117      17          0          0 
     117      18          0          0 
     117      19          0          0 
     117      20          0          0 
     117      21          2          0 
     117      22          2          0 
     117      23          0          0 
     117      24          0          0 
     117      25          2          0 
     117      26          2          0 
     117      27          0          0 
     117      28          0          0 
     117      29          2          0 
     117      30          0          0 
     117      31          0          0 
     117      32          0          0 
     117      33          0          0 
     117      34          0          0 
     117      35          0          0 
     117      36          2          0 
     117      37          2          0 
     117      38          2          0 
     117      39          0          0 
     117      40          1          0 
     117      41          0          0 
     117      42          2          0 
     117      43          2          0 
     117      44          0          0 
     117      45          0          0 
     117      46          2          0 
     117      47          0          0 
     117      48          0          0 
     117      49          0          0 
     117      50          0          0 
     117      51          1          0 
     117      52          0          0 
     117      53          0          0 
     117      54          0          0 
     117      55          0          0 
     117      56          7          1 
     117      57          7          1 
     117      58          2          0 
     117      59          2          0 
     117      60          8          1 
     117      61          0          0 
     117      62          0          0 
     117      63          0          0 
     117      64          2          0 
     117      65          0          0 
     117      66          0          0 
     117      67          2          0 
     117      68          8          1 
     117      69          0          0 
     117      70          0          0 
     117      71          0          0 
     117      72          0          0 
     117      73          0          0 
     117      74          0          0 
     117      75          0          0 
     117      76          1          0 
     117      77          1          0 
     117      78          1          0 
     117      79          0          0 
     117      80          1          0 
     117      81          0          0 
     117      82          1          0 
     117      83          1          0 
     117      84          0          0 
     117      85          0          0 
     117      86          1          0 
     117      87          0          0 
     117      88          0          0 
     117      89          0          0 
     117      90          0          0 
     117      91          1          0 
     117      92          0          0 
     117      93          0          0 
     117      94          0          0 
     117      95          0          0 
     117      96          7          1 
     117      97          7          1 
     117      98          2          0 
     117      99          2          0 
     117     100          8          1 
     117     101          0          0 
     117     102          0          0 
     117     103          0          0 
     117     104          2          0 
     117     105          0          0 
     117     106          0          0 
     117     107          2          0 
     117     108          8          1 
     117     109          0          0 
     117     110          0          0 
     117     111          0          0 
     117     112          0          0 
     117     113          0          0 
     117     114          0          0 
     117     115          0          0 
     117     116          6          1 
     117     117         18          4 
     117     118          1          1 
     117     119          1          1 
     117     120          1          1 
     117     121          0          0 
     117     122          1          1 
     117     123          1          1 
     117     124          0          0 
     117     125          0          0 
     118       1          0          0 
     118       2          0          0 
     118       3          0          0 
     118       4          0          0 
     118       5          0          0 
     118       6          0          0 
     118       7          0          0 
     118       8          0          0 
     118       9          0          0 
     118      10          0          0 
     118      11          0          0 
     118      12          0          0 
     118      13          0          0 
     118      14          0          0 
     118      15          0          0 
     118      16          0          0 
     118      17          0          0 
     118      18          0          0 
     118      19          0          0 
     118      20          0          0 
     118      21          0          0 
     118      22          2          0 
     118      23          0          0 
     118      24          0          0 
     118      25          0          0 
     118      26          2          0 
     118      27          0          0 
     118      28          0          0 
     118      29          0          0 
     118      30          2          0 
     118      31          0          0 
     118      32          0          0 
     118      33          0          0 
     118      34          0          0 
     118      35          0          0 
     118      36          1          0 
     118      37          0          0 
     118      38          2          0 
     118      39          0          0 
     118      40          0          0 
     118      41          1          0 
     118      42          0          0 
     118      43          2          0 
     118      44          0          0 
     118      45          0          0 
     118      46          0          0 
     118      47          2          0 
     118      48          0          0 
     118      49          0          0 
     118      50          0          0 
     118      51          0          0 
     118      52          1          0 
     118      53          0          0 
     118      54          0          0 
     118      55          0          0 
     118      56          1          0 
     118      57          6          1 
     118      58          1          0 
     118      59          0          0 
     118      60          2          0 
     118      61          6          1 
     118      62          0          0 
     118      63          0          0 
     118      64          1          0 
     118      65          0          0 
     118      66          0          0 
     118      67          0          0 
     118      68          2          0 
     118      69          6          1 
     118      70          0          0 
     118      71          0          0 
     118      72          0          0 
     118      73          0          0 
     118      74          0          0 
     118      75          0          0 
     118      76          1          0 
     118      77          0          0 
     118      78          1          0 
     118      79          0          0 
     118      80          0          0 
     118      81          1          0 
     118      82          0          0 
     118      83          1          0 
     118      84          0          0 
     118      85          0          0 
     118      86          0          0 
     118      87          1          0 
     118      88          0          0 
     118      89          0          0 
     118      90          0          0 
     118      91          0          0 
     118      92          1          0 
     118      93          0          0 
     118      94          0          0 
     118      95          0          0 
     118      96          1          0 
     118      97          6          1 
     118      98          1          0 
     118      99          0          0 
     118     100          2          0 
     118     101          6          1 
     118     102          0          0 
     118     103          0          0 
     118     104          1          0 
     118     105          0          0 
     118     106          0          0 
     118     107          0          0 
     118     108          2          0 
     118     109          6          1 
     118     110          0          0 
     118     111          0          0 
     118     112          0          0 
     118     113          0          0 
     118     114          0          0 
     118     115          0          0 
     118     116          1          0 
     118     117          6          1 
     118     118         12          3 
     118     119          1          0 
     118     120          1          1 
     118     121          0          0 
     118     122          1          0 
     118     123          1          1 
     118     124          0          0 
     118     125          0          0 
     119       1          0          0 
     119       2          0          0 
     119       3          0          0 
     119       4          0          0 
     119       5          0          0 
     119       6          0          0 
     119       7          0          0 
     119       8          0          0 
     119       9          0          0 
     119      10          0          0 
     119      11          0          0 
     119      12          0          0 
     119      13          0          0 
     119      14          0          0 
     119      15          0          0 
     119      16          0          0 
     119      17          0          0 
     119      18          0          0 
     119      19          0          0 
     119      20          0          0 
     119      21          2          0 
     119      22          0          0 
     119      23          2          0 
     119      24          0          0 
     119      25          0          0 
     119      26          0          0 
     119      27          2          0 
     119      28          2          0 
     119      29          2          0 
     119      30          0          0 
     119      31          2          0 
     119      32          0          0 
     119      33          0          0 
     119      34          0          0 
     119      35          0          0 
     119      36          0          0 
     119      37          2          0 
     119      38          1          0 
     119      39          2          0 
     119      40          2          0 
     119      41          0          0 
     119      42          0          0 
     119      43          0          0 
     119      44          2          0 
     119      45          2          0 
     119      46          2          0 
     119      47          0          0 
     119      48          2          0 
     119      49          0          0 
     119      50          0          0 
     119      51          0          0 
     119      52          0          0 
     119      53          1          0 
     119      54          0          0 
     119      55          0          0 
     119      56          2          0 
     119      57          1          0 
     119      58          7          1 
     119      59          7          1 
     119      60          8          1 
     119      61          0          0 
     119      62          7          1 
     119      63          0          0 
     119      64          1          0 
     119      65          2          0 
     119      66          0          0 
     119      67          2          0 
     119      68          2          0 
     119      69          0          0 
     119      70          8          1 
     119      71          0          0 
     119      72          0          0 
     119      73          0          0 
     119      74          0          0 
     119      75          0          0 
     119      76          0          0 
     119      77          1          0 
     119      78          1          0 
     119      79          1          0 
     119      80          1          0 
     119      81          0          0 
     119      82          0          0 
     119      83          0          0 
     119      84          1          0 
     119      85          1          0 
     119      86          1          0 
     119      87          0          0 
     119      88          1          0 
     119      89          0          0 
     119      90          0          0 
     119      91          0          0 
     119      92          0          0 
     119      93          1          0 
     119      94          0          0 
     119      95          0          0 
     119      96          2          0 
     119      97          1          0 
     119      98          7          1 
     119      99          7          1 
     119     100          8          1 
     119     101          0          0 
     119     102          7          1 
     119     103          0          0 
     119     104          1          0 
     119     105          2          0 
     119     106          0          0 
     119     107          2          0 
     119     108          2          0 
     119     109          0          0 
     119     110          8          1 
     119     111          0          0 
     119     112          0          0 
     119     113          0          0 
     119     114          0          0 
     119     115          0          0 
     119     116          6          1 
     119     117          7          1 
     119     118          0          0 
     119     119         18          4 
     119     120          1          1 
     119     121          1          1 
     119     122          1          1 
     119     123          0          0 
     119     124          1          1 
     119     125          0          0 
     120       1          0          0 
     120       2          0          0 
     120       3          0          0 
     120       4          0          0 
     120       5          0          0 
     120       6          0          0 
     120       7          0          0 
     120       8          0          0 
     120       9          0          0 
     120      10          0          0 
     120      11          0          0 
     120      12          0          0 
     120      13          0          0 
     120      14          0          0 
     120      15          0          0 
     120      16          0          0 
     120      17          0          0 
     120      18          0          0 
     120      19          0          0 
     120      20          0          0 
     120      21          0          0 
     120      22          2          0 
     120      23          2          0 
     120      24          0          0 
     120      25          0          0 
     120      26          0          0 
     120      27          2          0 
     120      28          0          0 
     120      29          2          0 
     120      30          2          0 
     120      31          0          0 
     120      32          2          0 
     120      33          0          0 
     120      34          0          0 
     120      35          0          0 
     120      36          0          0 
     120      37          1          0 
     120      38          2          0 
     120      39          0          0 
     120      40          2          0 
     120      41          2          0 
     120      42          0          0 
     120      43          0          0 
     120      44          2          0 
     120      45          0          0 
     120      46          2          0 
     120      47          2          0 
     120      48          0          0 
     120      49          2          0 
     120      50          0          0 
     120      51          0          0 
     120      52          0          0 
     120      53          0          0 
     120      54          1          0 
     120      55          0          0 
     120      56          1          0 
     120      57          2          0 
     120      58          7          1 
     120      59          1          0 
     120      60          8          1 
     120      61          7          1 
     120      62          2          0 
     120      63          7          1 
     120      64          1          0 
     120      65          1          0 
     120      66          2          0 
     120      67          0          0 
     120      68          2          0 
     120      69          2          0 
     120      70          2          0 
     120      71          8          1 
     120      72          0          0 
     120      73          0          0 
     120      74          0          0 
     120      75          0          0 
     120      76          0          0 
     120      77          1          0 
     120      78          1          0 
     120      79          0          0 
     120      80          1          0 
     120      81          1          0 
     120      82          0          0 
     120      83          0          0 
     120      84          1          0 
     120      85          0          0 
     120      86          1          0 
     120      87          1          0 
     120      88          0          0 
     120      89          1          0 
     120      90          0          0 
     120      91          0          0 
     120      92          0          0 
     120      93          0          0 
     120      94          1          0 
     120      95          0          0 
     120      96          1          0 
     120      97          2          0 
     120      98          7          1 
     120      99          1          0 
     120     100          8          1 
     120     101          7          1 
     120     102          2          0 
     120     103          7          1 
     120     104          1          0 
     120     105          1          0 
     120     106          2          0 
     120     107          0          0 
     120     108          2          0 
     120     109          2          0 
     120     110          2          0 
     120     111          8          1 
     120     112          0          0 
     120     113          0          0 
     120     114          0          0 
     120     115          0          0 
     120     116          1          0 
     120     117          7          1 
     120     118          6          1 
     120     119          7          1 
     120     120         18          4 
     120     121          1          1 
     120     122          2          0 
     120     123          1          1 
     120     124          1          1 
     120     125          0          0 
     121       1          0          0 
     121       2          0          0 
     121       3          0          0 
     121       4          0          0 
     121       5          0          0 
     121       6          0          0 
     121       7          0          0 
     121       8          0          0 
     121       9          0          0 
     121      10          0          0 
     121      11          0          0 
     121      12          0          0 
     121      13          0          0 
     121      14          0          0 
     121      15          0          0 
     121      16          0          0 
     121      17          0          0 
     121      18          0          0 
     121      19          0          0 
     121      20          0          0 
     121      21          0          0 
     121      22          0          0 
     121      23          2          0 
     121      24          0          0 
     121      25          0          0 
     121      26          0          0 
     121      27          0          0 
     121      28          0          0 
     121      29          0          0 
     121      30          0          0 
     121      31          2          0 
     121      32          2          0 
     121      33          0          0 
     121      34          0          0 
     121      35          0          0 
     121      36          0          0 
     121      37          0          0 
     121      38          0          0 
     121      39          1          0 
     121      40          2          0 
     121      41          1          0 
     121      42          0          0 
     121      43          0          0 
     121      44          0          0 
     121      45          0          0 
     121      46          0          0 
     121      47          0          0 
     121      48          2          0 
     121      49          2          0 
     121      50          0          0 
     121      51          0          0 
     121      52          0          0 
     121      53          0          0 
     121      54          0          0 
     121      55          1          0 
     121      56          0          0 
     121      57          0          0 
     121      58          2          0 
     121      59          1          0 
     121      60          2          0 
     121      61          1          0 
     121      62          6          1 
     121      63          6          1 
     121      64          0          0 
     121      65          1          0 
     121      66          1          0 
     121      67          0          0 
     121      68          0          0 
     121      69          0          0 
     121      70          2          0 
     121      71          2          0 
     121      72          6          1 
     121      73          0          0 
     121      74          0          0 
     121      75          0          0 
     121      76          0          0 
     121      77          0          0 
     121      78          0          0 
     121      79          1          0 
     121      80          1          0 
     121      81          1          0 
     121      82          0          0 
     121      83          0          0 
     121      84          0          0 
     121      85          0          0 
     121      86          0          0 
     121      87          0          0 
     121      88          1          0 
     121      89          1          0 
     121      90          0          0 
     121      91          0          0 
     121      92          0          0 
     121      93          0          0 
     121      94          0          0 
     121      95          1          0 
     121      96          0          0 
     121      97          0          0 
     121      98          2          0 
     121      99          1          0 
     121     100          2          0 
     121     101          1          0 
     121     102          6          1 
     121     103          6          1 
     121     104          0          0 
     121     105          1          0 
     121     106          1          0 
     121     107          0          0 
     121     108          0          0 
     121     109          0          0 
     121     110          2          0 
     121     111          2          0 
     121     112          6          1 
     121     113          0          0 
     121     114          0          0 
     121     115          0          0 
     121     116          1          0 
     121     117          1          0 
     121     118          1          0 
     121     119          6          1 
     121     120          6          1 
     121     121         12          3 
     121     122          1          0 
     121     123          1          0 
     121     124          1          1 
     121     125          0          0 
     122       1          0          0 
     122       2          0          0 
     122       3          0          0 
     122       4          0          0 
     122       5          0          0 
     122       6          0          0 
     122       7          0          0 
     122       8          0          0 
     122       9          0          0 
     122      10          0          0 
     122      11          0          0 
     122      12          0          0 
     122      13          0          0 
     122      14          0          0 
     122      15          0          0 
     122      16          0          0 
     122      17          0          0 
     122      18          0          0 
     122      19          0          0 
     122      20          0          0 
     122      21          0          0 
     122      22          0          0 
     122      23          0          0 
     122      24          2          0 
     122      25          2          0 
     122      26          0          0 
     122      27          2          0 
     122      28          2          0 
     122      29          2          0 
     122      30          0          0 
     122      31          0          0 
     122      32          0          0 
     122      33          2          0 
     122      34          2          0 
     122      35          0          0 
     122      36          0          0 
     122      37          0          0 
     122      38          0          0 
     122      39          0          0 
     122      40          0          0 
     122      41          0          0 
     122      42          2          0 
     122      43          1          0 
     122      44          2          0 
     122      45          2          0 
     122      46          2          0 
     122      47          0          0 
     122      48          1          0 
     122      49          0          0 
     122      50          2          0 
     122      51          2          0 
     122      52          0          0 
     122      53          2          0 
     122      54          0          0 
     122      55          0          0 
     122      56          2          0 
     122      57          1          0 
     122      58          1          0 
     122      59          2          0 
     122      60          2          0 
     122      61          0          0 
     122      62          1          0 
     122      63          0          0 
     122      64          7          1 
     122      65          7          1 
     122      66          0          0 
     122      67          7          1 
     122      68          8          1 
     122      69          0          0 
     122      70          8          1 
     122      71          0          0 
     122      72          0          0 
     122      73          7          1 
     122      74          0          0 
     122      75          0          0 
     122      76          0          0 
     122      77          0          0 
     122      78          0          0 
     122      79          0          0 
     122      80          0          0 
     122      81          0          0 
     122      82          1          0 
     122      83          1          0 
     122      84          1          0 
     122      85          1          0 
     122      86          1          0 
     122      87          0          0 
     122      88          1          0 
     122      89          0          0 
     122      90          1          0 
     122      91          1          0 
     122      92          0          0 
     122      93          1          0 
     122      94          0          0 
     122      95          0          0 
     122      96          2          0 
     122      97          1          0 
     122      98          1          0 
     122      99          2          0 
     122     100          2          0 
     122     101          0          0 
     122     102          1          0 
     122     103          0          0 
     122     104          7          1 
     122     105          7          1 
     122     106          0          0 
     122     107          7          1 
     122     108          8          1 
     122     109          0          0 
     122     110          8          1 
     122     111          0          0 
     122     112          0          0 
     122     113          7          1 
     122     114          0          0 
     122     115          0          0 
     122     116          6          1 
     122     117          7          1 
     122     118          0          0 
     122     119          7          1 
     122     120          0          0 
     122     121          0          0 
     122     122         18          4 
     122     123          1          1 
     122     124          1          1 
     122     125          1          1 
     123       1          0          0 
     123       2          0          0 
     123       3          0          0 
     123       4          0          0 
     123       5          0          0 
     123       6          0          0 
     123       7          0          0 
     123       8          0          0 
     123       9          0          0 
     123      10          0          0 
     123      11          0          0 
     123      12          0          0 
     123      13          0          0 
     123      14          0          0 
     123      15          0          0 
     123      16          0          0 
     123      17          0          0 
     123      18          0          0 
     123      19          0          0 
     123      20          0          0 
     123      21          0          0 
     123      22          0          0 
     123      23          0          0 
     123      24          2          0 
     123      25          0          0 
     123      26          2          0 
     123      27          2          0 
     123      28          0          0 
     123      29          2          0 
     123      30          2          0 
     123      31          0          0 
     123      32          0          0 
     123      33          2          0 
     123      34          0          0 
     123      35          2          0 
     123      36          0          0 
     123      37          0          0 
     123      38          0          0 
     123      39          0          0 
     123      40          0          0 
     123      41          0          0 
     123      42          1          0 
     123      43          2          0 
     123      44          2          0 
     123      45          0          0 
     123      46          2          0 
     123      47          2          0 
     123      48          0          0 
     123      49          1          0 
     123      50          0          0 
     123      51          2          0 
     123      52          2          0 
     123      53          0          0 
     123      54          2          0 
     123      55          0          0 
     123      56          1          0 
     123      57          2          0 
     123      58          1          0 
     123      59          0          0 
     123      60          2          0 
     123      61          2          0 
     123      62          0          0 
     123      63          1          0 
     123      64          7          1 
     123      65          2          0 
     123      66          7          1 
     123      67          1          0 
     123      68          8          1 
     123      69          7          1 
     123      70          2          0 
     123      71          8          1 
     123      72          0          0 
     123      73          2          0 
     123      74          7          1 
     123      75          0          0 
     123      76          0          0 
     123      77          0          0 
     123      78          0          0 
     123      79          0          0 
     123      80          0          0 
     123      81          0          0 
     123      82          1          0 
     123      83          1          0 
     123      84          1          0 
     123      85          0          0 
     123      86          1          0 
     123      87          1          0 
     123      88          0          0 
     123      89          1          0 
     123      90          0          0 
     123      91          1          0 
     123      92          1          0 
     123      93          0          0 
     123      94          1          0 
     123      95          0          0 
     123      96          1          0 
     123      97          2          0 
     123      98          1          0 
     123      99          0          0 
     123     100          2          0 
     123     101          2          0 
     123     102          0          0 
     123     103          1          0 
     123     104          7          1 
     123     105          2          0 
     123     106          7          1 
     123     107          1          0 
     123     108          8          1 
     123     109          7          1 
     123     110          2          0 
     123     111          8          1 
     123     112          0          0 
     123     113          2          0 
     123     114          7          1 
     123     115          0          0 
     123     116          1          0 
     123     117          7          1 
     123     118          6          1 
     123     119          2          0 
     123     120          7          1 
     123     121          0          0 
     123     122          7          1 
     123     123         18          4 
     123     124          1          1 
     123     125          1          1 
     124       1          0          0 
     124       2          0          0 
     124       3          0          0 
     124       4          0          0 
     124       5          0          0 
     124       6          0          0 
     124       7          0          0 
     124       8          0          0 
     124       9          0          0 
     124      10          0          0 
     124      11          0          0 
     124      12          0          0 
     124      13          0          0 
     124      14          0          0 
     124      15          0          0 
     124      16          0          0 
     124      17          0          0 
     124      18          0          0 
     124      19          0          0 
     124      20          0          0 
     124      21          0          0 
     124      22          0          0 
     124      23          0          0 
     124      24          2          0 
     124      25          0          0 
     124      26          0          0 
     124      27          2          0 
     124      28          0          0 
     124      29          0          0 
     124      30          0          0 
     124      31          2          0 
     124      32          2          0 
     124      33          0          0 
     124      34          2          0 
     124      35          2          0 
     124      36          0          0 
     124      37          0          0 
     124      38          0          0 
     124      39          0          0 
     124      40          0          0 
     124      41          0          0 
     124      42          0          0 
     124      43          0          0 
     124      44          0          0 
     124      45          1          0 
     124      46          2          0 
     124      47          1          0 
     124      48          2          0 
     124      49          2          0 
     124      50          0          0 
     124      51          0          0 
     124      52          0          0 
     124      53          2          0 
     124      54          2          0 
     124      55          2          0 
     124      56          0          0 
     124      57          0          0 
     124      58          2          0 
     124      59          1          0 
     124      60          2          0 
     124      61          1          0 
     124      62          2          0 
     124      63          2          0 
     124      64          2          0 
     124      65          7          1 
     124      66          7          1 
     124      67          1          0 
     124      68          2          0 
     124      69          1          0 
     124      70          8          1 
     124      71          8          1 
     124      72          7          1 
     124      73          2          0 
     124      74          2          0 
     124      75          7          1 
     124      76          0          0 
     124      77          0          0 
     124      78          0          0 
     124      79          0          0 
     124      80          0          0 
     124      81          0          0 
     124      82          0          0 
     124      83          0          0 
     124      84          0          0 
     124      85          1          0 
     124      86          1          0 
     124      87          1          0 
     124      88          1          0 
     124      89          1          0 
     124      90          0          0 
     124      91          0          0 
     124      92          0          0 
     124      93          1          0 
     124      94          1          0 
     124      95          1          0 
     124      96          0          0 
     124      97          0          0 
     124      98          2          0 
     124      99          1          0 
     124     100          2          0 
     124     101          1          0 
     124     102          2          0 
     124     103          2          0 
     124     104          2          0 
     124     105          7          1 
     124     106          7          1 
     124     107          1          0 
     124     108          2          0 
     124     109          1          0 
     124     110          8          1 
     124     111          8          1 
     124     112          7          1 
     124     113          2          0 
     124     114          2          0 
     124     115          7          1 
     124     116          1          0 
     124     117          2          0 
     124     118          1          0 
     124     119          7          1 
     124     120          7          1 
     124     121          6          1 
     124     122          7          1 
     124     123          7          1 
     124     124         18          4 
     124     125          1          1 
     125       1          0          0 
     125       2          0          0 
     125       3          0          0 
     125       4          0          0 
     125       5          0          0 
     125       6          0          0 
     125       7          0          0 
     125       8          0          0 
     125       9          0          0 
     125      10          0          0 
     125      11          0          0 
     125      12          0          0 
     125      13          0          0 
     125      14          0          0 
     125      15          0          0 
     125      16          0          0 
     125      17          0          0 
     125      18          0          0 
     125      19          0          0 
     125      20          0          0 
     125      21          0          0 
     125      22          0          0 
     125      23          0          0 
     125      24          0          0 
     125      25          0          0 
     125      26          0          0 
     125      27          0          0 
     125      28          0          0 
     125      29          0          0 
     125      30          0          0 
     125      31          0          0 
     125      32          0          0 
     125      33          2          0 
     125      34          2          0 
     125      35          2          0 
     125      36          0          0 
     125      37          0          0 
     125      38          0          0 
     125      39          0          0 
     125      40          0          0 
     125      41          0          0 
     125      42          0          0 
     125      43          0          0 
     125      44          0          0 
     125      45          0          0 
     125      46          0          0 
     125      47          0          0 
     125      48          0          0 
     125      49          0          0 
     125      50          1          0 
     125      51          2          0 
     125      52          1          0 
     125      53          2          0 
     125      54          2          0 
     125      55          1          0 
     125      56          0          0 
     125      57          0          0 
     125      58          0          0 
     125      59          0          0 
     125      60          0          0 
     125      61          0          0 
     125      62          0          0 
     125      63          0          0 
     125      64          2          0 
     125      65          2          0 
     125      66          2          0 
     125      67          1          0 
     125      68          2          0 
     125      69          1          0 
     125      70          2          0 
     125      71          2          0 
     125      72          1          0 
     125      73          6          1 
     125      74          6          1 
     125      75          6          1 
     125      76          0          0 
     125      77          0          0 
     125      78          0          0 
     125      79          0          0 
     125      80          0          0 
     125      81          0          0 
     125      82          0          0 
     125      83          0          0 
     125      84          0          0 
     125      85          0          0 
     125      86          0          0 
     125      87          0          0 
     125      88          0          0 
     125      89          0          0 
     125      90          1          0 
     125      91          1          0 
     125      92          1          0 
     125      93          1          0 
     125      94          1          0 
     125      95          1          0 
     125      96          0          0 
     125      97          0          0 
     125      98          0          0 
     125      99          0          0 
     125     100          0          0 
     125     101          0          0 
     125     102          0          0 
     125     103          0          0 
     125     104          2          0 
     125     105          2          0 
     125     106          2          0 
     125     107          1          0 
     125     108          2          0 
     125     109          1          0 
     125     110          2          0 
     125     111          2          0 
     125     112          1          0 
     125     113          6          1 
     125     114          6          1 
     125     115          6          1 
     125     116          1          0 
     125     117          1          0 
     125     118          1          0 
     125     119          1          0 
     125     120          1          0 
     125     121          1          0 
     125     122          6          1 
     125     123          6          1 
     125     124          6          1 
     125     125         12          3 
